scenario_id,algorithm,baseline,algorithm_net_earnings,baseline_net_earnings,paired_difference
0,dqn,wait_only,109.17997563371472,109.17997563371472,0.0
1,dqn,wait_only,48.45737704612196,52.06895697251094,-3.611579926388977
2,dqn,wait_only,75.39612381574243,82.20012620044899,-6.804002384706564
3,dqn,wait_only,91.38736994820103,90.93812464639646,0.44924530180456657
4,dqn,wait_only,67.37876047235466,54.09230363511983,13.286456837234823
5,dqn,wait_only,66.23248022292981,75.45930785721114,-9.226827634281335
6,dqn,wait_only,82.497911687441,89.89341010976432,-7.395498422323314
7,dqn,wait_only,84.83606989480454,90.13303942276725,-5.296969527962716
8,dqn,wait_only,68.6578886858376,63.82384734222184,4.834041343615766
9,dqn,wait_only,57.45518509337371,79.33916790625133,-21.883982812877626
10,dqn,wait_only,90.59365914308086,73.3173979654771,17.276261177603757
11,dqn,wait_only,68.89429533779442,71.54913259868682,-2.654837260892407
12,dqn,wait_only,58.28924629017221,58.28924629017221,0.0
13,dqn,wait_only,56.15806519851125,56.15806519851125,0.0
14,dqn,wait_only,80.41580220710604,74.59534722410126,5.82045498300478
15,dqn,wait_only,56.17316411462254,56.17316411462254,0.0
16,dqn,wait_only,54.425935705432046,98.6645075532483,-44.23857184781625
17,dqn,wait_only,68.91901210614238,72.26143267424098,-3.3424205680986034
18,dqn,wait_only,71.31098137013227,80.53046544657961,-9.219484076447344
19,dqn,wait_only,70.21849625891953,64.53027473755877,5.688221521360759
20,dqn,wait_only,105.40372046996372,101.19236365327076,4.211356816692955
21,dqn,wait_only,63.66025560067304,63.66025560067304,0.0
22,dqn,wait_only,67.9677707145703,67.9677707145703,0.0
23,dqn,wait_only,65.67651720085797,57.564368130318144,8.112149070539829
24,dqn,wait_only,71.0353439376036,69.72981999454852,1.3055239430550785
25,dqn,wait_only,73.44903134021453,72.99740630173416,0.4516250384803726
26,dqn,wait_only,68.82996774955058,77.92390931296232,-9.093941563411747
27,dqn,wait_only,82.36089595231557,77.63427409146033,4.726621860855246
28,dqn,wait_only,76.94851937284443,88.70894809918836,-11.760428726343932
29,dqn,wait_only,44.94347102502094,40.249514755350354,4.693956269670586
30,dqn,wait_only,70.03393572459775,76.03746137368216,-6.003525649084409
31,dqn,wait_only,67.48861399175561,67.48861399175561,0.0
32,dqn,wait_only,62.945604422815705,62.945604422815705,0.0
33,dqn,wait_only,54.049360369022786,54.25183658160111,-0.2024762125783255
34,dqn,wait_only,67.0941784910536,78.62824414084483,-11.53406564979123
35,dqn,wait_only,67.71572255687055,67.27556926583117,0.4401532910393797
36,dqn,wait_only,77.12660447459804,49.94463152189596,27.181972952702083
37,dqn,wait_only,85.75498212450739,85.75498212450739,0.0
38,dqn,wait_only,60.63774349264553,78.91122692663576,-18.273483433990236
39,dqn,wait_only,27.589698458549726,55.20797583849897,-27.61827737994924
40,dqn,wait_only,89.96174855957817,54.80326842855486,35.15848013102331
41,dqn,wait_only,77.83500554434444,77.83500554434444,0.0
42,dqn,wait_only,53.795449474675905,55.229555110967326,-1.4341056362914202
43,dqn,wait_only,52.23040934305526,68.4925882506261,-16.262178907570842
44,dqn,wait_only,81.8758085256969,42.12055563151214,39.75525289418476
45,dqn,wait_only,89.29456947558815,89.29456947558815,0.0
46,dqn,wait_only,52.77006898981295,87.20903482544188,-34.43896583562893
47,dqn,wait_only,61.93873822809349,60.15480599260934,1.7839322354841514
48,dqn,wait_only,70.0580852761619,70.89359513272392,-0.8355098565620125
49,dqn,wait_only,60.06498339897193,60.06498339897193,0.0
50,dqn,wait_only,38.3377170481704,54.76843553071812,-16.430718482547725
51,dqn,wait_only,64.16481897137423,57.575544879916734,6.589274091457497
52,dqn,wait_only,61.69473021161902,65.32690520170962,-3.632174990090604
53,dqn,wait_only,38.78545923153497,81.39986335409897,-42.614404122564
54,dqn,wait_only,46.857662707565474,47.087096385087314,-0.22943367752183974
55,dqn,wait_only,62.0260875710392,51.58600596400374,10.44008160703546
56,dqn,wait_only,77.13288686882619,76.8954818213144,0.23740504751178548
57,dqn,wait_only,79.88184000590752,70.29250636948433,9.589333636423191
58,dqn,wait_only,63.19934726128497,61.91968546881784,1.279661792467131
59,dqn,wait_only,90.32054354133241,79.50999226299126,10.810551278341151
60,dqn,wait_only,72.94420461907237,89.76632932647277,-16.822124707400405
61,dqn,wait_only,51.953599093515614,46.71057391192217,5.243025181593445
62,dqn,wait_only,87.09226484528733,96.51061501376695,-9.41835016847962
63,dqn,wait_only,73.53568243663355,78.53042603648434,-4.994743599850793
64,dqn,wait_only,62.741619407675465,56.367740645622305,6.37387876205316
65,dqn,wait_only,46.81572687238967,56.425990119785894,-9.610263247396226
66,dqn,wait_only,54.31946837588773,73.55158334452236,-19.232114968634626
67,dqn,wait_only,70.70897323163763,70.70897323163763,0.0
68,dqn,wait_only,65.04980703228533,65.04980703228533,0.0
69,dqn,wait_only,52.92468321290573,62.05246461704592,-9.127781404140194
70,dqn,wait_only,94.86421096961946,89.2305558766026,5.63365509301687
71,dqn,wait_only,55.66182265203777,65.15319883927675,-9.491376187238984
72,dqn,wait_only,69.95401106189308,94.93433701642759,-24.980325954534507
73,dqn,wait_only,59.589528420398125,59.589528420398125,0.0
74,dqn,wait_only,71.41509936942222,76.75117495607074,-5.336075586648519
75,dqn,wait_only,67.81766823012582,79.17923880232341,-11.361570572197593
76,dqn,wait_only,50.330385918580475,50.330385918580475,0.0
77,dqn,wait_only,70.46515413802874,66.9872679242294,3.477886213799337
78,dqn,wait_only,71.55227396416271,85.3976798753924,-13.84540591122969
79,dqn,wait_only,64.8933513028393,61.43614616686003,3.4572051359792795
80,dqn,wait_only,67.62695582026285,86.34453104333733,-18.717575223074476
81,dqn,wait_only,62.67306550645368,99.40184962851197,-36.728784122058286
82,dqn,wait_only,94.95483388859462,92.78417455338426,2.1706593352103596
83,dqn,wait_only,73.70946404778012,90.4976425140827,-16.788178466302583
84,dqn,wait_only,55.971147860239704,55.971147860239704,0.0
85,dqn,wait_only,69.89326027434743,68.94546001812832,0.9478002562191108
86,dqn,wait_only,92.81503643038032,70.21553805616972,22.599498374210597
87,dqn,wait_only,99.96340917538662,64.54084207609561,35.422567099291
88,dqn,wait_only,55.12569407029844,55.12569407029844,0.0
89,dqn,wait_only,81.27633260245653,81.27633260245653,0.0
90,dqn,wait_only,56.99468068157742,60.32157851431145,-3.3268978327340264
91,dqn,wait_only,64.81296571004023,66.18071322327336,-1.3677475132331267
92,dqn,wait_only,60.11259890197667,60.11259890197667,0.0
93,dqn,wait_only,58.53378407107528,53.41358713786932,5.1201969332059605
94,dqn,wait_only,73.05185268343588,73.05185268343588,0.0
95,dqn,wait_only,127.9216712755235,125.94036113448199,1.9813101410415044
96,dqn,wait_only,107.7481895490348,106.40514368637479,1.34304586266002
97,dqn,wait_only,66.51080530670261,75.44334116139909,-8.932535854696482
98,dqn,wait_only,76.54321234680769,92.93189536391922,-16.388683017111532
99,dqn,wait_only,74.1670287245502,68.37221508805692,5.794813636493288
100,dqn,wait_only,67.8221823188093,68.04063955686928,-0.21845723805998318
101,dqn,wait_only,104.64175823770509,103.64059589755881,1.00116234014628
102,dqn,wait_only,81.60515593888589,86.6609129374506,-5.055756998564718
103,dqn,wait_only,61.09316756798614,58.290633409289,2.802534158697142
104,dqn,wait_only,75.73821158437089,90.09839432448764,-14.360182740116755
105,dqn,wait_only,54.74756722667493,79.65009854810407,-24.902531321429137
106,dqn,wait_only,56.300450369305196,56.300450369305196,0.0
107,dqn,wait_only,24.13172407533975,36.04813746311016,-11.916413387770408
108,dqn,wait_only,60.02957730345388,58.82307758277063,1.2064997206832473
109,dqn,wait_only,71.52757480781972,66.97492695339153,4.552647854428187
110,dqn,wait_only,55.98361683285205,74.96639471708863,-18.982777884236583
111,dqn,wait_only,58.42644698998815,58.42644698998815,0.0
112,dqn,wait_only,62.6875574019618,61.01988382392015,1.6676735780416436
113,dqn,wait_only,84.85187448849551,84.85187448849551,0.0
114,dqn,wait_only,66.31480935272708,34.958652725807404,31.356156626919677
115,dqn,wait_only,80.30496871049726,74.29827718091383,6.006691529583435
116,dqn,wait_only,77.5033164350774,68.45577196848102,9.047544466596378
117,dqn,wait_only,105.58573815838137,119.0718108310225,-13.486072672641129
118,dqn,wait_only,85.8968677166972,68.06850014935384,17.828367567343363
119,dqn,wait_only,70.31071789422596,73.21986289113481,-2.90914499690885
120,dqn,wait_only,59.382024579008004,55.721070419779494,3.6609541592285098
121,dqn,wait_only,48.68124008023279,43.66431592431579,5.016924155917003
122,dqn,wait_only,92.95004705357222,82.65581592123166,10.294231132340556
123,dqn,wait_only,66.79743992142966,54.23003716442198,12.567402757007677
124,dqn,wait_only,60.6940905175627,71.10729954995843,-10.413209032395727
125,dqn,wait_only,79.54549263217721,60.00937949095861,19.536113141218607
126,dqn,wait_only,50.60122827629512,50.60122827629512,0.0
127,dqn,wait_only,48.8164556819285,50.606640816893055,-1.7901851349645526
128,dqn,wait_only,78.3024483375672,64.62920439808798,13.673243939479221
129,dqn,wait_only,75.14257630065032,75.75958341345637,-0.6170071128060499
130,dqn,wait_only,75.85651671914333,62.220097937603,13.636418781540328
131,dqn,wait_only,62.996988392524656,62.996988392524656,0.0
132,dqn,wait_only,82.34737780342273,65.65702528522655,16.69035251819618
133,dqn,wait_only,77.35976860148969,52.91974379058818,24.440024810901512
134,dqn,wait_only,77.09092389098339,89.0569128110353,-11.965988920051913
135,dqn,wait_only,67.18461882202241,58.91183867851507,8.272780143507347
136,dqn,wait_only,47.91128673040716,52.20100096526877,-4.289714234861606
137,dqn,wait_only,44.99220208880719,40.7540757201639,4.238126368643293
138,dqn,wait_only,79.51987658702751,73.06002086637422,6.4598557206532945
139,dqn,wait_only,80.50437447282805,92.05510870623276,-11.550734233404711
140,dqn,wait_only,84.11202348113851,75.02396417595769,9.08805930518082
141,dqn,wait_only,55.04852866664481,55.27796234416665,-0.22943367752183974
142,dqn,wait_only,118.33214468662156,78.82090050574169,39.51124418087987
143,dqn,wait_only,81.72954962106574,86.20157926048903,-4.472029639423283
144,dqn,wait_only,0.0,0.0,0.0
145,dqn,wait_only,100.47775165596838,81.99126871453751,18.486482941430864
146,dqn,wait_only,74.5882721555435,62.29355244268509,12.294719712858416
147,dqn,wait_only,64.44596717701982,61.29181744459505,3.154149732424777
148,dqn,wait_only,92.7177568761296,100.68494274822814,-7.96718587209854
149,dqn,wait_only,89.82133245891914,87.86647951869598,1.9548529402231622
150,dqn,wait_only,65.02285322955576,75.5408117251354,-10.517958495579634
151,dqn,wait_only,60.39206467165108,53.64509089572825,6.746973775922825
152,dqn,wait_only,107.90749823150284,98.98589149413088,8.92160673737196
153,dqn,wait_only,66.9865091633938,94.02075878061713,-27.034249617223324
154,dqn,wait_only,63.869453580535534,73.14725700341171,-9.277803422876175
155,dqn,wait_only,62.747356927412184,64.89594634138761,-2.1485894139754294
156,dqn,wait_only,69.25077361053084,77.40281081128019,-8.152037200749348
157,dqn,wait_only,67.18167128197753,62.391829185617375,4.789842096360154
158,dqn,wait_only,60.874284456547805,69.53493879266333,-8.66065433611552
159,dqn,wait_only,98.10601734969828,79.64000790453558,18.466009445162697
160,dqn,wait_only,63.686034736698815,24.263704159136946,39.422330577561866
161,dqn,wait_only,60.13551570972901,56.31857878252577,3.816936927203244
162,dqn,wait_only,64.03996201531265,69.79294682783978,-5.7529848125271315
163,dqn,wait_only,70.57669817984225,57.39237964042112,13.184318539421135
164,dqn,wait_only,57.4206024792769,63.21466806951009,-5.794065590233188
165,dqn,wait_only,68.03509160301708,69.05564322264091,-1.0205516196238307
166,dqn,wait_only,56.05136199184431,82.42840713944084,-26.377045147596526
167,dqn,wait_only,78.71749646845916,87.91746061813707,-9.19996414967791
168,dqn,wait_only,72.53148901338591,72.61960821708286,-0.08811920369694803
169,dqn,wait_only,135.55070287830378,135.55070287830378,0.0
170,dqn,wait_only,66.21446590966511,82.39567805151077,-16.181212141845663
171,dqn,wait_only,61.8719166746913,60.90468340127764,0.9672332734136617
172,dqn,wait_only,74.15202321372108,74.15202321372108,0.0
173,dqn,wait_only,71.94282090607454,74.74595687212454,-2.803135966049993
174,dqn,wait_only,65.31607318364748,55.53663990202962,9.779433281617855
175,dqn,wait_only,68.02473495229789,68.02473495229789,0.0
176,dqn,wait_only,60.710093162771045,72.87621233098396,-12.166119168212916
177,dqn,wait_only,50.12415866477211,68.06686558973504,-17.942706924962934
178,dqn,wait_only,78.37807031677616,89.11507930924586,-10.737008992469697
179,dqn,wait_only,66.39699858478237,63.2144555242497,3.182543060532666
180,dqn,wait_only,74.07112618548271,60.03764698655641,14.033479198926301
181,dqn,wait_only,89.4358982274398,88.95234165851073,0.4835565689290604
182,dqn,wait_only,66.71551889771864,66.71551889771864,0.0
183,dqn,wait_only,72.02777951293415,72.63937993000992,-0.6116004170757776
184,dqn,wait_only,67.85100293104469,69.30311386061769,-1.4521109295729957
185,dqn,wait_only,76.83303981537466,88.05369598872342,-11.220656173348758
186,dqn,wait_only,68.19901251113578,57.63447176351224,10.56454074762354
187,dqn,wait_only,79.3975145603639,75.94159532384344,3.455919236520458
188,dqn,wait_only,87.3540229717058,112.33284706806855,-24.978824096362743
189,dqn,wait_only,64.46955000178934,53.2695720638295,11.199977937959844
190,dqn,wait_only,55.01461073967054,60.208395329603654,-5.1937845899331165
191,dqn,wait_only,62.5063484837322,62.5063484837322,0.0
192,dqn,wait_only,66.97735745553987,64.09143226631919,2.8859251892206856
193,dqn,wait_only,84.3830286754503,35.00177697403156,49.38125170141875
194,dqn,wait_only,65.07167893277735,65.15979813647428,-0.08811920369693382
195,dqn,wait_only,68.07464956014311,83.39111926217232,-15.31646970202921
196,dqn,wait_only,54.28293538142488,54.51236905894672,-0.22943367752183974
197,dqn,wait_only,51.95696874913183,52.13182176809956,-0.1748530189677311
198,dqn,wait_only,94.95775800345152,101.53470203031087,-6.576944026859351
199,dqn,wait_only,112.59764298182411,96.87424145846194,15.72340152336217
200,dqn,wait_only,75.21414345082368,58.45366977427117,16.760473676552515
201,dqn,wait_only,60.24577864196401,54.292143803712555,5.953634838251453
202,dqn,wait_only,65.57933057948973,59.854015381876316,5.725315197613419
203,dqn,wait_only,72.88524698936294,67.56885092536639,5.3163960639965495
204,dqn,wait_only,58.50456657658974,59.03179758911203,-0.527231012522293
205,dqn,wait_only,60.38758645342199,65.09746082465077,-4.7098743712287785
206,dqn,wait_only,58.72169545750114,60.172498067778,-1.4508026102768596
207,dqn,wait_only,50.59821994123061,50.59821994123061,0.0
208,dqn,wait_only,86.44737678925901,84.93765352698412,1.509723262274889
209,dqn,wait_only,68.01188082372222,69.36848695537431,-1.3566061316520859
210,dqn,wait_only,52.365209643923286,52.365209643923286,0.0
211,dqn,wait_only,59.97728077380532,85.50767808877269,-25.530397314967374
212,dqn,wait_only,71.27476639838262,71.27476639838262,0.0
213,dqn,wait_only,68.39679288802535,68.39679288802535,0.0
214,dqn,wait_only,53.60419536567988,67.77715527689102,-14.172959911211144
215,dqn,wait_only,87.52028993864239,103.13875243415478,-15.61846249551239
216,dqn,wait_only,68.34689071145753,63.139554000411295,5.2073367110462385
217,dqn,wait_only,45.05833896137577,45.05833896137577,0.0
218,dqn,wait_only,78.1104840597295,72.66036649154371,5.450117568185789
219,dqn,wait_only,50.20929537880847,43.4504216968357,6.758873681972773
220,dqn,wait_only,50.22494866552546,47.99782909108806,2.2271195744374026
221,dqn,wait_only,68.84263610518151,53.665324789041435,15.177311316140077
222,dqn,wait_only,58.39120412554167,58.39120412554167,0.0
223,dqn,wait_only,78.41167843714736,48.73730618067863,29.67437225646873
224,dqn,wait_only,81.48330959170401,76.53916261041022,4.944146981293798
225,dqn,wait_only,88.29398848163727,88.29398848163727,0.0
226,dqn,wait_only,78.0180334881121,76.00905697834725,2.0089765097648495
227,dqn,wait_only,64.74390241356595,64.74390241356595,0.0
228,dqn,wait_only,30.03217450617179,86.24246362488536,-56.210289118713575
229,dqn,wait_only,67.40312088697995,63.36576668773314,4.037354199246806
230,dqn,wait_only,62.36648803712304,110.03233924019985,-47.665851203076805
231,dqn,wait_only,86.12110963365011,80.8766993304418,5.244410303208312
232,dqn,wait_only,45.53875326915016,40.38999308515285,5.148760183997311
233,dqn,wait_only,113.44639634777943,113.63615772514552,-0.18976137736609644
234,dqn,wait_only,74.32343807477045,84.12377514438269,-9.80033706961224
235,dqn,wait_only,59.000553319674836,57.97980013198919,1.0207531876856493
236,dqn,wait_only,86.75295056009294,75.30845299297648,11.444497567116457
237,dqn,wait_only,85.42195975705906,85.42195975705906,0.0
238,dqn,wait_only,82.24886604168024,82.24886604168024,0.0
239,dqn,wait_only,74.9335820559764,74.9335820559764,0.0
240,dqn,wait_only,62.82086489027548,74.48923449887057,-11.668369608595093
241,dqn,wait_only,70.2129635201633,70.2129635201633,0.0
242,dqn,wait_only,78.15013654149088,75.84094248490898,2.3091940565819016
243,dqn,wait_only,85.17030022498572,81.18785525857322,3.9824449664125012
244,dqn,wait_only,109.72092102760547,79.88141607027092,29.839504957334555
245,dqn,wait_only,88.94817640720926,88.7768250706948,0.1713513365144621
246,dqn,wait_only,86.39440527213658,76.52689303950221,9.867512232634368
247,dqn,wait_only,70.31335538324237,70.49417415911736,-0.18081877587499662
248,dqn,wait_only,55.941946338555425,70.31996506320503,-14.378018724649607
249,dqn,wait_only,97.8086760833727,97.8086760833727,0.0
250,dqn,wait_only,113.45853880192573,113.67699603998571,-0.21845723805998318
251,dqn,wait_only,54.09310816134627,54.09310816134627,0.0
252,dqn,wait_only,63.15594754649369,69.52728987323847,-6.371342326744781
253,dqn,wait_only,85.91882580808299,93.80935553082153,-7.890529722738549
254,dqn,wait_only,92.58711746075171,85.25574559386958,7.331371866882137
255,dqn,wait_only,88.64080906451878,99.1928377801287,-10.552028715609922
256,dqn,wait_only,75.76785919801678,58.99885149739423,16.769007700622552
257,dqn,wait_only,104.10846492829296,105.02384923423305,-0.9153843059400941
258,dqn,wait_only,61.66174264087529,56.41925227250866,5.2424903683666315
259,dqn,wait_only,84.70482018201068,82.55842921650103,2.146390965509653
260,dqn,wait_only,65.06331162133472,65.06331162133472,0.0
261,dqn,wait_only,43.2601702425946,44.36071693476201,-1.1005466921674127
262,dqn,wait_only,70.43999232849521,68.79686778628812,1.6431245422070901
263,dqn,wait_only,71.28444482787805,99.28124372424978,-27.99679889637173
264,dqn,wait_only,74.10230093156085,75.17521657076567,-1.0729156392048225
265,dqn,wait_only,54.029383545444745,75.40958986889387,-21.38020632344913
266,dqn,wait_only,87.12194370786581,82.68882262916657,4.433121078699244
267,dqn,wait_only,107.56579865537282,92.1182365267804,15.447562128592423
268,dqn,wait_only,58.89770878177415,59.062792465830135,-0.16508368405598617
269,dqn,wait_only,73.62946571237016,62.12354066228331,11.505925050086852
270,dqn,wait_only,125.58205056710483,92.9149316494277,32.66711891767713
271,dqn,wait_only,92.38968660852692,90.25807620784921,2.131610400677701
272,dqn,wait_only,68.47909663769529,60.898847361917056,7.580249275778236
273,dqn,wait_only,67.89563861834745,72.31982649201542,-4.424187873667975
274,dqn,wait_only,66.01325904931213,66.82145221247377,-0.808193163161647
275,dqn,wait_only,80.90339443411455,78.28843346206696,2.6149609720475837
276,dqn,wait_only,56.28374150303624,53.388199985715396,2.8955415173208436
277,dqn,wait_only,89.28216858815055,34.629449554665904,54.65271903348465
278,dqn,wait_only,63.836496825313596,62.16491600928491,1.671580816028687
279,dqn,wait_only,68.5265932267618,65.20204383303658,3.3245493937252206
280,dqn,wait_only,61.17387007961626,61.17387007961626,0.0
281,dqn,wait_only,53.25146856027529,98.81022955080299,-45.558760990527695
282,dqn,wait_only,48.82476469264022,49.01950622894655,-0.1947415363063243
283,dqn,wait_only,69.25107843010758,72.16860367940221,-2.917525249294627
284,dqn,wait_only,71.57123409174933,66.91260550987525,4.658628581874083
285,dqn,wait_only,76.26618488236561,74.15836951672858,2.1078153656370233
286,dqn,wait_only,60.502565272078414,53.9514309233937,6.5511343486847124
287,dqn,wait_only,54.13187589154227,54.13187589154227,0.0
288,dqn,wait_only,149.23116995413992,174.74569391430788,-25.514523960167963
289,dqn,wait_only,58.591950632397804,58.591950632397804,0.0
290,dqn,wait_only,67.51445336862989,65.8094125885248,1.7050407801050937
291,dqn,wait_only,90.85555280337812,93.4027005936909,-2.5471477903127777
292,dqn,wait_only,80.62169047641339,81.73127874866992,-1.1095882722565307
293,dqn,wait_only,73.15483706582732,73.79831020602221,-0.6434731401948852
294,dqn,wait_only,81.44443222133732,82.92044828023565,-1.476016058898324
295,dqn,wait_only,47.651719257429505,47.651719257429505,0.0
296,dqn,wait_only,50.01462220074664,50.23307943880662,-0.21845723805997608
297,dqn,wait_only,78.50424836185465,83.39587109046117,-4.891622728606521
298,dqn,wait_only,66.16824707338765,66.16824707338765,0.0
299,dqn,wait_only,95.82285279389785,79.46940808764373,16.353444706254123
0,finite_horizon_value_iteration,wait_only,109.17997563371472,109.17997563371472,0.0
1,finite_horizon_value_iteration,wait_only,48.45737704612196,52.06895697251094,-3.611579926388977
2,finite_horizon_value_iteration,wait_only,83.91373769759738,82.20012620044899,1.713611497148392
3,finite_horizon_value_iteration,wait_only,87.90205337256192,90.93812464639646,-3.036071273834537
4,finite_horizon_value_iteration,wait_only,67.37876047235466,54.09230363511983,13.286456837234823
5,finite_horizon_value_iteration,wait_only,74.69128089205616,75.45930785721114,-0.7680269651549878
6,finite_horizon_value_iteration,wait_only,89.89341010976432,89.89341010976432,0.0
7,finite_horizon_value_iteration,wait_only,90.13303942276725,90.13303942276725,0.0
8,finite_horizon_value_iteration,wait_only,62.496676153835494,63.82384734222184,-1.3271711883863446
9,finite_horizon_value_iteration,wait_only,57.45518509337371,79.33916790625133,-21.883982812877626
10,finite_horizon_value_iteration,wait_only,90.59365914308086,73.3173979654771,17.276261177603757
11,finite_horizon_value_iteration,wait_only,68.89429533779442,71.54913259868682,-2.654837260892407
12,finite_horizon_value_iteration,wait_only,58.28924629017221,58.28924629017221,0.0
13,finite_horizon_value_iteration,wait_only,56.15806519851125,56.15806519851125,0.0
14,finite_horizon_value_iteration,wait_only,77.82536267286162,74.59534722410126,3.230015448760355
15,finite_horizon_value_iteration,wait_only,56.17316411462254,56.17316411462254,0.0
16,finite_horizon_value_iteration,wait_only,46.20429397419604,98.6645075532483,-52.46021357905226
17,finite_horizon_value_iteration,wait_only,68.91901210614238,72.26143267424098,-3.3424205680986034
18,finite_horizon_value_iteration,wait_only,71.31098137013227,80.53046544657961,-9.219484076447344
19,finite_horizon_value_iteration,wait_only,62.64820365837203,64.53027473755877,-1.882071079186737
20,finite_horizon_value_iteration,wait_only,101.53266648987238,101.19236365327076,0.34030283660162297
21,finite_horizon_value_iteration,wait_only,63.66025560067304,63.66025560067304,0.0
22,finite_horizon_value_iteration,wait_only,67.9677707145703,67.9677707145703,0.0
23,finite_horizon_value_iteration,wait_only,65.67770323850786,57.564368130318144,8.113335108189716
24,finite_horizon_value_iteration,wait_only,69.72981999454852,69.72981999454852,0.0
25,finite_horizon_value_iteration,wait_only,73.44903134021453,72.99740630173416,0.4516250384803726
26,finite_horizon_value_iteration,wait_only,65.70143382966704,77.92390931296232,-12.222475483295284
27,finite_horizon_value_iteration,wait_only,81.9717442556495,77.63427409146033,4.33747016418917
28,finite_horizon_value_iteration,wait_only,88.70894809918836,88.70894809918836,0.0
29,finite_horizon_value_iteration,wait_only,40.249514755350354,40.249514755350354,0.0
30,finite_horizon_value_iteration,wait_only,70.03393572459775,76.03746137368216,-6.003525649084409
31,finite_horizon_value_iteration,wait_only,67.48861399175561,67.48861399175561,0.0
32,finite_horizon_value_iteration,wait_only,62.945604422815705,62.945604422815705,0.0
33,finite_horizon_value_iteration,wait_only,54.049360369022786,54.25183658160111,-0.2024762125783255
34,finite_horizon_value_iteration,wait_only,77.6083117665411,78.62824414084483,-1.0199323743037212
35,finite_horizon_value_iteration,wait_only,76.3828052939624,67.27556926583117,9.10723602813124
36,finite_horizon_value_iteration,wait_only,77.12660447459804,49.94463152189596,27.181972952702083
37,finite_horizon_value_iteration,wait_only,85.75498212450739,85.75498212450739,0.0
38,finite_horizon_value_iteration,wait_only,78.24227341523938,78.91122692663576,-0.6689535113963814
39,finite_horizon_value_iteration,wait_only,28.103839883989078,55.20797583849897,-27.10413595450989
40,finite_horizon_value_iteration,wait_only,89.96174855957817,54.80326842855486,35.15848013102331
41,finite_horizon_value_iteration,wait_only,77.83500554434444,77.83500554434444,0.0
42,finite_horizon_value_iteration,wait_only,55.229555110967326,55.229555110967326,0.0
43,finite_horizon_value_iteration,wait_only,68.4925882506261,68.4925882506261,0.0
44,finite_horizon_value_iteration,wait_only,81.8758085256969,42.12055563151214,39.75525289418476
45,finite_horizon_value_iteration,wait_only,89.29456947558815,89.29456947558815,0.0
46,finite_horizon_value_iteration,wait_only,52.77006898981295,87.20903482544188,-34.43896583562893
47,finite_horizon_value_iteration,wait_only,61.93873822809349,60.15480599260934,1.7839322354841514
48,finite_horizon_value_iteration,wait_only,81.54959473556872,70.89359513272392,10.655999602844801
49,finite_horizon_value_iteration,wait_only,60.06498339897193,60.06498339897193,0.0
50,finite_horizon_value_iteration,wait_only,38.3377170481704,54.76843553071812,-16.430718482547725
51,finite_horizon_value_iteration,wait_only,64.16481897137423,57.575544879916734,6.589274091457497
52,finite_horizon_value_iteration,wait_only,61.41677797645673,65.32690520170962,-3.910127225252893
53,finite_horizon_value_iteration,wait_only,81.39986335409897,81.39986335409897,0.0
54,finite_horizon_value_iteration,wait_only,46.857662707565474,47.087096385087314,-0.22943367752183974
55,finite_horizon_value_iteration,wait_only,44.19410747155266,51.58600596400374,-7.391898492451077
56,finite_horizon_value_iteration,wait_only,59.57561550957861,76.8954818213144,-17.319866311735794
57,finite_horizon_value_iteration,wait_only,70.29250636948433,70.29250636948433,0.0
58,finite_horizon_value_iteration,wait_only,71.48155152733578,61.91968546881784,9.561866058517943
59,finite_horizon_value_iteration,wait_only,90.32054354133241,79.50999226299126,10.810551278341151
60,finite_horizon_value_iteration,wait_only,82.37774714152056,89.76632932647277,-7.388582184952213
61,finite_horizon_value_iteration,wait_only,51.953599093515614,46.71057391192217,5.243025181593445
62,finite_horizon_value_iteration,wait_only,96.30813880118862,96.51061501376695,-0.2024762125783326
63,finite_horizon_value_iteration,wait_only,73.53568243663355,78.53042603648434,-4.994743599850793
64,finite_horizon_value_iteration,wait_only,62.741619407675465,56.367740645622305,6.37387876205316
65,finite_horizon_value_iteration,wait_only,46.537774637227386,56.425990119785894,-9.888215482558508
66,finite_horizon_value_iteration,wait_only,73.55158334452236,73.55158334452236,0.0
67,finite_horizon_value_iteration,wait_only,70.70897323163763,70.70897323163763,0.0
68,finite_horizon_value_iteration,wait_only,65.04980703228533,65.04980703228533,0.0
69,finite_horizon_value_iteration,wait_only,62.05246461704592,62.05246461704592,0.0
70,finite_horizon_value_iteration,wait_only,94.86421096961946,89.2305558766026,5.63365509301687
71,finite_horizon_value_iteration,wait_only,59.72830303496587,65.15319883927675,-5.424895804310886
72,finite_horizon_value_iteration,wait_only,100.09562202198647,94.93433701642759,5.161285005558881
73,finite_horizon_value_iteration,wait_only,59.589528420398125,59.589528420398125,0.0
74,finite_horizon_value_iteration,wait_only,76.75117495607074,76.75117495607074,0.0
75,finite_horizon_value_iteration,wait_only,67.81766823012582,79.17923880232341,-11.361570572197593
76,finite_horizon_value_iteration,wait_only,50.330385918580475,50.330385918580475,0.0
77,finite_horizon_value_iteration,wait_only,73.67175562805336,66.9872679242294,6.684487703823962
78,finite_horizon_value_iteration,wait_only,86.05697885218211,85.3976798753924,0.6592989767897137
79,finite_horizon_value_iteration,wait_only,55.07309696827678,61.43614616686003,-6.363049198583248
80,finite_horizon_value_iteration,wait_only,67.62695582026285,86.34453104333733,-18.717575223074476
81,finite_horizon_value_iteration,wait_only,62.67306550645368,99.40184962851197,-36.728784122058286
82,finite_horizon_value_iteration,wait_only,64.14601701535702,92.78417455338426,-28.638157538027244
83,finite_horizon_value_iteration,wait_only,73.09176676877688,90.4976425140827,-17.40587574530582
84,finite_horizon_value_iteration,wait_only,55.971147860239704,55.971147860239704,0.0
85,finite_horizon_value_iteration,wait_only,69.89326027434743,68.94546001812832,0.9478002562191108
86,finite_horizon_value_iteration,wait_only,55.11283244827426,70.21553805616972,-15.102705607895459
87,finite_horizon_value_iteration,wait_only,103.79495765709376,64.54084207609561,39.254115580998146
88,finite_horizon_value_iteration,wait_only,55.12569407029844,55.12569407029844,0.0
89,finite_horizon_value_iteration,wait_only,81.27633260245653,81.27633260245653,0.0
90,finite_horizon_value_iteration,wait_only,56.99468068157742,60.32157851431145,-3.3268978327340264
91,finite_horizon_value_iteration,wait_only,68.97659640548929,66.18071322327336,2.795883182215931
92,finite_horizon_value_iteration,wait_only,60.11259890197667,60.11259890197667,0.0
93,finite_horizon_value_iteration,wait_only,53.41358713786932,53.41358713786932,0.0
94,finite_horizon_value_iteration,wait_only,73.05185268343588,73.05185268343588,0.0
95,finite_horizon_value_iteration,wait_only,124.03089394041923,125.94036113448199,-1.9094671940627563
96,finite_horizon_value_iteration,wait_only,107.96652857559475,106.40514368637479,1.5613848892199655
97,finite_horizon_value_iteration,wait_only,77.59265489936786,75.44334116139909,2.149313737968768
98,finite_horizon_value_iteration,wait_only,92.93189536391922,92.93189536391922,0.0
99,finite_horizon_value_iteration,wait_only,74.1670287245502,68.37221508805692,5.794813636493288
100,finite_horizon_value_iteration,wait_only,67.8221823188093,68.04063955686928,-0.21845723805998318
101,finite_horizon_value_iteration,wait_only,96.22799089510785,103.64059589755881,-7.4126050024509595
102,finite_horizon_value_iteration,wait_only,82.15872186325,86.6609129374506,-4.50219107420061
103,finite_horizon_value_iteration,wait_only,60.863733890464296,58.290633409289,2.5731004811752953
104,finite_horizon_value_iteration,wait_only,90.09839432448764,90.09839432448764,0.0
105,finite_horizon_value_iteration,wait_only,87.58304295271485,79.65009854810407,7.9329444046107795
106,finite_horizon_value_iteration,wait_only,56.300450369305196,56.300450369305196,0.0
107,finite_horizon_value_iteration,wait_only,55.32177957038648,36.04813746311016,19.273642107276324
108,finite_horizon_value_iteration,wait_only,59.15109534695489,58.82307758277063,0.3280177641842599
109,finite_horizon_value_iteration,wait_only,67.88965640946563,66.97492695339153,0.9147294560740988
110,finite_horizon_value_iteration,wait_only,74.96639471708863,74.96639471708863,0.0
111,finite_horizon_value_iteration,wait_only,58.42644698998815,58.42644698998815,0.0
112,finite_horizon_value_iteration,wait_only,90.90432287110428,61.01988382392015,29.88443904718413
113,finite_horizon_value_iteration,wait_only,84.85187448849551,84.85187448849551,0.0
114,finite_horizon_value_iteration,wait_only,45.31709526260911,34.958652725807404,10.358442536801704
115,finite_horizon_value_iteration,wait_only,82.61044182102769,74.29827718091383,8.312164640113863
116,finite_horizon_value_iteration,wait_only,85.06466721277431,68.45577196848102,16.608895244293294
117,finite_horizon_value_iteration,wait_only,119.0718108310225,119.0718108310225,0.0
118,finite_horizon_value_iteration,wait_only,72.29172660248851,68.06850014935384,4.2232264531346715
119,finite_horizon_value_iteration,wait_only,73.21986289113481,73.21986289113481,0.0
120,finite_horizon_value_iteration,wait_only,59.382024579008004,55.721070419779494,3.6609541592285098
121,finite_horizon_value_iteration,wait_only,48.68124008023279,43.66431592431579,5.016924155917003
122,finite_horizon_value_iteration,wait_only,92.95004705357222,82.65581592123166,10.294231132340556
123,finite_horizon_value_iteration,wait_only,66.79743992142966,54.23003716442198,12.567402757007677
124,finite_horizon_value_iteration,wait_only,70.52664764838346,71.10729954995843,-0.5806519015749672
125,finite_horizon_value_iteration,wait_only,79.54549263217721,60.00937949095861,19.536113141218607
126,finite_horizon_value_iteration,wait_only,50.60122827629512,50.60122827629512,0.0
127,finite_horizon_value_iteration,wait_only,79.3147200674943,50.606640816893055,28.70807925060125
128,finite_horizon_value_iteration,wait_only,78.50388812119219,64.62920439808798,13.874683723104212
129,finite_horizon_value_iteration,wait_only,75.75958341345637,75.75958341345637,0.0
130,finite_horizon_value_iteration,wait_only,76.38115322548522,62.220097937603,14.16105528788222
131,finite_horizon_value_iteration,wait_only,62.996988392524656,62.996988392524656,0.0
132,finite_horizon_value_iteration,wait_only,82.34737780342273,65.65702528522655,16.69035251819618
133,finite_horizon_value_iteration,wait_only,39.548591242625385,52.91974379058818,-13.371152547962794
134,finite_horizon_value_iteration,wait_only,89.0569128110353,89.0569128110353,0.0
135,finite_horizon_value_iteration,wait_only,67.18461882202241,58.91183867851507,8.272780143507347
136,finite_horizon_value_iteration,wait_only,47.91128673040716,52.20100096526877,-4.289714234861606
137,finite_horizon_value_iteration,wait_only,47.37976700383869,40.7540757201639,6.62569128367479
138,finite_horizon_value_iteration,wait_only,79.51987658702751,73.06002086637422,6.4598557206532945
139,finite_horizon_value_iteration,wait_only,92.05510870623276,92.05510870623276,0.0
140,finite_horizon_value_iteration,wait_only,52.08123577272903,75.02396417595769,-22.942728403228656
141,finite_horizon_value_iteration,wait_only,55.04852866664481,55.27796234416665,-0.22943367752183974
142,finite_horizon_value_iteration,wait_only,93.92051444245074,78.82090050574169,15.099613936709048
143,finite_horizon_value_iteration,wait_only,86.20157926048903,86.20157926048903,0.0
144,finite_horizon_value_iteration,wait_only,0.0,0.0,0.0
145,finite_horizon_value_iteration,wait_only,81.99126871453751,81.99126871453751,0.0
146,finite_horizon_value_iteration,wait_only,85.52408140844031,62.29355244268509,23.23052896575522
147,finite_horizon_value_iteration,wait_only,64.44596717701982,61.29181744459505,3.154149732424777
148,finite_horizon_value_iteration,wait_only,98.15556895836524,100.68494274822814,-2.529373789862902
149,finite_horizon_value_iteration,wait_only,89.90945166261609,87.86647951869598,2.0429721439201103
150,finite_horizon_value_iteration,wait_only,71.47019607437227,75.5408117251354,-4.070615650763131
151,finite_horizon_value_iteration,wait_only,59.12637140591309,53.64509089572825,5.481280510184838
152,finite_horizon_value_iteration,wait_only,107.90749823150284,98.98589149413088,8.92160673737196
153,finite_horizon_value_iteration,wait_only,94.02075878061713,94.02075878061713,0.0
154,finite_horizon_value_iteration,wait_only,73.14725700341171,73.14725700341171,0.0
155,finite_horizon_value_iteration,wait_only,64.89594634138761,64.89594634138761,0.0
156,finite_horizon_value_iteration,wait_only,77.40281081128019,77.40281081128019,0.0
157,finite_horizon_value_iteration,wait_only,69.60391284680495,62.391829185617375,7.21208366118757
158,finite_horizon_value_iteration,wait_only,69.53493879266333,69.53493879266333,0.0
159,finite_horizon_value_iteration,wait_only,103.46660560756521,79.64000790453558,23.826597703029634
160,finite_horizon_value_iteration,wait_only,65.67274369744476,24.263704159136946,41.40903953830781
161,finite_horizon_value_iteration,wait_only,60.13551570972901,56.31857878252577,3.816936927203244
162,finite_horizon_value_iteration,wait_only,69.79294682783978,69.79294682783978,0.0
163,finite_horizon_value_iteration,wait_only,64.61181952679084,57.39237964042112,7.21943988636972
164,finite_horizon_value_iteration,wait_only,69.30015179709423,63.21466806951009,6.0854837275841405
165,finite_horizon_value_iteration,wait_only,69.05564322264091,69.05564322264091,0.0
166,finite_horizon_value_iteration,wait_only,82.42840713944084,82.42840713944084,0.0
167,finite_horizon_value_iteration,wait_only,87.91746061813707,87.91746061813707,0.0
168,finite_horizon_value_iteration,wait_only,72.61960821708286,72.61960821708286,0.0
169,finite_horizon_value_iteration,wait_only,135.55070287830378,135.55070287830378,0.0
170,finite_horizon_value_iteration,wait_only,66.21446590966511,82.39567805151077,-16.181212141845663
171,finite_horizon_value_iteration,wait_only,61.8719166746913,60.90468340127764,0.9672332734136617
172,finite_horizon_value_iteration,wait_only,74.15202321372108,74.15202321372108,0.0
173,finite_horizon_value_iteration,wait_only,76.3101960447958,74.74595687212454,1.5642391726712646
174,finite_horizon_value_iteration,wait_only,55.53663990202962,55.53663990202962,0.0
175,finite_horizon_value_iteration,wait_only,68.02473495229789,68.02473495229789,0.0
176,finite_horizon_value_iteration,wait_only,72.87621233098396,72.87621233098396,0.0
177,finite_horizon_value_iteration,wait_only,42.109596203966404,68.06686558973504,-25.95726938576864
178,finite_horizon_value_iteration,wait_only,82.32475316163165,89.11507930924586,-6.790326147614209
179,finite_horizon_value_iteration,wait_only,82.25871266596299,63.2144555242497,19.044257141713288
180,finite_horizon_value_iteration,wait_only,74.07112618548271,60.03764698655641,14.033479198926301
181,finite_horizon_value_iteration,wait_only,82.91174445513184,88.95234165851073,-6.040597203378894
182,finite_horizon_value_iteration,wait_only,66.71551889771864,66.71551889771864,0.0
183,finite_horizon_value_iteration,wait_only,71.74982727777187,72.63937993000992,-0.8895526522380521
184,finite_horizon_value_iteration,wait_only,67.85100293104469,69.30311386061769,-1.4521109295729957
185,finite_horizon_value_iteration,wait_only,55.13262395429682,88.05369598872342,-32.9210720344266
186,finite_horizon_value_iteration,wait_only,67.76202583404996,57.63447176351224,10.127554070537727
187,finite_horizon_value_iteration,wait_only,75.50053436558966,75.94159532384344,-0.4410609582537859
188,finite_horizon_value_iteration,wait_only,87.3540229717058,112.33284706806855,-24.978824096362743
189,finite_horizon_value_iteration,wait_only,64.46955000178934,53.2695720638295,11.199977937959844
190,finite_horizon_value_iteration,wait_only,55.01461073967054,60.208395329603654,-5.1937845899331165
191,finite_horizon_value_iteration,wait_only,62.5063484837322,62.5063484837322,0.0
192,finite_horizon_value_iteration,wait_only,66.97735745553987,64.09143226631919,2.8859251892206856
193,finite_horizon_value_iteration,wait_only,84.16125178358692,35.00177697403156,49.15947480955536
194,finite_horizon_value_iteration,wait_only,65.15979813647428,65.15979813647428,0.0
195,finite_horizon_value_iteration,wait_only,68.07464956014311,83.39111926217232,-15.31646970202921
196,finite_horizon_value_iteration,wait_only,54.28293538142488,54.51236905894672,-0.22943367752183974
197,finite_horizon_value_iteration,wait_only,52.13182176809956,52.13182176809956,0.0
198,finite_horizon_value_iteration,wait_only,94.95775800345152,101.53470203031087,-6.576944026859351
199,finite_horizon_value_iteration,wait_only,112.59764298182411,96.87424145846194,15.72340152336217
200,finite_horizon_value_iteration,wait_only,73.30218317996255,58.45366977427117,14.848513405691385
201,finite_horizon_value_iteration,wait_only,54.292143803712555,54.292143803712555,0.0
202,finite_horizon_value_iteration,wait_only,65.57933057948973,59.854015381876316,5.725315197613419
203,finite_horizon_value_iteration,wait_only,87.63344826163157,67.56885092536639,20.06459733626518
204,finite_horizon_value_iteration,wait_only,58.50456657658974,59.03179758911203,-0.527231012522293
205,finite_horizon_value_iteration,wait_only,60.38758645342199,65.09746082465077,-4.7098743712287785
206,finite_horizon_value_iteration,wait_only,58.72169545750114,60.172498067778,-1.4508026102768596
207,finite_horizon_value_iteration,wait_only,50.59821994123061,50.59821994123061,0.0
208,finite_horizon_value_iteration,wait_only,84.93765352698412,84.93765352698412,0.0
209,finite_horizon_value_iteration,wait_only,69.36848695537431,69.36848695537431,0.0
210,finite_horizon_value_iteration,wait_only,52.365209643923286,52.365209643923286,0.0
211,finite_horizon_value_iteration,wait_only,82.39763331666627,85.50767808877269,-3.11004477210642
212,finite_horizon_value_iteration,wait_only,71.27476639838262,71.27476639838262,0.0
213,finite_horizon_value_iteration,wait_only,68.39679288802535,68.39679288802535,0.0
214,finite_horizon_value_iteration,wait_only,53.37476168815803,67.77715527689102,-14.402393588732991
215,finite_horizon_value_iteration,wait_only,87.52028993864239,103.13875243415478,-15.61846249551239
216,finite_horizon_value_iteration,wait_only,68.34689071145753,63.139554000411295,5.2073367110462385
217,finite_horizon_value_iteration,wait_only,45.05833896137577,45.05833896137577,0.0
218,finite_horizon_value_iteration,wait_only,78.1104840597295,72.66036649154371,5.450117568185789
219,finite_horizon_value_iteration,wait_only,55.8212663833501,43.4504216968357,12.370844686514403
220,finite_horizon_value_iteration,wait_only,60.2132899700329,47.99782909108806,12.215460878944846
221,finite_horizon_value_iteration,wait_only,68.84263610518151,53.665324789041435,15.177311316140077
222,finite_horizon_value_iteration,wait_only,58.39120412554167,58.39120412554167,0.0
223,finite_horizon_value_iteration,wait_only,78.41167843714736,48.73730618067863,29.67437225646873
224,finite_horizon_value_iteration,wait_only,87.84637180406341,76.53916261041022,11.307209193653193
225,finite_horizon_value_iteration,wait_only,88.29398848163727,88.29398848163727,0.0
226,finite_horizon_value_iteration,wait_only,70.03714286382493,76.00905697834725,-5.9719141145223205
227,finite_horizon_value_iteration,wait_only,64.74390241356595,64.74390241356595,0.0
228,finite_horizon_value_iteration,wait_only,101.53366547789568,86.24246362488536,15.291201853010321
229,finite_horizon_value_iteration,wait_only,63.36576668773314,63.36576668773314,0.0
230,finite_horizon_value_iteration,wait_only,85.63235008066698,110.03233924019985,-24.399989159532865
231,finite_horizon_value_iteration,wait_only,80.8766993304418,80.8766993304418,0.0
232,finite_horizon_value_iteration,wait_only,50.945145143260845,40.38999308515285,10.555152058107993
233,finite_horizon_value_iteration,wait_only,113.63615772514552,113.63615772514552,0.0
234,finite_horizon_value_iteration,wait_only,77.75259914231079,84.12377514438269,-6.3711760020719055
235,finite_horizon_value_iteration,wait_only,57.97980013198919,57.97980013198919,0.0
236,finite_horizon_value_iteration,wait_only,75.09981841857761,75.30845299297648,-0.20863457439887156
237,finite_horizon_value_iteration,wait_only,85.42195975705906,85.42195975705906,0.0
238,finite_horizon_value_iteration,wait_only,82.24886604168024,82.24886604168024,0.0
239,finite_horizon_value_iteration,wait_only,74.9335820559764,74.9335820559764,0.0
240,finite_horizon_value_iteration,wait_only,62.82086489027548,74.48923449887057,-11.668369608595093
241,finite_horizon_value_iteration,wait_only,70.2129635201633,70.2129635201633,0.0
242,finite_horizon_value_iteration,wait_only,69.96704969505647,75.84094248490898,-5.873892789852505
243,finite_horizon_value_iteration,wait_only,85.17030022498572,81.18785525857322,3.9824449664125012
244,finite_horizon_value_iteration,wait_only,115.73993854791195,79.88141607027092,35.85852247764103
245,finite_horizon_value_iteration,wait_only,78.76193723018616,88.7768250706948,-10.014887840508635
246,finite_horizon_value_iteration,wait_only,80.80240010430867,76.52689303950221,4.275507064806462
247,finite_horizon_value_iteration,wait_only,70.31335538324237,70.49417415911736,-0.18081877587499662
248,finite_horizon_value_iteration,wait_only,83.98761673621388,70.31996506320503,13.667651673008848
249,finite_horizon_value_iteration,wait_only,97.8086760833727,97.8086760833727,0.0
250,finite_horizon_value_iteration,wait_only,113.67699603998571,113.67699603998571,0.0
251,finite_horizon_value_iteration,wait_only,54.09310816134627,54.09310816134627,0.0
252,finite_horizon_value_iteration,wait_only,62.78059944416558,69.52728987323847,-6.746690429072892
253,finite_horizon_value_iteration,wait_only,85.91882580808299,93.80935553082153,-7.890529722738549
254,finite_horizon_value_iteration,wait_only,85.25574559386958,85.25574559386958,0.0
255,finite_horizon_value_iteration,wait_only,78.94175067143397,99.1928377801287,-20.251087108694733
256,finite_horizon_value_iteration,wait_only,75.76785919801678,58.99885149739423,16.769007700622552
257,finite_horizon_value_iteration,wait_only,106.18126556747099,105.02384923423305,1.1574163332379328
258,finite_horizon_value_iteration,wait_only,61.66174264087529,56.41925227250866,5.2424903683666315
259,finite_horizon_value_iteration,wait_only,84.70482018201068,82.55842921650103,2.146390965509653
260,finite_horizon_value_iteration,wait_only,65.06331162133472,65.06331162133472,0.0
261,finite_horizon_value_iteration,wait_only,43.2601702425946,44.36071693476201,-1.1005466921674127
262,finite_horizon_value_iteration,wait_only,47.69318714528445,68.79686778628812,-21.10368064100367
263,finite_horizon_value_iteration,wait_only,99.28124372424978,99.28124372424978,0.0
264,finite_horizon_value_iteration,wait_only,65.48191828216301,75.17521657076567,-9.693298288602662
265,finite_horizon_value_iteration,wait_only,54.90674334060115,75.40958986889387,-20.50284652829272
266,finite_horizon_value_iteration,wait_only,87.12194370786581,82.68882262916657,4.433121078699244
267,finite_horizon_value_iteration,wait_only,101.70645626628257,92.1182365267804,9.588219739502179
268,finite_horizon_value_iteration,wait_only,58.89770878177415,59.062792465830135,-0.16508368405598617
269,finite_horizon_value_iteration,wait_only,62.12354066228331,62.12354066228331,0.0
270,finite_horizon_value_iteration,wait_only,83.24870607130906,92.9149316494277,-9.666225578118642
271,finite_horizon_value_iteration,wait_only,100.05836507370395,90.25807620784921,9.80028886585474
272,finite_horizon_value_iteration,wait_only,60.66941368439522,60.898847361917056,-0.22943367752183974
273,finite_horizon_value_iteration,wait_only,77.05383644749874,72.31982649201542,4.734009955483316
274,finite_horizon_value_iteration,wait_only,67.582422999437,66.82145221247377,0.7609707869632274
275,finite_horizon_value_iteration,wait_only,78.28843346206696,78.28843346206696,0.0
276,finite_horizon_value_iteration,wait_only,65.04199991872918,53.388199985715396,11.65379993301378
277,finite_horizon_value_iteration,wait_only,89.5005076147105,34.629449554665904,54.8710580600446
278,finite_horizon_value_iteration,wait_only,70.71937228638481,62.16491600928491,8.554456277099902
279,finite_horizon_value_iteration,wait_only,64.97652792112484,65.20204383303658,-0.22551591191174225
280,finite_horizon_value_iteration,wait_only,61.17387007961626,61.17387007961626,0.0
281,finite_horizon_value_iteration,wait_only,54.1288283554317,98.81022955080299,-44.681401195371286
282,finite_horizon_value_iteration,wait_only,48.82476469264022,49.01950622894655,-0.1947415363063243
283,finite_horizon_value_iteration,wait_only,69.25107843010758,72.16860367940221,-2.917525249294627
284,finite_horizon_value_iteration,wait_only,53.99245119902821,66.91260550987525,-12.920154310847039
285,finite_horizon_value_iteration,wait_only,76.26618488236561,74.15836951672858,2.1078153656370233
286,finite_horizon_value_iteration,wait_only,60.502565272078414,53.9514309233937,6.5511343486847124
287,finite_horizon_value_iteration,wait_only,54.13187589154227,54.13187589154227,0.0
288,finite_horizon_value_iteration,wait_only,160.6498444513673,174.74569391430788,-14.095849462940578
289,finite_horizon_value_iteration,wait_only,58.591950632397804,58.591950632397804,0.0
290,finite_horizon_value_iteration,wait_only,67.51445336862989,65.8094125885248,1.7050407801050937
291,finite_horizon_value_iteration,wait_only,90.85555280337812,93.4027005936909,-2.5471477903127777
292,finite_horizon_value_iteration,wait_only,81.68795959181082,81.73127874866992,-0.043319156859098484
293,finite_horizon_value_iteration,wait_only,70.92148850288706,73.79831020602221,-2.8768217031351497
294,finite_horizon_value_iteration,wait_only,88.43953836317218,82.92044828023565,5.519090082936529
295,finite_horizon_value_iteration,wait_only,47.651719257429505,47.651719257429505,0.0
296,finite_horizon_value_iteration,wait_only,50.23307943880662,50.23307943880662,0.0
297,finite_horizon_value_iteration,wait_only,78.50424836185465,83.39587109046117,-4.891622728606521
298,finite_horizon_value_iteration,wait_only,66.16824707338765,66.16824707338765,0.0
299,finite_horizon_value_iteration,wait_only,97.14082626957999,79.46940808764373,17.67141818193626
0,greedy_net_earnings,wait_only,109.17997563371472,109.17997563371472,0.0
1,greedy_net_earnings,wait_only,40.50491624107694,52.06895697251094,-11.564040731433998
2,greedy_net_earnings,wait_only,74.81891088312048,82.20012620044899,-7.381215317328511
3,greedy_net_earnings,wait_only,67.63111749968165,90.93812464639646,-23.30700714671481
4,greedy_net_earnings,wait_only,52.82924751067881,54.09230363511983,-1.2630561244410217
5,greedy_net_earnings,wait_only,60.49333400003274,75.45930785721114,-14.965973857178405
6,greedy_net_earnings,wait_only,75.89885545625415,89.89341010976432,-13.994554653510164
7,greedy_net_earnings,wait_only,84.38609537553026,90.13303942276725,-5.746944047236994
8,greedy_net_earnings,wait_only,62.496676153835494,63.82384734222184,-1.3271711883863446
9,greedy_net_earnings,wait_only,57.45518509337371,79.33916790625133,-21.883982812877626
10,greedy_net_earnings,wait_only,90.30029951124737,73.3173979654771,16.982901545770275
11,greedy_net_earnings,wait_only,53.409016892556906,71.54913259868682,-18.14011570612992
12,greedy_net_earnings,wait_only,58.01129405500992,58.28924629017221,-0.27795223516228873
13,greedy_net_earnings,wait_only,56.15806519851125,56.15806519851125,0.0
14,greedy_net_earnings,wait_only,86.43267877020534,74.59534722410126,11.837331546104082
15,greedy_net_earnings,wait_only,55.879804482789055,56.17316411462254,-0.2933596318334821
16,greedy_net_earnings,wait_only,89.00837152433364,98.6645075532483,-9.65613602891466
17,greedy_net_earnings,wait_only,51.43329375426719,72.26143267424098,-20.82813891997379
18,greedy_net_earnings,wait_only,55.02250913318922,80.53046544657961,-25.507956313390395
19,greedy_net_earnings,wait_only,90.79649354485545,64.53027473755877,26.26621880729668
20,greedy_net_earnings,wait_only,105.40372046996372,101.19236365327076,4.211356816692955
21,greedy_net_earnings,wait_only,63.223884829186254,63.66025560067304,-0.4363707714867857
22,greedy_net_earnings,wait_only,53.36049936930546,67.9677707145703,-14.607271345264849
23,greedy_net_earnings,wait_only,56.127387630108174,57.564368130318144,-1.4369805002099696
24,greedy_net_earnings,wait_only,58.54667892339425,69.72981999454852,-11.183141071154267
25,greedy_net_earnings,wait_only,56.03461837797961,72.99740630173416,-16.962787923754547
26,greedy_net_earnings,wait_only,58.856508846795016,77.92390931296232,-19.067400466167307
27,greedy_net_earnings,wait_only,63.51014317351783,77.63427409146033,-14.124130917942495
28,greedy_net_earnings,wait_only,65.6413240031417,88.70894809918836,-23.067624096046657
29,greedy_net_earnings,wait_only,40.249514755350354,40.249514755350354,0.0
30,greedy_net_earnings,wait_only,54.00869378103521,76.03746137368216,-22.02876759264695
31,greedy_net_earnings,wait_only,46.65586832065925,67.48861399175561,-20.83274567109636
32,greedy_net_earnings,wait_only,62.667652187653424,62.945604422815705,-0.2779522351622816
33,greedy_net_earnings,wait_only,52.87337551264332,54.25183658160111,-1.3784610689577903
34,greedy_net_earnings,wait_only,51.071048694044286,78.62824414084483,-27.55719544680054
35,greedy_net_earnings,wait_only,52.006433680074515,67.27556926583117,-15.26913558575665
36,greedy_net_earnings,wait_only,67.52849391557726,49.94463152189596,17.5838623936813
37,greedy_net_earnings,wait_only,72.65326747627424,85.75498212450739,-13.101714648233155
38,greedy_net_earnings,wait_only,78.05771282825117,78.91122692663576,-0.8535140983845935
39,greedy_net_earnings,wait_only,55.20797583849897,55.20797583849897,0.0
40,greedy_net_earnings,wait_only,89.96174855957817,54.80326842855486,35.15848013102331
41,greedy_net_earnings,wait_only,77.83500554434444,77.83500554434444,0.0
42,greedy_net_earnings,wait_only,41.35771200156245,55.229555110967326,-13.871843109404878
43,greedy_net_earnings,wait_only,58.507489047509495,68.4925882506261,-9.985099203116604
44,greedy_net_earnings,wait_only,81.8758085256969,42.12055563151214,39.75525289418476
45,greedy_net_earnings,wait_only,89.29456947558815,89.29456947558815,0.0
46,greedy_net_earnings,wait_only,52.77006898981295,87.20903482544188,-34.43896583562893
47,greedy_net_earnings,wait_only,77.47545818646427,60.15480599260934,17.320652193854926
48,greedy_net_earnings,wait_only,65.22623951813266,70.89359513272392,-5.6673556145912585
49,greedy_net_earnings,wait_only,60.06498339897193,60.06498339897193,0.0
50,greedy_net_earnings,wait_only,38.3377170481704,54.76843553071812,-16.430718482547725
51,greedy_net_earnings,wait_only,56.31248875547571,57.575544879916734,-1.2630561244410217
52,greedy_net_earnings,wait_only,54.80529158359276,65.32690520170962,-10.52161361811686
53,greedy_net_earnings,wait_only,70.05897023389066,81.39986335409897,-11.340893120208307
54,greedy_net_earnings,wait_only,46.061173521178716,47.087096385087314,-1.0259228639085975
55,greedy_net_earnings,wait_only,35.047827886046875,51.58600596400374,-16.538178077956864
56,greedy_net_earnings,wait_only,81.27225223248676,76.8954818213144,4.376770411172359
57,greedy_net_earnings,wait_only,69.85613559799755,70.29250636948433,-0.4363707714867786
58,greedy_net_earnings,wait_only,47.300416494368115,61.91968546881784,-14.619268974449724
59,greedy_net_earnings,wait_only,74.52318523236816,79.50999226299126,-4.986807030623098
60,greedy_net_earnings,wait_only,76.73902623993732,89.76632932647277,-13.027303086535454
61,greedy_net_earnings,wait_only,51.74287151332796,46.71057391192217,5.032297601405794
62,greedy_net_earnings,wait_only,87.75858088459181,96.51061501376695,-8.752034129175144
63,greedy_net_earnings,wait_only,56.16250275910117,78.53042603648434,-22.36792327738317
64,greedy_net_earnings,wait_only,55.401916287695904,56.367740645622305,-0.965824357926401
65,greedy_net_earnings,wait_only,45.63253379565806,56.425990119785894,-10.793456324127831
66,greedy_net_earnings,wait_only,44.78250935842954,73.55158334452236,-28.769073986092813
67,greedy_net_earnings,wait_only,48.031730594776285,70.70897323163763,-22.677242636861344
68,greedy_net_earnings,wait_only,55.476319970650266,65.04980703228533,-9.573487061635063
69,greedy_net_earnings,wait_only,61.75910498521244,62.05246461704592,-0.2933596318334821
70,greedy_net_earnings,wait_only,61.93187810877163,89.2305558766026,-27.298677767830966
71,greedy_net_earnings,wait_only,64.9424712590891,65.15319883927675,-0.21072758018765114
72,greedy_net_earnings,wait_only,87.96610460443058,94.93433701642759,-6.968232411997008
73,greedy_net_earnings,wait_only,59.589528420398125,59.589528420398125,0.0
74,greedy_net_earnings,wait_only,71.41509936942222,76.75117495607074,-5.336075586648519
75,greedy_net_earnings,wait_only,58.102957595200735,79.17923880232341,-21.076281207122676
76,greedy_net_earnings,wait_only,50.330385918580475,50.330385918580475,0.0
77,greedy_net_earnings,wait_only,53.63155363155884,66.9872679242294,-13.355714292670562
78,greedy_net_earnings,wait_only,68.84760527942235,85.3976798753924,-16.550074595970045
79,greedy_net_earnings,wait_only,53.83085800437314,61.43614616686003,-7.605288162486886
80,greedy_net_earnings,wait_only,48.82411324764171,86.34453104333733,-37.520417795695614
81,greedy_net_earnings,wait_only,52.59952518599996,99.40184962851197,-46.80232444251201
82,greedy_net_earnings,wait_only,89.8614339761583,92.78417455338426,-2.922740577225966
83,greedy_net_earnings,wait_only,59.18337919117596,90.4976425140827,-31.31426332290674
84,greedy_net_earnings,wait_only,55.971147860239704,55.971147860239704,0.0
85,greedy_net_earnings,wait_only,45.695586346441864,68.94546001812832,-23.24987367168645
86,greedy_net_earnings,wait_only,92.81503643038032,70.21553805616972,22.599498374210597
87,greedy_net_earnings,wait_only,96.66706646993069,64.54084207609561,32.126224393835074
88,greedy_net_earnings,wait_only,55.12569407029844,55.12569407029844,0.0
89,greedy_net_earnings,wait_only,69.11860339118087,81.27633260245653,-12.157729211275665
90,greedy_net_earnings,wait_only,49.33392566361562,60.32157851431145,-10.98765285069583
91,greedy_net_earnings,wait_only,54.941782179082786,66.18071322327336,-11.238931044190572
92,greedy_net_earnings,wait_only,60.11259890197667,60.11259890197667,0.0
93,greedy_net_earnings,wait_only,87.65391463120086,53.41358713786932,34.24032749333154
94,greedy_net_earnings,wait_only,89.15818985699923,73.05185268343588,16.106337173563347
95,greedy_net_earnings,wait_only,114.65445334971615,125.94036113448199,-11.28590778476584
96,greedy_net_earnings,wait_only,97.25294769074925,106.40514368637479,-9.152195995625533
97,greedy_net_earnings,wait_only,47.68362485419407,75.44334116139909,-27.759716307205018
98,greedy_net_earnings,wait_only,59.499135510158915,92.93189536391922,-33.43275985376031
99,greedy_net_earnings,wait_only,59.686942487686636,68.37221508805692,-8.685272600370283
100,greedy_net_earnings,wait_only,54.15787143076218,68.04063955686928,-13.882768126107102
101,greedy_net_earnings,wait_only,90.65075575039123,103.64059589755881,-12.989840147167584
102,greedy_net_earnings,wait_only,62.44534331419036,86.6609129374506,-24.215569623260244
103,greedy_net_earnings,wait_only,47.438516366381684,58.290633409289,-10.852117042907317
104,greedy_net_earnings,wait_only,62.98978211127523,90.09839432448764,-27.10861221321241
105,greedy_net_earnings,wait_only,52.933708134546194,79.65009854810407,-26.716390413557875
106,greedy_net_earnings,wait_only,56.300450369305196,56.300450369305196,0.0
107,greedy_net_earnings,wait_only,56.709646596460416,36.04813746311016,20.661509133350258
108,greedy_net_earnings,wait_only,50.031972985001744,58.82307758277063,-8.791104597768886
109,greedy_net_earnings,wait_only,40.524334915382056,66.97492695339153,-26.450592038009475
110,greedy_net_earnings,wait_only,56.17275062347829,74.96639471708863,-18.793644093610347
111,greedy_net_earnings,wait_only,58.42644698998815,58.42644698998815,0.0
112,greedy_net_earnings,wait_only,93.17715765841044,61.01988382392015,32.15727383449028
113,greedy_net_earnings,wait_only,65.9051639152826,84.85187448849551,-18.94671057321291
114,greedy_net_earnings,wait_only,66.31480935272708,34.958652725807404,31.356156626919677
115,greedy_net_earnings,wait_only,60.74138636856931,74.29827718091383,-13.55689081234452
116,greedy_net_earnings,wait_only,45.36335884016546,68.45577196848102,-23.092413128315556
117,greedy_net_earnings,wait_only,118.11406005520779,119.0718108310225,-0.9577507758147163
118,greedy_net_earnings,wait_only,68.44931282427025,68.06850014935384,0.38081267491641313
119,greedy_net_earnings,wait_only,70.31071789422596,73.21986289113481,-2.90914499690885
120,greedy_net_earnings,wait_only,48.07528282698155,55.721070419779494,-7.645787592797944
121,greedy_net_earnings,wait_only,43.50277328053222,43.66431592431579,-0.16154264378356942
122,greedy_net_earnings,wait_only,92.95004705357222,82.65581592123166,10.294231132340556
123,greedy_net_earnings,wait_only,40.72429552853853,54.23003716442198,-13.505741635883446
124,greedy_net_earnings,wait_only,84.03658784103565,71.10729954995843,12.929288291077228
125,greedy_net_earnings,wait_only,49.08941429997249,60.00937949095861,-10.919965190986119
126,greedy_net_earnings,wait_only,49.5089885163564,50.60122827629512,-1.092239759938714
127,greedy_net_earnings,wait_only,79.3147200674943,50.606640816893055,28.70807925060125
128,greedy_net_earnings,wait_only,48.270814836700744,64.62920439808798,-16.358389561387234
129,greedy_net_earnings,wait_only,64.67912708790104,75.75958341345637,-11.080456325555332
130,greedy_net_earnings,wait_only,50.445409207417214,62.220097937603,-11.774688730185787
131,greedy_net_earnings,wait_only,51.82151829852345,62.996988392524656,-11.175470094001206
132,greedy_net_earnings,wait_only,64.12533916337318,65.65702528522655,-1.5316861218533688
133,greedy_net_earnings,wait_only,38.30635227872175,52.91974379058818,-14.613391511866432
134,greedy_net_earnings,wait_only,98.43052418464268,89.0569128110353,9.373611373607375
135,greedy_net_earnings,wait_only,52.01011127817978,58.91183867851507,-6.9017274003352895
136,greedy_net_earnings,wait_only,42.865009944988046,52.20100096526877,-9.335991020280723
137,greedy_net_earnings,wait_only,33.53426362737629,40.7540757201639,-7.219812092787606
138,greedy_net_earnings,wait_only,65.24268634936155,73.06002086637422,-7.817334517012668
139,greedy_net_earnings,wait_only,54.21783389759052,92.05510870623276,-37.837274808642235
140,greedy_net_earnings,wait_only,83.74759134740063,75.02396417595769,8.723627171442942
141,greedy_net_earnings,wait_only,54.252039480258055,55.27796234416665,-1.0259228639085975
142,greedy_net_earnings,wait_only,83.04692726237619,78.82090050574169,4.2260267566344965
143,greedy_net_earnings,wait_only,68.93902242499891,86.20157926048903,-17.262556835490116
144,greedy_net_earnings,wait_only,0.0,0.0,0.0
145,greedy_net_earnings,wait_only,68.07185544039481,81.99126871453751,-13.919413274142698
146,greedy_net_earnings,wait_only,47.03619913490921,62.29355244268509,-15.25735330777588
147,greedy_net_earnings,wait_only,61.29181744459505,61.29181744459505,0.0
148,greedy_net_earnings,wait_only,99.95458423090064,100.68494274822814,-0.7303585173275025
149,greedy_net_earnings,wait_only,66.29532568126841,87.86647951869598,-21.571153837427573
150,greedy_net_earnings,wait_only,52.250287097953006,75.5408117251354,-23.290524627182393
151,greedy_net_earnings,wait_only,52.317919707341915,53.64509089572825,-1.3271711883863375
152,greedy_net_earnings,wait_only,97.65872030574454,98.98589149413088,-1.3271711883863446
153,greedy_net_earnings,wait_only,94.02075878061713,94.02075878061713,0.0
154,greedy_net_earnings,wait_only,57.717304079847025,73.14725700341171,-15.429952923564684
155,greedy_net_earnings,wait_only,64.89594634138761,64.89594634138761,0.0
156,greedy_net_earnings,wait_only,56.77927365696037,77.40281081128019,-20.62353715431982
157,greedy_net_earnings,wait_only,61.04871800114998,62.391829185617375,-1.3431111844673964
158,greedy_net_earnings,wait_only,50.069649889960424,69.53493879266333,-19.465288902702902
159,greedy_net_earnings,wait_only,103.46660560756521,79.64000790453558,23.826597703029634
160,greedy_net_earnings,wait_only,62.21266551576635,24.263704159136946,37.94896135662941
161,greedy_net_earnings,wait_only,47.70359397822149,56.31857878252577,-8.614984804304278
162,greedy_net_earnings,wait_only,47.3698141673906,69.79294682783978,-22.423132660449184
163,greedy_net_earnings,wait_only,55.955399140211156,57.39237964042112,-1.4369805002099625
164,greedy_net_earnings,wait_only,48.64078327890572,63.21466806951009,-14.573884790604367
165,greedy_net_earnings,wait_only,56.855601675486305,69.05564322264091,-12.200041547154605
166,greedy_net_earnings,wait_only,47.48985091156092,82.42840713944084,-34.938556227879914
167,greedy_net_earnings,wait_only,69.57757240397781,87.91746061813707,-18.33988821415926
168,greedy_net_earnings,wait_only,82.85702999322729,72.61960821708286,10.23742177614443
169,greedy_net_earnings,wait_only,106.88574340118541,135.55070287830378,-28.664959477118373
170,greedy_net_earnings,wait_only,75.9140663792379,82.39567805151077,-6.4816116722728765
171,greedy_net_earnings,wait_only,52.52862966268264,60.90468340127764,-8.376053738594997
172,greedy_net_earnings,wait_only,54.06854069948234,74.15202321372108,-20.08348251423874
173,greedy_net_earnings,wait_only,52.13210096162138,74.74595687212454,-22.613855910503155
174,greedy_net_earnings,wait_only,54.09965940181965,55.53663990202962,-1.4369805002099696
175,greedy_net_earnings,wait_only,67.66030281856001,68.02473495229789,-0.3644321337378784
176,greedy_net_earnings,wait_only,48.92350894256083,72.87621233098396,-23.95270338842313
177,greedy_net_earnings,wait_only,47.837488034717,68.06686558973504,-20.229377555018047
178,greedy_net_earnings,wait_only,61.883678978147906,89.11507930924586,-27.23140033109795
179,greedy_net_earnings,wait_only,51.666694622724805,63.2144555242497,-11.547760901524896
180,greedy_net_earnings,wait_only,50.02290606319093,60.03764698655641,-10.01474092336548
181,greedy_net_earnings,wait_only,56.67964852776409,88.95234165851073,-32.272693130746646
182,greedy_net_earnings,wait_only,66.71551889771864,66.71551889771864,0.0
183,greedy_net_earnings,wait_only,63.722835779626365,72.63937993000992,-8.916544150383558
184,greedy_net_earnings,wait_only,45.1124697926349,69.30311386061769,-24.190644067982788
185,greedy_net_earnings,wait_only,95.26470009861673,88.05369598872342,7.2110041098933095
186,greedy_net_earnings,wait_only,49.01615337829695,57.63447176351224,-8.61831838521529
187,greedy_net_earnings,wait_only,81.1793259241539,75.94159532384344,5.2377306003104565
188,greedy_net_earnings,wait_only,112.33284706806855,112.33284706806855,0.0
189,greedy_net_earnings,wait_only,64.46955000178934,53.2695720638295,11.199977937959844
190,greedy_net_earnings,wait_only,46.060490658732995,60.208395329603654,-14.147904670870659
191,greedy_net_earnings,wait_only,82.19522102582857,62.5063484837322,19.688872542096377
192,greedy_net_earnings,wait_only,64.09143226631919,64.09143226631919,0.0
193,greedy_net_earnings,wait_only,75.04991836671198,35.00177697403156,40.04814139268042
194,greedy_net_earnings,wait_only,64.93601534189659,65.15979813647428,-0.22378279457768713
195,greedy_net_earnings,wait_only,55.653037443993455,83.39111926217232,-27.73808181817887
196,greedy_net_earnings,wait_only,53.18519787056038,54.51236905894672,-1.3271711883863375
197,greedy_net_earnings,wait_only,51.95696874913183,52.13182176809956,-0.1748530189677311
198,greedy_net_earnings,wait_only,67.91136350650072,101.53470203031087,-33.62333852381015
199,greedy_net_earnings,wait_only,70.71483766573901,96.87424145846194,-26.159403792722927
200,greedy_net_earnings,wait_only,53.42180821475901,58.45366977427117,-5.0318615595121585
201,greedy_net_earnings,wait_only,54.292143803712555,54.292143803712555,0.0
202,greedy_net_earnings,wait_only,59.055485357531964,59.854015381876316,-0.7985300243443518
203,greedy_net_earnings,wait_only,90.72354645130011,67.56885092536639,23.154695525933718
204,greedy_net_earnings,wait_only,57.99902873399555,59.03179758911203,-1.0327688551164798
205,greedy_net_earnings,wait_only,60.38758645342199,65.09746082465077,-4.7098743712287785
206,greedy_net_earnings,wait_only,49.62234301973371,60.172498067778,-10.550155048044289
207,greedy_net_earnings,wait_only,50.59821994123061,50.59821994123061,0.0
208,greedy_net_earnings,wait_only,58.37615198564304,84.93765352698412,-26.56150154134108
209,greedy_net_earnings,wait_only,60.10605633459151,69.36848695537431,-9.262430620782801
210,greedy_net_earnings,wait_only,85.78200454453307,52.365209643923286,33.41679490060978
211,greedy_net_earnings,wait_only,82.39763331666627,85.50767808877269,-3.11004477210642
212,greedy_net_earnings,wait_only,70.91033426464476,71.27476639838262,-0.3644321337378642
213,greedy_net_earnings,wait_only,45.202600988922015,68.39679288802535,-23.19419189910333
214,greedy_net_earnings,wait_only,44.73619359873551,67.77715527689102,-23.04096167815551
215,greedy_net_earnings,wait_only,55.90035512222488,103.13875243415478,-47.2383973119299
216,greedy_net_earnings,wait_only,58.40121459919598,63.139554000411295,-4.738339401215313
217,greedy_net_earnings,wait_only,44.89325527731978,45.05833896137577,-0.16508368405598617
218,greedy_net_earnings,wait_only,53.01950339434994,72.66036649154371,-19.640863097193773
219,greedy_net_earnings,wait_only,38.10675315116788,43.4504216968357,-5.343668545667818
220,greedy_net_earnings,wait_only,47.99782909108806,47.99782909108806,0.0
221,greedy_net_earnings,wait_only,52.40226866460041,53.665324789041435,-1.2630561244410217
222,greedy_net_earnings,wait_only,58.39120412554167,58.39120412554167,0.0
223,greedy_net_earnings,wait_only,78.04724630340948,48.73730618067863,29.30994012273085
224,greedy_net_earnings,wait_only,60.95574239635248,76.53916261041022,-15.583420214057739
225,greedy_net_earnings,wait_only,63.492959968697264,88.29398848163727,-24.801028512940007
226,greedy_net_earnings,wait_only,54.25334316206894,76.00905697834725,-21.75571381627831
227,greedy_net_earnings,wait_only,50.6087579990665,64.74390241356595,-14.13514441449945
228,greedy_net_earnings,wait_only,30.03217450617179,86.24246362488536,-56.210289118713575
229,greedy_net_earnings,wait_only,63.200683003677156,63.36576668773314,-0.16508368405598617
230,greedy_net_earnings,wait_only,52.138802863050906,110.03233924019985,-57.89353637714894
231,greedy_net_earnings,wait_only,69.80073451683376,80.8766993304418,-11.075964813608039
232,greedy_net_earnings,wait_only,71.21715141888254,40.38999308515285,30.827158333729685
233,greedy_net_earnings,wait_only,113.44639634777943,113.63615772514552,-0.18976137736609644
234,greedy_net_earnings,wait_only,69.51710367540589,84.12377514438269,-14.6066714689768
235,greedy_net_earnings,wait_only,77.39699593613277,57.97980013198919,19.41719580414358
236,greedy_net_earnings,wait_only,65.39372549528798,75.30845299297648,-9.914727497688503
237,greedy_net_earnings,wait_only,62.467693550427235,85.42195975705906,-22.95426620663182
238,greedy_net_earnings,wait_only,50.588136407957336,82.24886604168024,-31.66072963372291
239,greedy_net_earnings,wait_only,60.240144800645886,74.9335820559764,-14.693437255330515
240,greedy_net_earnings,wait_only,76.16785423474005,74.48923449887057,1.678619735869475
241,greedy_net_earnings,wait_only,70.2129635201633,70.2129635201633,0.0
242,greedy_net_earnings,wait_only,77.90079512215398,75.84094248490898,2.059852637245001
243,greedy_net_earnings,wait_only,57.35433665876312,81.18785525857322,-23.833518599810105
244,greedy_net_earnings,wait_only,117.87029044682923,79.88141607027092,37.988874376558314
245,greedy_net_earnings,wait_only,88.51180563572248,88.7768250706948,-0.2650194349723165
246,greedy_net_earnings,wait_only,48.4155115946967,76.52689303950221,-28.11138144480551
247,greedy_net_earnings,wait_only,61.19365332696104,70.49417415911736,-9.300520832156323
248,greedy_net_earnings,wait_only,84.12552447806154,70.31996506320503,13.805559414856504
249,greedy_net_earnings,wait_only,75.7776634057258,97.8086760833727,-22.0310126776469
250,greedy_net_earnings,wait_only,113.45853880192573,113.67699603998571,-0.21845723805998318
251,greedy_net_earnings,wait_only,54.09310816134627,54.09310816134627,0.0
252,greedy_net_earnings,wait_only,51.11258799669032,69.52728987323847,-18.41470187654815
253,greedy_net_earnings,wait_only,61.65330193184877,93.80935553082153,-32.15605359897276
254,greedy_net_earnings,wait_only,73.01186303265062,85.25574559386958,-12.243882561218953
255,greedy_net_earnings,wait_only,88.52407630054553,99.1928377801287,-10.668761479583168
256,greedy_net_earnings,wait_only,50.98497827319642,58.99885149739423,-8.013873224197809
257,greedy_net_earnings,wait_only,96.75685033729734,105.02384923423305,-8.266998896935718
258,greedy_net_earnings,wait_only,57.71026880775547,56.41925227250866,1.2910165352468113
259,greedy_net_earnings,wait_only,74.85644416816001,82.55842921650103,-7.701985048341015
260,greedy_net_earnings,wait_only,65.06331162133472,65.06331162133472,0.0
261,greedy_net_earnings,wait_only,36.90893705877582,44.36071693476201,-7.45177987598619
262,greedy_net_earnings,wait_only,85.36817714060686,68.79686778628812,16.571309354318743
263,greedy_net_earnings,wait_only,103.21979753966734,99.28124372424978,3.9385538154175634
264,greedy_net_earnings,wait_only,53.22874791578452,75.17521657076567,-21.946468654981153
265,greedy_net_earnings,wait_only,54.90674334060115,75.40958986889387,-20.50284652829272
266,greedy_net_earnings,wait_only,58.87785457526147,82.68882262916657,-23.810968053905093
267,greedy_net_earnings,wait_only,91.15462920989084,92.1182365267804,-0.9636073168895507
268,greedy_net_earnings,wait_only,57.53110634397677,59.062792465830135,-1.5316861218533688
269,greedy_net_earnings,wait_only,50.53133303452017,62.12354066228331,-11.592207627763138
270,greedy_net_earnings,wait_only,59.19970639611165,92.9149316494277,-33.71522525331605
271,greedy_net_earnings,wait_only,99.50917646869651,90.25807620784921,9.251100260847295
272,greedy_net_earnings,wait_only,78.40174394135364,60.898847361917056,17.502896579436587
273,greedy_net_earnings,wait_only,49.90724840197522,72.31982649201542,-22.412578090040206
274,greedy_net_earnings,wait_only,65.56125755499637,66.82145221247377,-1.260194657477399
275,greedy_net_earnings,wait_only,77.92400132832908,78.28843346206696,-0.3644321337378784
276,greedy_net_earnings,wait_only,45.25017543312149,53.388199985715396,-8.138024552593905
277,greedy_net_earnings,wait_only,86.16697570084263,34.629449554665904,51.537526146176724
278,greedy_net_earnings,wait_only,46.473049256655926,62.16491600928491,-15.691866752628982
279,greedy_net_earnings,wait_only,48.76477285310298,65.20204383303658,-16.4372709799336
280,greedy_net_earnings,wait_only,61.17387007961626,61.17387007961626,0.0
281,greedy_net_earnings,wait_only,54.1288283554317,98.81022955080299,-44.681401195371286
282,greedy_net_earnings,wait_only,49.01950622894655,49.01950622894655,0.0
283,greedy_net_earnings,wait_only,61.894747938734696,72.16860367940221,-10.273855740667514
284,greedy_net_earnings,wait_only,53.99245119902821,66.91260550987525,-12.920154310847039
285,greedy_net_earnings,wait_only,76.26618488236561,74.15836951672858,2.1078153656370233
286,greedy_net_earnings,wait_only,88.36644852092708,53.9514309233937,34.41501759753338
287,greedy_net_earnings,wait_only,53.69550512005549,54.13187589154227,-0.4363707714867786
288,greedy_net_earnings,wait_only,161.93093917389018,174.74569391430788,-12.814754740417698
289,greedy_net_earnings,wait_only,58.591950632397804,58.591950632397804,0.0
290,greedy_net_earnings,wait_only,46.50637374733529,65.8094125885248,-19.303038841189505
291,greedy_net_earnings,wait_only,73.59570340568246,93.4027005936909,-19.806997188008438
292,greedy_net_earnings,wait_only,87.29297013668544,81.73127874866992,5.561691388015518
293,greedy_net_earnings,wait_only,88.04288618531909,73.79831020602221,14.244575979296883
294,greedy_net_earnings,wait_only,64.52567206044421,82.92044828023565,-18.39477621979144
295,greedy_net_earnings,wait_only,47.21534848594272,47.651719257429505,-0.4363707714867857
296,greedy_net_earnings,wait_only,50.01462220074664,50.23307943880662,-0.21845723805997608
297,greedy_net_earnings,wait_only,49.27898976217318,83.39587109046117,-34.11688132828799
298,greedy_net_earnings,wait_only,66.16824707338765,66.16824707338765,0.0
299,greedy_net_earnings,wait_only,95.46285326734387,79.46940808764373,15.993445179700146
0,highest_demand,wait_only,108.72206252674947,109.17997563371472,-0.45791310696525045
1,highest_demand,wait_only,41.46967641187261,52.06895697251094,-10.599280560638327
2,highest_demand,wait_only,39.440842572006915,82.20012620044899,-42.75928362844208
3,highest_demand,wait_only,70.76124965427506,90.93812464639646,-20.176874992121398
4,highest_demand,wait_only,67.37876047235466,54.09230363511983,13.286456837234823
5,highest_demand,wait_only,60.00577927232915,75.45930785721114,-15.453528584881994
6,highest_demand,wait_only,25.061244629042577,89.89341010976432,-64.83216548072174
7,highest_demand,wait_only,36.488694918433325,90.13303942276725,-53.64434450433393
8,highest_demand,wait_only,59.96296126558525,63.82384734222184,-3.8608860766365893
9,highest_demand,wait_only,57.45518509337371,79.33916790625133,-21.883982812877626
10,highest_demand,wait_only,69.90459560793133,73.3173979654771,-3.4128023575457718
11,highest_demand,wait_only,53.17852084578165,71.54913259868682,-18.370611752905177
12,highest_demand,wait_only,61.00739582229013,58.28924629017221,2.71814953211792
13,highest_demand,wait_only,56.15806519851125,56.15806519851125,0.0
14,highest_demand,wait_only,21.176040406356975,74.59534722410126,-53.419306817744285
15,highest_demand,wait_only,45.820274290236256,56.17316411462254,-10.352889824386281
16,highest_demand,wait_only,51.77048533843566,98.6645075532483,-46.89402221481264
17,highest_demand,wait_only,61.520284322462864,72.26143267424098,-10.741148351778115
18,highest_demand,wait_only,71.30883874681159,80.53046544657961,-9.221626699768024
19,highest_demand,wait_only,48.33983988266086,64.53027473755877,-16.19043485489791
20,highest_demand,wait_only,71.24993846677398,101.19236365327076,-29.942425186496777
21,highest_demand,wait_only,63.25404259863654,63.66025560067304,-0.4062130020365018
22,highest_demand,wait_only,52.09378174794729,67.9677707145703,-15.873988966623017
23,highest_demand,wait_only,79.20058721255228,57.564368130318144,21.636219082234135
24,highest_demand,wait_only,67.35473821445925,69.72981999454852,-2.3750817800892747
25,highest_demand,wait_only,73.28144637465724,72.99740630173416,0.28404007292307654
26,highest_demand,wait_only,54.58955575144369,77.92390931296232,-23.334353561518633
27,highest_demand,wait_only,63.00824562356654,77.63427409146033,-14.62602846789379
28,highest_demand,wait_only,64.0451578186326,88.70894809918836,-24.66379028055576
29,highest_demand,wait_only,39.898466418618696,40.249514755350354,-0.35104833673165814
30,highest_demand,wait_only,65.87886211821862,76.03746137368216,-10.158599255463542
31,highest_demand,wait_only,46.61288508075478,67.48861399175561,-20.875728911000834
32,highest_demand,wait_only,53.15779787495137,62.945604422815705,-9.787806547864335
33,highest_demand,wait_only,64.13408013631667,54.25183658160111,9.882243554715558
34,highest_demand,wait_only,50.88961671366944,78.62824414084483,-27.738627427175388
35,highest_demand,wait_only,65.96688620709229,67.27556926583117,-1.308683058738879
36,highest_demand,wait_only,68.09479128662257,49.94463152189596,18.15015976472661
37,highest_demand,wait_only,61.890859396097696,85.75498212450739,-23.864122728409697
38,highest_demand,wait_only,64.21601026781157,78.91122692663576,-14.695216658824194
39,highest_demand,wait_only,31.840175270057376,55.20797583849897,-23.36780056844159
40,highest_demand,wait_only,82.5812681754746,54.80326842855486,27.777999746919747
41,highest_demand,wait_only,61.32179230456668,77.83500554434444,-16.513213239777762
42,highest_demand,wait_only,41.251501632037964,55.229555110967326,-13.978053478929361
43,highest_demand,wait_only,34.566571749213395,68.4925882506261,-33.926016501412704
44,highest_demand,wait_only,81.8758085256969,42.12055563151214,39.75525289418476
45,highest_demand,wait_only,82.91320257831327,89.29456947558815,-6.381366897274873
46,highest_demand,wait_only,68.20703267747491,87.20903482544188,-19.002002147966962
47,highest_demand,wait_only,61.933238955958046,60.15480599260934,1.7784329633487062
48,highest_demand,wait_only,62.68171308521216,70.89359513272392,-8.211882047511757
49,highest_demand,wait_only,45.343793737221866,60.06498339897193,-14.721189661750067
50,highest_demand,wait_only,38.3377170481704,54.76843553071812,-16.430718482547725
51,highest_demand,wait_only,55.8596267751738,57.575544879916734,-1.7159181047429328
52,highest_demand,wait_only,52.58105806406903,65.32690520170962,-12.745847137640588
53,highest_demand,wait_only,36.733061874224425,81.39986335409897,-44.66680147987454
54,highest_demand,wait_only,46.326222567746285,47.087096385087314,-0.7608738173410288
55,highest_demand,wait_only,44.09779046762661,51.58600596400374,-7.48821549637713
56,highest_demand,wait_only,63.46063809488725,76.8954818213144,-13.434843726427154
57,highest_demand,wait_only,54.78821923604568,70.29250636948433,-15.504287133438652
58,highest_demand,wait_only,46.43816862078033,61.91968546881784,-15.481516848037508
59,highest_demand,wait_only,39.681770075272276,79.50999226299126,-39.828222187718985
60,highest_demand,wait_only,38.554441897380556,89.76632932647277,-51.211887429092215
61,highest_demand,wait_only,51.74287151332796,46.71057391192217,5.032297601405794
62,highest_demand,wait_only,51.23186073873417,96.51061501376695,-45.27875427503278
63,highest_demand,wait_only,71.32413643707973,78.53042603648434,-7.206289599404613
64,highest_demand,wait_only,55.808675449122745,56.367740645622305,-0.5590651964995601
65,highest_demand,wait_only,45.259963851498085,56.425990119785894,-11.166026268287808
66,highest_demand,wait_only,54.53583226139989,73.55158334452236,-19.015751083122467
67,highest_demand,wait_only,55.676631258653245,70.70897323163763,-15.032341972984383
68,highest_demand,wait_only,70.0404522774244,65.04980703228533,4.9906452451390635
69,highest_demand,wait_only,55.181850741221076,62.05246461704592,-6.870613875824844
70,highest_demand,wait_only,72.83370980469253,89.2305558766026,-16.396846071910062
71,highest_demand,wait_only,56.58586897914392,65.15319883927675,-8.567329860132837
72,highest_demand,wait_only,71.8877987135699,94.93433701642759,-23.046538302857698
73,highest_demand,wait_only,49.155029876498766,59.589528420398125,-10.434498543899359
74,highest_demand,wait_only,57.561761808816634,76.75117495607074,-19.189413147254108
75,highest_demand,wait_only,57.69164213261477,79.17923880232341,-21.487596669708644
76,highest_demand,wait_only,43.97163930729811,50.330385918580475,-6.358746611282363
77,highest_demand,wait_only,53.17869165125693,66.9872679242294,-13.808576272972466
78,highest_demand,wait_only,59.435228096253105,85.3976798753924,-25.962451779139293
79,highest_demand,wait_only,53.29572205226497,61.43614616686003,-8.140424114595056
80,highest_demand,wait_only,62.05815967928639,86.34453104333733,-24.286371364050936
81,highest_demand,wait_only,52.556541946095486,99.40184962851197,-46.84530768241648
82,highest_demand,wait_only,75.49508191374947,92.78417455338426,-17.289092639634788
83,highest_demand,wait_only,83.07606391566458,90.4976425140827,-7.421578598418122
84,highest_demand,wait_only,55.971147860239704,55.971147860239704,0.0
85,highest_demand,wait_only,60.99959364999869,68.94546001812832,-7.945866368129629
86,highest_demand,wait_only,82.39474122026735,70.21553805616972,12.179203164097629
87,highest_demand,wait_only,90.90855875229015,64.54084207609561,26.367716676194533
88,highest_demand,wait_only,47.90872013661756,55.12569407029844,-7.216973933680876
89,highest_demand,wait_only,56.6349112451783,81.27633260245653,-24.641421357278233
90,highest_demand,wait_only,60.540355384677994,60.32157851431145,0.21877687036654692
91,highest_demand,wait_only,55.70060242108148,66.18071322327336,-10.48011080219188
92,highest_demand,wait_only,49.08111124098575,60.11259890197667,-11.03148766099092
93,highest_demand,wait_only,58.192987164708484,53.41358713786932,4.779400026839163
94,highest_demand,wait_only,26.71624434821543,73.05185268343588,-46.335608335220456
95,highest_demand,wait_only,108.7335247504103,125.94036113448199,-17.206836384071693
96,highest_demand,wait_only,75.09139369124856,106.40514368637479,-31.31374999512623
97,highest_demand,wait_only,57.332262821206996,75.44334116139909,-18.111078340192094
98,highest_demand,wait_only,74.16607868011246,92.93189536391922,-18.76581668380676
99,highest_demand,wait_only,59.686942487686636,68.37221508805692,-8.685272600370283
100,highest_demand,wait_only,54.88946483672179,68.04063955686928,-13.151174720147488
101,highest_demand,wait_only,56.40686826086005,103.64059589755881,-47.23372763669876
102,highest_demand,wait_only,19.53234117903216,86.6609129374506,-67.12857175841845
103,highest_demand,wait_only,60.59501828987652,58.290633409289,2.30438488058752
104,highest_demand,wait_only,66.06224963125116,90.09839432448764,-24.03614469323648
105,highest_demand,wait_only,78.49233139975455,79.65009854810407,-1.1577671483495209
106,highest_demand,wait_only,55.791900926878505,56.300450369305196,-0.5085494424266912
107,highest_demand,wait_only,56.709646596460416,36.04813746311016,20.661509133350258
108,highest_demand,wait_only,70.08671060934925,58.82307758277063,11.263633026578624
109,highest_demand,wait_only,50.795983451183886,66.97492695339153,-16.178943502207645
110,highest_demand,wait_only,48.7507501262392,74.96639471708863,-26.215644590849436
111,highest_demand,wait_only,53.26176124296889,58.42644698998815,-5.164685747019263
112,highest_demand,wait_only,77.74566690534226,61.01988382392015,16.725783081422108
113,highest_demand,wait_only,50.12426873374387,84.85187448849551,-34.72760575475164
114,highest_demand,wait_only,56.91854461144844,34.958652725807404,21.959891885641035
115,highest_demand,wait_only,70.97215811405827,74.29827718091383,-3.3261190668555543
116,highest_demand,wait_only,56.32019970686952,68.45577196848102,-12.135572261611493
117,highest_demand,wait_only,52.22835540470101,119.0718108310225,-66.8434554263215
118,highest_demand,wait_only,66.72596735318258,68.06850014935384,-1.3425327961712554
119,highest_demand,wait_only,38.756128394164,73.21986289113481,-34.46373449697081
120,highest_demand,wait_only,56.563320792966834,55.721070419779494,0.8422503731873405
121,highest_demand,wait_only,38.42829977745621,43.66431592431579,-5.236016146859576
122,highest_demand,wait_only,75.22160500577371,82.65581592123166,-7.434210915457953
123,highest_demand,wait_only,40.47738075824236,54.23003716442198,-13.752656406179618
124,highest_demand,wait_only,50.29312101405049,71.10729954995843,-20.814178535907935
125,highest_demand,wait_only,67.33727461069378,60.00937949095861,7.3278951197351745
126,highest_demand,wait_only,49.46600527645193,50.60122827629512,-1.1352229998431866
127,highest_demand,wait_only,53.39762787683346,50.606640816893055,2.790987059940406
128,highest_demand,wait_only,53.82417360496461,64.62920439808798,-10.805030793123372
129,highest_demand,wait_only,51.24951098353446,75.75958341345637,-24.510072429921905
130,highest_demand,wait_only,82.64135174350675,62.220097937603,20.421253805903746
131,highest_demand,wait_only,57.96307579808908,62.996988392524656,-5.033912594435577
132,highest_demand,wait_only,49.54286344440031,65.65702528522655,-16.11416184082624
133,highest_demand,wait_only,49.31501269808147,52.91974379058818,-3.604731092506711
134,highest_demand,wait_only,66.9828815654719,89.0569128110353,-22.074031245563404
135,highest_demand,wait_only,51.77961523140452,58.91183867851507,-7.1322234471105475
136,highest_demand,wait_only,59.72605845454761,52.20100096526877,7.5250574892788435
137,highest_demand,wait_only,36.36529562158408,40.7540757201639,-4.388780098579815
138,highest_demand,wait_only,74.81423045586851,73.06002086637422,1.7542095894942946
139,highest_demand,wait_only,63.962415665438144,92.05510870623276,-28.092693040794614
140,highest_demand,wait_only,68.6334308167364,75.02396417595769,-6.390533359221294
141,highest_demand,wait_only,54.517088526825624,55.27796234416665,-0.7608738173410288
142,highest_demand,wait_only,91.25457239628267,78.82090050574169,12.433671890540978
143,highest_demand,wait_only,67.3218314822428,86.20157926048903,-18.879747778246227
144,highest_demand,wait_only,0.0,0.0,0.0
145,highest_demand,wait_only,54.02309036744274,81.99126871453751,-27.96817834709477
146,highest_demand,wait_only,49.43775601855508,62.29355244268509,-12.855796424130013
147,highest_demand,wait_only,56.84284909549756,61.29181744459505,-4.448968349097484
148,highest_demand,wait_only,92.2811524022327,100.68494274822814,-8.403790345995432
149,highest_demand,wait_only,26.85330271936167,87.86647951869598,-61.01317679933432
150,highest_demand,wait_only,63.422372078513156,75.5408117251354,-12.118439646622242
151,highest_demand,wait_only,42.01416835799751,53.64509089572825,-11.63092253773074
152,highest_demand,wait_only,98.22501767678985,98.98589149413088,-0.7608738173410359
153,highest_demand,wait_only,48.78081830304895,94.02075878061713,-45.239940477568176
154,highest_demand,wait_only,68.27581363396328,73.14725700341171,-4.8714433694484285
155,highest_demand,wait_only,56.63136174340649,64.89594634138761,-8.264584597981127
156,highest_demand,wait_only,57.53809389895906,77.40281081128019,-19.86471691232113
157,highest_demand,wait_only,50.31746387669541,62.391829185617375,-12.074365308921962
158,highest_demand,wait_only,43.7501997653388,69.53493879266333,-25.784739027324527
159,highest_demand,wait_only,76.63299775303815,79.64000790453558,-3.0070101514974255
160,highest_demand,wait_only,63.686034736698815,24.263704159136946,39.422330577561866
161,highest_demand,wait_only,47.216039250517895,56.31857878252577,-9.102539532007874
162,highest_demand,wait_only,60.981194683244034,69.79294682783978,-8.81175214459575
163,highest_demand,wait_only,55.420263188102986,57.39237964042112,-1.972116452318133
164,highest_demand,wait_only,48.26821333474575,63.21466806951009,-14.946454734764338
165,highest_demand,wait_only,70.23536076781622,69.05564322264091,1.1797175451753077
166,highest_demand,wait_only,39.266412442920206,82.42840713944084,-43.16199469652063
167,highest_demand,wait_only,55.64970286679998,87.91746061813707,-32.26775775133709
168,highest_demand,wait_only,31.264876362807343,72.61960821708286,-41.354731854275514
169,highest_demand,wait_only,71.15536446547206,135.55070287830378,-64.39533841283172
170,highest_demand,wait_only,55.107148076021,82.39567805151077,-27.288529975489773
171,highest_demand,wait_only,59.99958829489402,60.90468340127764,-0.9050951063836195
172,highest_demand,wait_only,54.550395522991316,74.15202321372108,-19.601627690729764
173,highest_demand,wait_only,57.54934249152656,74.74595687212454,-17.19661438059798
174,highest_demand,wait_only,63.33740864499819,55.53663990202962,7.800768742968572
175,highest_demand,wait_only,53.760203231789504,68.02473495229789,-14.264531720508387
176,highest_demand,wait_only,68.95752360248456,72.87621233098396,-3.9186887284994043
177,highest_demand,wait_only,59.14467259493548,68.06686558973504,-8.922192994799566
178,highest_demand,wait_only,61.82829589042504,89.11507930924586,-27.286783418820818
179,highest_demand,wait_only,65.72895840185575,63.2144555242497,2.5145028776060485
180,highest_demand,wait_only,47.92672050627923,60.03764698655641,-12.110926480277179
181,highest_demand,wait_only,73.08170119768589,88.95234165851073,-15.870640460824845
182,highest_demand,wait_only,59.91101006384679,66.71551889771864,-6.80450883387185
183,highest_demand,wait_only,63.49233973285111,72.63937993000992,-9.147040197158816
184,highest_demand,wait_only,67.85100293104469,69.30311386061769,-1.4521109295729957
185,highest_demand,wait_only,77.77473098902932,88.05369598872342,-10.278964999694097
186,highest_demand,wait_only,57.50676838055592,57.63447176351224,-0.12770338295631944
187,highest_demand,wait_only,49.796196636046446,75.94159532384344,-26.145398687796998
188,highest_demand,wait_only,72.90754508399205,112.33284706806855,-39.4253019840765
189,highest_demand,wait_only,64.46955000178934,53.2695720638295,11.199977937959844
190,highest_demand,wait_only,46.325539705300564,60.208395329603654,-13.88285562430309
191,highest_demand,wait_only,27.16518072552438,62.5063484837322,-35.34116775820782
192,highest_demand,wait_only,58.95612355493821,64.09143226631919,-5.135308711380979
193,highest_demand,wait_only,70.4796460364546,35.00177697403156,35.47786906242304
194,highest_demand,wait_only,64.34295279460171,65.15979813647428,-0.8168453418725647
195,highest_demand,wait_only,43.197383338265624,83.39111926217232,-40.1937359239067
196,highest_demand,wait_only,53.75149524160569,54.51236905894672,-0.7608738173410288
197,highest_demand,wait_only,42.48203282450008,52.13182176809956,-9.649788943599482
198,highest_demand,wait_only,28.560925354823326,101.53470203031087,-72.97377667548754
199,highest_demand,wait_only,71.73187549970638,96.87424145846194,-25.142365958755562
200,highest_demand,wait_only,73.30218317996255,58.45366977427117,14.848513405691385
201,highest_demand,wait_only,43.54525160610123,54.292143803712555,-10.746892197611324
202,highest_demand,wait_only,59.23498862921148,59.854015381876316,-0.619026752664837
203,highest_demand,wait_only,73.1937855805665,67.56885092536639,5.624934655200107
204,highest_demand,wait_only,58.62558458707554,59.03179758911203,-0.4062130020364947
205,highest_demand,wait_only,60.38758645342199,65.09746082465077,-4.7098743712287785
206,highest_demand,wait_only,55.12727942262404,60.172498067778,-5.045218645153959
207,highest_demand,wait_only,48.35369060860796,50.59821994123061,-2.2445293326226476
208,highest_demand,wait_only,23.24178686131976,84.93765352698412,-61.69586666566436
209,highest_demand,wait_only,59.60415878464021,69.36848695537431,-9.764328170734096
210,highest_demand,wait_only,46.42005901624952,52.365209643923286,-5.945150627673769
211,highest_demand,wait_only,52.6724879598523,85.50767808877269,-32.835190128920395
212,highest_demand,wait_only,60.78952692411754,71.27476639838262,-10.485239474265086
213,highest_demand,wait_only,45.09639061939754,68.39679288802535,-23.300402268627806
214,highest_demand,wait_only,44.48172792094642,67.77715527689102,-23.295427355944604
215,highest_demand,wait_only,78.92671841428451,103.13875243415478,-24.212034019870273
216,highest_demand,wait_only,33.72188518565064,63.139554000411295,-29.417668814760653
217,highest_demand,wait_only,44.89325527731978,45.05833896137577,-0.16508368405598617
218,highest_demand,wait_only,77.57444772321186,72.66036649154371,4.914081231668149
219,highest_demand,wait_only,37.653891170865975,43.4504216968357,-5.796530525969722
220,highest_demand,wait_only,47.64678075435639,47.99782909108806,-0.35104833673166524
221,highest_demand,wait_only,51.9494066842985,53.665324789041435,-1.7159181047429328
222,highest_demand,wait_only,50.67706496634409,58.39120412554167,-7.714139159197579
223,highest_demand,wait_only,78.16045355535067,48.73730618067863,29.42314737467204
224,highest_demand,wait_only,60.299434451561666,76.53916261041022,-16.23972815884855
225,highest_demand,wait_only,63.845442995776565,88.29398848163727,-24.448545485860706
226,highest_demand,wait_only,68.94984962318455,76.00905697834725,-7.059207355162698
227,highest_demand,wait_only,51.18793388547404,64.74390241356595,-13.55596852809191
228,highest_demand,wait_only,30.03217450617179,86.24246362488536,-56.210289118713575
229,highest_demand,wait_only,60.95963630953927,63.36576668773314,-2.406130378193872
230,highest_demand,wait_only,51.4824949182601,110.03233924019985,-58.549844321939744
231,highest_demand,wait_only,62.31248881641521,80.8766993304418,-18.564210514026584
232,highest_demand,wait_only,38.209859773066825,40.38999308515285,-2.180133312086028
233,highest_demand,wait_only,105.81165308127032,113.63615772514552,-7.824504643875201
234,highest_demand,wait_only,73.79199793495127,84.12377514438269,-10.331777209431422
235,highest_demand,wait_only,44.42308697155212,57.97980013198919,-13.55671316043707
236,highest_demand,wait_only,68.5982319967286,75.30845299297648,-6.710220996247884
237,highest_demand,wait_only,62.36148318090276,85.42195975705906,-23.060476576156297
238,highest_demand,wait_only,63.09571297502367,82.24886604168024,-19.15315306665657
239,highest_demand,wait_only,43.06273224897101,74.9335820559764,-31.870849807005392
240,highest_demand,wait_only,59.120275733671065,74.48923449887057,-15.368958765199508
241,highest_demand,wait_only,53.67725307124928,70.2129635201633,-16.535710448914017
242,highest_demand,wait_only,46.84927017264849,75.84094248490898,-28.99167231226049
243,highest_demand,wait_only,56.45084793540549,81.18785525857322,-24.73700732316773
244,highest_demand,wait_only,83.92457504292778,79.88141607027092,4.043158972656869
245,highest_demand,wait_only,57.4108390354184,88.7768250706948,-31.3659860352764
246,highest_demand,wait_only,66.79785857243391,76.52689303950221,-9.729034467068303
247,highest_demand,wait_only,60.61718409775561,70.49417415911736,-9.876990061361752
248,highest_demand,wait_only,56.90611191604642,70.31996506320503,-13.413853147158612
249,highest_demand,wait_only,74.77428390058083,97.8086760833727,-23.034392182791876
250,highest_demand,wait_only,106.51459331554979,113.67699603998571,-7.162402724435921
251,highest_demand,wait_only,54.09310816134627,54.09310816134627,0.0
252,highest_demand,wait_only,67.40581159115172,69.52728987323847,-2.1214782820867555
253,highest_demand,wait_only,86.04279189504409,93.80935553082153,-7.766563635777445
254,highest_demand,wait_only,46.65329452658469,85.25574559386958,-38.60245106728489
255,highest_demand,wait_only,80.17025140809784,99.1928377801287,-19.022586372030858
256,highest_demand,wait_only,68.25320537047278,58.99885149739423,9.254353873078557
257,highest_demand,wait_only,65.23816465737936,105.02384923423305,-39.7856845768537
258,highest_demand,wait_only,58.37152919896359,56.41925227250866,1.9522769264549353
259,highest_demand,wait_only,73.88452426058909,82.55842921650103,-8.673904955911937
260,highest_demand,wait_only,65.06331162133472,65.06331162133472,0.0
261,highest_demand,wait_only,36.862143808148744,44.36071693476201,-7.498573126613266
262,highest_demand,wait_only,53.87728940075152,68.79686778628812,-14.919578385536596
263,highest_demand,wait_only,77.83405943157365,99.28124372424978,-21.447184292676127
264,highest_demand,wait_only,64.15154784713496,75.17521657076567,-11.023668723630706
265,highest_demand,wait_only,60.87544851190996,75.40958986889387,-14.534141356983916
266,highest_demand,wait_only,44.36012632297414,82.68882262916657,-38.32869630619243
267,highest_demand,wait_only,89.19569814820481,92.1182365267804,-2.922538378575581
268,highest_demand,wait_only,57.53369934711601,59.062792465830135,-1.5290931187141226
269,highest_demand,wait_only,60.24911438711245,62.12354066228331,-1.8744262751708618
270,highest_demand,wait_only,65.05014001343727,92.9149316494277,-27.86479163599043
271,highest_demand,wait_only,68.20742141310265,90.25807620784921,-22.050654794746563
272,highest_demand,wait_only,81.0715792522914,60.898847361917056,20.172731890374344
273,highest_demand,wait_only,55.79225032103491,72.31982649201542,-16.52757617098051
274,highest_demand,wait_only,43.89140333141228,66.82145221247377,-22.930048881061495
275,highest_demand,wait_only,52.087524938397856,78.28843346206696,-26.200908523669106
276,highest_demand,wait_only,43.16213936336909,53.388199985715396,-10.226060622346303
277,highest_demand,wait_only,79.88657815258493,34.629449554665904,45.25712859791903
278,highest_demand,wait_only,59.776120488159165,62.16491600928491,-2.3887955211257434
279,highest_demand,wait_only,73.2506942549972,65.20204383303658,8.048650421960616
280,highest_demand,wait_only,60.673758287969875,61.17387007961626,-0.5001117916463826
281,highest_demand,wait_only,53.07405761089054,98.81022955080299,-45.736171939912445
282,highest_demand,wait_only,54.681297191010366,49.01950622894655,5.661790962063819
283,highest_demand,wait_only,56.821687698514644,72.16860367940221,-15.346915980887566
284,highest_demand,wait_only,75.70157663198296,66.91260550987525,8.78897112210771
285,highest_demand,wait_only,62.77637179987185,74.15836951672858,-11.38199771685673
286,highest_demand,wait_only,46.76615773960243,53.9514309233937,-7.185273183791274
287,highest_demand,wait_only,62.701987772154,54.13187589154227,8.570111880611726
288,highest_demand,wait_only,133.54182891513224,174.74569391430788,-41.203864999175636
289,highest_demand,wait_only,58.591950632397804,58.591950632397804,0.0
290,highest_demand,wait_only,54.13506390507985,65.8094125885248,-11.67434868344494
291,highest_demand,wait_only,61.659651108780636,93.4027005936909,-31.74304948491026
292,highest_demand,wait_only,60.05033892846178,81.73127874866992,-21.680939820208145
293,highest_demand,wait_only,63.27289534891522,73.79831020602221,-10.525414857106988
294,highest_demand,wait_only,63.010284361865686,82.92044828023565,-19.91016391836996
295,highest_demand,wait_only,47.245506255393,47.651719257429505,-0.4062130020365018
296,highest_demand,wait_only,50.01462220074664,50.23307943880662,-0.21845723805997608
297,highest_demand,wait_only,55.66779979057849,83.39587109046117,-27.72807129988268
298,highest_demand,wait_only,54.87501045918158,66.16824707338765,-11.293236614206066
299,highest_demand,wait_only,78.44683507327883,79.46940808764373,-1.0225730143648946
0,highest_income,wait_only,109.17997563371472,109.17997563371472,0.0
1,highest_income,wait_only,40.48210627911785,52.06895697251094,-11.586850693393089
2,highest_income,wait_only,23.140431368864316,82.20012620044899,-59.05969483158468
3,highest_income,wait_only,99.46916913405165,90.93812464639646,8.531044487655194
4,highest_income,wait_only,52.82924751067881,54.09230363511983,-1.2630561244410217
5,highest_income,wait_only,60.26283795325748,75.45930785721114,-15.196469903953663
6,highest_income,wait_only,24.796122013868963,89.89341010976432,-65.09728809589535
7,highest_income,wait_only,29.383160337421145,90.13303942276725,-60.74987908534611
8,highest_income,wait_only,82.21497302358655,63.82384734222184,18.391125681364713
9,highest_income,wait_only,57.45518509337371,79.33916790625133,-21.883982812877626
10,highest_income,wait_only,89.23919045425255,73.3173979654771,15.921792488775452
11,highest_income,wait_only,53.17852084578165,71.54913259868682,-18.370611752905177
12,highest_income,wait_only,43.705830463952324,58.28924629017221,-14.583415826219884
13,highest_income,wait_only,56.15806519851125,56.15806519851125,0.0
14,highest_income,wait_only,64.96663259920135,74.59534722410126,-9.628714624899914
15,highest_income,wait_only,45.404478407812675,56.17316411462254,-10.768685706809862
16,highest_income,wait_only,45.86361085485868,98.6645075532483,-52.80089669838962
17,highest_income,wait_only,50.920929851559244,72.26143267424098,-21.340502822681735
18,highest_income,wait_only,53.479105751613425,80.53046544657961,-27.051359694966187
19,highest_income,wait_only,48.7729335186597,64.53027473755877,-15.757341218899072
20,highest_income,wait_only,47.688224089117256,101.19236365327076,-53.504139564153505
21,highest_income,wait_only,62.83670104540247,63.66025560067304,-0.8235545552705688
22,highest_income,wait_only,42.60092789073262,67.9677707145703,-25.366842823837686
23,highest_income,wait_only,56.092614159525546,57.564368130318144,-1.471753970792598
24,highest_income,wait_only,57.99578867839858,69.72981999454852,-11.734031316149938
25,highest_income,wait_only,56.03461837797961,72.99740630173416,-16.962787923754547
26,highest_income,wait_only,47.672053917429146,77.92390931296232,-30.251855395533177
27,highest_income,wait_only,63.16319672045461,77.63427409146033,-14.47107737100572
28,highest_income,wait_only,50.54469482269205,88.70894809918836,-38.16425327649631
29,highest_income,wait_only,40.249514755350354,40.249514755350354,0.0
30,highest_income,wait_only,53.496329878327266,76.03746137368216,-22.541131495354897
31,highest_income,wait_only,46.61288508075478,67.48861399175561,-20.875728911000834
32,highest_income,wait_only,53.29217902657754,62.945604422815705,-9.653425396238163
33,highest_income,wait_only,52.49848762952378,54.25183658160111,-1.7533489520773315
34,highest_income,wait_only,50.88961671366944,78.62824414084483,-27.738627427175388
35,highest_income,wait_only,51.97166020949188,67.27556926583117,-15.303909056339286
36,highest_income,wait_only,67.48170066495018,49.94463152189596,17.537069143054225
37,highest_income,wait_only,49.59428343280458,85.75498212450739,-36.16069869170281
38,highest_income,wait_only,51.692335809976484,78.91122692663576,-27.21889111665928
39,highest_income,wait_only,25.27217848606557,55.20797583849897,-29.935797352433397
40,highest_income,wait_only,82.89348234636927,54.80326842855486,28.09021391781441
41,highest_income,wait_only,61.32179230456668,77.83500554434444,-16.513213239777762
42,highest_income,wait_only,40.679165841390265,55.229555110967326,-14.55038926957706
43,highest_income,wait_only,33.97639282946504,68.4925882506261,-34.51619542116106
44,highest_income,wait_only,71.9203632621504,42.12055563151214,29.799807630638263
45,highest_income,wait_only,89.29456947558815,89.29456947558815,0.0
46,highest_income,wait_only,52.21917874481727,87.20903482544188,-34.989856080624605
47,highest_income,wait_only,46.52340706209723,60.15480599260934,-13.631398930512113
48,highest_income,wait_only,53.10555751262735,70.89359513272392,-17.788037620096567
49,highest_income,wait_only,45.005215610447436,60.06498339897193,-15.059767788524496
50,highest_income,wait_only,38.3377170481704,54.76843553071812,-16.430718482547725
51,highest_income,wait_only,55.8596267751738,57.575544879916734,-1.7159181047429328
52,highest_income,wait_only,39.24396378267772,65.32690520170962,-26.082941419031904
53,highest_income,wait_only,36.46793925905081,81.39986335409897,-44.93192409504816
54,highest_income,wait_only,45.7131319460739,47.087096385087314,-1.3739644390134131
55,highest_income,wait_only,33.92251301419036,51.58600596400374,-17.66349294981338
56,highest_income,wait_only,50.00128001400968,76.8954818213144,-26.894201807304725
57,highest_income,wait_only,53.531057169817174,70.29250636948433,-16.761449199667155
58,highest_income,wait_only,46.871262256779175,61.91968546881784,-15.048423212038664
59,highest_income,wait_only,32.307293557200644,79.50999226299126,-47.20269870579062
60,highest_income,wait_only,28.48494419008244,89.76632932647277,-61.28138513639033
61,highest_income,wait_only,46.03592897765454,46.71057391192217,-0.6746449342676257
62,highest_income,wait_only,87.75858088459181,96.51061501376695,-8.752034129175144
63,highest_income,wait_only,55.07455436096653,78.53042603648434,-23.455871675517812
64,highest_income,wait_only,55.03737021059427,56.367740645622305,-1.330370435028037
65,highest_income,wait_only,45.259963851498085,56.425990119785894,-11.166026268287808
66,highest_income,wait_only,44.43556290536632,73.55158334452236,-29.11602043915604
67,highest_income,wait_only,47.94777526521558,70.70897323163763,-22.761197966422046
68,highest_income,wait_only,55.48900924720629,65.04980703228533,-9.560797785079039
69,highest_income,wait_only,42.78531900740807,62.05246461704592,-19.26714560963785
70,highest_income,wait_only,82.74856276600934,89.2305558766026,-6.481993110593251
71,highest_income,wait_only,52.131311952554384,65.15319883927675,-13.02188688672237
72,highest_income,wait_only,53.6953939657753,94.93433701642759,-41.23894305065229
73,highest_income,wait_only,59.589528420398125,59.589528420398125,0.0
74,highest_income,wait_only,47.20440877045337,76.75117495607074,-29.546766185617372
75,highest_income,wait_only,57.92152561482589,79.17923880232341,-21.257713187497522
76,highest_income,wait_only,43.8050186423435,50.330385918580475,-6.525367276236977
77,highest_income,wait_only,53.17869165125693,66.9872679242294,-13.808576272972466
78,highest_income,wait_only,58.84504917650475,85.3976798753924,-26.552630698887647
79,highest_income,wait_only,52.705543132516624,61.43614616686003,-8.730603034343403
80,highest_income,wait_only,48.37517065875333,86.34453104333733,-37.96936038458399
81,highest_income,wait_only,52.556541946095486,99.40184962851197,-46.84530768241648
82,highest_income,wait_only,52.86162133507692,92.78417455338426,-39.92255321830734
83,highest_income,wait_only,57.639975809600166,90.4976425140827,-32.85766670448253
84,highest_income,wait_only,55.971147860239704,55.971147860239704,0.0
85,highest_income,wait_only,44.60763794830722,68.94546001812832,-24.337822069821094
86,highest_income,wait_only,101.18773344139869,70.21553805616972,30.97219538522897
87,highest_income,wait_only,89.78785311822921,64.54084207609561,25.247011042133593
88,highest_income,wait_only,47.74908991721095,55.12569407029844,-7.376604153087484
89,highest_income,wait_only,47.92360696236011,81.27633260245653,-33.35272564009642
90,highest_income,wait_only,48.245977265480974,60.32157851431145,-12.075601248830473
91,highest_income,wait_only,54.51262794149385,66.18071322327336,-11.668085281779511
92,highest_income,wait_only,49.10431197716065,60.11259890197667,-11.00828692481602
93,highest_income,wait_only,51.60379632457407,53.41358713786932,-1.8097908132952512
94,highest_income,wait_only,72.85125622119354,73.05185268343588,-0.20059646224234484
95,highest_income,wait_only,96.79912035689819,125.94036113448199,-29.141240777583803
96,highest_income,wait_only,77.9504697915583,106.40514368637479,-28.45467389481648
97,highest_income,wait_only,88.71115338614115,75.44334116139909,13.267812224742059
98,highest_income,wait_only,78.5862833448863,92.93189536391922,-14.345612019032927
99,highest_income,wait_only,59.686942487686636,68.37221508805692,-8.685272600370283
100,highest_income,wait_only,53.78298354764264,68.04063955686928,-14.257656009226643
101,highest_income,wait_only,86.65317098170462,103.64059589755881,-16.98742491585419
102,highest_income,wait_only,54.859421517456816,86.6609129374506,-31.801491419993788
103,highest_income,wait_only,46.98565438607978,58.290633409289,-11.30497902320922
104,highest_income,wait_only,49.31714109483733,90.09839432448764,-40.78125322965031
105,highest_income,wait_only,47.85048338066596,79.65009854810407,-31.799615167438105
106,highest_income,wait_only,56.01879581571879,56.300450369305196,-0.28165455358640656
107,highest_income,wait_only,56.709646596460416,36.04813746311016,20.661509133350258
108,highest_income,wait_only,49.60281874741281,58.82307758277063,-9.220258835357818
109,highest_income,wait_only,40.177388462318824,66.97492695339153,-26.797538491072707
110,highest_income,wait_only,48.334954243815616,74.96639471708863,-26.631440473273017
111,highest_income,wait_only,48.372732309376005,58.42644698998815,-10.053714680612146
112,highest_income,wait_only,99.15689594057234,61.01988382392015,38.13701211665219
113,highest_income,wait_only,48.61716409281347,84.85187448849551,-36.23471039568204
114,highest_income,wait_only,56.91854461144844,34.958652725807404,21.959891885641035
115,highest_income,wait_only,60.31223213098037,74.29827718091383,-13.986045049933459
116,highest_income,wait_only,44.832961950400616,68.45577196848102,-23.6228100180804
117,highest_income,wait_only,85.99489020607497,119.0718108310225,-33.07692062494753
118,highest_income,wait_only,106.8355842714582,68.06850014935384,38.767084122104364
119,highest_income,wait_only,36.86993766340392,73.21986289113481,-36.34992522773089
120,highest_income,wait_only,48.05247286502246,55.721070419779494,-7.668597554757035
121,highest_income,wait_only,37.66416018736241,43.66431592431579,-6.000155736953374
122,highest_income,wait_only,51.74676900114434,82.65581592123166,-30.909046920087327
123,highest_income,wait_only,39.616722839179594,54.23003716442198,-14.613314325242385
124,highest_income,wait_only,50.726214650049336,71.10729954995843,-20.38108489990909
125,highest_income,wait_only,48.57705039726454,60.00937949095861,-11.432329093694065
126,highest_income,wait_only,49.46600527645193,50.60122827629512,-1.1352229998431866
127,highest_income,wait_only,91.92643226098043,50.606640816893055,41.31979144408738
128,highest_income,wait_only,47.34113982648692,64.62920439808798,-17.288064571601055
129,highest_income,wait_only,49.74240634260407,75.75958341345637,-26.0171770708523
130,highest_income,wait_only,49.35746080928258,62.220097937603,-12.862637128320422
131,highest_income,wait_only,50.64702156768887,62.996988392524656,-12.34996682483579
132,highest_income,wait_only,49.54286344440031,65.65702528522655,-16.11416184082624
133,highest_income,wait_only,37.18103740686522,52.91974379058818,-15.738706383722956
134,highest_income,wait_only,57.23084006502493,89.0569128110353,-31.826072746010375
135,highest_income,wait_only,51.77961523140452,58.91183867851507,-7.1322234471105475
136,highest_income,wait_only,42.3526460422801,52.20100096526877,-9.848354922988669
137,highest_income,wait_only,32.42669093801735,40.7540757201639,-8.327384782146545
138,highest_income,wait_only,58.38199629210618,73.06002086637422,-14.678024574268036
139,highest_income,wait_only,53.66694365259484,92.05510870623276,-38.38816505363792
140,highest_income,wait_only,72.8845423932635,75.02396417595769,-2.1394217826941855
141,highest_income,wait_only,54.252039480258055,55.27796234416665,-1.0259228639085975
142,highest_income,wait_only,51.59833238066898,78.82090050574169,-27.222568125072712
143,highest_income,wait_only,59.07515329257103,86.20157926048903,-27.126425967917996
144,highest_income,wait_only,0.0,0.0,0.0
145,highest_income,wait_only,54.137053842098815,81.99126871453751,-27.854214872438696
146,highest_income,wait_only,46.68925268184598,62.29355244268509,-15.604299760839112
147,highest_income,wait_only,56.07870950540377,61.29181744459505,-5.213107939191275
148,highest_income,wait_only,55.977464550948866,100.68494274822814,-44.70747819727927
149,highest_income,wait_only,69.2285337593359,87.86647951869598,-18.63794575936008
150,highest_income,wait_only,51.90334064488978,75.5408117251354,-23.637471080245618
151,highest_income,wait_only,41.50630435435677,53.64509089572825,-12.13878654137148
152,highest_income,wait_only,97.61192705511746,98.98589149413088,-1.3739644390134202
153,highest_income,wait_only,48.1906393833006,94.02075878061713,-45.83011939731653
154,highest_income,wait_only,57.3703576267838,73.14725700341171,-15.77689937662791
155,highest_income,wait_only,50.654889666898754,64.89594634138761,-14.24105667448886
156,highest_income,wait_only,56.35011941937144,77.40281081128019,-21.052691391908752
157,highest_income,wait_only,49.72728495694706,62.391829185617375,-12.664544228670316
158,highest_income,wait_only,43.24233576169806,69.53493879266333,-26.292603030965267
159,highest_income,wait_only,56.31559934189026,79.64000790453558,-23.324408562645317
160,highest_income,wait_only,63.21066456367721,24.263704159136946,38.94696040454026
161,highest_income,wait_only,46.382556530172344,56.31857878252577,-9.936022252353425
162,highest_income,wait_only,47.022867714327376,69.79294682783978,-22.77007911351241
163,highest_income,wait_only,54.83008426835463,57.39237964042112,-2.5622953720664867
164,highest_income,wait_only,48.26821333474575,63.21466806951009,-14.946454734764338
165,highest_income,wait_only,56.480713792366764,69.05564322264091,-12.574929430274146
166,highest_income,wait_only,38.67623352317185,82.42840713944084,-43.75217361626898
167,highest_income,wait_only,47.97601471879375,87.91746061813707,-39.94144589934332
168,highest_income,wait_only,67.71008917834345,72.61960821708286,-4.909519038739404
169,highest_income,wait_only,115.3990941068791,135.55070287830378,-20.151608771424677
170,highest_income,wait_only,54.34300848592721,82.39567805151077,-28.052669565583564
171,highest_income,wait_only,38.20002201894606,60.90468340127764,-22.70466138233158
172,highest_income,wait_only,45.58687977464169,74.15202321372108,-28.565143439079392
173,highest_income,wait_only,42.83176807620126,74.74595687212454,-31.91418879592328
174,highest_income,wait_only,52.97434452996313,55.53663990202962,-2.5622953720664867
175,highest_income,wait_only,53.760203231789504,68.02473495229789,-14.264531720508387
176,highest_income,wait_only,47.79819407070431,72.87621233098396,-25.07801826027965
177,highest_income,wait_only,39.35219563955637,68.06686558973504,-28.714669950178674
178,highest_income,wait_only,61.82829589042504,89.11507930924586,-27.286783418820818
179,highest_income,wait_only,51.31974816966157,63.2144555242497,-11.894707354588128
180,highest_income,wait_only,38.170327074491446,60.03764698655641,-21.867319912064964
181,highest_income,wait_only,56.16728462505614,88.95234165851073,-32.78505703345459
182,highest_income,wait_only,66.71551889771864,66.71551889771864,0.0
183,highest_income,wait_only,63.49233973285111,72.63937993000992,-9.147040197158816
184,highest_income,wait_only,44.65960781233299,69.30311386061769,-24.643506048284692
185,highest_income,wait_only,132.2997118833703,88.05369598872342,44.246015894646874
186,highest_income,wait_only,48.58699914070801,57.63447176351224,-9.047472622804229
187,highest_income,wait_only,38.26666732967307,75.94159532384344,-37.674927994170375
188,highest_income,wait_only,51.288686228181554,112.33284706806855,-61.04416083988699
189,highest_income,wait_only,52.59492712956188,53.2695720638295,-0.6746449342676186
190,highest_income,wait_only,45.71244908362818,60.208395329603654,-14.495946245975475
191,highest_income,wait_only,62.10134039255783,62.5063484837322,-0.4050080911743663
192,highest_income,wait_only,46.890147326202566,64.09143226631919,-17.201284940116622
193,highest_income,wait_only,58.23065106089177,35.00177697403156,23.228874086860216
194,highest_income,wait_only,56.78328441946649,65.15979813647428,-8.37651371700779
195,highest_income,wait_only,42.68951933462488,83.39111926217232,-40.70159992754744
196,highest_income,wait_only,53.138404619933304,54.51236905894672,-1.3739644390134131
197,highest_income,wait_only,42.61641397612625,52.13182176809956,-9.51540779197331
198,highest_income,wait_only,72.91476520441618,101.53470203031087,-28.619936825894683
199,highest_income,wait_only,172.49550161955372,96.87424145846194,75.62126016109178
200,highest_income,wait_only,52.333859816624376,58.45366977427117,-6.119809957646794
201,highest_income,wait_only,43.54525160610123,54.292143803712555,-10.746892197611324
202,highest_income,wait_only,49.85310663899325,59.854015381876316,-10.000908742883063
203,highest_income,wait_only,48.461616280004705,67.56885092536639,-19.107234645361686
204,highest_income,wait_only,57.99902873399555,59.03179758911203,-1.0327688551164798
205,highest_income,wait_only,59.97406857947508,65.09746082465077,-5.123392245175687
206,highest_income,wait_only,42.803851759513165,60.172498067778,-17.368646308264836
207,highest_income,wait_only,50.388428070604405,50.59821994123061,-0.20979187062620497
208,highest_income,wait_only,60.35947775174652,84.93765352698412,-24.578175775237604
209,highest_income,wait_only,59.759109881528275,69.36848695537431,-9.609377073846034
210,highest_income,wait_only,45.31357772717037,52.365209643923286,-7.051631916752918
211,highest_income,wait_only,53.105581595851135,85.50767808877269,-32.40209649292156
212,highest_income,wait_only,51.566815134359445,71.27476639838262,-19.70795126402318
213,highest_income,wait_only,44.52405482874984,68.39679288802535,-23.872738059275505
214,highest_income,wait_only,43.64824520060087,67.77715527689102,-24.128910076290154
215,highest_income,wait_only,54.81240672409024,103.13875243415478,-48.326345710064544
216,highest_income,wait_only,22.00764778342357,63.139554000411295,-41.13190621698772
217,highest_income,wait_only,44.89325527731978,45.05833896137577,-0.16508368405598617
218,highest_income,wait_only,51.931554996215304,72.66036649154371,-20.728811495328408
219,highest_income,wait_only,37.653891170865975,43.4504216968357,-5.796530525969722
220,highest_income,wait_only,46.52607512029546,47.99782909108806,-1.471753970792598
221,highest_income,wait_only,51.9494066842985,53.665324789041435,-1.7159181047429328
222,highest_income,wait_only,50.81144611797027,58.39120412554167,-7.5797580075713995
223,highest_income,wait_only,78.04724630340948,48.73730618067863,29.30994012273085
224,highest_income,wait_only,60.50679980746409,76.53916261041022,-16.032362802946125
225,highest_income,wait_only,63.43757688097439,88.29398848163727,-24.85641160066288
226,highest_income,wait_only,46.27005286569056,76.00905697834725,-29.739004112656687
227,highest_income,wait_only,50.5248026695058,64.74390241356595,-14.219099744060145
228,highest_income,wait_only,30.03217450617179,86.24246362488536,-56.210289118713575
229,highest_income,wait_only,56.04788568142208,63.36576668773314,-7.317881006311062
230,highest_income,wait_only,51.68986027416253,110.03233924019985,-58.34247896603732
231,highest_income,wait_only,50.216628159343514,80.8766993304418,-30.66007117109828
232,highest_income,wait_only,38.64295340906567,40.38999308515285,-1.7470396760871836
233,highest_income,wait_only,105.64779550845515,113.63615772514552,-7.988362216690376
234,highest_income,wait_only,64.13213516743284,84.12377514438269,-19.991639976949855
235,highest_income,wait_only,44.85618060755096,57.97980013198919,-13.123619524438226
236,highest_income,wait_only,56.33588868278162,75.30845299297648,-18.972564310194862
237,highest_income,wait_only,62.36148318090276,85.42195975705906,-23.060476576156297
238,highest_income,wait_only,49.909590247785154,82.24886604168024,-32.33927579389509
239,highest_income,wait_only,43.06273224897101,74.9335820559764,-31.870849807005392
240,highest_income,wait_only,42.713578915238365,74.48923449887057,-31.775655583632208
241,highest_income,wait_only,70.2129635201633,70.2129635201633,0.0
242,highest_income,wait_only,41.18790036049347,75.84094248490898,-34.65304212441551
243,highest_income,wait_only,56.45084793540549,81.18785525857322,-24.73700732316773
244,highest_income,wait_only,83.62846639643854,79.88141607027092,3.7470503261676242
245,highest_income,wait_only,40.50557398212805,88.7768250706948,-48.27125108856675
246,highest_income,wait_only,48.06856514163348,76.52689303950221,-28.458327897868735
247,highest_income,wait_only,59.65024994538525,70.49417415911736,-10.843924213732116
248,highest_income,wait_only,51.126831133487855,70.31996506320503,-19.193133929717177
249,highest_income,wait_only,62.480608500470005,97.8086760833727,-35.3280675829027
250,highest_income,wait_only,106.51459331554979,113.67699603998571,-7.162402724435921
251,highest_income,wait_only,54.09310816134627,54.09310816134627,0.0
252,highest_income,wait_only,50.68343375910138,69.52728987323847,-18.84385611413709
253,highest_income,wait_only,71.91835859736595,93.80935553082153,-21.890996933455583
254,highest_income,wait_only,36.73527926573256,85.25574559386958,-48.52046632813702
255,highest_income,wait_only,44.796696064831316,99.1928377801287,-54.39614171529738
256,highest_income,wait_only,50.47261437048847,58.99885149739423,-8.526237126905755
257,highest_income,wait_only,84.39308388276572,105.02384923423305,-20.630765351467332
258,highest_income,wait_only,44.365494400181305,56.41925227250866,-12.053757872327353
259,highest_income,wait_only,55.85905611071653,82.55842921650103,-26.699373105784495
260,highest_income,wait_only,65.06331162133472,65.06331162133472,0.0
261,highest_income,wait_only,36.862143808148744,44.36071693476201,-7.498573126613266
262,highest_income,wait_only,94.92099842375173,68.79686778628812,26.124130637463608
263,highest_income,wait_only,89.22916952256206,99.28124372424978,-10.052074201687716
264,highest_income,wait_only,52.140799517649874,75.17521657076567,-23.034417053115796
265,highest_income,wait_only,54.457800751712774,75.40958986889387,-20.9517891171811
266,highest_income,wait_only,42.853021682043746,82.68882262916657,-39.83580094712282
267,highest_income,wait_only,67.10923915563916,92.1182365267804,-25.008997371141234
268,highest_income,wait_only,57.53369934711601,59.062792465830135,-1.5290931187141226
269,highest_income,wait_only,50.00093614475533,62.12354066228331,-12.122604517527982
270,highest_income,wait_only,58.750763807223265,92.9149316494277,-34.164167842204435
271,highest_income,wait_only,53.59182018099011,90.25807620784921,-36.6662560268591
272,highest_income,wait_only,49.91019531878205,60.898847361917056,-10.988652043135005
273,highest_income,wait_only,38.58322465848313,72.31982649201542,-33.73660183353229
274,highest_income,wait_only,56.99599180574944,66.82145221247377,-9.825460406724332
275,highest_income,wait_only,42.10610162203237,78.28843346206696,-36.18233184003459
276,highest_income,wait_only,42.57196044362074,53.388199985715396,-10.816239542094657
277,highest_income,wait_only,79.88657815258493,34.629449554665904,45.25712859791903
278,highest_income,wait_only,46.04389501906699,62.16491600928491,-16.12102099021792
279,highest_income,wait_only,47.657200163744044,65.20204383303658,-17.54484366929254
280,highest_income,wait_only,60.673758287969875,61.17387007961626,-0.5001117916463826
281,highest_income,wait_only,53.616464452723754,98.81022955080299,-45.19376509807923
282,highest_income,wait_only,47.54775225815395,49.01950622894655,-1.471753970792598
283,highest_income,wait_only,56.313823694873896,72.16860367940221,-15.854779984528314
284,highest_income,wait_only,52.88487850966927,66.91260550987525,-14.027727000205978
285,highest_income,wait_only,63.03690206227245,74.15836951672858,-11.12146745445613
286,highest_income,wait_only,46.15306711793004,53.9514309233937,-7.798363805463659
287,highest_income,wait_only,43.865065142177485,54.13187589154227,-10.266810749364787
288,highest_income,wait_only,152.87812237906695,174.74569391430788,-21.867571535240927
289,highest_income,wait_only,58.591950632397804,58.591950632397804,0.0
290,highest_income,wait_only,46.0574311584469,65.8094125885248,-19.75198143007789
291,highest_income,wait_only,30.899457806718445,93.4027005936909,-62.50324278697245
292,highest_income,wait_only,53.19802996419048,81.73127874866992,-28.53324878447944
293,highest_income,wait_only,48.56486252460953,73.79831020602221,-25.233447681412677
294,highest_income,wait_only,58.22695051000907,82.92044828023565,-24.69349777022658
295,highest_income,wait_only,46.82816470215894,47.651719257429505,-0.8235545552705688
296,highest_income,wait_only,49.79410493235,50.23307943880662,-0.43897450645661706
297,highest_income,wait_only,48.17141707281424,83.39587109046117,-35.22445401764693
298,highest_income,wait_only,41.94583016600121,66.16824707338765,-24.22241690738644
299,highest_income,wait_only,90.47178671977423,79.46940808764373,11.002378632130501
0,q_learning,wait_only,98.46506416872238,109.17997563371472,-10.71491146499234
1,q_learning,wait_only,41.46967641187261,52.06895697251094,-10.599280560638327
2,q_learning,wait_only,57.51002933810729,82.20012620044899,-24.690096862341704
3,q_learning,wait_only,54.56416075377225,90.93812464639646,-36.37396389262421
4,q_learning,wait_only,67.37876047235466,54.09230363511983,13.286456837234823
5,q_learning,wait_only,60.84912894759913,75.45930785721114,-14.610178909612017
6,q_learning,wait_only,69.04050653124126,89.89341010976432,-20.852903578523055
7,q_learning,wait_only,59.18165935834896,90.13303942276725,-30.951380064418295
8,q_learning,wait_only,52.28350098573341,63.82384734222184,-11.540346356488428
9,q_learning,wait_only,70.51901808014551,79.33916790625133,-8.820149826105819
10,q_learning,wait_only,90.59365914308086,73.3173979654771,17.276261177603757
11,q_learning,wait_only,54.077216851316244,71.54913259868682,-17.47191574737058
12,q_learning,wait_only,44.45877749316546,58.28924629017221,-13.830468797006752
13,q_learning,wait_only,56.15806519851125,56.15806519851125,0.0
14,q_learning,wait_only,70.10431158377212,74.59534722410126,-4.4910356403291445
15,q_learning,wait_only,56.17316411462254,56.17316411462254,0.0
16,q_learning,wait_only,46.22324658447792,98.6645075532483,-52.44126096877038
17,q_learning,wait_only,61.68536800651885,72.26143267424098,-10.576064667722129
18,q_learning,wait_only,72.70853988174129,80.53046544657961,-7.821925564838324
19,q_learning,wait_only,91.46306441415095,64.53027473755877,26.93278967659218
20,q_learning,wait_only,62.510660329809404,101.19236365327076,-38.681703323461356
21,q_learning,wait_only,63.66025560067304,63.66025560067304,0.0
22,q_learning,wait_only,55.22883978634673,67.9677707145703,-12.738930928223574
23,q_learning,wait_only,79.20058721255228,57.564368130318144,21.636219082234135
24,q_learning,wait_only,69.94836989046472,69.72981999454852,0.21854989591619756
25,q_learning,wait_only,73.44903134021453,72.99740630173416,0.4516250384803726
26,q_learning,wait_only,59.36382952265963,77.92390931296232,-18.560079790302694
27,q_learning,wait_only,82.04746739785833,77.63427409146033,4.413193306398
28,q_learning,wait_only,61.604610958879974,88.70894809918836,-27.104337140308388
29,q_learning,wait_only,40.249514755350354,40.249514755350354,0.0
30,q_learning,wait_only,69.55592695799648,76.03746137368216,-6.481534415685687
31,q_learning,wait_only,63.65940500483062,67.48861399175561,-3.8292089869249963
32,q_learning,wait_only,53.15779787495137,62.945604422815705,-9.787806547864335
33,q_learning,wait_only,64.13408013631667,54.25183658160111,9.882243554715558
34,q_learning,wait_only,62.2416049474726,78.62824414084483,-16.386639193372226
35,q_learning,wait_only,53.00481132620609,67.27556926583117,-14.270757939625078
36,q_learning,wait_only,76.91104601339208,49.94463152189596,26.966414491496124
37,q_learning,wait_only,85.75498212450739,85.75498212450739,0.0
38,q_learning,wait_only,51.82889932015888,78.91122692663576,-27.08232760647688
39,q_learning,wait_only,59.53512543506698,55.20797583849897,4.327149596568013
40,q_learning,wait_only,57.0846778866585,54.80326842855486,2.2814094581036386
41,q_learning,wait_only,76.47134262363954,77.83500554434444,-1.363662920704897
42,q_learning,wait_only,52.244389694554656,55.229555110967326,-2.98516541641267
43,q_learning,wait_only,46.19863874612095,68.4925882506261,-22.29394950450515
44,q_learning,wait_only,84.99036309724664,42.12055563151214,42.8698074657345
45,q_learning,wait_only,54.660969142568476,89.29456947558815,-34.63360033301967
46,q_learning,wait_only,52.714685902090075,87.20903482544188,-34.4943489233518
47,q_learning,wait_only,75.15295044205865,60.15480599260934,14.998144449449313
48,q_learning,wait_only,62.302377248735645,70.89359513272392,-8.591217883988271
49,q_learning,wait_only,60.995747336855025,60.06498339897193,0.9307639378830928
50,q_learning,wait_only,58.81326230237616,54.76843553071812,4.0448267716580375
51,q_learning,wait_only,64.35527855038961,57.575544879916734,6.779733670472879
52,q_learning,wait_only,40.3345051839516,65.32690520170962,-24.992400017758023
53,q_learning,wait_only,81.23832071031539,81.39986335409897,-0.16154264378357652
54,q_learning,wait_only,46.61228483579771,47.087096385087314,-0.4748115492896048
55,q_learning,wait_only,56.39453541564765,51.58600596400374,4.808529451643913
56,q_learning,wait_only,71.96567499288095,76.8954818213144,-4.929806828433456
57,q_learning,wait_only,74.36192080763921,70.29250636948433,4.06941443815488
58,q_learning,wait_only,47.24981006246544,61.91968546881784,-14.669875406352396
59,q_learning,wait_only,90.32054354133241,79.50999226299126,10.810551278341151
60,q_learning,wait_only,60.995943655759824,89.76632932647277,-28.770385670712948
61,q_learning,wait_only,51.953599093515614,46.71057391192217,5.243025181593445
62,q_learning,wait_only,101.87532982923327,96.51061501376695,5.364714815466314
63,q_learning,wait_only,60.86621125169309,78.53042603648434,-17.664214784791255
64,q_learning,wait_only,59.44238631839987,56.367740645622305,3.0746456727775637
65,q_learning,wait_only,64.63594715943151,56.425990119785894,8.209957039645616
66,q_learning,wait_only,63.05097978985816,73.55158334452236,-10.500603554664195
67,q_learning,wait_only,56.36558135385026,70.70897323163763,-14.343391877787369
68,q_learning,wait_only,70.2184466043361,65.04980703228533,5.168639572050765
69,q_learning,wait_only,43.5982548005586,62.05246461704592,-18.45420981648732
70,q_learning,wait_only,78.12346639741165,89.2305558766026,-11.107089479190947
71,q_learning,wait_only,56.78061051545024,65.15319883927675,-8.372588323826513
72,q_learning,wait_only,56.648400014899494,94.93433701642759,-38.2859370015281
73,q_learning,wait_only,-4.051557056716962,59.589528420398125,-63.641085477115084
74,q_learning,wait_only,55.52264689829468,76.75117495607074,-21.22852805777606
75,q_learning,wait_only,58.842455233359146,79.17923880232341,-20.336783568964265
76,q_learning,wait_only,44.498418956185574,50.330385918580475,-5.831966962394901
77,q_learning,wait_only,71.64135739186757,66.9872679242294,4.6540894676381726
78,q_learning,wait_only,68.80081038009322,85.3976798753924,-16.596869495299174
79,q_learning,wait_only,66.67268783988918,61.43614616686003,5.236541673029151
80,q_learning,wait_only,65.1785240430709,86.34453104333733,-21.166007000266433
81,q_learning,wait_only,58.989426688256046,99.40184962851197,-40.41242294025592
82,q_learning,wait_only,53.928537894218834,92.78417455338426,-38.85563665916543
83,q_learning,wait_only,67.14971966285073,90.4976425140827,-23.34792285123197
84,q_learning,wait_only,55.971147860239704,55.971147860239704,0.0
85,q_learning,wait_only,54.36589467250767,68.94546001812832,-14.579565345620644
86,q_learning,wait_only,77.99695098051566,70.21553805616972,7.781412924345943
87,q_learning,wait_only,96.59400542209693,64.54084207609561,32.05316334600131
88,q_learning,wait_only,55.12569407029844,55.12569407029844,0.0
89,q_learning,wait_only,81.27633260245653,81.27633260245653,0.0
90,q_learning,wait_only,54.52415389672959,60.32157851431145,-5.797424617581861
91,q_learning,wait_only,55.70060242108148,66.18071322327336,-10.48011080219188
92,q_learning,wait_only,60.11259890197667,60.11259890197667,0.0
93,q_learning,wait_only,87.65391463120086,53.41358713786932,34.24032749333154
94,q_learning,wait_only,73.05185268343588,73.05185268343588,0.0
95,q_learning,wait_only,122.10136743196415,125.94036113448199,-3.83899370251784
96,q_learning,wait_only,110.24274693417712,106.40514368637479,3.8376032478023347
97,q_learning,wait_only,85.50655366917637,75.44334116139909,10.06321250777728
98,q_learning,wait_only,66.9918880009606,92.93189536391922,-25.940007362958625
99,q_learning,wait_only,74.1670287245502,68.37221508805692,5.794813636493288
100,q_learning,wait_only,54.88946483672179,68.04063955686928,-13.151174720147488
101,q_learning,wait_only,95.33024338364788,103.64059589755881,-8.310352513910928
102,q_learning,wait_only,91.58852230231862,86.6609129374506,4.927609364868019
103,q_learning,wait_only,58.567252275499335,58.290633409289,0.2766188662103346
104,q_learning,wait_only,73.45222941931104,90.09839432448764,-16.646164905176605
105,q_learning,wait_only,48.27481475702128,79.65009854810407,-31.375283791082786
106,q_learning,wait_only,56.300450369305196,56.300450369305196,0.0
107,q_learning,wait_only,47.721222329902105,36.04813746311016,11.673084866791946
108,q_learning,wait_only,50.23749810050255,58.82307758277063,-8.58557948226808
109,q_learning,wait_only,40.53702419193807,66.97492695339153,-26.437902761453458
110,q_learning,wait_only,56.28595787541947,74.96639471708863,-18.680436841669163
111,q_learning,wait_only,58.42644698998815,58.42644698998815,0.0
112,q_learning,wait_only,82.82533813400062,61.01988382392015,21.805454310080464
113,q_learning,wait_only,78.43533762935355,84.85187448849551,-6.4165368591419565
114,q_learning,wait_only,71.18839275410429,34.958652725807404,36.22974002829688
115,q_learning,wait_only,81.37208071957541,74.29827718091383,7.073803538661579
116,q_learning,wait_only,56.32019970686952,68.45577196848102,-12.135572261611493
117,q_learning,wait_only,108.10793256730967,119.0718108310225,-10.963878263712829
118,q_learning,wait_only,85.78618392940446,68.06850014935384,17.71768378005062
119,q_learning,wait_only,76.86285231841946,73.21986289113481,3.642989427284647
120,q_learning,wait_only,48.413487144697235,55.721070419779494,-7.3075832750822585
121,q_learning,wait_only,43.50277328053222,43.66431592431579,-0.16154264378356942
122,q_learning,wait_only,52.24227615841715,82.65581592123166,-30.413539762814516
123,q_learning,wait_only,52.21731257956067,54.23003716442198,-2.01272458486131
124,q_learning,wait_only,51.1047624557356,71.10729954995843,-20.002537094222824
125,q_learning,wait_only,67.33727461069378,60.00937949095861,7.3278951197351745
126,q_learning,wait_only,57.95831256159838,50.60122827629512,7.357084285303266
127,q_learning,wait_only,79.31481527038594,50.606640816893055,28.70817445349288
128,q_learning,wait_only,49.10767088405098,64.62920439808798,-15.521533514036996
129,q_learning,wait_only,65.80177104018877,75.75958341345637,-9.9578123732676
130,q_learning,wait_only,91.87989199846847,62.220097937603,29.659794060865465
131,q_learning,wait_only,57.96307579808908,62.996988392524656,-5.033912594435577
132,q_learning,wait_only,60.154400647204255,65.65702528522655,-5.502624638022297
133,q_learning,wait_only,50.281761958264696,52.91974379058818,-2.637981832323483
134,q_learning,wait_only,98.43052418464268,89.0569128110353,9.373611373607375
135,q_learning,wait_only,55.73702331834962,58.91183867851507,-3.1748153601654465
136,q_learning,wait_only,53.268143818875664,52.20100096526877,1.0671428536068959
137,q_learning,wait_only,42.274243854580035,40.7540757201639,1.5201681344161386
138,q_learning,wait_only,66.50026485190516,73.06002086637422,-6.559756014469059
139,q_learning,wait_only,61.19873314795021,92.05510870623276,-30.85637555828255
140,q_learning,wait_only,52.08123577272903,75.02396417595769,-22.942728403228656
141,q_learning,wait_only,54.803150794877055,55.27796234416665,-0.4748115492895977
142,q_learning,wait_only,61.64439619329424,78.82090050574169,-17.17650431244745
143,q_learning,wait_only,68.50698810982703,86.20157926048903,-17.694591150661992
144,q_learning,wait_only,0.0,0.0,0.0
145,q_learning,wait_only,77.30254095929192,81.99126871453751,-4.688727755245594
146,q_learning,wait_only,47.04888841146523,62.29355244268509,-15.244664031219862
147,q_learning,wait_only,61.29181744459505,61.29181744459505,0.0
148,q_learning,wait_only,56.44324779481078,100.68494274822814,-44.24169495341736
149,q_learning,wait_only,82.0634684950525,87.86647951869598,-5.803011023643478
150,q_learning,wait_only,65.3787120161306,75.5408117251354,-10.162099709004792
151,q_learning,wait_only,56.27745914052585,53.64509089572825,2.632368244797597
152,q_learning,wait_only,113.47931430751798,98.98589149413088,14.493422813387099
153,q_learning,wait_only,67.52084553339522,94.02075878061713,-26.49991324722191
154,q_learning,wait_only,63.92523819748695,73.14725700341171,-9.222018805924762
155,q_learning,wait_only,56.67595306014898,64.89594634138761,-8.219993281238636
156,q_learning,wait_only,69.25077361053084,77.40281081128019,-8.152037200749348
157,q_learning,wait_only,63.624330424902965,62.391829185617375,1.2325012392855896
158,q_learning,wait_only,60.148071753659536,69.53493879266333,-9.38686703900379
159,q_learning,wait_only,69.08704840777585,79.64000790453558,-10.552959496759726
160,q_learning,wait_only,11.517098175939097,24.263704159136946,-12.746605983197849
161,q_learning,wait_only,48.05938892578787,56.31857878252577,-8.259189856737898
162,q_learning,wait_only,60.981194683244034,69.79294682783978,-8.81175214459575
163,q_learning,wait_only,63.09078951516648,57.39237964042112,5.698409874745359
164,q_learning,wait_only,48.64078327890572,63.21466806951009,-14.573884790604367
165,q_learning,wait_only,56.855601675486305,69.05564322264091,-12.200041547154605
166,q_learning,wait_only,53.954030870952224,82.42840713944084,-28.474376268488612
167,q_learning,wait_only,49.06655612006763,87.91746061813707,-38.85090449806944
168,q_learning,wait_only,72.61960821708286,72.61960821708286,0.0
169,q_learning,wait_only,116.08629192691322,135.55070287830378,-19.464410951390562
170,q_learning,wait_only,75.9140663792379,82.39567805151077,-6.4816116722728765
171,q_learning,wait_only,39.01295781209659,60.90468340127764,-21.89172558918105
172,q_learning,wait_only,60.09433728595299,74.15202321372108,-14.057685927768091
173,q_learning,wait_only,61.50779636411646,74.74595687212454,-13.238160508008079
174,q_learning,wait_only,62.49963796093643,55.53663990202962,6.962998058906813
175,q_learning,wait_only,76.08424426145989,68.02473495229789,8.059509309161996
176,q_learning,wait_only,48.61112986385484,72.87621233098396,-24.26508246712912
177,q_learning,wait_only,42.109596203966404,68.06686558973504,-25.95726938576864
178,q_learning,wait_only,65.99430540235474,89.11507930924586,-23.120773906891117
179,q_learning,wait_only,64.86571313761596,63.2144555242497,1.6512576133662549
180,q_learning,wait_only,50.305272522280305,60.03764698655641,-9.732374464276106
181,q_learning,wait_only,75.93859704838835,88.95234165851073,-13.013744610122387
182,q_learning,wait_only,66.71551889771864,66.71551889771864,0.0
183,q_learning,wait_only,72.33298657976988,72.63937993000992,-0.3063933502400431
184,q_learning,wait_only,51.70209200621122,69.30311386061769,-17.60102185440647
185,q_learning,wait_only,55.13262395429682,88.05369598872342,-32.9210720344266
186,q_learning,wait_only,63.734661025486055,57.63447176351224,6.100189261973817
187,q_learning,wait_only,81.55155666205063,75.94159532384344,5.609961338207185
188,q_learning,wait_only,86.58339980951752,112.33284706806855,-25.74944725855103
189,q_learning,wait_only,64.46955000178934,53.2695720638295,11.199977937959844
190,q_learning,wait_only,52.65327556062635,60.208395329603654,-7.555119768977306
191,q_learning,wait_only,62.26097061196444,62.5063484837322,-0.24537787176775794
192,q_learning,wait_only,58.95612355493821,64.09143226631919,-5.135308711380979
193,q_learning,wait_only,95.45197293322603,35.00177697403156,60.450195959194474
194,q_learning,wait_only,65.15979813647428,65.15979813647428,0.0
195,q_learning,wait_only,51.00847658380754,83.39111926217232,-32.38264267836478
196,q_learning,wait_only,54.0142197808371,54.51236905894672,-0.49814927810961507
197,q_learning,wait_only,52.13182176809956,52.13182176809956,0.0
198,q_learning,wait_only,82.65015545732568,101.53470203031087,-18.884546572985187
199,q_learning,wait_only,61.11492436844249,96.87424145846194,-35.75931709001945
200,q_learning,wait_only,57.83999777312713,58.45366977427117,-0.6136720011440389
201,q_learning,wait_only,59.599542337820985,54.292143803712555,5.3073985341084295
202,q_learning,wait_only,59.055485357531964,59.854015381876316,-0.7985300243443518
203,q_learning,wait_only,77.11831013059128,67.56885092536639,9.549459205224892
204,q_learning,wait_only,58.62558458707554,59.03179758911203,-0.4062130020364947
205,q_learning,wait_only,74.39449514795649,65.09746082465077,9.297034323305724
206,q_learning,wait_only,55.366161137003864,60.172498067778,-4.806336930774137
207,q_learning,wait_only,50.59821994123061,50.59821994123061,0.0
208,q_learning,wait_only,88.53021875247718,84.93765352698412,3.592565225493061
209,q_learning,wait_only,60.11874561114753,69.36848695537431,-9.249741344226777
210,q_learning,wait_only,46.42005901624952,52.365209643923286,-5.945150627673769
211,q_learning,wait_only,53.222356754734086,85.50767808877269,-32.285321334038606
212,q_learning,wait_only,63.956465581698794,71.27476639838262,-7.318300816683831
213,q_learning,wait_only,61.713139745754525,68.39679288802535,-6.6836531422708205
214,q_learning,wait_only,50.599477808053166,67.77715527689102,-17.177677468837857
215,q_learning,wait_only,80.38505588764599,103.13875243415478,-22.75369654650879
216,q_learning,wait_only,67.7085229381774,63.139554000411295,4.568968937766101
217,q_learning,wait_only,45.05833896137577,45.05833896137577,0.0
218,q_learning,wait_only,66.78464952776167,72.66036649154371,-5.87571696378204
219,q_learning,wait_only,46.429134840388286,43.4504216968357,2.9787131435525893
220,q_learning,wait_only,47.64678075435639,47.99782909108806,-0.35104833673166524
221,q_learning,wait_only,68.84263610518151,53.665324789041435,15.177311316140077
222,q_learning,wait_only,58.39120412554167,58.39120412554167,0.0
223,q_learning,wait_only,73.65963594848483,48.73730618067863,24.922329767806204
224,q_learning,wait_only,78.9306653067217,76.53916261041022,2.391502696311491
225,q_learning,wait_only,88.29398848163727,88.29398848163727,0.0
226,q_learning,wait_only,66.5977681917859,76.00905697834725,-9.411288786561343
227,q_learning,wait_only,54.17277247490448,64.74390241356595,-10.571129938661471
228,q_learning,wait_only,30.03217450617179,86.24246362488536,-56.210289118713575
229,q_learning,wait_only,60.95963630953927,63.36576668773314,-2.406130378193872
230,q_learning,wait_only,78.73958219957002,110.03233924019985,-31.292757040629823
231,q_learning,wait_only,51.34194303120003,80.8766993304418,-29.534756299241764
232,q_learning,wait_only,67.73486848661754,40.38999308515285,27.34487540146469
233,q_learning,wait_only,72.99896068776475,113.63615772514552,-40.63719703738077
234,q_learning,wait_only,70.2566013135643,84.12377514438269,-13.867173830818388
235,q_learning,wait_only,74.36452742099173,57.97980013198919,16.384727289002548
236,q_learning,wait_only,67.39897902544924,75.30845299297648,-7.909473967527248
237,q_learning,wait_only,85.42195975705906,85.42195975705906,0.0
238,q_learning,wait_only,50.588136407957336,82.24886604168024,-31.66072963372291
239,q_learning,wait_only,50.89521840824311,74.9335820559764,-24.03836364773329
240,q_learning,wait_only,64.06214167008117,74.48923449887057,-10.427092828789398
241,q_learning,wait_only,70.2129635201633,70.2129635201633,0.0
242,q_learning,wait_only,72.67535492049228,75.84094248490898,-3.165587564416697
243,q_learning,wait_only,67.77940201255115,81.18785525857322,-13.408453246022077
244,q_learning,wait_only,93.82124753173841,79.88141607027092,13.939831461467492
245,q_learning,wait_only,78.90324459703412,88.7768250706948,-9.873580473660681
246,q_learning,wait_only,90.56378520588919,76.52689303950221,14.036892166386977
247,q_learning,wait_only,66.95111495754456,70.49417415911736,-3.5430592015728024
248,q_learning,wait_only,51.699166924135554,70.31996506320503,-18.62079813906948
249,q_learning,wait_only,85.39361280242571,97.8086760833727,-12.415063280946995
250,q_learning,wait_only,106.45956661692696,113.67699603998571,-7.217429423058746
251,q_learning,wait_only,54.09310816134627,54.09310816134627,0.0
252,q_learning,wait_only,61.239032959811475,69.52728987323847,-8.288256913426999
253,q_learning,wait_only,72.29049168301222,93.80935553082153,-21.518863847809314
254,q_learning,wait_only,85.25574559386958,85.25574559386958,0.0
255,q_learning,wait_only,69.23296862402198,99.1928377801287,-29.95986915610672
256,q_learning,wait_only,65.244394190687,58.99885149739423,6.2455426932927764
257,q_learning,wait_only,77.77577413328576,105.02384923423305,-27.24807510094729
258,q_learning,wait_only,57.928726045815445,56.41925227250866,1.5094737733067873
259,q_learning,wait_only,87.9793836982548,82.55842921650103,5.420954481753768
260,q_learning,wait_only,65.06331162133472,65.06331162133472,0.0
261,q_learning,wait_only,43.2601702425946,44.36071693476201,-1.1005466921674127
262,q_learning,wait_only,47.72166053333758,68.79686778628812,-21.07520725295054
263,q_learning,wait_only,90.85444402606919,99.28124372424978,-8.426799698180588
264,q_learning,wait_only,53.87076936072856,75.17521657076567,-21.30444721003711
265,q_learning,wait_only,54.594364261895166,75.40958986889387,-20.81522560699871
266,q_learning,wait_only,68.60161999544586,82.68882262916657,-14.087202633720707
267,q_learning,wait_only,104.39967411977963,92.1182365267804,12.28143759299924
268,q_learning,wait_only,58.57580762861524,59.062792465830135,-0.48698483721489794
269,q_learning,wait_only,55.44104658402587,62.12354066228331,-6.682494078257442
270,q_learning,wait_only,82.78856384653247,92.9149316494277,-10.126367802895231
271,q_learning,wait_only,92.71173442496288,90.25807620784921,2.45365821711367
272,q_learning,wait_only,72.60185332743129,60.898847361917056,11.70300596551423
273,q_learning,wait_only,54.3311035582598,72.31982649201542,-17.988722933755625
274,q_learning,wait_only,25.330924114889818,66.82145221247377,-41.490528097583955
275,q_learning,wait_only,76.30771285649155,78.28843346206696,-1.9807206055754136
276,q_learning,wait_only,50.61292454076227,53.388199985715396,-2.775275444953124
277,q_learning,wait_only,76.5529408376885,34.629449554665904,41.92349128302259
278,q_learning,wait_only,57.10353705174927,62.16491600928491,-5.061378957535638
279,q_learning,wait_only,60.19847644698979,65.20204383303658,-5.003567386046797
280,q_learning,wait_only,61.17387007961626,61.17387007961626,0.0
281,q_learning,wait_only,54.082035104804625,98.81022955080299,-44.72819444599836
282,q_learning,wait_only,54.681297191010366,49.01950622894655,5.661790962063819
283,q_learning,wait_only,63.798159605615794,72.16860367940221,-8.370444073786416
284,q_learning,wait_only,88.86093676116954,66.91260550987525,21.94833125129429
285,q_learning,wait_only,97.35295651259153,74.15836951672858,23.19458699586295
286,q_learning,wait_only,53.192753493884226,53.9514309233937,-0.7586774295094756
287,q_learning,wait_only,62.701987772154,54.13187589154227,8.570111880611726
288,q_learning,wait_only,156.4854713676915,174.74569391430788,-18.260222546616376
289,q_learning,wait_only,58.591950632397804,58.591950632397804,0.0
290,q_learning,wait_only,62.705802293263446,65.8094125885248,-3.1036102952613476
291,q_learning,wait_only,87.28410454020378,93.4027005936909,-6.11859605348711
292,q_learning,wait_only,70.64957359354494,81.73127874866992,-11.081705155124979
293,q_learning,wait_only,67.6481805456598,73.79831020602221,-6.15012966036241
294,q_learning,wait_only,73.65653705312494,82.92044828023565,-9.263911227110711
295,q_learning,wait_only,47.651719257429505,47.651719257429505,0.0
296,q_learning,wait_only,50.23307943880662,50.23307943880662,0.0
297,q_learning,wait_only,60.14830407407227,83.39587109046117,-23.2475670163889
298,q_learning,wait_only,59.372331699763805,66.16824707338765,-6.795915373623842
299,q_learning,wait_only,92.68688786133531,79.46940808764373,13.21747977369158
