algorithm,scenario_id,start_zone,start_time,horizon_minutes,gross_revenue_2h,operating_cost_2h,net_earnings_2h,completed_trips,waiting_minutes,empty_minutes,occupied_minutes,unfinished_occupied_minutes,terminal_unused_minutes,accounted_minutes,time_accounting_error,empty_miles,occupied_miles,unfinished_trip_at_horizon,end_zone,wait_decisions,reposition_decisions,first_action
wait_only,0,132,08:00,120,116.07544453985848,6.895468906143758,109.17997563371472,3,21.296827375990645,0.0,93.50407058865656,5.199102035352794,0.0,120.0,0.0,0.0,27.581875624575034,1,230,7,0,WAIT
wait_only,1,132,08:00,120,56.67400214685456,4.60504517434362,52.06895697251094,2,14.682401082548095,0.0,105.3175989174519,0.0,0.0,120.0,0.0,0.0,18.42018069737448,0,236,5,0,WAIT
wait_only,2,132,08:00,120,88.36661830399723,6.166492103548234,82.20012620044899,4,45.18333076064553,0.0,74.81666923935447,0.0,0.0,120.0,0.0,0.0,24.665968414192935,0,162,11,0,WAIT
wait_only,3,132,08:00,120,98.24055346196678,7.302428815570317,90.93812464639646,6,38.96040439510377,0.0,72.73017525137067,8.309420353525539,0.0,119.99999999999999,1.4210854715202004e-14,0.0,29.209715262281268,1,237,11,0,WAIT
wait_only,4,132,08:00,120,58.47655584153536,4.384252206415521,54.09230363511983,1,38.60329602361384,0.0,81.39670397638616,0.0,0.0,120.0,0.0,0.0,17.537008825662085,0,68,9,0,WAIT
wait_only,5,132,08:00,120,80.07989113581957,4.6205832786084216,75.45930785721114,3,43.79311178127509,0.0,74.05991520867782,2.146973010047091,0.0,120.0,0.0,0.0,18.482333114433686,1,113,10,0,WAIT
wait_only,6,132,08:00,120,95.63764412309611,5.7442340133317975,89.89341010976432,4,46.78168781796565,0.0,73.21831218203435,0.0,0.0,120.0,0.0,0.0,22.97693605332719,0,162,12,0,WAIT
wait_only,7,132,08:00,120,96.71441833936314,6.581378916595887,90.13303942276725,3,16.387729257748013,0.0,103.61227074225198,0.0,0.0,120.0,0.0,0.0,26.32551566638355,0,234,5,0,WAIT
wait_only,8,132,08:00,120,69.68964339272573,5.86579605050389,63.82384734222184,2,83.35368434261342,0.0,32.8941191306299,3.7521965267566912,0.0,120.00000000000001,-1.4210854715202004e-14,0.0,23.46318420201556,1,163,19,0,WAIT
wait_only,9,132,08:00,120,84.07194012456974,4.732772218318403,79.33916790625133,4,27.479793995031017,0.0,88.69698275563213,3.8232232493368485,0.0,120.0,0.0,0.0,18.931088873273612,1,236,8,0,WAIT
wait_only,10,132,08:00,120,79.0586625023757,5.7412645368985915,73.3173979654771,3,52.06703628985004,0.0,67.93296371014996,0.0,0.0,120.0,0.0,0.0,22.965058147594366,0,74,13,0,WAIT
wait_only,11,132,08:00,120,75.82566757289399,4.276534974207165,71.54913259868682,3,31.765589752514327,0.0,88.23441024748567,0.0,0.0,120.0,0.0,0.0,17.10613989682866,0,90,9,0,WAIT
wait_only,12,132,08:00,120,63.89706682447626,5.607820534304056,58.28924629017221,2,25.80534636995292,0.0,94.19465363004709,0.0,0.0,120.0,0.0,0.0,22.431282137216225,0,246,7,0,WAIT
wait_only,13,132,08:00,120,60.563960043202925,4.4058948446916695,56.15806519851125,1,1.7729376310056866,0.0,118.22706236899431,0.0,0.0,120.0,0.0,0.0,17.623579378766678,0,230,2,0,WAIT
wait_only,14,132,08:00,120,79.70187483329954,5.106527609198279,74.59534722410126,3,52.83681509663736,0.0,59.548128946889726,7.615055956472915,0.0,120.0,0.0,0.0,20.426110436793117,1,50,13,0,WAIT
wait_only,15,132,08:00,120,61.216104536517115,5.042940421894577,56.17316411462254,2,11.513176962896113,0.0,108.48682303710389,0.0,0.0,120.0,0.0,0.0,20.171761687578307,0,233,5,0,WAIT
wait_only,16,132,08:00,120,103.977659114057,5.313151560808705,98.6645075532483,6,43.88129329671798,0.0,76.11870670328203,0.0,0.0,120.0,0.0,0.0,21.25260624323482,0,140,13,0,WAIT
wait_only,17,132,08:00,120,78.12112316633343,5.859690492092455,72.26143267424098,3,33.57893144067243,0.0,86.42106855932755,0.0,0.0,119.99999999999997,2.842170943040401e-14,0.0,23.43876196836982,0,237,9,0,WAIT
wait_only,18,132,08:00,120,85.73760002816451,5.207134581584899,80.53046544657961,4,42.49807690455498,0.0,74.28348186591613,3.2184412295288922,0.0,120.0,0.0,0.0,20.828538326339597,1,163,11,0,WAIT
wait_only,19,132,08:00,120,69.45390991138736,4.923635173828583,64.53027473755877,3,47.385496243517785,0.0,72.61450375648221,0.0,0.0,120.0,0.0,0.0,19.69454069531433,0,234,12,0,WAIT
wait_only,20,132,08:00,120,106.56659135749544,5.374227704224682,101.19236365327076,6,40.11290702482831,0.0,73.06035241894405,6.826740556227662,0.0,120.00000000000003,-2.842170943040401e-14,0.0,21.49691081689873,1,163,12,0,WAIT
wait_only,21,132,08:00,120,68.29167431407438,4.631418713401349,63.66025560067304,1,12.248401088522634,0.0,94.64928443788143,13.102314473595925,0.0,120.0,0.0,0.0,18.525674853605395,1,161,3,0,WAIT
wait_only,22,132,08:00,120,74.7638789011556,6.796108186585307,67.9677707145703,3,22.878777221303366,0.0,94.82891343404968,2.2923093446469522,0.0,120.0,0.0,0.0,27.184432746341226,1,163,8,0,WAIT
wait_only,23,132,08:00,120,61.90809370063417,4.3437255703160265,57.564368130318144,1,41.46332748496424,0.0,70.5553839475708,7.981288567464958,0.0,120.0,0.0,0.0,17.374902281264106,1,230,10,0,WAIT
wait_only,24,132,08:00,120,75.08909696487694,5.3592769703284215,69.72981999454852,2,25.975445400711884,0.0,94.02455459928814,0.0,0.0,120.00000000000003,-2.842170943040401e-14,0.0,21.437107881313686,0,234,7,0,WAIT
wait_only,25,132,08:00,120,78.27253955946523,5.275133257731071,72.99740630173416,2,29.792355134081728,0.0,90.20764486591827,0.0,0.0,120.0,0.0,0.0,21.100533030924282,0,162,8,0,WAIT
wait_only,26,132,08:00,120,83.30482491857921,5.380915605616898,77.92390931296232,5,29.221438988637793,0.0,84.16007047257074,6.618490538791477,0.0,120.00000000000001,-1.4210854715202004e-14,0.0,21.52366242246759,1,170,10,0,WAIT
wait_only,27,132,08:00,120,82.26092552343059,4.626651431970265,77.63427409146033,2,36.242941269952794,0.0,75.51827461019941,8.238784119847793,0.0,120.0,0.0,0.0,18.50660572788106,1,230,9,0,WAIT
wait_only,28,132,08:00,120,96.16128638360361,7.4523382844152435,88.70894809918836,4,18.593630547992923,0.0,101.40636945200706,0.0,0.0,119.99999999999997,2.842170943040401e-14,0.0,29.809353137660974,0,163,8,0,WAIT
wait_only,29,132,08:00,120,44.96640232182415,4.716887566473793,40.249514755350354,1,14.529015040848943,0.0,87.46470440772057,18.00628055143048,0.0,120.0,0.0,0.0,18.867550265895172,1,230,4,0,WAIT
wait_only,30,132,08:00,120,81.0890311372098,5.051569763527641,76.03746137368216,3,30.11353350578545,0.0,89.88646649421455,0.0,0.0,120.0,0.0,0.0,20.206279054110563,0,237,9,0,WAIT
wait_only,31,132,08:00,120,72.48726274874586,4.998648756990242,67.48861399175561,3,4.099998860425646,0.0,108.08302375089652,7.8169773886778415,0.0,120.0,0.0,0.0,19.99459502796097,1,238,4,0,WAIT
wait_only,32,132,08:00,120,68.02030739128654,5.074702968470827,62.945604422815705,2,13.060943270087746,0.0,97.95331424917403,8.985742480738224,0.0,120.0,0.0,0.0,20.29881187388331,1,246,4,0,WAIT
wait_only,33,132,08:00,120,58.87422886145367,4.62239227985256,54.25183658160111,2,10.484586971628474,0.0,80.84310444862933,28.672308579742193,0.0,120.0,0.0,0.0,18.48956911941024,1,137,4,0,WAIT
wait_only,34,132,08:00,120,83.61974284526143,4.991498704416595,78.62824414084483,3,23.76252238010555,0.0,96.23747761989445,0.0,0.0,120.0,0.0,0.0,19.96599481766638,0,48,7,0,WAIT
wait_only,35,132,08:00,120,72.50718272293201,5.231613457100854,67.27556926583117,2,38.51901707860596,0.0,81.48098292139403,0.0,0.0,120.0,0.0,0.0,20.926453828403417,0,246,10,0,WAIT
wait_only,36,132,08:00,120,54.92022419259014,4.975592670694183,49.94463152189596,4,40.17280221797738,0.0,71.43126619997184,8.395931582050778,0.0,120.0,0.0,0.0,19.90237068277673,1,161,11,0,WAIT
wait_only,37,132,08:00,120,91.2626444788358,5.507662354328405,85.75498212450739,3,21.505208796214013,0.0,98.49479120378597,0.0,0.0,119.99999999999997,2.842170943040401e-14,0.0,22.03064941731362,0,162,6,0,WAIT
wait_only,38,132,08:00,120,83.6134425983628,4.702215671727031,78.91122692663576,3,65.03214636489957,0.0,54.967853635100454,0.0,0.0,120.00000000000003,-2.842170943040401e-14,0.0,18.808862686908125,0,161,15,0,WAIT
wait_only,39,132,08:00,120,60.26793187138012,5.0599560328811535,55.20797583849897,2,42.447558887131734,0.0,77.46813722874765,0.08430388412060097,0.0,119.99999999999999,1.4210854715202004e-14,0.0,20.239824131524614,1,239,11,0,WAIT
wait_only,40,132,08:00,120,57.99584326404371,3.192574835488847,54.80326842855486,5,51.147374983372046,0.0,65.8506924375992,3.001932579028761,0.0,120.00000000000001,-1.4210854715202004e-14,0.0,12.770299341955388,1,95,14,0,WAIT
wait_only,41,132,08:00,120,83.02831656415535,5.1933110198109045,77.83500554434444,3,5.397313127980148,0.0,96.30462728924375,18.298059582776105,0.0,120.00000000000001,-1.4210854715202004e-14,0.0,20.773244079243618,1,143,4,0,WAIT
wait_only,42,132,08:00,120,60.72628074400501,5.496725633037688,55.229555110967326,3,26.540955966814835,0.0,93.45904403318517,0.0,0.0,120.0,0.0,0.0,21.98690253215075,0,263,7,0,WAIT
wait_only,43,132,08:00,120,74.10626863532369,5.613680384697588,68.4925882506261,4,36.73676614262844,0.0,83.26323385737156,0.0,0.0,120.0,0.0,0.0,22.454721538790352,0,246,11,0,WAIT
wait_only,44,132,08:00,120,44.502807936533415,2.382252305021273,42.12055563151214,4,72.22440376131266,0.0,34.403610430407525,13.371985808279817,0.0,120.0,0.0,0.0,9.529009220085092,1,131,17,0,WAIT
wait_only,45,132,08:00,120,95.35740324375283,6.062833768164682,89.29456947558815,3,8.049242219137021,0.0,111.95075778086297,0.0,0.0,120.0,0.0,0.0,24.251335072658726,0,186,4,0,WAIT
wait_only,46,132,08:00,120,92.1733560295157,4.964321204073822,87.20903482544188,3,38.53877356896527,0.0,81.46122643103475,0.0,0.0,120.00000000000001,-1.4210854715202004e-14,0.0,19.857284816295287,0,68,10,0,WAIT
wait_only,47,132,08:00,120,64.40742514226659,4.252619149657246,60.15480599260934,2,51.87887241655235,0.0,68.12112758344765,0.0,0.0,120.0,0.0,0.0,17.010476598628983,0,161,12,0,WAIT
wait_only,48,132,08:00,120,77.82129669014654,6.927701557422621,70.89359513272392,4,41.699015721982164,0.0,78.30098427801782,0.0,0.0,119.99999999999999,1.4210854715202004e-14,0.0,27.710806229690483,0,246,11,0,WAIT
wait_only,49,132,08:00,120,65.85232007856045,5.787336679588522,60.06498339897193,3,19.188845097625745,0.0,100.81115490237426,0.0,0.0,120.0,0.0,0.0,23.14934671835409,0,239,6,0,WAIT
wait_only,50,132,08:00,120,57.282647346614176,2.514211815896054,54.76843553071812,5,64.6148615292666,0.0,52.230049356093986,3.1550891146394093,0.0,120.0,0.0,0.0,10.056847263584215,1,216,16,0,WAIT
wait_only,51,132,08:00,120,61.50347655654928,3.9279316766325474,57.575544879916734,1,37.9236021700558,0.0,69.415655709515,12.660742120429205,0.0,120.0,0.0,0.0,15.71172670653019,1,68,9,0,WAIT
wait_only,52,132,08:00,120,71.16270656742185,5.83580136571223,65.32690520170962,4,49.3024301022065,0.0,70.6975698977935,0.0,0.0,120.0,0.0,0.0,23.34320546284892,0,170,13,0,WAIT
wait_only,53,132,08:00,120,86.66596128278078,5.2660979286818215,81.39986335409897,2,37.00211341862497,0.0,82.99788658137503,0.0,0.0,120.0,0.0,0.0,21.064391714727286,0,100,9,0,WAIT
wait_only,54,132,08:00,120,52.232025881841224,5.144929496753909,47.087096385087314,1,40.471355054263576,0.0,79.11566395696009,0.41298098877634004,0.0,120.00000000000001,-1.4210854715202004e-14,0.0,20.579717987015638,1,163,9,0,WAIT
wait_only,55,132,08:00,120,56.50638785648127,4.920381892477532,51.58600596400374,2,51.615236644408796,0.0,68.38476335559122,0.0,0.0,120.00000000000001,-1.4210854715202004e-14,0.0,19.681527569910127,0,234,12,0,WAIT
wait_only,56,132,08:00,120,82.36460605200065,5.469124230686246,76.8954818213144,4,23.74150974414144,0.0,96.25849025585855,0.0,0.0,119.99999999999999,1.4210854715202004e-14,0.0,21.876496922744984,0,170,7,0,WAIT
wait_only,57,132,08:00,120,75.50840258425046,5.215896214766127,70.29250636948433,2,32.91979081976538,0.0,87.08020918023462,0.0,0.0,120.0,0.0,0.0,20.86358485906451,0,161,8,0,WAIT
wait_only,58,132,08:00,120,67.3569277990054,5.437242330187567,61.91968546881784,3,45.404080735818695,0.0,74.5959192641813,0.0,0.0,120.0,0.0,0.0,21.74896932075027,0,161,11,0,WAIT
wait_only,59,132,08:00,120,85.68650655661862,6.176514293627365,79.50999226299126,2,28.876964714695955,0.0,72.53330532222088,18.589729963083172,0.0,120.00000000000001,-1.4210854715202004e-14,0.0,24.70605717450946,1,68,7,0,WAIT
wait_only,60,132,08:00,120,95.38285269861817,5.616523372145391,89.76632932647277,4,35.735972915861126,0.0,84.26402708413889,0.0,0.0,120.00000000000001,-1.4210854715202004e-14,0.0,22.466093488581564,0,162,10,0,WAIT
wait_only,61,132,08:00,120,51.26273170611817,4.552157794196001,46.71057391192217,1,25.68304518484119,0.0,91.31374337615279,3.003211439006023,0.0,120.0,0.0,0.0,18.208631176784003,1,164,6,0,WAIT
wait_only,62,132,08:00,120,101.9038937793341,5.39327876556715,96.51061501376695,3,32.540639252230015,0.0,87.45936074776998,0.0,0.0,120.0,0.0,0.0,21.5731150622686,0,137,9,0,WAIT
wait_only,63,132,08:00,120,83.16967853971859,4.639252503234241,78.53042603648434,4,39.84051058685224,0.0,80.15948941314777,0.0,0.0,120.0,0.0,0.0,18.557010012936964,0,50,11,0,WAIT
wait_only,64,132,08:00,120,60.83697561031984,4.469234964697536,56.367740645622305,1,31.828303659366295,0.0,81.84222488503939,6.329471455594316,0.0,120.0,0.0,0.0,17.876939858790145,1,162,8,0,WAIT
wait_only,65,132,08:00,120,60.468752825410704,4.042762705624807,56.425990119785894,3,31.537056286068406,0.0,88.4629437139316,0.0,0.0,120.0,0.0,0.0,16.17105082249923,0,162,8,0,WAIT
wait_only,66,132,08:00,120,78.90779045519298,5.35620711067062,73.55158334452236,4,22.703382708837,0.0,97.29661729116299,0.0,0.0,119.99999999999999,1.4210854715202004e-14,0.0,21.42482844268248,0,141,8,0,WAIT
wait_only,67,132,08:00,120,76.77932088202641,6.070347650388786,70.70897323163763,3,11.486742556797319,0.0,108.51325744320269,0.0,0.0,120.00000000000001,-1.4210854715202004e-14,0.0,24.281390601555145,0,137,4,0,WAIT
wait_only,68,132,08:00,120,68.98860172259813,3.9387946903128026,65.04980703228533,2,29.208886664247363,0.0,90.79111333575264,0.0,0.0,120.0,0.0,0.0,15.75517876125121,0,162,8,0,WAIT
wait_only,69,132,08:00,120,67.18360926007387,5.131144643027942,62.05246461704592,3,34.2890692350105,0.0,85.71093076498948,0.0,0.0,119.99999999999999,1.4210854715202004e-14,0.0,20.524578572111768,0,233,9,0,WAIT
wait_only,70,132,08:00,120,95.61243941783714,6.38188354123455,89.2305558766026,5,42.175632411917654,0.0,77.82436758808235,0.0,0.0,120.0,0.0,0.0,25.5275341649382,0,229,12,0,WAIT
wait_only,71,132,08:00,120,70.2212470744521,5.068048235175346,65.15319883927675,3,27.92514386780821,0.0,88.00004152793795,4.074814604253845,0.0,120.0,0.0,0.0,20.272192940701384,1,234,7,0,WAIT
wait_only,72,132,08:00,120,99.68749493479822,4.753157918370639,94.93433701642759,5,78.75967802259977,0.0,41.24032197740023,0.0,0.0,120.0,0.0,0.0,19.012631673482556,0,68,19,0,WAIT
wait_only,73,132,08:00,120,66.3008108956754,6.711282475277269,59.589528420398125,3,9.645968378993915,0.0,110.35403162100609,0.0,0.0,120.0,0.0,0.0,26.845129901109075,0,162,4,0,WAIT
wait_only,74,132,08:00,120,82.95092828962399,6.199753333553251,76.75117495607074,3,25.937219792971344,0.0,94.06278020702867,0.0,0.0,120.00000000000001,-1.4210854715202004e-14,0.0,24.799013334213004,0,50,7,0,WAIT
wait_only,75,132,08:00,120,84.23664909345074,5.057410291127321,79.17923880232341,3,29.96598685205157,0.0,88.3256796974539,1.7083334504945213,0.0,119.99999999999999,1.4210854715202004e-14,0.0,20.229641164509285,1,236,9,0,WAIT
wait_only,76,132,08:00,120,55.493078936875456,5.1626930182949815,50.330385918580475,2,28.292889530739604,0.0,83.3897190986544,8.317391370606018,0.0,120.00000000000001,-1.4210854715202004e-14,0.0,20.650772073179926,1,239,8,0,WAIT
wait_only,77,132,08:00,120,71.83829777299297,4.85102984876358,66.9872679242294,2,22.915594871567944,0.0,84.15711392676295,12.927291201669107,0.0,120.0,0.0,0.0,19.40411939505432,1,246,6,0,WAIT
wait_only,78,132,08:00,120,90.77614677483078,5.3784668994383855,85.3976798753924,4,20.85433745167398,0.0,93.59447774365616,5.551184804669845,0.0,119.99999999999999,1.4210854715202004e-14,0.0,21.513867597753542,1,43,7,0,WAIT
wait_only,79,132,08:00,120,66.02561469972143,4.5894685328614,61.43614616686003,2,50.988970942497225,0.0,69.01102905750278,0.0,0.0,120.0,0.0,0.0,18.3578741314456,0,100,13,0,WAIT
wait_only,80,132,08:00,120,91.96135522021768,5.616824176880354,86.34453104333733,4,22.982124787023732,0.0,97.01787521297626,0.0,0.0,120.0,0.0,0.0,22.467296707521417,0,161,8,0,WAIT
wait_only,81,132,08:00,120,106.63071716342333,7.228867534911355,99.40184962851197,3,6.329524111491672,0.0,113.67047588850832,0.0,0.0,120.0,0.0,0.0,28.91547013964542,0,138,4,0,WAIT
wait_only,82,132,08:00,120,98.37027247234138,5.586097918957122,92.78417455338426,3,34.342499932201136,0.0,85.65750006779886,0.0,0.0,120.0,0.0,0.0,22.344391675828486,0,162,9,0,WAIT
wait_only,83,132,08:00,120,94.72311789060313,4.225475376520442,90.4976425140827,4,34.30387051687646,0.0,85.69612948312354,0.0,0.0,120.0,0.0,0.0,16.901901506081767,0,161,10,0,WAIT
wait_only,84,132,08:00,120,60.87445266326985,4.903304803030148,55.971147860239704,1,1.377791472791884,0.0,113.30732105935726,5.314887467850852,0.0,120.0,0.0,0.0,19.61321921212059,1,230,2,0,WAIT
wait_only,85,132,08:00,120,73.40059013739874,4.455130119270416,68.94546001812832,3,22.511847044765208,0.0,95.18957637400699,2.298576581227806,0.0,120.0,0.0,0.0,17.820520477081665,1,113,7,0,WAIT
wait_only,86,132,08:00,120,75.33307740744547,5.117539351275756,70.21553805616972,3,61.16364168411197,0.0,58.83635831588803,0.0,0.0,120.0,0.0,0.0,20.470157405103024,0,143,15,0,WAIT
wait_only,87,132,08:00,120,67.97784337794054,3.4370013018449317,64.54084207609561,4,38.21218357522303,0.0,55.396869212233554,26.390947212543423,0.0,120.00000000000001,-1.4210854715202004e-14,0.0,13.748005207379727,1,226,11,0,WAIT
wait_only,88,132,08:00,120,59.958876291748616,4.833182221450178,55.12569407029844,2,10.256133420289167,0.0,105.63798509052461,4.105881489186217,0.0,119.99999999999999,1.4210854715202004e-14,0.0,19.332728885800712,1,48,4,0,WAIT
wait_only,89,132,08:00,120,87.30994263093406,6.033610028477531,81.27633260245653,3,17.983495148132427,0.0,102.01650485186758,0.0,0.0,120.0,0.0,0.0,24.134440113910124,0,170,7,0,WAIT
wait_only,90,132,08:00,120,64.80958315213435,4.488004637822905,60.32157851431145,4,41.40416579501762,0.0,78.59583420498238,0.0,0.0,120.0,0.0,0.0,17.95201855129162,0,246,12,0,WAIT
wait_only,91,132,08:00,120,70.83211599538807,4.651402772114707,66.18071322327336,2,48.188717722391445,0.0,71.81128227760854,0.0,0.0,119.99999999999999,1.4210854715202004e-14,0.0,18.60561108845883,0,161,12,0,WAIT
wait_only,92,132,08:00,120,65.8870782916548,5.774479389678135,60.11259890197667,2,21.00752140350212,0.0,98.99247859649788,0.0,0.0,120.0,0.0,0.0,23.09791755871254,0,230,6,0,WAIT
wait_only,93,132,08:00,120,57.33053331156055,3.9169461736912314,53.41358713786932,1,44.93826608541937,0.0,75.06173391458063,0.0,0.0,120.0,0.0,0.0,15.667784694764926,0,170,10,0,WAIT
wait_only,94,132,08:00,120,78.16214745506161,5.110294771625731,73.05185268343588,2,21.597940300454866,0.0,96.75219110875875,1.649868590786383,0.0,120.0,0.0,0.0,20.441179086502924,1,238,6,0,WAIT
wait_only,95,132,08:00,120,131.55834415349443,5.61798301901244,125.94036113448199,5,50.86928759993111,0.0,67.14173642422499,1.9889759758438998,0.0,120.0,0.0,0.0,22.47193207604976,1,237,14,0,WAIT
wait_only,96,132,08:00,120,114.52088465894667,8.11574097257188,106.40514368637479,4,49.82178009360923,0.0,70.17821990639077,0.0,0.0,120.0,0.0,0.0,32.46296389028752,0,137,13,0,WAIT
wait_only,97,132,08:00,120,80.88438713795449,5.441045976555406,75.44334116139909,5,24.500675784054557,0.0,91.69048842025832,3.8088357956871164,0.0,120.0,0.0,0.0,21.764183906221625,1,236,10,0,WAIT
wait_only,98,132,08:00,120,97.98936040872286,5.057465044803635,92.93189536391922,4,23.595785429601676,0.0,96.40421457039832,0.0,0.0,120.0,0.0,0.0,20.22986017921454,0,170,9,0,WAIT
wait_only,99,132,08:00,120,72.07018100345563,3.697965915398706,68.37221508805692,5,49.48233466061236,0.0,70.2264807015662,0.29118463782143067,0.0,120.0,0.0,0.0,14.791863661594824,1,216,15,0,WAIT
wait_only,100,132,08:00,120,72.68142901567418,4.640789458804908,68.04063955686928,2,15.099338631500617,0.0,90.76839425458718,14.132267113912206,0.0,120.0,0.0,0.0,18.56315783521963,1,68,5,0,WAIT
wait_only,101,132,08:00,120,110.67218818361332,7.0315922860545,103.64059589755881,8,28.42991184779595,0.0,85.84729284473467,5.7227953074693545,0.0,119.99999999999997,2.842170943040401e-14,0.0,28.126369144218,1,113,12,0,WAIT
wait_only,102,132,08:00,120,92.65302757748228,5.992114640031679,86.6609129374506,6,47.72430223482203,0.0,72.27569776517797,0.0,0.0,120.0,0.0,0.0,23.968458560126717,0,234,13,0,WAIT
wait_only,103,132,08:00,120,62.89014770498764,4.599514295698636,58.290633409289,2,28.77312225007049,0.0,91.22687774992953,0.0,0.0,120.00000000000001,-1.4210854715202004e-14,0.0,18.398057182794545,0,161,8,0,WAIT
wait_only,104,132,08:00,120,95.85233031108663,5.75393598659899,90.09839432448764,5,18.41820148806604,0.0,101.58179851193395,0.0,0.0,120.0,0.0,0.0,23.01574394639596,0,162,7,0,WAIT
wait_only,105,132,08:00,120,86.52696530651353,6.876866758409467,79.65009854810407,4,39.52283597149086,0.0,80.47716402850914,0.0,0.0,120.0,0.0,0.0,27.50746703363787,0,234,11,0,WAIT
wait_only,106,132,08:00,120,60.171845782088965,3.8713954127837718,56.300450369305196,1,0.5766893851411555,0.0,103.09139701573945,16.331913599119403,0.0,120.0,0.0,0.0,15.485581651135087,1,48,2,0,WAIT
wait_only,107,132,08:00,120,38.90415654048947,2.8560190773793055,36.04813746311016,4,42.74256251792088,0.0,53.81632954076862,23.441107941310506,0.0,120.00000000000001,-1.4210854715202004e-14,0.0,11.424076309517222,1,218,11,0,WAIT
wait_only,108,132,08:00,120,63.862664139498534,5.039586556727905,58.82307758277063,2,43.398945553217494,0.0,60.1366453183631,16.464409128419405,0.0,120.0,0.0,0.0,20.15834622691162,1,140,11,0,WAIT
wait_only,109,132,08:00,120,72.52543461857312,5.550507665181584,66.97492695339153,6,31.456031628711955,0.0,87.97541528231677,0.5685530889712851,0.0,120.00000000000001,-1.4210854715202004e-14,0.0,22.202030660726336,1,107,11,0,WAIT
wait_only,110,132,08:00,120,80.26407999916889,5.2976852820802565,74.96639471708863,3,10.832821984151296,0.0,109.1671780158487,0.0,0.0,120.0,0.0,0.0,21.190741128321026,0,236,5,0,WAIT
wait_only,111,132,08:00,120,63.02570562466045,4.599258634672304,58.42644698998815,2,5.240120327271695,0.0,114.7598796727283,0.0,0.0,120.0,0.0,0.0,18.397034538689216,0,75,3,0,WAIT
wait_only,112,132,08:00,120,65.12315075108042,4.103266927160262,61.01988382392015,2,45.51670439802652,0.0,39.797342408799786,34.68595319317369,0.0,119.99999999999999,1.4210854715202004e-14,0.0,16.413067708641048,1,161,11,0,WAIT
wait_only,113,132,08:00,120,91.35286609782499,6.500991609329473,84.85187448849551,3,27.058077919073913,0.0,92.18858180161284,0.7533402793132495,0.0,120.0,0.0,0.0,26.003966437317892,1,230,8,0,WAIT
wait_only,114,132,08:00,120,39.00668691565484,4.048034189847433,34.958652725807404,3,14.036369790575076,0.0,105.96363020942492,0.0,0.0,120.0,0.0,0.0,16.192136759389733,0,71,5,0,WAIT
wait_only,115,132,08:00,120,79.27052850949997,4.97225132858614,74.29827718091383,2,35.98786891487114,0.0,80.6604631197641,3.35166796536474,0.0,119.99999999999999,1.4210854715202004e-14,0.0,19.88900531434456,1,142,9,0,WAIT
wait_only,116,132,08:00,120,74.29610979019614,5.840337821715127,68.45577196848102,3,42.9162230676951,0.0,77.0837769323049,0.0,0.0,120.0,0.0,0.0,23.361351286860508,0,162,11,0,WAIT
wait_only,117,132,08:00,120,125.12132243909836,6.049511608075864,119.0718108310225,5,12.413911290874342,0.0,100.73156377492545,6.854524934200214,0.0,120.0,0.0,0.0,24.198046432303457,1,186,7,0,WAIT
wait_only,118,132,08:00,120,73.05363128205113,4.985131132697283,68.06850014935384,3,63.4785566346922,0.0,56.52144336530781,0.0,0.0,120.0,0.0,0.0,19.940524530789133,0,114,15,0,WAIT
wait_only,119,132,08:00,120,78.85888801640351,5.6390251252687005,73.21986289113481,2,24.35728943330127,0.0,95.64271056669874,0.0,0.0,120.0,0.0,0.0,22.556100501074802,0,229,6,0,WAIT
wait_only,120,132,08:00,120,60.65496600071159,4.933895580932098,55.721070419779494,3,9.51437784486875,0.0,97.79900436290224,12.686617792229015,0.0,120.0,0.0,0.0,19.73558232372839,1,68,5,0,WAIT
wait_only,121,132,08:00,120,48.42165290501322,4.757336980697431,43.66431592431579,2,13.955496777961462,0.0,106.04450322203854,0.0,0.0,120.0,0.0,0.0,19.029347922789725,0,100,5,0,WAIT
wait_only,122,132,08:00,120,88.13702816044149,5.481212239209821,82.65581592123166,5,58.94372104567212,0.0,61.05627895432788,0.0,0.0,120.0,0.0,0.0,21.924848956839284,0,246,14,0,WAIT
wait_only,123,132,08:00,120,59.46121541545027,5.2311782510282905,54.23003716442198,3,42.578332475734875,0.0,77.42166752426512,0.0,0.0,120.0,0.0,0.0,20.924713004113162,0,246,10,0,WAIT
wait_only,124,132,08:00,120,76.36285471099714,5.255555161038708,71.10729954995843,3,34.684174840308316,0.0,74.53729943007528,10.778525729616405,0.0,120.0,0.0,0.0,21.02222064415483,1,186,9,0,WAIT
wait_only,125,132,08:00,120,64.4972230772323,4.487843586273696,60.00937949095861,2,33.66477898573061,0.0,75.00457082612756,11.330650188141831,0.0,120.0,0.0,0.0,17.951374345094784,1,170,9,0,WAIT
wait_only,126,132,08:00,120,55.039596242673625,4.438367966378511,50.60122827629512,1,26.938162886221033,0.0,82.17626572835472,10.885571385424242,0.0,120.0,0.0,0.0,17.753471865514044,1,141,7,0,WAIT
wait_only,127,132,08:00,120,54.445883921835325,3.8392431049422675,50.606640816893055,2,67.88322266060995,0.0,52.11677733939007,0.0,0.0,120.00000000000001,-1.4210854715202004e-14,0.0,15.35697241976907,0,170,16,0,WAIT
wait_only,128,132,08:00,120,70.04966091864314,5.420456520555159,64.62920439808798,3,50.05495085175538,0.0,61.95006346173758,7.994985686507036,0.0,119.99999999999999,1.4210854715202004e-14,0.0,21.681826082220635,1,234,12,0,WAIT
wait_only,129,132,08:00,120,81.58959743244142,5.830014018985059,75.75958341345637,4,12.942596244349502,0.0,107.0574037556505,0.0,0.0,120.0,0.0,0.0,23.320056075940236,0,234,5,0,WAIT
wait_only,130,132,08:00,120,66.83552614387736,4.615428206274363,62.220097937603,2,59.715672240184404,0.0,60.284327759815596,0.0,0.0,120.0,0.0,0.0,18.46171282509745,0,246,14,0,WAIT
wait_only,131,132,08:00,120,68.48782502021531,5.4908366276906575,62.996988392524656,2,14.637629793367305,0.0,86.44234290895139,18.920027297681315,0.0,120.00000000000001,-1.4210854715202004e-14,0.0,21.96334651076263,1,263,5,0,WAIT
wait_only,132,132,08:00,120,70.61001574183814,4.9529904566115865,65.65702528522655,2,42.22598449151451,0.0,77.77401550848549,0.0,0.0,120.0,0.0,0.0,19.811961826446346,0,164,10,0,WAIT
wait_only,133,132,08:00,120,57.72286271383119,4.803118923243013,52.91974379058818,2,46.63961372779231,0.0,73.36038627220769,0.0,0.0,120.0,0.0,0.0,19.212475692972053,0,246,11,0,WAIT
wait_only,134,132,08:00,120,95.67263733894558,6.615724527910275,89.0569128110353,5,33.918566241827854,0.0,83.89461053318644,2.186823224985716,0.0,120.0,0.0,0.0,26.4628981116411,1,238,10,0,WAIT
wait_only,135,132,08:00,120,63.56658253068289,4.654743852167829,58.91183867851507,2,38.99219449647205,0.0,81.00780550352795,0.0,0.0,120.0,0.0,0.0,18.618975408671314,0,246,9,0,WAIT
wait_only,136,132,08:00,120,56.3866758675627,4.185674902293932,52.20100096526877,2,10.746838168126054,0.0,65.6752671997902,43.577894632083755,0.0,120.00000000000001,-1.4210854715202004e-14,0.0,16.742699609175727,1,230,4,0,WAIT
wait_only,137,132,08:00,120,45.38164416250308,4.627568442339179,40.7540757201639,2,46.55732041961434,0.0,64.85800219511049,8.584677385275185,0.0,120.00000000000001,-1.4210854715202004e-14,0.0,18.510273769356715,1,161,11,0,WAIT
wait_only,138,132,08:00,120,77.86243138082166,4.802410514447443,73.06002086637422,3,37.03456971485657,0.0,82.70086204860797,0.26456823653545314,0.0,120.0,0.0,0.0,19.20964205778977,1,246,9,0,WAIT
wait_only,139,132,08:00,120,97.97565972444227,5.920551018209513,92.05510870623276,5,20.191048249987194,0.0,99.8089517500128,0.0,0.0,119.99999999999999,1.4210854715202004e-14,0.0,23.68220407283805,0,140,8,0,WAIT
wait_only,140,132,08:00,120,80.00851931598157,4.984555140023885,75.02396417595769,4,43.93896765450208,0.0,76.06103234549792,0.0,0.0,120.0,0.0,0.0,19.93822056009554,0,246,13,0,WAIT
wait_only,141,132,08:00,120,59.89903353444274,4.621071190276082,55.27796234416665,1,31.57886772143349,0.0,88.42113227856652,0.0,0.0,120.0,0.0,0.0,18.484284761104327,0,163,8,0,WAIT
wait_only,142,132,08:00,120,83.52356801118468,4.7026675054429905,78.82090050574169,3,83.47960377831694,0.0,30.578578038435257,5.941818183247804,0.0,120.0,0.0,0.0,18.810670021771962,1,140,19,0,WAIT
wait_only,143,132,08:00,120,92.71826698894405,6.516687728455026,86.20157926048903,5,25.61574237626886,0.0,94.38425762373114,0.0,0.0,120.0,0.0,0.0,26.066750913820105,0,161,8,0,WAIT
wait_only,144,132,08:00,120,0.0,0.0,0.0,0,0.018510752381846757,0.0,0.0,119.98148924761816,0.0,120.0,0.0,0.0,0.0,1,132,1,0,WAIT
wait_only,145,132,08:00,120,88.59980200534565,6.60853329080814,81.99126871453751,4,27.706136544073786,0.0,69.93450412121942,22.35935933470678,0.0,119.99999999999999,1.4210854715202004e-14,0.0,26.43413316323256,1,68,9,0,WAIT
wait_only,146,132,08:00,120,66.87979837652077,4.586245933835679,62.29355244268509,2,64.78967642694101,0.0,55.210323573058986,0.0,0.0,120.0,0.0,0.0,18.344983735342716,0,234,15,0,WAIT
wait_only,147,132,08:00,120,65.51336289668498,4.221545452089934,61.29181744459505,2,15.684938429983776,0.0,104.31506157001623,0.0,0.0,120.0,0.0,0.0,16.886181808359737,0,161,4,0,WAIT
wait_only,148,132,08:00,120,106.65345299698566,5.9685102487575215,100.68494274822814,5,38.27624518518967,0.0,81.72375481481033,0.0,0.0,120.0,0.0,0.0,23.874040995030086,0,170,11,0,WAIT
wait_only,149,132,08:00,120,93.87295489159587,6.006475372899891,87.86647951869598,4,33.83921942299875,0.0,86.16078057700125,0.0,0.0,120.0,0.0,0.0,24.025901491599566,0,162,10,0,WAIT
wait_only,150,132,08:00,120,80.09114113810048,4.550329412965086,75.5408117251354,4,20.10882075764953,0.0,89.43359188743464,10.45758735491583,0.0,120.0,0.0,0.0,18.201317651860343,1,186,7,0,WAIT
wait_only,151,132,08:00,120,58.49723953935015,4.852148643621893,53.64509089572825,2,57.752437081526786,0.0,56.85622293889154,5.391339979581659,0.0,119.99999999999999,1.4210854715202004e-14,0.0,19.408594574487573,1,163,13,0,WAIT
wait_only,152,132,08:00,120,103.99078032157391,5.004888827443025,98.98589149413088,2,35.27324081245301,0.0,75.58722560146292,9.139533586084056,0.0,119.99999999999999,1.4210854715202004e-14,0.0,20.0195553097721,1,163,9,0,WAIT
wait_only,153,132,08:00,120,102.45790855936737,8.437149778750243,94.02075878061713,2,14.071714533972946,0.0,91.33238139792824,14.595904068098804,0.0,120.0,0.0,0.0,33.74859911500097,1,138,5,0,WAIT
wait_only,154,132,08:00,120,78.5907764799357,5.443519476523983,73.14725700341171,3,35.24933813897279,0.0,82.25720670683837,2.4934551541888226,0.0,119.99999999999999,1.4210854715202004e-14,0.0,21.774077906095933,1,170,9,0,WAIT
wait_only,155,132,08:00,120,69.93917428784,5.0432279464523955,64.89594634138761,4,8.375789392004618,0.0,111.62421060799538,0.0,0.0,120.0,0.0,0.0,20.172911785809582,0,236,5,0,WAIT
wait_only,156,132,08:00,120,82.22019244910183,4.817381637821645,77.40281081128019,3,25.966603744911993,0.0,94.03339625508801,0.0,0.0,120.0,0.0,0.0,19.26952655128658,0,170,7,0,WAIT
wait_only,157,132,08:00,120,67.40801780347442,5.016188617857046,62.391829185617375,2,46.2822941364885,0.0,73.71770586351148,0.0,0.0,119.99999999999999,1.4210854715202004e-14,0.0,20.064754471428184,0,246,11,0,WAIT
wait_only,158,132,08:00,120,74.84099845315713,5.3060596604938,69.53493879266333,4,26.24572651110761,0.0,93.75427348889238,0.0,0.0,119.99999999999999,1.4210854715202004e-14,0.0,21.2242386419752,0,68,8,0,WAIT
wait_only,159,132,08:00,120,84.16579243700069,4.525784532465108,79.64000790453558,3,50.12057801779285,0.0,60.22796301348151,9.651458968725635,0.0,119.99999999999999,1.4210854715202004e-14,0.0,18.103138129860433,1,162,12,0,WAIT
wait_only,160,132,08:00,120,26.201445334974316,1.9377411758373693,24.263704159136946,2,100.07645300813367,0.0,19.923546991866324,0.0,0.0,120.0,0.0,0.0,7.750964703349477,0,130,22,0,WAIT
wait_only,161,132,08:00,120,60.55245164985229,4.233872867326518,56.31857878252577,2,21.79965682096102,0.0,89.38955680324865,8.810786375790329,0.0,120.0,0.0,0.0,16.935491469306072,1,230,6,0,WAIT
wait_only,162,132,08:00,120,75.03932448383902,5.246377655999234,69.79294682783978,3,29.76764854407753,0.0,90.23235145592245,0.0,0.0,119.99999999999999,1.4210854715202004e-14,0.0,20.985510623996937,0,238,9,0,WAIT
wait_only,163,132,08:00,120,61.6863694939914,4.293989853570282,57.39237964042112,1,64.44373190394992,0.0,55.55626809605008,0.0,0.0,120.0,0.0,0.0,17.175959414281127,0,230,14,0,WAIT
wait_only,164,132,08:00,120,67.30706405543246,4.092395985922372,63.21466806951009,2,33.32679894553486,0.0,86.67320105446514,0.0,0.0,120.0,0.0,0.0,16.369583943689488,0,163,8,0,WAIT
wait_only,165,132,08:00,120,73.2660281470383,4.210384924397393,69.05564322264091,2,20.268151847231515,0.0,99.73184815276849,0.0,0.0,120.0,0.0,0.0,16.84153969758957,0,141,6,0,WAIT
wait_only,166,132,08:00,120,88.62868194929828,6.2002748098574525,82.42840713944084,5,20.71430711251537,0.0,99.28569288748463,0.0,0.0,120.0,0.0,0.0,24.80109923942981,0,163,9,0,WAIT
wait_only,167,132,08:00,120,93.71125515847815,5.793794540341084,87.91746061813707,5,52.661291227956646,0.0,64.71730400134362,2.6214047706997405,0.0,120.0,0.0,0.0,23.175178161364336,1,107,13,0,WAIT
wait_only,168,132,08:00,120,78.50005677879292,5.8804485617100735,72.61960821708286,3,21.925465026477923,0.0,98.07453497352206,0.0,0.0,119.99999999999999,1.4210854715202004e-14,0.0,23.521794246840294,0,140,7,0,WAIT
wait_only,169,132,08:00,120,143.19789949704165,7.647196618737853,135.55070287830378,5,19.60874170643395,0.0,100.39125829356605,0.0,0.0,120.0,0.0,0.0,30.588786474951412,0,161,8,0,WAIT
wait_only,170,132,08:00,120,87.89266375065515,5.496985699144369,82.39567805151077,4,6.8920029836975285,0.0,113.10799701630245,0.0,0.0,119.99999999999997,2.842170943040401e-14,0.0,21.987942796577475,0,164,5,0,WAIT
wait_only,171,132,08:00,120,66.20439305672201,5.299709655444375,60.90468340127764,3,51.72196095268846,0.0,68.27803904731155,0.0,0.0,120.00000000000001,-1.4210854715202004e-14,0.0,21.1988386217775,0,229,13,0,WAIT
wait_only,172,132,08:00,120,81.5395970614796,7.387573847758518,74.15202321372108,5,28.8065938962127,0.0,85.38918776397476,5.80421833981255,0.0,120.00000000000001,-1.4210854715202004e-14,0.0,29.550295391034073,1,230,9,0,WAIT
wait_only,173,132,08:00,120,81.58308330877294,6.837126436648411,74.74595687212454,4,41.43127495875299,0.0,78.56872504124702,0.0,0.0,120.0,0.0,0.0,27.348505746593645,0,170,11,0,WAIT
wait_only,174,132,08:00,120,60.044346566526734,4.507706664497116,55.53663990202962,1,20.929467694940044,0.0,63.052378398609484,36.018153906450465,0.0,120.0,0.0,0.0,18.030826657988463,1,230,6,0,WAIT
wait_only,175,132,08:00,120,73.11572208573224,5.090987133434357,68.02473495229789,2,11.34663718665585,0.0,96.39447573442105,12.25888707892311,0.0,120.00000000000001,-1.4210854715202004e-14,0.0,20.363948533737428,1,162,4,0,WAIT
wait_only,176,132,08:00,120,77.2532422116633,4.377029880679342,72.87621233098396,3,49.60474679422268,0.0,70.39525320577731,0.0,0.0,119.99999999999999,1.4210854715202004e-14,0.0,17.50811952271737,0,230,12,0,WAIT
wait_only,177,132,08:00,120,73.20512225121861,5.13825666148356,68.06686558973504,5,28.28990220127103,0.0,88.44850000990328,3.2615977888256964,0.0,120.00000000000001,-1.4210854715202004e-14,0.0,20.55302664593424,1,186,10,0,WAIT
wait_only,178,132,08:00,120,93.45724835035475,4.342169041108895,89.11507930924586,5,41.41298650314563,0.0,78.58701349685435,0.0,0.0,119.99999999999999,1.4210854715202004e-14,0.0,17.36867616443558,0,113,12,0,WAIT
wait_only,179,132,08:00,120,67.72163244601265,4.507176921762948,63.2144555242497,3,40.68411577263867,0.0,74.7986302241158,4.517254003245526,0.0,119.99999999999999,1.4210854715202004e-14,0.0,18.028707687051792,1,170,10,0,WAIT
wait_only,180,132,08:00,120,65.95061783768375,5.912970851127337,60.03764698655641,3,26.496246691334953,0.0,76.7860329929879,16.717720315677155,0.0,120.0,0.0,0.0,23.65188340450935,1,170,7,0,WAIT
wait_only,181,132,08:00,120,94.01253177768906,5.060190119178332,88.95234165851073,4,26.36343551758686,0.0,93.63656448241314,0.0,0.0,120.0,0.0,0.0,20.240760476713326,0,161,9,0,WAIT
wait_only,182,132,08:00,120,71.184744297657,4.469225399938365,66.71551889771864,2,5.004694241180853,0.0,114.99530575881914,0.0,0.0,120.0,0.0,0.0,17.87690159975346,0,68,3,0,WAIT
wait_only,183,132,08:00,120,77.05244246496132,4.4130625349513934,72.63937993000992,2,24.56042989358863,0.0,81.73253398190883,13.707036124502523,0.0,119.99999999999999,1.4210854715202004e-14,0.0,17.652250139805574,1,68,7,0,WAIT
wait_only,184,132,08:00,120,74.4786567378321,5.1755428772144185,69.30311386061769,3,31.337981819281154,0.0,88.66201818071885,0.0,0.0,120.0,0.0,0.0,20.702171508857674,0,142,9,0,WAIT
wait_only,185,132,08:00,120,93.0901209811853,5.036424992461878,88.05369598872342,5,48.91549733099131,0.0,71.08450266900871,0.0,0.0,120.00000000000003,-2.842170943040401e-14,0.0,20.145699969847513,0,162,13,0,WAIT
wait_only,186,132,08:00,120,62.628794127513565,4.99432236400133,57.63447176351224,2,39.50523371839754,0.0,76.47919322202424,4.015573059578216,0.0,119.99999999999999,1.4210854715202004e-14,0.0,19.97728945600532,1,164,9,0,WAIT
wait_only,187,132,08:00,120,81.29244256027943,5.3508472364359845,75.94159532384344,5,42.86632169903079,0.0,75.26666702928449,1.8670112716847171,0.0,120.0,0.0,0.0,21.403388945743938,1,137,13,0,WAIT
wait_only,188,132,08:00,120,120.9396952166506,8.60684814858206,112.33284706806855,2,20.040219756951924,0.0,97.21156709311401,2.748213149934074,0.0,120.00000000000001,-1.4210854715202004e-14,0.0,34.42739259432824,1,132,6,0,WAIT
wait_only,189,132,08:00,120,57.60323168245154,4.333659618622042,53.2695720638295,1,27.768758248055953,0.0,86.09070956459607,6.140532187347972,0.0,119.99999999999999,1.4210854715202004e-14,0.0,17.33463847448817,1,164,7,0,WAIT
wait_only,190,132,08:00,120,65.0604385331744,4.852043203570749,60.208395329603654,2,23.270557967477988,0.0,96.72944203252202,0.0,0.0,120.0,0.0,0.0,19.408172814282995,0,164,7,0,WAIT
wait_only,191,132,08:00,120,67.52346480607002,5.017116322337824,62.5063484837322,2,19.243190526113715,0.0,95.88418218041639,4.87262729346989,0.0,120.0,0.0,0.0,20.068465289351295,1,142,6,0,WAIT
wait_only,192,132,08:00,120,68.96698889897041,4.87555663265122,64.09143226631919,2,21.48238449918763,0.0,95.6472948963245,2.870320604487887,0.0,120.00000000000001,-1.4210854715202004e-14,0.0,19.50222653060488,1,239,7,0,WAIT
wait_only,193,132,08:00,120,36.59081088585609,1.5890339118245262,35.00177697403156,3,97.70574108135298,0.0,22.294258918647017,0.0,0.0,120.0,0.0,0.0,6.356135647298105,0,134,23,0,WAIT
wait_only,194,132,08:00,120,69.99420837927687,4.834410242802586,65.15979813647428,2,5.51270657123931,0.0,111.3566023583259,3.1306910704347928,0.0,120.0,0.0,0.0,19.337640971210345,1,140,3,0,WAIT
wait_only,195,132,08:00,120,89.32396070804745,5.932841445875129,83.39111926217232,5,15.103641825569945,0.0,99.41877233412276,5.477585840307285,0.0,120.0,0.0,0.0,23.731365783500515,1,238,7,0,WAIT
wait_only,196,132,08:00,120,58.86243680612771,4.35006774718099,54.51236905894672,1,45.738305049858376,0.0,74.26169495014162,0.0,0.0,120.0,0.0,0.0,17.40027098872396,0,163,10,0,WAIT
wait_only,197,132,08:00,120,57.75412750940061,5.622305741301051,52.13182176809956,2,16.281300186438393,0.0,103.7186998135616,0.0,0.0,120.0,0.0,0.0,22.489222965204203,0,90,5,0,WAIT
wait_only,198,132,08:00,120,107.53134589769945,5.996643867388581,101.53470203031087,4,23.185977032967735,0.0,95.79125723545796,1.0227657315743244,0.0,120.00000000000001,-1.4210854715202004e-14,0.0,23.986575469554325,1,48,8,0,WAIT
wait_only,199,132,08:00,120,102.2367245765125,5.362483118050556,96.87424145846194,4,47.98336361812755,0.0,72.01663638187247,0.0,0.0,120.00000000000003,-2.842170943040401e-14,0.0,21.449932472202224,0,186,13,0,WAIT
wait_only,200,132,08:00,120,62.91454372092151,4.460873946650338,58.45366977427117,2,30.58775362340497,0.0,65.66511751285422,23.747128863740798,0.0,119.99999999999999,1.4210854715202004e-14,0.0,17.843495786601352,1,230,8,0,WAIT
wait_only,201,132,08:00,120,58.4322217033319,4.140077899619341,54.292143803712555,2,6.841656355782346,0.0,89.1579226824279,24.000420961789757,0.0,120.0,0.0,0.0,16.560311598477362,1,230,3,0,WAIT
wait_only,202,132,08:00,120,64.38236198194765,4.52834660007134,59.854015381876316,2,49.86034570228148,0.0,70.13965429771854,0.0,0.0,120.00000000000001,-1.4210854715202004e-14,0.0,18.11338640028536,0,144,12,0,WAIT
wait_only,203,132,08:00,120,72.92615986751638,5.357308942149991,67.56885092536639,3,70.1982209503458,0.0,49.80177904965419,0.0,0.0,120.0,0.0,0.0,21.429235768599963,0,162,16,0,WAIT
wait_only,204,132,08:00,120,63.07920052953342,4.047402940421391,59.03179758911203,1,35.915036526526535,0.0,84.08496347347347,0.0,0.0,120.0,0.0,0.0,16.189611761685565,0,161,8,0,WAIT
wait_only,205,132,08:00,120,69.38113474886964,4.283673924218868,65.09746082465077,2,23.109068085994263,0.0,96.89093191400573,0.0,0.0,120.0,0.0,0.0,17.134695696875472,0,234,6,0,WAIT
wait_only,206,132,08:00,120,65.53879194657881,5.366293878800813,60.172498067778,3,17.440724377774863,0.0,94.15879990370595,8.40047571851919,0.0,120.00000000000001,-1.4210854715202004e-14,0.0,21.465175515203253,1,107,6,0,WAIT
wait_only,207,132,08:00,120,55.054870640515816,4.456650699285209,50.59821994123061,2,24.161172129754515,0.0,95.8388278702455,0.0,0.0,120.00000000000001,-1.4210854715202004e-14,0.0,17.826602797140836,0,142,6,0,WAIT
wait_only,208,132,08:00,120,90.09631724128498,5.158663714300853,84.93765352698412,3,50.19085533720198,0.0,69.80914466279802,0.0,0.0,120.0,0.0,0.0,20.63465485720341,0,162,12,0,WAIT
wait_only,209,132,08:00,120,73.68005405089762,4.311567095523312,69.36848695537431,2,64.99276549127023,0.0,55.00723450872976,0.0,0.0,120.0,0.0,0.0,17.24626838209325,0,137,14,0,WAIT
wait_only,210,132,08:00,120,56.76780056775121,4.402590923827923,52.365209643923286,2,25.10709773477728,0.0,85.34507215427183,9.547830110950883,0.0,120.0,0.0,0.0,17.61036369531169,1,162,7,0,WAIT
wait_only,211,132,08:00,120,91.57462871028021,6.06695062150751,85.50767808877269,5,34.94830484296067,0.0,80.93292909406628,4.118766062973052,0.0,120.0,0.0,0.0,24.26780248603004,1,262,11,0,WAIT
wait_only,212,132,08:00,120,76.85711882281312,5.582352424430491,71.27476639838262,3,15.949622756478984,0.0,91.32232917610202,12.72804806741901,0.0,120.00000000000001,-1.4210854715202004e-14,0.0,22.329409697721964,1,162,6,0,WAIT
wait_only,213,132,08:00,120,74.09490914634567,5.69811625832033,68.39679288802535,3,27.89635306120606,0.0,92.10364693879393,0.0,0.0,119.99999999999999,1.4210854715202004e-14,0.0,22.79246503328132,0,142,7,0,WAIT
wait_only,214,132,08:00,120,72.5779665913695,4.800811314478487,67.77715527689102,4,7.927081540589612,0.0,106.58835452302989,5.484563936380468,0.0,119.99999999999997,2.842170943040401e-14,0.0,19.20324525791395,1,170,5,0,WAIT
wait_only,215,132,08:00,120,108.02103668748558,4.8822842533307975,103.13875243415478,5,23.86111955120662,0.0,96.13888044879339,0.0,0.0,120.0,0.0,0.0,19.52913701332319,0,137,8,0,WAIT
wait_only,216,132,08:00,120,68.14882095535673,5.009266954945431,63.139554000411295,3,42.55480751494984,0.0,71.15750873166883,6.28768375338133,0.0,120.0,0.0,0.0,20.037067819781726,1,246,11,0,WAIT
wait_only,217,132,08:00,120,49.52452117587245,4.466182214496686,45.05833896137577,1,13.111323865704296,0.0,106.88867613429571,0.0,0.0,120.0,0.0,0.0,17.864728857986744,0,164,3,0,WAIT
wait_only,218,132,08:00,120,77.04956113856765,4.38919464702394,72.66036649154371,3,58.193641674496995,0.0,61.80635832550301,0.0,0.0,120.0,0.0,0.0,17.55677858809576,0,170,14,0,WAIT
wait_only,219,132,08:00,120,48.71747057415738,5.267048877321683,43.4504216968357,2,19.364836358051416,0.0,97.16232842074763,3.4728352212009526,0.0,120.0,0.0,0.0,21.06819550928673,1,230,6,0,WAIT
wait_only,220,132,08:00,120,52.410921820333044,4.413092729244988,47.99782909108806,1,26.16502853729128,0.0,80.56932922830238,13.265642234406329,0.0,119.99999999999999,1.4210854715202004e-14,0.0,17.65237091697995,1,230,6,0,WAIT
wait_only,221,132,08:00,120,58.27462181640893,4.6092970273675,53.665324789041435,1,34.90004237845511,0.0,77.54154850116514,7.558409120379736,0.0,119.99999999999999,1.4210854715202004e-14,0.0,18.43718810947,1,68,8,0,WAIT
wait_only,222,132,08:00,120,63.03615790726201,4.644953781720339,58.39120412554167,2,8.855614716209542,0.0,110.24662874649187,0.8977565372986049,0.0,120.00000000000001,-1.4210854715202004e-14,0.0,18.579815126881357,1,142,4,0,WAIT
wait_only,223,132,08:00,120,51.77237223884001,3.0350660581613855,48.73730618067863,4,66.39739910604122,0.0,53.602600893958794,0.0,0.0,120.00000000000001,-1.4210854715202004e-14,0.0,12.140264232645542,0,121,16,0,WAIT
wait_only,224,132,08:00,120,81.30409732701607,4.764934716605846,76.53916261041022,3,45.953114806310374,0.0,74.04688519368963,0.0,0.0,120.0,0.0,0.0,19.059738866423384,0,236,12,0,WAIT
wait_only,225,132,08:00,120,94.1214030955302,5.827414613892924,88.29398848163727,4,20.208900318729526,0.0,99.79109968127048,0.0,0.0,120.0,0.0,0.0,23.309658455571697,0,236,6,0,WAIT
wait_only,226,132,08:00,120,80.81293486692091,4.803877888573673,76.00905697834725,4,44.19218665493486,0.0,68.63605978202533,7.171753563039829,0.0,120.00000000000001,-1.4210854715202004e-14,0.0,19.215511554294693,1,162,11,0,WAIT
wait_only,227,132,08:00,120,70.85015862495933,6.106256211393382,64.74390241356595,3,17.652870433816393,0.0,102.18897630561774,0.15815326056586798,0.0,120.0,0.0,0.0,24.425024845573528,1,163,5,0,WAIT
wait_only,228,132,08:00,120,89.6455608587152,3.403097233829838,86.24246362488536,5,43.299940073681626,0.0,76.70005992631836,0.0,0.0,119.99999999999999,1.4210854715202004e-14,0.0,13.612388935319352,0,216,13,0,WAIT
wait_only,229,132,08:00,120,68.65500746697778,5.289240779244638,63.36576668773314,2,11.4380015963723,0.0,99.4544161911096,9.107582212518082,0.0,119.99999999999999,1.4210854715202004e-14,0.0,21.156963116978552,1,164,4,0,WAIT
wait_only,230,132,08:00,120,117.14461469276856,7.112275452568714,110.03233924019985,3,15.661064113918258,0.0,104.33893588608174,0.0,0.0,120.0,0.0,0.0,28.449101810274858,0,138,6,0,WAIT
wait_only,231,132,08:00,120,86.08946576303839,5.212766432596593,80.8766993304418,4,47.09709059957085,0.0,72.90290940042915,0.0,0.0,120.0,0.0,0.0,20.85106573038637,0,162,11,0,WAIT
wait_only,232,132,08:00,120,44.432996360861935,4.043003275709083,40.38999308515285,1,67.29586895709845,0.0,52.70413104290155,0.0,0.0,120.0,0.0,0.0,16.17201310283633,0,162,15,0,WAIT
wait_only,233,132,08:00,120,119.95782315048355,6.321665425338031,113.63615772514552,3,19.52156620795298,0.0,100.47843379204701,0.0,0.0,120.0,0.0,0.0,25.286661701352124,0,166,6,0,WAIT
wait_only,234,132,08:00,120,89.80677460359794,5.682999459215258,84.12377514438269,4,24.9675306794523,0.0,90.36675477609546,4.665714544452243,0.0,120.0,0.0,0.0,22.731997836861034,1,90,7,0,WAIT
wait_only,235,132,08:00,120,62.63840968185977,4.658609549870583,57.97980013198919,3,49.917790417913594,0.0,66.25344102788019,3.8287685542062206,0.0,120.0,0.0,0.0,18.634438199482332,1,162,13,0,WAIT
wait_only,236,132,08:00,120,81.71883763825983,6.410384645283342,75.30845299297648,3,29.338468592985294,0.0,90.6615314070147,0.0,0.0,120.0,0.0,0.0,25.641538581133368,0,74,9,0,WAIT
wait_only,237,132,08:00,120,90.81313775202197,5.391177994962917,85.42195975705906,3,14.389358806781454,0.0,105.61064119321856,0.0,0.0,120.00000000000001,-1.4210854715202004e-14,0.0,21.56471197985167,0,48,6,0,WAIT
wait_only,238,132,08:00,120,88.13845416275005,5.889588121069803,82.24886604168024,6,36.32909530733218,0.0,82.5446230108353,1.1262816818325092,0.0,119.99999999999999,1.4210854715202004e-14,0.0,23.55835248427921,1,263,10,0,WAIT
wait_only,239,132,08:00,120,80.7413904058688,5.807808349892395,74.9335820559764,4,8.585638245368056,0.0,111.41436175463194,0.0,0.0,120.0,0.0,0.0,23.23123339956958,0,163,5,0,WAIT
wait_only,240,132,08:00,120,79.6445299478874,5.155295449016839,74.48923449887057,5,37.59125557551113,0.0,82.4087444244889,0.0,0.0,120.00000000000003,-2.842170943040401e-14,0.0,20.621181796067354,0,113,11,0,WAIT
wait_only,241,132,08:00,120,75.58082473502921,5.367861214865912,70.2129635201633,2,10.2386086160444,0.0,109.7613913839556,0.0,0.0,120.0,0.0,0.0,21.47144485946365,0,230,4,0,WAIT
wait_only,242,132,08:00,120,81.26744527830559,5.426502793396607,75.84094248490898,5,60.39778181162214,0.0,59.58731452908938,0.014903659288492577,0.0,120.00000000000001,-1.4210854715202004e-14,0.0,21.70601117358643,1,142,16,0,WAIT
wait_only,243,132,08:00,120,86.58978718166203,5.401931923088817,81.18785525857322,3,18.03183191854407,0.0,92.7977189488521,9.17044913260382,0.0,119.99999999999999,1.4210854715202004e-14,0.0,21.60772769235527,1,234,6,0,WAIT
wait_only,244,132,08:00,120,85.64709552215366,5.765679451882743,79.88141607027092,4,67.61536792941163,0.0,52.38463207058835,0.0,0.0,119.99999999999999,1.4210854715202004e-14,0.0,23.062717807530973,0,246,17,0,WAIT
wait_only,245,132,08:00,120,94.51716748003356,5.740342409338773,88.7768250706948,6,50.503636841702665,0.0,63.70659768680076,5.789765471496551,0.0,119.99999999999999,1.4210854715202004e-14,0.0,22.96136963735509,1,140,14,0,WAIT
wait_only,246,132,08:00,120,81.38076811448948,4.853875074987269,76.52689303950221,3,61.87743294005567,0.0,58.12256705994433,0.0,0.0,120.0,0.0,0.0,19.415500299949077,0,162,14,0,WAIT
wait_only,247,132,08:00,120,75.0512220947818,4.557047935664444,70.49417415911736,2,40.54510124801229,0.0,79.45489875198773,0.0,0.0,120.00000000000001,-1.4210854715202004e-14,0.0,18.228191742657778,0,163,10,0,WAIT
wait_only,248,132,08:00,120,76.03442984863317,5.714464785428139,70.31996506320503,4,49.23208971594225,0.0,70.76791028405776,0.0,0.0,120.00000000000001,-1.4210854715202004e-14,0.0,22.857859141712556,0,162,12,0,WAIT
wait_only,249,132,08:00,120,103.85626164729457,6.047585563921873,97.8086760833727,4,22.347052463513062,0.0,95.06245773052822,2.590489805958697,0.0,119.99999999999999,1.4210854715202004e-14,0.0,24.190342255687494,1,236,8,0,WAIT
wait_only,250,132,08:00,120,119.45865100560945,5.781654965623747,113.67699603998571,3,29.090861182662415,0.0,80.53259635369577,10.376542463641826,0.0,120.00000000000001,-1.4210854715202004e-14,0.0,23.126619862494987,1,68,9,0,WAIT
wait_only,251,132,08:00,120,60.577240617077514,6.48413245573124,54.09310816134627,2,1.4672708897471463,0.0,113.03237997234734,5.5003491379055305,0.0,120.00000000000001,-1.4210854715202004e-14,0.0,25.93652982292496,1,236,3,0,WAIT
wait_only,252,132,08:00,120,73.76986016052346,4.242570287284993,69.52728987323847,3,51.23230204841696,0.0,68.76769795158305,0.0,0.0,120.0,0.0,0.0,16.97028114913997,0,137,12,0,WAIT
wait_only,253,132,08:00,120,99.44697465885494,5.637619128033404,93.80935553082153,5,38.78342728744272,0.0,81.2165727125573,0.0,0.0,120.00000000000001,-1.4210854715202004e-14,0.0,22.550476512133617,0,234,12,0,WAIT
wait_only,254,132,08:00,120,90.33626590488015,5.080520311010571,85.25574559386958,2,26.41232751427203,0.0,76.21787943265804,17.36979305306994,0.0,120.0,0.0,0.0,20.322081244042284,1,230,7,0,WAIT
wait_only,255,132,08:00,120,105.44497416758921,6.252136387460505,99.1928377801287,6,55.87878825372725,0.0,64.12121174627278,0.0,0.0,120.00000000000003,-2.842170943040401e-14,0.0,25.00854554984202,0,148,15,0,WAIT
wait_only,256,132,08:00,120,63.49642858368488,4.497577086290658,58.99885149739423,2,43.36905809182437,0.0,76.63094190817563,0.0,0.0,120.0,0.0,0.0,17.99030834516263,0,161,10,0,WAIT
wait_only,257,132,08:00,120,111.66357747495914,6.639728240726084,105.02384923423305,8,41.65900545327276,0.0,78.34099454672723,0.0,0.0,120.0,0.0,0.0,26.558912962904337,0,162,13,0,WAIT
wait_only,258,132,08:00,120,61.28189345779093,4.862641185282271,56.41925227250866,6,34.056184346634026,0.0,85.94381565336599,0.0,0.0,120.00000000000001,-1.4210854715202004e-14,0.0,19.450564741129085,0,130,11,0,WAIT
wait_only,259,132,08:00,120,89.15002669514432,6.5915974786432905,82.55842921650103,3,36.881069501583795,0.0,79.35003546257455,3.768895035841652,0.0,120.0,0.0,0.0,26.366389914573162,1,137,9,0,WAIT
wait_only,260,132,08:00,120,72.16560227639572,7.102290655060993,65.06331162133472,2,14.906139894798939,0.0,105.09386010520106,0.0,0.0,120.0,0.0,0.0,28.409162620243972,0,230,5,0,WAIT
wait_only,261,132,08:00,120,48.96347109628351,4.602754161521503,44.36071693476201,2,25.448947322110875,0.0,94.55105267788912,0.0,0.0,120.0,0.0,0.0,18.41101664608601,0,162,7,0,WAIT
wait_only,262,132,08:00,120,73.9750845272696,5.178216740981479,68.79686778628812,4,53.58066103317931,0.0,53.04054687483773,13.378792091982959,0.0,120.0,0.0,0.0,20.712866963925915,1,230,13,0,WAIT
wait_only,263,132,08:00,120,105.44426097925707,6.163017255007289,99.28124372424978,5,23.478602347686888,0.0,96.52139765231314,0.0,0.0,120.00000000000003,-2.842170943040401e-14,0.0,24.652069020029156,0,164,9,0,WAIT
wait_only,264,132,08:00,120,80.61790040640882,5.442683835643152,75.17521657076567,3,42.646369877696316,0.0,69.70480976120302,7.648820361100675,0.0,120.00000000000001,-1.4210854715202004e-14,0.0,21.770735342572607,1,170,11,0,WAIT
wait_only,265,132,08:00,120,80.75694456572815,5.347354696834277,75.40958986889387,3,44.195557324155324,0.0,53.20974529835192,22.594697377492736,0.0,119.99999999999997,2.842170943040401e-14,0.0,21.389418787337107,1,249,12,0,WAIT
wait_only,266,132,08:00,120,88.79169009741118,6.102867468244618,82.68882262916657,3,30.166355591699737,0.0,89.12568496313594,0.7079594451643203,0.0,120.0,0.0,0.0,24.411469872978472,1,163,9,0,WAIT
wait_only,267,132,08:00,120,97.06781165866303,4.9495751318826375,92.1182365267804,3,57.64995423690446,0.0,62.35004576309553,0.0,0.0,120.0,0.0,0.0,19.79830052753055,0,233,14,0,WAIT
wait_only,268,132,08:00,120,63.58206302364653,4.519270557816397,59.062792465830135,1,37.97015528276822,0.0,82.02984471723178,0.0,0.0,120.0,0.0,0.0,18.07708223126559,0,164,9,0,WAIT
wait_only,269,132,08:00,120,67.12584733235798,5.002306670074669,62.12354066228331,2,40.82252272683126,0.0,79.17747727316873,0.0,0.0,120.0,0.0,0.0,20.009226680298674,0,161,10,0,WAIT
wait_only,270,132,08:00,120,97.95927140621137,5.044339756783664,92.9149316494277,4,40.14921121694526,0.0,79.85078878305475,0.0,0.0,120.00000000000001,-1.4210854715202004e-14,0.0,20.177359027134656,0,161,11,0,WAIT
wait_only,271,132,08:00,120,96.16964191283078,5.911565704981568,90.25807620784921,5,46.25851399639759,0.0,73.74148600360243,0.0,0.0,120.00000000000003,-2.842170943040401e-14,0.0,23.64626281992627,0,164,13,0,WAIT
wait_only,272,132,08:00,120,66.06358190540038,5.164734543483324,60.898847361917056,2,52.181099240469486,0.0,67.81890075953051,0.0,0.0,120.0,0.0,0.0,20.658938173933297,0,163,12,0,WAIT
wait_only,273,132,08:00,120,77.90462920712258,5.5848027151071555,72.31982649201542,4,30.1417857147725,0.0,89.8582142852275,0.0,0.0,120.0,0.0,0.0,22.339210860428622,0,41,9,0,WAIT
wait_only,274,132,08:00,120,72.62825760915948,5.806805396685707,66.82145221247377,3,59.12734021767904,0.0,60.87265978232096,0.0,0.0,120.0,0.0,0.0,23.22722158674283,0,90,13,0,WAIT
wait_only,275,132,08:00,120,84.00724319722025,5.718809735153285,78.28843346206696,2,18.596457706391984,0.0,93.13457293671516,8.268969356892853,0.0,120.0,0.0,0.0,22.87523894061314,1,162,5,0,WAIT
wait_only,276,132,08:00,120,58.345576878289634,4.957376892574236,53.388199985715396,3,52.496279159167024,0.0,67.50372084083298,0.0,0.0,120.0,0.0,0.0,19.829507570296943,0,161,13,0,WAIT
wait_only,277,132,08:00,120,35.21234304101415,0.582893486348249,34.629449554665904,2,108.62509320202334,0.0,11.374906797976665,0.0,0.0,120.0,0.0,0.0,2.331573945392996,0,130,23,0,WAIT
wait_only,278,132,08:00,120,66.74279673085607,4.577880721571162,62.16491600928491,2,52.745139964339856,0.0,67.25486003566016,0.0,0.0,120.00000000000001,-1.4210854715202004e-14,0.0,18.31152288628465,0,161,13,0,WAIT
wait_only,279,132,08:00,120,70.18317233195269,4.981128498916111,65.20204383303658,3,49.04846256757081,0.0,70.95153743242919,0.0,0.0,120.0,0.0,0.0,19.924513995664444,0,246,12,0,WAIT
wait_only,280,132,08:00,120,66.96488550125855,5.791015421642293,61.17387007961626,2,12.742308454000492,0.0,98.33858363802707,8.919107907972432,0.0,120.0,0.0,0.0,23.164061686569173,1,48,4,0,WAIT
wait_only,281,132,08:00,120,104.0840677615345,5.273838210731517,98.81022955080299,5,37.42950546559312,0.0,82.57049453440686,0.0,0.0,119.99999999999997,2.842170943040401e-14,0.0,21.09535284292607,0,233,11,0,WAIT
wait_only,282,132,08:00,120,53.152419746402146,4.132913517455597,49.01950622894655,1,34.999373394054466,0.0,81.12074363407291,3.879882971872618,0.0,119.99999999999999,1.4210854715202004e-14,0.0,16.531654069822387,1,230,8,0,WAIT
wait_only,283,132,08:00,120,77.58721981651242,5.418616137110206,72.16860367940221,3,29.606334274202737,0.0,89.62741552240416,0.7662502033930991,0.0,120.0,0.0,0.0,21.674464548440824,1,234,8,0,WAIT
wait_only,284,132,08:00,120,71.41413704027931,4.501531530404072,66.91260550987525,3,68.80202633075953,0.0,51.19797366924047,0.0,0.0,120.0,0.0,0.0,18.006126121616287,0,161,15,0,WAIT
wait_only,285,132,08:00,120,78.64779848295642,4.489428966227831,74.15836951672858,4,42.732276205432505,0.0,75.54819707467851,1.7195267198889894,0.0,120.0,0.0,0.0,17.957715864911325,1,138,11,0,WAIT
wait_only,286,132,08:00,120,58.4202306210278,4.468799697634099,53.9514309233937,2,22.459010113318392,0.0,94.73982260106271,2.801167285618888,0.0,119.99999999999999,1.4210854715202004e-14,0.0,17.875198790536395,1,161,6,0,WAIT
wait_only,287,132,08:00,120,58.71400359220067,4.582127700658395,54.13187589154227,2,31.044465500096432,0.0,88.95553449990356,0.0,0.0,120.0,0.0,0.0,18.32851080263358,0,161,8,0,WAIT
wait_only,288,132,08:00,120,182.37276368262272,7.627069768314826,174.74569391430788,9,24.057034596164407,0.0,93.64597872863153,2.2969866752040815,0.0,120.00000000000001,-1.4210854715202004e-14,0.0,30.508279073259303,1,234,10,0,WAIT
wait_only,289,132,08:00,120,63.4159650119744,4.824014379576598,58.591950632397804,1,16.74198205988171,0.0,103.2580179401183,0.0,0.0,120.0,0.0,0.0,19.29605751830639,0,163,4,0,WAIT
wait_only,290,132,08:00,120,70.48245348955643,4.673040901031636,65.8094125885248,3,18.96658569969967,0.0,93.88618358298329,7.147230717317029,0.0,120.0,0.0,0.0,18.692163604126545,1,236,6,0,WAIT
wait_only,291,132,08:00,120,100.14102655215817,6.738325958467273,93.4027005936909,5,24.825939234674685,0.0,91.30915355932805,3.8649072059972553,0.0,119.99999999999999,1.4210854715202004e-14,0.0,26.953303833869093,1,48,9,0,WAIT
wait_only,292,132,08:00,120,86.87746849827028,5.14618974960036,81.73127874866992,4,48.51716517228528,0.0,71.48283482771474,0.0,0.0,120.00000000000003,-2.842170943040401e-14,0.0,20.58475899840144,0,164,13,0,WAIT
wait_only,293,132,08:00,120,78.39634138009345,4.598031174071235,73.79831020602221,3,29.570924163481042,0.0,73.50929616068306,16.919779675835883,0.0,119.99999999999999,1.4210854715202004e-14,0.0,18.39212469628494,1,230,9,0,WAIT
wait_only,294,132,08:00,120,88.148598546051,5.228150265815364,82.92044828023565,4,17.456390134445417,0.0,100.65885308017032,1.8847567853842548,0.0,119.99999999999999,1.4210854715202004e-14,0.0,20.912601063261455,1,170,6,0,WAIT
wait_only,295,132,08:00,120,52.34605700671115,4.694337749281645,47.651719257429505,1,14.925818837904863,0.0,95.11129658211591,9.962884579979217,0.0,119.99999999999999,1.4210854715202004e-14,0.0,18.77735099712658,1,161,4,0,WAIT
wait_only,296,132,08:00,120,54.718509572483164,4.4854301336765445,50.23307943880662,1,24.816738800736044,0.0,95.18326119926395,0.0,0.0,120.0,0.0,0.0,17.941720534706178,0,68,6,0,WAIT
wait_only,297,132,08:00,120,89.05213203339686,5.656260942935688,83.39587109046117,5,34.47750837393399,0.0,81.98283262107358,3.53965900499243,0.0,120.00000000000001,-1.4210854715202004e-14,0.0,22.625043771742753,1,141,10,0,WAIT
wait_only,298,132,08:00,120,71.80595614791122,5.637709074523565,66.16824707338765,4,32.67244276751036,0.0,87.32755723248962,0.0,0.0,119.99999999999999,1.4210854715202004e-14,0.0,22.55083629809426,0,113,10,0,WAIT
wait_only,299,132,08:00,120,84.78067763666871,5.311269549024982,79.46940808764373,4,54.32854822972707,0.0,65.67145177027294,0.0,0.0,120.0,0.0,0.0,21.24507819609993,0,163,13,0,WAIT
highest_demand,0,132,08:00,120,116.07544453985848,7.353382013109016,108.72206252674947,3,8.987831850759227,17.508097560584222,93.50407058865656,0.0,0.0,120.0,0.0,1.8316524278610324,27.581875624575034,0,142,5,2,WAIT
highest_demand,1,132,08:00,120,45.881153608067706,4.411477196195095,41.46967641187261,1,7.3120124631071866,20.340281517198882,83.32378980920731,9.023916210486618,0.0,120.0,0.0,1.6248520081459954,16.021056776634385,1,186,3,1,WAIT
highest_demand,2,132,08:00,120,45.476760444631,6.035917872624081,39.440842572006915,2,10.8335760989218,65.07735456283139,35.659747871309264,8.429321466937552,0.0,120.0,0.0,9.683358194119219,14.460313296377109,1,186,4,2,WAIT
highest_demand,3,132,08:00,120,78.36877552569692,7.6075258714218625,70.76124965427506,3,11.136981798437207,51.05592428886462,57.807093912698164,0.0,0.0,119.99999999999999,1.4210854715202004e-14,5.285255420460823,25.144848065226626,0,161,4,2,WAIT
highest_demand,4,132,08:00,120,72.7851190727255,5.406358600370844,67.37876047235466,2,5.629094677922633,8.683934748546648,105.68697057353073,0.0,0.0,120.00000000000001,-1.4210854715202004e-14,0.8738289522399111,20.751605449243463,0,237,3,1,WAIT
highest_demand,5,132,08:00,120,65.9882697166976,5.982490444368454,60.00577927232915,1,5.669312467161367,48.22174088881655,66.10894664402208,0.0,0.0,120.0,0.0,7.144607198569821,16.785354578903995,0,138,2,2,WAIT
highest_demand,6,132,08:00,120,31.143943100833134,6.082698471790556,25.061244629042577,1,16.162269031632082,77.2853647137152,26.552366254652714,0.0,0.0,119.99999999999999,1.4210854715202004e-14,12.968544924691761,11.36224896247046,0,138,4,2,WAIT
highest_demand,7,132,08:00,120,41.704251865458765,5.215556947025443,36.488694918433325,2,6.390122915547159,39.11445246212418,70.47045251631633,4.024972106012342,0.0,120.0,0.0,6.4842724623458805,14.377955325755892,1,161,3,1,WAIT
highest_demand,8,132,08:00,120,66.97089552750344,7.007934261918198,59.96296126558525,2,15.148911713523834,51.86832050206382,30.088536442870964,22.8942313415414,0.0,120.00000000000001,-1.4210854715202004e-14,5.505914081680173,22.525822965992617,1,186,5,2,WAIT
highest_demand,9,132,08:00,120,63.39852332063105,5.94333822725734,57.45518509337371,2,6.888270917496345,19.97513435546876,93.13659472703489,0.0,0.0,120.0,0.0,5.18155674214191,18.59179616688745,0,170,3,1,WAIT
highest_demand,10,132,08:00,120,77.09969456228156,7.195098954350234,69.90459560793133,2,3.4764111926968995,53.3739508837178,57.52664721314501,5.622990710440305,0.0,120.00000000000001,-1.4210854715202004e-14,6.6300322219485945,22.15036359545234,1,138,3,2,WAIT
highest_demand,11,132,08:00,120,58.940594037316,5.762073191534355,53.17852084578165,1,7.327247230820907,36.81693499417165,73.06083336629354,2.7949844087139013,0.0,120.0,0.0,6.116372474856479,16.93192029128094,1,138,3,1,WAIT
highest_demand,12,132,08:00,120,67.17203455227965,6.164638729989525,61.00739582229013,2,8.983330192101585,32.80107890146675,78.21559090643167,0.0,0.0,120.0,0.0,3.8810620735341774,20.77749284642392,0,163,3,1,WAIT
highest_demand,13,132,08:00,120,60.563960043202925,4.4058948446916695,56.15806519851125,1,1.7729376310056866,0.0,118.22706236899431,0.0,0.0,120.0,0.0,0.0,17.623579378766678,0,230,2,0,WAIT
highest_demand,14,132,08:00,120,27.130835378422436,5.954794972065462,21.176040406356975,1,2.2531677221608697,78.11605489192229,36.817519656475724,2.8132577294411334,0.0,120.00000000000001,-1.4210854715202004e-14,12.968544924691761,10.850634963570085,1,138,2,2,WAIT
highest_demand,15,132,08:00,120,50.909367966684826,5.08909367644857,45.820274290236256,1,2.8275348858991225,20.11623260336235,85.19573752696155,11.860494983776988,0.0,120.00000000000001,-1.4210854715202004e-14,2.1314733431879076,18.224901362606374,1,186,2,1,WAIT
highest_demand,16,132,08:00,120,57.63312738488854,5.862642046452878,51.77048533843566,2,8.666409698903234,57.52044818283317,53.8131421182636,0.0,0.0,120.0,0.0,7.939308403465842,15.511259782345673,0,138,3,2,WAIT
highest_demand,17,132,08:00,120,67.97995731454519,6.459672992082324,61.520284322462864,3,6.604573557932999,37.68098827478898,75.71443816727802,0.0,0.0,120.0,0.0,3.703830005588073,22.134861962741223,0,186,4,2,WAIT
highest_demand,18,132,08:00,120,76.69647495406012,5.387636207248528,71.30883874681159,3,9.412096110972739,26.591977524104742,83.79970257386778,0.19622379105474863,0.0,120.00000000000001,-1.4210854715202004e-14,2.248524130627294,19.302020698366817,1,234,4,2,WAIT
highest_demand,19,132,08:00,120,55.09031327729002,6.7504733946291635,48.33983988266086,1,3.4295365280067847,66.26698119118457,50.30348228080864,0.0,0.0,119.99999999999999,1.4210854715202004e-14,8.720533248344106,18.281360330172546,0,138,2,2,WAIT
highest_demand,20,132,08:00,120,77.66086674846942,6.41092828169543,71.24993846677398,3,5.527931534180051,64.11799213291721,50.354076332902764,0.0,0.0,120.00000000000003,-2.842170943040401e-14,6.12357998108726,19.52013314569446,0,186,4,3,WAIT
highest_demand,21,132,08:00,120,68.29167431407438,5.037631715437848,63.25404259863654,1,4.208058761855192,20.47963249832994,94.64928443788143,0.6630243019334472,0.0,120.00000000000001,-1.4210854715202004e-14,1.6248520081459954,18.525674853605395,1,186,2,1,WAIT
highest_demand,22,132,08:00,120,59.28841983717873,7.19463808923144,52.09378174794729,2,0.7622621800951939,32.56279727555501,82.86775193459488,3.807188609754917,0.0,120.0,0.0,3.8810620735341774,24.897490283391583,1,234,3,1,WAIT
highest_demand,23,132,08:00,120,84.57765898981916,5.37707177726687,79.20058721255228,2,8.551078569890546,18.55135293164176,92.89756849846768,0.0,0.0,119.99999999999999,1.4210854715202004e-14,1.4041933469266459,20.104093762140835,0,237,3,1,WAIT
highest_demand,24,132,08:00,120,73.0673012881553,5.712563073696056,67.35473821445925,2,8.655173967552411,36.67299989909351,74.67182613335407,0.0,0.0,120.0,0.0,3.211433620565139,19.638818674219085,0,90,4,1,WAIT
highest_demand,25,132,08:00,120,78.66000959212718,5.378563217469952,73.28144637465724,2,10.021142250836377,17.799164398668456,91.9035155220397,0.2761778284554879,0.0,120.00000000000001,-1.4210854715202004e-14,1.544168814469142,19.970084055410666,1,162,4,2,WAIT
highest_demand,26,132,08:00,120,61.220759882166774,6.631204130723086,54.58955575144369,2,6.27581542351526,52.61473005024275,57.34185298131126,3.767601544930727,0.0,120.0,0.0,8.08677720721078,18.438039315681564,1,138,3,2,WAIT
highest_demand,27,132,08:00,120,69.12452941256261,6.116283788996071,63.00824562356654,1,4.474226717375783,56.89174606008893,55.271965853521706,3.3620613690135883,0.0,120.0,0.0,7.858967640733264,16.60616751525102,1,138,2,2,WAIT
highest_demand,28,132,08:00,120,71.79107535189328,7.745917533260687,64.0451578186326,2,6.646924122677459,32.56279727555501,77.48190954525067,3.3083690565168524,0.0,120.0,0.0,3.8810620735341774,27.10260805950857,1,230,4,1,WAIT
highest_demand,29,132,08:00,120,44.96640232182415,5.067935903205455,39.898466418618696,1,7.8566486935857505,18.815129457009164,87.46470440772057,5.8635174416845075,0.0,120.0,0.0,1.4041933469266459,18.867550265895172,1,186,2,1,WAIT
highest_demand,30,132,08:00,120,71.03798808842315,5.1591259702045305,65.87886211821862,2,19.434636278929425,28.533619131871998,72.03174458919857,0.0,0.0,119.99999999999999,1.4210854715202004e-14,3.0434952693641324,17.59300861145399,0,246,6,1,WAIT
highest_demand,31,132,08:00,120,52.004858877419785,5.391973796665007,46.61288508075478,1,0.9259501083591504,27.53349240256558,85.2912348193068,6.249322669768475,0.0,120.0,0.0,4.54089199937273,17.0270031872873,1,138,2,1,WAIT
highest_demand,32,132,08:00,120,58.16502107223948,5.007223197288109,53.15779787495137,1,4.097790981176072,17.174309882540154,89.9973802267361,8.73051890954767,0.0,120.0,0.0,2.0004471665855252,18.028445622566913,1,186,2,1,WAIT
highest_demand,33,132,08:00,120,69.16645377582883,5.032373639512153,64.13408013631667,2,9.465418952368623,17.952799515588033,92.58178153204335,0.0,0.0,120.0,0.0,1.374695178387383,18.75479937966123,0,161,4,1,WAIT
highest_demand,34,132,08:00,120,56.77188604610454,5.882269332435099,50.88961671366944,1,2.5084117491822058,37.38598946472994,71.89263606697219,8.212962719115666,0.0,120.0,0.0,6.210909108635681,17.318168221104713,1,138,2,1,WAIT
highest_demand,35,132,08:00,120,71.33940383694741,5.3725176298551265,65.96688620709229,2,23.40531953138765,18.687104369149022,77.90757609946333,0.0,0.0,120.0,0.0,1.4041933469266459,20.08587717249386,0,48,7,1,WAIT
highest_demand,36,132,08:00,120,76.80093789932812,8.706146612705552,68.09479128662257,3,8.945237328524918,45.67733513110592,62.661991229166325,2.7154363112028364,0.0,120.0,0.0,9.32408623112543,25.500500219696786,1,186,5,3,WAIT
highest_demand,37,132,08:00,120,67.22427318701992,5.333413790922219,61.890859396097696,2,4.099878141032997,35.74866609391471,77.33372335257718,2.8177324124751095,0.0,119.99999999999999,1.4210854715202004e-14,3.404640513512171,17.9290146501767,1,186,3,2,WAIT
highest_demand,38,132,08:00,120,69.54964496271762,5.333634694906052,64.21601026781157,2,9.188038841157393,44.03352144227758,48.27874993115075,18.499689785414276,0.0,120.0,0.0,3.9921066378993517,17.34243214172485,1,186,4,2,WAIT
highest_demand,39,132,08:00,120,36.58199213114845,4.741816861091078,31.840175270057376,2,10.263380008087982,47.015066738635696,62.72155325327632,0.0,0.0,120.0,0.0,7.222514810298709,11.744752634065598,0,107,4,2,WAIT
highest_demand,40,132,08:00,120,90.86989352934762,8.288625353873016,82.5812681754746,2,3.3012139641342797,28.1955528615292,88.50323317433651,0.0,0.0,120.0,0.0,5.6758223961883445,27.47867901930372,0,236,3,2,WAIT
highest_demand,41,132,08:00,120,67.34775520081361,6.025962896246933,61.32179230456668,1,3.578029073377359,37.31456036852962,77.23632156315881,1.871088994934226,0.0,120.00000000000001,-1.4210854715202004e-14,6.154010038398844,17.94984154658889,1,138,2,1,WAIT
highest_demand,42,132,08:00,120,47.24188654556436,5.990384913526398,41.251501632037964,1,6.894016295540324,26.641433548091552,75.53861780639784,10.925932349970282,0.0,120.0,0.0,4.393771435950369,19.567768218155223,1,138,2,1,WAIT
highest_demand,43,132,08:00,120,41.06276188121969,6.4961901320063,34.566571749213395,1,1.5766039610898706,57.8684445081047,60.554951530805425,0.0,0.0,120.0,0.0,7.888465809272526,18.09629471875267,0,138,2,2,WAIT
highest_demand,44,132,08:00,120,89.15955947382064,7.283750948123737,81.8758085256969,3,21.078109578583224,8.253523687373981,90.6683667340428,0.0,0.0,120.00000000000001,-1.4210854715202004e-14,3.1402954808806487,25.994708311614296,0,236,6,1,WAIT
highest_demand,45,132,08:00,120,89.00659841322627,6.093395834912991,82.91320257831327,2,6.490130633706954,18.815129457009164,94.69473990928388,0.0,0.0,120.0,0.0,1.4041933469266459,22.96938999272532,0,186,3,1,WAIT
highest_demand,46,132,08:00,120,73.98330761992923,5.776274942454321,68.20703267747491,2,8.86360073926038,34.67697649210384,62.63545615951605,13.823966609119736,0.0,120.00000000000001,-1.4210854715202004e-14,4.224906906678453,18.88019286313883,1,186,4,2,WAIT
highest_demand,47,132,08:00,120,67.09633503763764,5.163096081679595,61.933238955958046,2,4.8807150447002385,36.01308799872709,71.6737632207517,7.432433735820965,0.0,119.99999999999999,1.4210854715202004e-14,2.896595522222166,17.755788804496213,1,186,3,2,WAIT
highest_demand,48,132,08:00,120,69.91673242169155,7.235019336479392,62.68171308521216,3,4.03554047114663,27.495800587972163,70.61169285282591,17.856966088055316,0.0,120.00000000000003,-2.842170943040401e-14,2.247103667677246,26.69297367824032,1,186,4,2,WAIT
highest_demand,49,132,08:00,120,51.49898901105132,6.155195273829455,45.343793737221866,1,6.608897172853895,25.70540855463703,87.68569427250907,0.0,0.0,120.0,0.0,3.0080238219487234,21.6127572733691,0,186,2,1,WAIT
highest_demand,50,132,08:00,120,40.61646232102707,2.2787452728566717,38.3377170481704,2,3.00326757106505,8.49552497511286,80.77749927256522,27.723708181256868,0.0,120.0,0.0,3.1402954808806487,5.974685610546038,1,132,3,1,WAIT
highest_demand,51,132,08:00,120,61.50347655654928,5.643849781375477,55.8596267751738,1,9.269106817721353,41.31523747276366,69.415655709515,0.0,0.0,120.0,0.0,6.863672418971716,15.71172670653019,0,138,3,1,WAIT
highest_demand,52,132,08:00,120,58.58681182405786,6.005753759988828,52.58105806406903,2,4.773896582912704,37.17294467465361,56.58215404747579,21.471004694957898,0.0,120.0,0.0,3.625299174731521,20.397715865223788,1,186,3,2,WAIT
highest_demand,53,132,08:00,120,42.492748506359156,5.75968663213473,36.733061874224425,1,9.76028968217141,78.11605489192229,32.1236554259063,0.0,0.0,120.0,0.0,12.968544924691761,10.070201603847158,0,138,3,2,WAIT
highest_demand,54,132,08:00,120,52.232025881841224,5.905803314094943,46.326222567746285,1,12.14191921168425,28.742416831355662,79.11566395696009,0.0,0.0,120.0,0.0,3.0434952693641324,20.579717987015638,0,186,3,1,WAIT
highest_demand,55,132,08:00,120,49.58927402061733,5.491483552990721,44.09779046762661,2,7.410529357369345,36.62714682291879,75.38146380686592,0.580860012845946,0.0,120.0,0.0,2.778888525314029,19.187045686648855,1,186,3,2,WAIT
highest_demand,56,132,08:00,120,68.84640944658241,5.385771351695164,63.46063809488725,2,8.258491985631053,34.63074988005163,77.11075813431731,0.0,0.0,120.0,0.0,2.9482380936450756,18.594847313135578,0,170,3,2,WAIT
highest_demand,57,132,08:00,120,60.62543623185223,5.837216995806553,54.78821923604568,1,4.619183740818694,38.62936564316454,67.38911461646418,9.36233599955257,0.0,119.99999999999999,1.4210854715202004e-14,4.683447922503583,18.66542006072263,1,186,2,1,WAIT
highest_demand,58,132,08:00,120,53.23454490831057,6.796376287530236,46.43816862078033,1,4.760648722251675,66.26698119118457,48.97237008656375,0.0,0.0,120.0,0.0,8.720533248344106,18.464971901776835,0,138,2,2,WAIT
highest_demand,59,132,08:00,120,46.153875673575435,6.472105598303157,39.681770075272276,2,2.564198871565557,79.14232150462237,35.325861670171996,2.9676179536400866,0.0,120.0,0.0,13.324489230864472,12.563933162348158,1,138,3,2,WAIT
highest_demand,60,132,08:00,120,44.72633192642422,6.171890029043666,38.554441897380556,2,2.611429853106588,70.4234897545473,46.96508039234611,0.0,0.0,120.0,0.0,11.836867451772338,12.850692664402326,0,138,3,2,WAIT
highest_demand,61,132,08:00,120,56.914342496056975,5.171470982729014,51.74287151332796,2,4.228215646219965,18.090700702003787,97.68108365177625,0.0,0.0,120.0,0.0,1.5032450569745408,19.182638873941514,0,186,3,2,WAIT
highest_demand,62,132,08:00,120,56.27577435426935,5.04391361553518,51.23186073873417,2,2.573863564700504,49.660631033524865,67.76550540177462,0.0,0.0,119.99999999999999,1.4210854715202004e-14,7.489171989532641,12.68648247260808,0,237,3,2,WAIT
highest_demand,63,132,08:00,120,76.49912171424879,5.174985277169062,71.32413643707973,3,14.372759983935179,25.626742991323535,80.00049702474129,0.0,0.0,120.0,0.0,2.4235384105625624,18.276402698113685,0,162,6,2,WAIT
highest_demand,64,132,08:00,120,60.83697561031984,5.028300161197093,55.808675449122745,1,3.9259637132679597,27.089508129600315,81.84222488503939,7.1423032720923345,0.0,120.0,0.0,2.2362607859982253,17.876939858790145,1,186,2,1,WAIT
highest_demand,65,132,08:00,120,50.784321042842315,5.52435719134423,45.259963851498085,2,9.186332038405396,37.08634671139178,71.87769482502772,1.849626425175103,0.0,120.0,0.0,6.116372474856479,15.981056290520444,1,138,3,1,WAIT
highest_demand,66,132,08:00,120,59.487622854506036,4.951790593106145,54.53583226139989,2,6.4151720946202735,26.969751538047106,81.40214438205386,5.2129319852787575,0.0,120.0,0.0,2.0350299146113238,17.772132457813257,1,186,4,2,WAIT
highest_demand,67,132,08:00,120,61.89627699692766,6.2196457382744175,55.676631258653245,2,6.112059665569632,25.70540855463703,88.18253177979334,0.0,0.0,120.0,0.0,3.0080238219487234,21.870559131148948,0,249,3,1,WAIT
highest_demand,68,132,08:00,120,74.69715714079238,4.656704863367997,70.0404522774244,2,10.33154277456553,25.69083150155755,83.97762572387691,0.0,0.0,120.0,0.0,2.0866724860342334,16.540146967437753,0,170,4,2,WAIT
highest_demand,69,132,08:00,120,60.80291522212241,5.6210644809013335,55.181850741221076,2,4.033984460331489,39.07042409033582,76.89559144933268,0.0,0.0,120.0,0.0,3.0290453550726415,19.45521256853269,0,186,3,2,WAIT
highest_demand,70,132,08:00,120,79.05554525313772,6.221835448445193,72.83370980469253,3,8.962321335103447,37.21680149365626,71.08157330990893,2.739303861331365,0.0,120.0,0.0,3.182201787586054,21.705140006194718,1,186,4,2,WAIT
highest_demand,71,132,08:00,120,61.885534243709245,5.299665264565327,56.58586897914392,2,3.307124001055526,28.302100321629787,88.39077567731468,0.0,0.0,120.0,0.0,2.1831594921519555,19.015501566109354,0,48,3,2,WAIT
highest_demand,72,132,08:00,120,78.48133396672128,6.593535253151382,71.8877987135699,4,7.206204668780074,68.69059648192533,44.103198849294586,0.0,0.0,119.99999999999999,1.4210854715202004e-14,7.321118107267196,19.053022905338327,0,236,5,4,WAIT
highest_demand,73,132,08:00,120,55.95579243855621,6.800762562057441,49.155029876498766,2,5.3111907901083395,18.815129457009164,95.8736797528825,0.0,0.0,120.0,0.0,1.4041933469266459,25.798856901303118,0,186,3,1,WAIT
highest_demand,74,132,08:00,120,63.9313294083881,6.369567599571465,57.561761808816634,2,5.167331490612778,39.132238342205234,75.70043016718198,0.0,0.0,119.99999999999999,1.4210854715202004e-14,4.580474149405106,20.897796248880756,0,186,3,2,WAIT
highest_demand,75,132,08:00,120,63.76177962565851,6.070137493043747,57.69164213261477,1,6.300497527960435,47.22798361049238,66.02697504297761,0.4445438185695565,0.0,119.99999999999999,1.4210854715202004e-14,7.130443037480166,17.150106934694822,1,138,2,2,WAIT
highest_demand,76,132,08:00,120,50.15539386017628,6.183754552878172,43.97163930729811,1,8.015620348939212,38.62936564316454,73.35501400789626,0.0,0.0,120.00000000000001,-1.4210854715202004e-14,4.683447922503583,20.051570289009106,0,186,3,1,WAIT
highest_demand,77,132,08:00,120,59.3384171957584,6.159725544501471,53.17869165125693,1,2.744827130979088,41.31523747276366,72.37603443999839,3.5639009562588484,0.0,119.99999999999999,1.4210854715202004e-14,6.863672418971716,17.77522975903417,1,138,2,1,WAIT
highest_demand,78,132,08:00,120,65.86273660089195,6.427508504638847,59.435228096253105,1,1.953363042157628,57.622266328391596,54.685540959072426,5.738829670378351,0.0,120.0,0.0,7.888465809272526,17.82156820928286,1,138,2,2,WAIT
highest_demand,79,132,08:00,120,59.5826598755628,6.286937823297825,53.29572205226497,1,1.8050716202476127,57.90788316846882,57.64994369861731,2.6371015126662627,0.0,120.0,0.0,7.888465809272526,17.25928548391877,1,138,2,2,WAIT
highest_demand,80,132,08:00,120,67.16014100901305,5.101981329726654,62.05815967928639,2,3.9171338065357664,29.307750315734676,85.76542134372858,1.009694534000971,0.0,120.0,0.0,2.295191870375226,18.112733448531394,1,162,3,2,WAIT
highest_demand,81,132,08:00,120,58.63726508671093,6.0807231406154445,52.556541946095486,1,1.1272126932923296,27.53349240256558,80.70022779219852,10.639067111943561,0.0,119.99999999999999,1.4210854715202004e-14,4.54089199937273,19.78200056308905,1,138,2,1,WAIT
highest_demand,82,132,08:00,120,80.93966906532349,5.444587151574015,75.49508191374947,3,4.219793607157488,32.2786318331159,79.64225526149376,3.8593192982328475,0.0,120.0,0.0,2.917096591534928,18.86125201476113,1,186,4,3,WAIT
highest_demand,83,132,08:00,120,87.9969641400111,4.920900224346528,83.07606391566458,4,6.146311283681119,26.467211996801367,87.3864767195175,0.0,0.0,120.0,0.0,2.5596495937411112,17.123951303644997,0,246,5,3,WAIT
highest_demand,84,132,08:00,120,60.87445266326985,4.903304803030148,55.971147860239704,1,1.377791472791884,0.0,113.30732105935726,5.314887467850852,0.0,120.0,0.0,0.0,19.61321921212059,1,230,2,0,WAIT
highest_demand,85,132,08:00,120,66.0855588545046,5.085965204505911,60.99959364999869,2,6.488295654833081,26.29382446747259,87.21787987769434,0.0,0.0,120.00000000000001,-1.4210854715202004e-14,2.491491244937654,17.852369573085987,0,237,4,2,WAIT
highest_demand,86,132,08:00,120,88.45917286638893,6.064431646121583,82.39474122026735,3,7.6280056962172935,40.412514858190875,71.95947944559182,0.0,0.0,120.0,0.0,3.249704016291991,21.008022568194338,0,137,4,2,WAIT
highest_demand,87,132,08:00,120,96.54803562163308,5.639476869342934,90.90855875229015,2,15.023202710545805,38.66223872461778,53.63179901887656,12.68275954595984,0.0,119.99999999999999,1.4210854715202004e-14,6.585750089068556,15.972157388303177,1,186,5,2,WAIT
highest_demand,88,132,08:00,120,52.69534357206037,4.786623435442807,47.90872013661756,1,5.606685007112072,7.326592549530791,99.25312361769703,7.813598825660108,0.0,120.0,0.0,0.9815114870710372,18.16498225470019,1,239,2,1,WAIT
highest_demand,89,132,08:00,120,62.98841880065818,6.353507555479877,56.6349112451783,2,4.901774352465904,32.80107890146675,82.29714674606734,0.0,0.0,120.0,0.0,3.8810620735341774,21.53296814838533,0,249,3,1,WAIT
highest_demand,90,132,08:00,120,65.91915845145594,5.378803066777949,60.540355384677994,4,12.980554107964819,33.785783000429724,73.23366289160548,0.0,0.0,120.00000000000003,-2.842170943040401e-14,3.312913132661273,18.20229913445052,0,68,6,3,WAIT
highest_demand,91,132,08:00,120,60.83203455193281,5.131432130851332,55.70060242108148,1,2.1637380827895356,26.94988961472163,58.29847182932954,32.587900473159294,0.0,120.0,0.0,2.2362607859982253,18.2894677374071,1,186,2,1,WAIT
highest_demand,92,132,08:00,120,54.63224931481798,5.551138073832237,49.08111124098575,1,14.07604071658615,8.67235210204198,90.97972716064498,6.271880020726883,0.0,120.0,0.0,1.0370702549191968,21.16748204040975,1,236,4,1,WAIT
highest_demand,93,132,08:00,120,63.17333439977047,4.980347235061982,58.192987164708484,2,5.505834071501395,38.432432013917975,76.06173391458063,0.0,0.0,120.0,0.0,2.9995471865333787,16.92184175371455,0,186,3,2,WAIT
highest_demand,94,132,08:00,120,32.88359104396859,6.167346695753163,26.71624434821543,1,3.2003951259418395,78.11605489192229,37.66589775458033,1.0176522275555584,0.0,120.00000000000001,-1.4210854715202004e-14,12.968544924691761,11.700841858320889,1,138,2,2,WAIT
highest_demand,95,132,08:00,120,114.53054985741093,5.797025107000641,108.7335247504103,3,5.705877376745823,34.16147972010768,76.3427370761778,3.789905826968706,0.0,120.00000000000001,-1.4210854715202004e-14,2.9605014382741444,20.22759898972842,1,186,4,2,WAIT
highest_demand,96,132,08:00,120,84.12289975452488,9.031506063276325,75.09139369124856,2,10.574175343382064,78.11605489192229,27.97254546343502,3.3372243012606333,0.0,120.00000000000001,-1.4210854715202004e-14,12.968544924691761,23.157479328413537,1,138,4,2,WAIT
highest_demand,97,132,08:00,120,63.025526954257785,5.693264133050792,57.332262821206996,2,5.694698767455382,45.9296073124082,64.04488367190338,4.330810248233021,0.0,119.99999999999999,1.4210854715202004e-14,4.313016400645589,18.460040131557577,1,107,4,2,WAIT
highest_demand,98,132,08:00,120,79.42639248444337,5.260313804330903,74.16607868011246,2,5.6966864318724575,35.21155755024911,78.12521967936331,0.9665363385151551,0.0,120.00000000000004,-4.263256414560601e-14,3.2058516871010965,17.835403530222514,1,237,4,2,WAIT
highest_demand,99,132,08:00,120,66.05387062005207,6.366928132365432,59.686942487686636,3,3.739710189147874,29.304252854275504,86.9560369565766,0.0,0.0,119.99999999999997,2.842170943040401e-14,6.055385694381822,19.412326835079906,0,234,4,2,WAIT
highest_demand,100,132,08:00,120,59.40572822404944,4.516263387327649,54.88946483672179,1,3.3448212458333284,17.952799515588033,79.73886996194177,18.96350927663687,0.0,120.0,0.0,1.374695178387383,16.690358370923214,1,186,2,1,WAIT
highest_demand,101,132,08:00,120,64.30187735172744,7.8950090908673936,56.40686826086005,2,14.054470419414976,84.35723220830442,18.57502043677984,3.0132769355007554,0.0,119.99999999999999,1.4210854715202004e-14,12.010630705600065,19.56940565786951,1,138,4,3,WAIT
highest_demand,102,132,08:00,120,25.59542095088871,6.06307977185655,19.53234117903216,1,5.061063264339571,77.83043805184505,33.45986399678617,3.648634687029201,0.0,119.99999999999999,1.4210854715202004e-14,12.968544924691761,11.28377416273444,1,138,2,2,WAIT
highest_demand,103,132,08:00,120,66.13464164246825,5.539623352591733,60.59501828987652,2,10.531514792913521,27.399740337858816,82.06874486922766,0.0,0.0,120.0,0.0,2.86642606467839,19.292067345688544,0,236,4,2,WAIT
highest_demand,104,132,08:00,120,71.89782486270252,5.835575231451362,66.06224963125116,3,6.455284296328802,46.2895073809693,67.25520832270189,0.0,0.0,119.99999999999999,1.4210854715202004e-14,3.651297014603892,19.691003911201552,0,186,4,3,WAIT
highest_demand,105,132,08:00,120,85.54038452042958,7.048053120675042,78.49233139975455,3,13.639176063314718,27.04851482239647,79.31230911428881,0.0,0.0,120.0,0.0,2.444565620347471,25.747646862352696,0,161,6,2,WAIT
highest_demand,106,132,08:00,120,60.171845782088965,4.3799448552104625,55.791900926878505,1,1.5744103459493881,15.334192638311158,103.09139701573945,0.0,0.0,120.0,0.0,2.0341977697067604,15.485581651135087,0,239,2,2,WAIT
highest_demand,107,132,08:00,120,64.11279493836514,7.403148341904726,56.709646596460416,3,10.444786240883086,29.31281092966405,72.85448891933191,7.387913910120957,0.0,120.00000000000001,-1.4210854715202004e-14,8.321852223022558,21.290741144596346,1,138,5,2,WAIT
highest_demand,108,132,08:00,120,75.94570174580875,5.858991136459499,70.08671060934925,3,15.410226135101691,35.6933178774689,68.89645598742939,0.0,0.0,119.99999999999999,1.4210854715202004e-14,3.1100897382381363,20.32587480759986,0,113,6,2,WAIT
highest_demand,109,132,08:00,120,56.354459858726656,5.5584764075427735,50.795983451183886,3,8.385509796920148,41.82155942498879,51.50057345839501,18.292357319696038,0.0,119.99999999999999,1.4210854715202004e-14,3.7419498081407396,18.491955822030352,1,186,4,2,WAIT
highest_demand,110,132,08:00,120,53.743405253436606,4.992655127197412,48.7507501262392,1,0.346300112334905,20.11623260336235,86.21448454680905,13.322982737493703,0.0,120.0,0.0,2.1314733431879076,17.83914716560174,1,186,2,1,WAIT
highest_demand,111,132,08:00,120,58.038834524016096,4.777073281047212,53.26176124296889,2,7.969578044351932,8.67235210204198,103.3580698536061,0.0,0.0,120.0,0.0,1.0370702549191968,18.07122286926965,0,237,4,1,WAIT
highest_demand,112,132,08:00,120,83.3186011663735,5.572934261031231,77.74566690534226,4,11.800787349077464,50.475693397044104,51.794961096692035,5.9285581571864014,0.0,120.0,0.0,4.709719417886796,17.582017626238127,1,186,6,4,WAIT
highest_demand,113,132,08:00,120,56.59339656855925,6.469127834815384,50.12426873374387,1,1.7678368470906713,32.56279727555501,60.986172716534796,24.683193160819513,0.0,120.0,0.0,3.8810620735341774,21.99544926572736,1,186,2,1,WAIT
highest_demand,114,132,08:00,120,65.72439958990012,8.80585497845168,56.91854461144844,2,4.0424546879777585,57.87538496005786,58.082160351964376,0.0,0.0,120.0,0.0,11.335566780540754,23.887853133265967,0,138,3,2,WAIT
highest_demand,115,132,08:00,120,76.44063893673388,5.4684808226756,70.97215811405827,2,6.180266591918364,35.92397993726365,71.46096037550745,6.434793095310511,0.0,119.99999999999997,2.842170943040401e-14,2.896595522222166,18.977327768480233,1,186,3,2,WAIT
highest_demand,116,132,08:00,120,62.478848333166106,6.15864862629658,56.32019970686952,2,14.009575309319601,38.74607061322115,66.83204402293514,0.41231005452411296,0.0,120.0,0.0,3.503111550332291,21.13148295485403,1,249,4,1,WAIT
highest_demand,117,132,08:00,120,57.82223008225408,5.593874677553067,52.22835540470101,1,2.696668961177597,78.11605489192229,39.18727614690012,0.0,0.0,120.0,0.0,12.968544924691761,9.406953785520507,0,138,2,2,WAIT
highest_demand,118,132,08:00,120,73.73514111819014,7.009173765007563,66.72596735318258,3,11.731870914791582,52.88075979786099,55.387369287347425,0.0,0.0,120.0,0.0,8.15973730351301,19.87695775651724,0,138,5,2,WAIT
highest_demand,119,132,08:00,120,43.01031433286525,4.254185938701247,38.756128394164,1,7.056308753325895,39.11445246212418,49.26620719758054,24.563031586969387,0.0,120.0,0.0,6.4842724623458805,10.532471292459109,1,186,3,1,WAIT
highest_demand,120,132,08:00,120,61.59841073955789,5.035089946591058,56.563320792966834,2,6.828918187352603,20.340281517198882,92.83080029544853,0.0,0.0,120.00000000000001,-1.4210854715202004e-14,1.6248520081459954,18.515507778218236,0,163,4,1,WAIT
highest_demand,121,132,08:00,120,43.300985003441696,4.872685225985488,38.42829977745621,1,2.0114986133899397,18.687104369149022,86.72619291957362,12.575204097887408,0.0,119.99999999999999,1.4210854715202004e-14,1.4041933469266459,18.086547557015304,1,186,2,1,WAIT
highest_demand,122,132,08:00,120,81.69244720950347,6.470842203729758,75.22160500577371,3,10.697058519648241,51.98085851453276,54.02333747327834,3.298745492540661,0.0,120.0,0.0,5.021428185533093,20.861940629385938,1,162,4,2,WAIT
highest_demand,123,132,08:00,120,46.71465143576779,6.237270677525434,40.47738075824236,1,8.801734522977139,46.942366770415155,64.2558987066077,0.0,0.0,119.99999999999999,1.4210854715202004e-14,7.130443037480166,17.81863967262157,0,138,3,2,WAIT
highest_demand,124,132,08:00,120,57.119434325628525,6.826313311578031,50.29312101405049,1,3.108297151572454,66.26698119118457,50.62472165724297,0.0,0.0,120.0,0.0,8.720533248344106,18.584719997968016,0,138,2,2,WAIT
highest_demand,125,132,08:00,120,72.87568520363628,5.538410592942494,67.33727461069378,2,12.544234151170954,28.533619131871998,78.92214671695703,0.0,0.0,119.99999999999999,1.4210854715202004e-14,3.0434952693641324,19.110147102405843,0,163,4,1,WAIT
highest_demand,126,132,08:00,120,55.039596242673625,5.573590966221693,49.46600527645193,1,10.290241869079692,27.53349240256558,82.17626572835472,0.0,0.0,120.0,0.0,4.54089199937273,17.753471865514044,0,138,3,1,WAIT
highest_demand,127,132,08:00,120,58.98918204594759,5.591554169114127,53.39762787683346,2,6.3088171154465424,52.52744995828705,61.16373292626642,0.0,0.0,120.00000000000001,-1.4210854715202004e-14,6.977446997572454,15.388769678884055,0,138,3,2,WAIT
highest_demand,128,132,08:00,120,59.52440746758487,5.700233862620263,53.82417360496461,2,10.962482935124864,22.03412332266116,64.25692235782607,22.74647138438789,0.0,119.99999999999999,1.4210854715202004e-14,2.4763336971048098,20.324601753376243,1,186,4,2,WAIT
highest_demand,129,132,08:00,120,57.303857867479834,6.054346883945374,51.24951098353446,1,1.469062234825944,32.56279727555501,66.57508108333754,19.393059406281495,0.0,119.99999999999999,1.4210854715202004e-14,3.8810620735341774,20.336325462247316,1,186,2,1,WAIT
highest_demand,130,132,08:00,120,89.3823381251224,6.7409863816156586,82.64135174350675,3,7.4299422586762685,53.56991589696603,59.00014184435772,0.0,0.0,120.00000000000003,-2.842170943040401e-14,6.428801350561693,20.53514417590094,0,138,4,3,WAIT
highest_demand,131,132,08:00,120,63.94091622045928,5.977840422370202,57.96307579808908,2,9.311583211813552,25.518673034030403,80.09136590664036,5.078377847515682,0.0,120.0,0.0,3.0080238219487234,20.903337867532088,1,249,4,1,WAIT
highest_demand,132,132,08:00,120,55.747288372024144,6.204424927623833,49.54286344440031,1,4.773152129621209,37.0434908058026,70.48749320192194,7.695863862654264,0.0,120.00000000000001,-1.4210854715202004e-14,6.154010038398844,18.66368967209649,1,138,2,1,WAIT
highest_demand,133,132,08:00,120,54.97781326597595,5.662800567894484,49.31501269808147,2,6.253251284442114,35.57563375968515,78.17111495587274,0.0,0.0,120.0,0.0,2.9615431263667045,19.68965914521123,0,186,3,2,WAIT
highest_demand,134,132,08:00,120,74.12481548739883,7.1419339219269355,66.9828815654719,2,3.1905175278756426,66.72004861326462,50.089433858859735,0.0,0.0,120.0,0.0,8.548800545496468,20.01893514221127,0,138,3,3,WAIT
highest_demand,135,132,08:00,120,57.76868123911615,5.98906600771163,51.77961523140452,1,5.615306018012357,36.81693499417165,71.70194188946215,5.86581709835383,0.0,119.99999999999999,1.4210854715202004e-14,6.116372474856479,17.83989155599004,1,138,2,1,WAIT
highest_demand,136,132,08:00,120,65.32450305859453,5.5984446040469145,59.72605845454761,2,4.45074140486431,37.31746413995947,78.23179445517623,0.0,0.0,120.0,0.0,4.08056552428333,18.313212891904328,0,236,3,2,WAIT
highest_demand,137,132,08:00,120,42.822734497407545,6.4574388758234615,36.36529562158408,2,9.550349698157518,47.73194408645736,62.71770621538512,0.0,0.0,120.0,0.0,7.210783800212744,18.618971703081105,0,138,3,2,WAIT
highest_demand,138,132,08:00,120,80.48113495046402,5.666904494595514,74.81423045586851,3,4.0764865442563565,35.00933052818257,80.91418292756107,0.0,0.0,120.0,0.0,3.3751423449729083,19.292475633409143,0,234,4,2,WAIT
highest_demand,139,132,08:00,120,70.13174343432361,6.169327768885466,63.962415665438144,2,12.727490148691752,36.750963700056346,69.69049394864209,0.8310522026098113,0.0,120.0,0.0,3.211433620565139,21.465877454976727,1,113,5,1,WAIT
highest_demand,140,132,08:00,120,73.8231065897815,5.189675773045107,68.6334308167364,3,15.427436117444625,29.044124770772797,75.52843911178257,0.0,0.0,120.0,0.0,2.285186744369936,18.47351634781049,0,170,6,2,WAIT
highest_demand,141,132,08:00,120,59.89903353444274,5.381945007617115,54.517088526825624,1,2.836450890077834,28.742416831355662,88.42113227856652,0.0,0.0,120.00000000000001,-1.4210854715202004e-14,3.0434952693641324,18.484284761104327,0,186,2,1,WAIT
highest_demand,142,132,08:00,120,97.52281176528328,6.268239369000608,91.25457239628267,6,32.895807729106494,51.539242921083954,35.56494934980958,0.0,0.0,120.00000000000003,-2.842170943040401e-14,4.47367971612575,20.59927775987668,0,170,11,5,WAIT
highest_demand,143,132,08:00,120,74.03320717435592,6.711375692113123,67.3218314822428,2,2.470403904027892,44.33380249103956,73.19579360493255,0.0,0.0,120.0,0.0,4.412217168875369,22.433285599577122,0,186,3,2,WAIT
highest_demand,144,132,08:00,120,0.0,0.0,0.0,0,0.018510752381846757,0.0,0.0,119.98148924761816,0.0,120.0,0.0,0.0,0.0,1,132,1,0,WAIT
highest_demand,145,132,08:00,120,62.181634016687184,8.158543649244445,54.02309036744274,1,4.41755953812184,71.68591149617853,42.587769243504844,1.3087597221947647,0.0,119.99999999999997,2.842170943040401e-14,10.365334535880057,22.26884006109772,1,138,2,2,WAIT
highest_demand,146,132,08:00,120,56.02637172249687,6.5886157039417945,49.43775601855508,2,3.4211143598434157,59.03431969107333,54.673298705202114,2.8712672438811495,0.0,120.00000000000001,-1.4210854715202004e-14,8.214911946905975,18.139550868861203,1,138,3,2,WAIT
highest_demand,147,132,08:00,120,61.319231484197125,4.47638238869956,56.84284909549756,1,4.741630316649342,18.687104369149022,85.98392172030682,10.587343593894815,0.0,120.0,0.0,1.4041933469266459,16.501336207871592,1,186,2,1,WAIT
highest_demand,148,132,08:00,120,98.97605593411878,6.694903531886069,92.2811524022327,4,13.113411470039317,51.9715068692758,54.91508166068488,0.0,0.0,120.0,0.0,4.96199029295223,21.81762383459204,0,48,6,3,WAIT
highest_demand,149,132,08:00,120,33.02946728793719,6.176164568575518,26.85330271936167,1,2.544935736657011,77.83043805184505,34.835861383470196,4.7887648280277375,0.0,119.99999999999999,1.4210854715202004e-14,12.968544924691761,11.736113349610312,1,138,2,2,WAIT
highest_demand,150,132,08:00,120,68.43568375895815,5.013311680444991,63.422372078513156,2,7.399285791631127,26.494734497172107,81.23677293726269,4.869206773934081,0.0,120.0,0.0,2.41176543330658,17.641481288473383,1,236,4,2,WAIT
highest_demand,151,132,08:00,120,48.75210215695351,6.737933798955997,42.01416835799751,1,9.098628067026691,56.00101068841653,50.33409837468169,4.566262869875089,0.0,120.0,0.0,8.484719628931405,18.46701556689258,1,138,3,2,WAIT
highest_demand,152,132,08:00,120,103.99078032157391,5.765762644784059,98.22501767678985,2,3.47305299739698,28.742416831355662,75.58722560146292,12.197304569784436,0.0,120.0,0.0,3.0434952693641324,20.0195553097721,1,186,3,1,WAIT
highest_demand,153,132,08:00,120,55.6221721758031,6.84135387275415,48.78081830304895,1,0.8429318771899389,57.90788316846882,58.29430805437707,2.9548768999641766,0.0,120.0,0.0,7.888465809272526,19.47694968174407,1,138,2,2,WAIT
highest_demand,154,132,08:00,120,73.57931534574995,5.30350171178667,68.27581363396328,2,11.4515403893638,28.36856096653081,80.17989864410538,0.0,0.0,119.99999999999999,1.4210854715202004e-14,2.379594705574144,18.834412141572535,0,237,4,2,WAIT
highest_demand,155,132,08:00,120,61.612056185522015,4.980694442115527,56.63136174340649,2,6.6804561478592435,18.815129457009164,94.50441439513159,0.0,0.0,120.0,0.0,1.4041933469266459,18.51858442153546,0,234,4,1,WAIT
highest_demand,156,132,08:00,120,62.34008517358087,4.801991274621803,57.53809389895906,1,1.2927224360667287,26.892717894082118,67.81597931977278,23.998580350078356,0.0,119.99999999999999,1.4210854715202004e-14,2.2362607859982253,16.971704312488985,1,186,2,1,WAIT
highest_demand,157,132,08:00,120,57.041711829358455,6.7242479526630445,50.31746387669541,1,1.2137457349353875,57.8684445081047,60.057449637519234,0.8603601194406707,0.0,119.99999999999999,1.4210854715202004e-14,7.888465809272526,19.00852600137965,1,138,2,2,WAIT
highest_demand,158,132,08:00,120,50.10054232102061,6.35034255568181,43.7501997653388,1,3.3435808954441626,56.28662752849375,58.756988391761084,1.6128031843010007,0.0,120.0,0.0,8.484719628931405,16.916650593795836,1,138,2,2,WAIT
highest_demand,159,132,08:00,120,82.08816441547178,5.455166662433631,76.63299775303815,3,11.816118717318744,42.41401756911314,65.76986371356811,0.0,0.0,120.0,0.0,4.433990703153378,17.386675946581146,0,162,5,3,WAIT
highest_demand,160,132,08:00,120,70.68976776075598,7.003733024057167,63.686034736698815,2,4.602662723960258,19.97513435546876,78.84725413709481,16.574948783476174,0.0,120.0,0.0,5.18155674214191,22.83337535408676,1,79,3,1,WAIT
highest_demand,161,132,08:00,120,53.05989341117772,5.843854160659822,47.216039250517895,1,1.4778383894539033,48.22174088881655,65.72456392802538,4.575856793704162,0.0,119.99999999999999,1.4210854715202004e-14,7.144607198569821,16.230809444069465,1,138,2,2,WAIT
highest_demand,162,132,08:00,120,66.26788266972795,5.28668798648392,60.981194683244034,2,21.02452649907177,17.822382395130127,81.1530911057981,0.0,0.0,120.0,0.0,1.374695178387383,19.772056767548296,0,231,7,1,WAIT
highest_demand,163,132,08:00,120,61.6863694939914,6.266106305888414,55.420263188102986,1,6.8214655755583165,57.622266328391596,55.55626809605008,0.0,0.0,120.0,0.0,7.888465809272526,17.175959414281127,0,138,3,2,WAIT
highest_demand,164,132,08:00,120,53.73930412997965,5.471090795233901,48.26821333474575,1,6.104631913570398,37.08634671139178,76.80902137503782,0.0,0.0,120.0,0.0,6.116372474856479,15.767990706079127,0,138,2,1,WAIT
highest_demand,165,132,08:00,120,75.05651951274346,4.821158744927241,70.23536076781622,2,7.416816162624102,28.18926794983534,84.39391588754056,0.0,0.0,120.0,0.0,2.330222035906665,16.954412943802303,0,237,3,2,WAIT
highest_demand,166,132,08:00,120,45.632358356855875,6.36594591393567,39.266412442920206,1,2.4555238945625026,57.90788316846882,56.39526223467583,3.241330702292842,0.0,120.0,0.0,7.888465809272526,17.575317846470153,1,138,2,2,WAIT
highest_demand,167,132,08:00,120,63.01264131222895,7.362938445428971,55.64970286679998,2,4.662765939789468,58.14790063021839,53.00059230840987,4.188741121582268,0.0,120.0,0.0,8.86411958555724,20.58763419615864,1,138,3,2,WAIT
highest_demand,168,132,08:00,120,37.474968904846975,6.210092542039634,31.264876362807343,1,2.676319254760661,78.11605489192229,39.20762585331706,0.0,0.0,120.0,0.0,12.968544924691761,11.871825243466773,0,138,2,2,WAIT
highest_demand,169,132,08:00,120,78.15017708697954,6.994812621507473,71.15536446547206,2,4.629407606651053,78.11605489192229,35.05207884735625,2.202458654070412,0.0,120.00000000000001,-1.4210854715202004e-14,12.968544924691761,15.010705561338128,1,138,3,2,WAIT
highest_demand,170,132,08:00,120,60.07090348523718,4.9637554092161835,55.107148076021,1,0.9090527005059403,18.687104369149022,87.54659282026769,12.857250110077345,0.0,120.0,0.0,1.4041933469266459,18.450828289938087,1,186,2,1,WAIT
highest_demand,171,132,08:00,120,66.08844531025736,6.088857015363336,59.99958829489402,3,12.56002806345385,37.2778959611549,70.16207597539125,0.0,0.0,120.0,0.0,2.8083866938532918,21.547041367600052,0,231,5,2,WAIT
highest_demand,172,132,08:00,120,62.12516716288519,7.574771639893876,54.550395522991316,2,6.405026462972009,41.62223593437726,70.37956091631624,1.5931766863344876,0.0,120.0,0.0,4.723972394284777,25.575114165290724,1,186,3,2,WAIT
highest_demand,173,132,08:00,120,65.05295625629255,7.50361376476599,57.54934249152656,2,8.221823619619425,51.41091267525107,60.36726370512952,0.0,0.0,120.00000000000001,-1.4210854715202004e-14,5.873659185972656,24.140795873091303,0,236,4,2,WAIT
highest_demand,174,132,08:00,120,68.56654821158979,5.229139566591602,63.33740864499819,2,15.90953842068412,27.610791590464004,76.23605635657297,0.2436136322789082,0.0,120.0,0.0,2.247103667677246,18.66945459868916,1,186,6,2,WAIT
highest_demand,175,132,08:00,120,60.038423977886346,6.2782207460968396,53.760203231789504,1,2.285771956671834,37.31456036852962,75.14467742850273,5.2549902462958045,0.0,119.99999999999999,1.4210854715202004e-14,6.154010038398844,18.958872945988514,1,138,2,1,WAIT
highest_demand,176,132,08:00,120,73.69986481103399,4.742341208549433,68.95752360248456,3,20.00401136482065,27.560601593669013,72.43538704151032,0.0,0.0,119.99999999999999,1.4210854715202004e-14,2.0645280831505866,16.90483675104715,0,246,6,2,WAIT
highest_demand,177,132,08:00,120,66.04421771970675,6.8995451247712705,59.14467259493548,2,3.590116770832451,77.26875393134236,38.74382592654141,0.39730337128378324,0.0,120.0,0.0,9.483819648879258,18.11436085020582,1,138,3,3,WAIT
highest_demand,178,132,08:00,120,69.73896706857242,7.9106711781473855,61.82829589042504,2,5.940950189047113,49.92551714626688,61.04875749362502,3.0847751710609828,0.0,120.0,0.0,10.024454821915757,21.618229890673785,1,138,3,2,WAIT
highest_demand,179,132,08:00,120,71.1791624799666,5.450204078110854,65.72895840185575,3,8.82098356781369,33.42308550496188,77.2904758456148,0.46545508160964744,0.0,120.00000000000001,-1.4210854715202004e-14,2.7344419904822526,19.066374321961163,1,186,4,3,WAIT
highest_demand,180,132,08:00,120,54.660702635323005,6.733982129043772,47.92672050627923,2,7.97532873156176,45.903947763150406,65.9859885578911,0.13473494739672276,0.0,119.99999999999999,1.4210854715202004e-14,5.4933527728168805,21.44257574335821,1,107,3,2,WAIT
highest_demand,181,132,08:00,120,78.67555435669351,5.593853159007629,73.08170119768589,2,6.067629224811404,28.533619131871998,85.39875164331659,0.0,0.0,119.99999999999999,1.4210854715202004e-14,3.0434952693641324,19.33191736666638,0,162,4,1,WAIT
highest_demand,182,132,08:00,120,64.40613650927601,4.495126445429221,59.91101006384679,1,1.2921758682778937,18.815129457009164,99.89269467471294,0.0,0.0,120.0,0.0,1.4041933469266459,16.576312434790236,0,186,2,1,WAIT
highest_demand,183,132,08:00,120,69.09595790779315,5.603618174942045,63.49233973285111,1,6.190685546220542,36.81693499417165,69.31356139407434,7.678818065533463,0.0,120.0,0.0,6.116372474856479,16.2981002249117,1,138,3,1,WAIT
highest_demand,184,132,08:00,120,73.32452496048208,5.473522029437383,67.85100293104469,3,9.367703310031498,17.50443711617732,93.12785957379117,0.0,0.0,119.99999999999999,1.4210854715202004e-14,1.716739272990511,20.17734884475902,0,163,4,2,WAIT
highest_demand,185,132,08:00,120,83.11287410042704,5.338143111397712,77.77473098902932,3,12.522581210195085,35.1409890227712,72.33642976703372,0.0,0.0,120.0,0.0,2.776505390797437,18.57606705479341,0,170,6,3,WAIT
highest_demand,186,132,08:00,120,63.402282119152666,5.895513738596749,57.50676838055592,2,8.51360587684597,44.968511785359155,65.51882287345083,0.9990594643440431,0.0,120.0,0.0,3.6109559643856084,19.971098990001387,1,186,3,2,WAIT
highest_demand,187,132,08:00,120,56.63951823110735,6.8433215950609085,49.796196636046446,2,4.9370886198691455,80.49179181609878,34.57111956403206,0.0,0.0,119.99999999999999,1.4210854715202004e-14,10.22622227048662,17.14706410975701,0,138,3,3,WAIT
highest_demand,188,132,08:00,120,79.2643410280354,6.356795944043356,72.90754508399205,3,4.113401522809596,52.94330167277844,61.22139820199015,1.7218986024218168,0.0,120.0,0.0,4.1512005691848195,21.275983206988602,1,186,4,3,WAIT
highest_demand,189,132,08:00,120,69.275293838094,4.805743836304655,64.46955000178934,2,8.940255676936216,9.031262043181538,102.02848227988224,0.0,0.0,120.0,0.0,0.6603347362239406,18.56264060899468,0,233,4,1,WAIT
highest_demand,190,132,08:00,120,51.762819970669646,5.437280265369084,46.325539705300564,1,5.944428388845753,28.742416831355662,76.94592095068761,8.367233829110987,0.0,120.00000000000001,-1.4210854715202004e-14,3.0434952693641324,18.705625792112205,1,186,2,1,WAIT
highest_demand,191,132,08:00,120,31.730790973850233,4.565610248325852,27.16518072552438,2,10.103419716082373,47.74341097178974,53.15033133819617,9.002837973931733,0.0,120.00000000000001,-1.4210854715202004e-14,7.327182783096481,10.935258210206925,1,186,4,2,WAIT
highest_demand,192,132,08:00,120,63.71145695164229,4.75533339670408,58.95612355493821,2,9.539296888476583,18.687104369149022,88.11146960122845,3.6621291411459396,0.0,119.99999999999999,1.4210854715202004e-14,1.4041933469266459,17.61714023988967,1,48,4,1,WAIT
highest_demand,193,132,08:00,120,77.28068560163935,6.8010395651847535,70.4796460364546,3,11.284525936503393,47.58581859374456,47.43034469291639,13.699310776835631,0.0,119.99999999999997,2.842170943040401e-14,7.246084825292496,19.958073435446515,1,186,5,3,WAIT
highest_demand,194,132,08:00,120,69.47760480570042,5.134652011098704,64.34295279460171,2,4.442789761398158,8.67235210204198,106.88485813655986,0.0,0.0,120.0,0.0,1.0370702549191968,19.50153778947562,0,238,3,1,WAIT
highest_demand,195,132,08:00,120,49.955470007853656,6.758086669588029,43.197383338265624,1,0.6783884619526734,56.00101068841653,56.53287865053207,6.787722199098724,0.0,119.99999999999999,1.4210854715202004e-14,8.484719628931405,18.54762704942071,1,138,2,2,WAIT
highest_demand,196,132,08:00,120,58.86243680612771,5.110941564522023,53.75149524160569,1,10.501829825130667,28.742416831355662,74.26169495014162,6.494058393372043,0.0,119.99999999999999,1.4210854715202004e-14,3.0434952693641324,17.40027098872396,1,186,3,1,WAIT
highest_demand,197,132,08:00,120,47.921353376941575,5.439320552441496,42.48203282450008,1,1.3069361981834628,17.174309882540154,96.1402076151323,5.378546304144081,0.0,119.99999999999999,1.4210854715202004e-14,2.0004471665855252,19.75683504318046,1,186,2,1,WAIT
highest_demand,198,132,08:00,120,34.26407090968313,5.703145554859801,28.560925354823326,1,2.0008944795173136,78.11605489192229,37.53488950796921,2.3481611205912003,0.0,120.00000000000001,-1.4210854715202004e-14,12.968544924691761,9.84403729474744,1,138,2,2,WAIT
highest_demand,199,132,08:00,120,77.54331710973113,5.811441610024761,71.73187549970638,2,17.908460248415007,45.69535103281963,53.120645814284146,3.275542904481213,0.0,120.0,0.0,4.281304062525226,18.964462377573817,1,186,5,2,WAIT
highest_demand,200,132,08:00,120,78.52931164843383,5.227128468471283,73.30218317996255,3,15.943768295199959,17.807166201081035,79.68969716103372,6.559368342685261,0.0,119.99999999999997,2.842170943040401e-14,1.5032450569745408,19.40526881691059,1,162,6,2,WAIT
highest_demand,201,132,08:00,120,49.153455964753356,5.608204358652122,43.54525160610123,1,2.017866648756015,37.31456036852962,80.66757298271436,0.0,0.0,120.0,0.0,6.154010038398844,16.278807396209643,0,138,2,1,WAIT
highest_demand,202,132,08:00,120,64.37054314769706,5.135554518485584,59.23498862921148,2,17.421336427218073,19.970099342735555,82.60856423004637,0.0,0.0,120.0,0.0,2.1314733431879076,18.41074473075443,0,161,5,1,WAIT
highest_demand,203,132,08:00,120,80.2355471748736,7.0417615943071,73.1937855805665,3,10.730544130129154,51.12245492869029,58.14700094118058,0.0,0.0,120.00000000000003,-2.842170943040401e-14,5.9115102060057145,22.25553617122268,0,170,5,3,WAIT
highest_demand,204,132,08:00,120,63.07920052953342,4.4536159424578905,58.62558458707554,1,5.990184527050179,20.340281517198882,84.08496347347347,9.58457048227747,0.0,120.0,0.0,1.6248520081459954,16.189611761685565,1,186,2,1,WAIT
highest_demand,205,132,08:00,120,64.67399111159136,4.2864046581693716,60.38758645342199,1,4.2907524676834266,8.683934748546648,88.80966532469904,18.21564745907088,0.0,120.0,0.0,0.8738289522399111,16.271789680437575,1,186,2,1,WAIT
highest_demand,206,132,08:00,120,61.21020820283853,6.082928780214487,55.12727942262404,2,4.627167538636627,35.75514146827771,79.61769099308567,0.0,0.0,120.0,0.0,3.963550679468005,20.368164441389943,0,237,3,2,WAIT
highest_demand,207,132,08:00,120,53.053909341275734,4.70021873266777,48.35369060860796,2,7.377873152011138,18.815129457009164,93.8069973909797,0.0,0.0,120.0,0.0,1.4041933469266459,17.39668158374443,0,90,3,1,WAIT
highest_demand,208,132,08:00,120,29.36306895664665,6.121282095326892,23.24178686131976,1,5.183670034651078,78.11605489192229,34.88241417035937,1.8178609030672561,0.0,119.99999999999999,1.4210854715202004e-14,12.968544924691761,11.516583456615807,1,138,2,2,WAIT
highest_demand,209,132,08:00,120,65.61954027059036,6.015381485950153,59.60415878464021,1,17.696517605005997,56.89174606008893,45.41173633490508,0.0,0.0,120.0,0.0,7.858967640733264,16.202558303067345,0,138,4,2,WAIT
highest_demand,210,132,08:00,120,51.07792393918759,4.657864922938074,46.42005901624952,1,5.244493206440906,17.952799515588033,80.15562066812964,16.64708660984141,0.0,120.0,0.0,1.374695178387383,17.256764513364914,1,186,2,1,WAIT
highest_demand,211,132,08:00,120,59.742744766864554,7.0702568070122584,52.6724879598523,1,11.610605492439074,66.04960891208918,39.908829105940484,2.4309564895312548,0.0,120.0,0.0,8.720533248344106,19.560493979704926,1,138,4,2,WAIT
highest_demand,212,132,08:00,120,66.35730308603296,5.56777616191542,60.78952692411754,2,3.522238846194343,25.87798429323594,79.40090488074046,11.19887197982925,0.0,119.99999999999999,1.4210854715202004e-14,2.8433574873361254,19.427747160325556,1,186,3,2,WAIT
highest_demand,213,132,08:00,120,51.0228237388172,5.926433119419664,45.09639061939754,1,9.354082192975527,26.641433548091552,74.76499985660054,9.23948440233238,0.0,120.0,0.0,4.393771435950369,19.311961041728285,1,138,3,1,WAIT
highest_demand,214,132,08:00,120,50.267019463802114,5.7852915428556955,44.48172792094642,1,1.3059441004133963,47.93612404873932,63.95396372268351,6.80396812816376,0.0,119.99999999999999,1.4210854715202004e-14,7.144607198569821,15.99655897285296,1,138,2,2,WAIT
highest_demand,215,132,08:00,120,84.35919138798465,5.432472973700149,78.92671841428451,3,1.9508640511575488,39.28024358315282,77.96606642938625,0.8028259363033925,0.0,120.00000000000001,-1.4210854715202004e-14,3.727001441848226,18.00289045295237,1,186,4,3,WAIT
highest_demand,216,132,08:00,120,39.61708345662807,5.895198270977429,33.72188518565064,2,3.5943637095607848,72.12284721157224,42.748020536548864,1.534768542318119,0.0,120.0,0.0,11.980130218399548,11.60066286551017,1,138,3,2,WAIT
highest_demand,217,132,08:00,120,49.52452117587245,4.631265898552671,44.89325527731978,1,3.96395472278731,9.14736914291698,106.88867613429571,0.0,0.0,120.0,0.0,0.6603347362239406,17.864728857986744,0,186,2,1,WAIT
highest_demand,218,132,08:00,120,82.56001154108931,4.985563817877446,77.57444772321186,3,21.289190190550073,29.263861386325658,69.44694842312425,0.0,0.0,119.99999999999999,1.4210854715202004e-14,2.285186744369936,17.657068527139845,0,234,7,2,WAIT
highest_demand,219,132,08:00,120,44.29016311805262,6.636271947186643,37.653891170865975,1,0.1423266323330863,41.61756598209386,78.24010738557305,0.0,0.0,120.0,0.0,6.863672418971716,19.681415369774854,0,138,2,1,WAIT
highest_demand,220,132,08:00,120,52.410921820333044,4.764141065976649,47.64678075435639,1,2.7899165781007946,18.687104369149022,80.56932922830238,17.953649824447794,0.0,119.99999999999999,1.4210854715202004e-14,1.4041933469266459,17.65237091697995,1,186,2,1,WAIT
highest_demand,221,132,08:00,120,58.27462181640893,6.325215132110429,51.9494066842985,1,0.8408855167410039,41.61756598209386,77.54154850116514,0.0,0.0,120.0,0.0,6.863672418971716,18.43718810947,0,138,2,1,WAIT
highest_demand,222,132,08:00,120,55.72296907294397,5.045904106599874,50.67706496634409,1,0.785105142249289,17.174309882540154,96.0063067443889,6.034278230821656,0.0,120.0,0.0,2.0004471665855252,18.18316925981397,1,186,2,1,WAIT
highest_demand,223,132,08:00,120,85.5864277664631,7.425974211112432,78.16045355535067,2,9.878470822008863,30.387450808911133,76.60065081373777,3.133427555342223,0.0,120.0,0.0,6.186456269328671,23.517440575121054,1,237,4,2,WAIT
highest_demand,224,132,08:00,120,66.53667686698267,6.237242415421005,60.299434451561666,1,3.721641432339257,59.552539890930376,54.23592182354216,2.4898968531882133,0.0,120.0,0.0,8.109124470491876,16.839845191192143,1,138,2,2,WAIT
highest_demand,225,132,08:00,120,70.03495082290351,6.1895078271269455,63.845442995776565,1,4.292704655790306,36.94135835641736,78.60644037951423,0.1594966082781042,0.0,120.0,0.0,3.211433620565139,21.546597687942644,1,186,2,1,WAIT
highest_demand,226,132,08:00,120,74.41646108969775,5.466611466513195,68.94984962318455,3,6.171341284042133,27.26314369404786,86.56551502190999,0.0,0.0,119.99999999999997,2.842170943040401e-14,2.4412636018458427,19.425182264206935,0,161,4,2,WAIT
highest_demand,227,132,08:00,120,57.45023147703674,6.262297591562696,51.18793388547404,1,1.810752908534727,25.70540855463703,77.06500503331804,15.418833503510186,0.0,119.99999999999999,1.4210854715202004e-14,3.0080238219487234,22.04116654430206,1,186,2,1,WAIT
highest_demand,228,132,08:00,120,31.330063691707267,1.2978891855354775,30.03217450617179,1,3.4661282756149836,20.560824591528238,24.947620237858093,71.02542689499869,0.0,120.0,0.0,5.18155674214191,0.01,1,132,2,1,WAIT
highest_demand,229,132,08:00,120,66.49084193744879,5.531205627909524,60.95963630953927,2,5.010805746519672,18.687104369149022,96.3020898843313,0.0,0.0,119.99999999999999,1.4210854715202004e-14,1.4041933469266459,20.72062916471145,0,68,3,1,WAIT
highest_demand,230,132,08:00,120,57.86916428748153,6.386669369221429,51.4824949182601,1,1.2272265722425568,59.552539890930376,54.693758521636745,4.526475015190329,0.0,120.0,0.0,8.109124470491876,17.437553006393838,1,138,2,2,WAIT
highest_demand,231,132,08:00,120,67.9772462036731,5.664757387257891,62.31248881641521,3,12.568370938062118,44.55873537917455,62.87289368276333,0.0,0.0,120.0,0.0,3.8315748079497522,18.827454741081812,0,142,5,3,WAIT
highest_demand,232,132,08:00,120,44.432996360861935,6.22313658779511,38.209859773066825,1,1.028887765913879,66.26698119118457,52.70413104290155,0.0,0.0,120.0,0.0,8.720533248344106,16.17201310283633,0,138,2,2,WAIT
highest_demand,233,132,08:00,120,112.46224438924304,6.650591307972713,105.81165308127032,2,12.541137931518087,20.027672307339596,87.4311897611423,0.0,0.0,119.99999999999999,1.4210854715202004e-14,2.576329326953723,24.026035904937128,0,236,4,1,WAIT
highest_demand,234,132,08:00,120,79.83679389153286,6.044795956581602,73.79199793495127,2,1.0719925426575796,47.530122314751914,71.39788514259051,0.0,0.0,120.0,0.0,4.447688616290778,19.73149521003563,0,186,3,2,WAIT
highest_demand,235,132,08:00,120,50.970216073935894,6.547129102383778,44.42308697155212,1,3.506999914543625,66.26698119118457,50.226018894271796,0.0,0.0,120.0,0.0,8.720533248344106,17.467983161191004,0,138,2,2,WAIT
highest_demand,236,132,08:00,120,75.59902361408395,7.00079161735534,68.5982319967286,2,4.230016245152207,32.56279727555501,83.20718647929277,0.0,0.0,120.0,0.0,3.8810620735341774,24.122104395887177,0,79,3,1,WAIT
highest_demand,237,132,08:00,120,68.12989331227419,5.768410131371435,62.36148318090276,1,6.446523871011821,26.641433548091552,82.84347535511269,4.068567225783937,0.0,120.0,0.0,4.393771435950369,18.67986908953537,1,138,3,1,WAIT
highest_demand,238,132,08:00,120,69.08944874549718,5.993735770473508,63.09571297502367,3,15.803546537049282,24.680319843752986,70.85274193453914,8.663391684658592,0.0,120.0,0.0,4.070339689636145,19.904603392257886,1,138,5,1,WAIT
highest_demand,239,132,08:00,120,49.32736656041618,6.264634311445168,43.06273224897101,1,2.208837417805226,32.4390611058279,83.91207432229086,1.440027154076006,0.0,120.0,0.0,5.3499305823220356,19.70860666345864,1,138,2,1,WAIT
highest_demand,240,132,08:00,120,64.6264874432042,5.506211709533134,59.120275733671065,3,5.9682987506724485,37.15149265283057,64.8134141995924,12.066794396904584,0.0,120.0,0.0,2.9313573195042215,19.093489518628314,1,186,4,3,WAIT
highest_demand,241,132,08:00,120,59.09713499644036,5.419881925191078,53.67725307124928,1,4.633372268143763,19.94202917415522,95.42459855770102,0.0,0.0,120.0,0.0,2.5355269153076962,19.144000785456615,0,236,2,1,WAIT
highest_demand,242,132,08:00,120,53.59866211894093,6.749391946292442,46.84927017264849,2,7.548797602699586,65.77164983098591,46.67955256631453,0.0,0.0,120.00000000000001,-1.4210854715202004e-14,8.534636384406811,18.462931400762955,0,138,3,3,WAIT
highest_demand,243,132,08:00,120,62.78999177104049,6.339143835635002,56.45084793540549,1,1.1020487940810781,41.31523747276366,74.00862713223641,3.5740866009188466,0.0,120.0,0.0,6.863672418971716,18.49290292356829,1,138,2,1,WAIT
highest_demand,244,132,08:00,120,90.76194103317111,6.837365990243327,83.92457504292778,4,9.584265255674097,72.5428181262862,37.872916618039696,0.0,0.0,120.0,0.0,6.126958251961392,21.222505709011912,0,48,6,4,WAIT
highest_demand,245,132,08:00,120,64.3467851912897,6.9359461558713,57.4108390354184,3,9.19594821430628,61.92815506029277,45.85750180137769,3.0183949240232693,0.0,120.00000000000001,-1.4210854715202004e-14,6.309175470011475,21.434609153473726,1,186,5,3,WAIT
highest_demand,246,132,08:00,120,72.11530544544102,5.317446873007112,66.79785857243391,2,8.006857964211287,44.608931934494095,54.64929034576981,12.734919755524814,0.0,120.00000000000001,-1.4210854715202004e-14,3.6109559643856084,17.65883152764284,1,186,4,2,WAIT
highest_demand,247,132,08:00,120,66.49588740517751,5.878703307421899,60.61718409775561,1,11.695101325934107,47.95626958497965,56.40608554165726,3.9425435474289827,0.0,120.0,0.0,7.358101414585792,16.156711815101804,1,138,4,2,WAIT
highest_demand,248,132,08:00,120,62.73781204758228,5.831700131535858,56.90611191604642,2,23.475103215208307,36.67299989909351,51.16278420981554,8.68911267588264,0.0,120.0,0.0,3.211433620565139,20.115366905578295,1,186,6,1,WAIT
highest_demand,249,132,08:00,120,81.17190934010034,6.397625439519514,74.77428390058083,2,8.5284369392259,32.56279727555501,78.72464539714701,0.18412038807205988,0.0,119.99999999999999,1.4210854715202004e-14,3.8810620735341774,21.70943968454388,1,234,4,1,WAIT
highest_demand,250,132,08:00,120,113.46086635598546,6.9462730404356705,106.51459331554979,2,7.187422273867528,37.31456036852962,75.49801735760286,0.0,0.0,120.0,0.0,6.154010038398844,21.631082123343838,0,138,4,1,WAIT
highest_demand,251,132,08:00,120,60.577240617077514,6.48413245573124,54.09310816134627,2,1.4672708897471463,0.0,113.03237997234734,5.5003491379055305,0.0,120.00000000000001,-1.4210854715202004e-14,0.0,25.93652982292496,1,236,3,0,WAIT
highest_demand,252,132,08:00,120,72.17599348808557,4.7701818969338525,67.40581159115172,2,13.958532184881815,26.892717894082118,79.14874992103606,0.0,0.0,119.99999999999999,1.4210854715202004e-14,2.2362607859982253,16.844466801737184,0,161,4,1,WAIT
highest_demand,253,132,08:00,120,92.1671505710284,6.1243586759843165,86.04279189504409,4,6.946670618077585,32.88486797041236,80.16846141151002,0.0,0.0,119.99999999999997,2.842170943040401e-14,3.027589365977297,21.469845337959967,0,234,6,2,WAIT
highest_demand,254,132,08:00,120,52.837106577278924,6.183812050694236,46.65329452658469,2,5.350163897655895,77.28433305192064,37.36550305042347,0.0,0.0,120.0,0.0,12.831375291659114,11.903872911117833,0,138,3,2,WAIT
highest_demand,255,132,08:00,120,86.61632849246274,6.4460770843649,80.17025140809784,4,9.265737703396537,46.93617094741853,60.87054416222605,2.92754718695889,0.0,120.0,0.0,4.059608866605289,21.724699470854308,1,161,5,3,WAIT
highest_demand,256,132,08:00,120,74.22313760570368,5.969932235230905,68.25320537047278,2,10.477228017166905,28.533619131871998,80.98915285096109,0.0,0.0,120.0,0.0,3.0434952693641324,20.836233671559487,0,231,4,1,WAIT
highest_demand,257,132,08:00,120,72.7247954189249,7.486630761545545,65.23816465737936,3,8.379557325472058,77.86241668816163,33.758025986366306,0.0,0.0,120.0,0.0,9.1801369782582,20.76638606792398,0,186,5,3,WAIT
highest_demand,258,132,08:00,120,65.55967832831303,7.188149129349432,58.37152919896359,3,9.024657870358855,27.182629344261883,75.53152644349717,8.26118634188208,0.0,119.99999999999999,1.4210854715202004e-14,4.544488827807294,24.20810768959043,1,170,5,2,WAIT
highest_demand,259,132,08:00,120,81.60254788284578,7.718023622256698,73.88452426058909,2,13.832348302110375,32.63202312161532,73.5356285762743,0.0,0.0,120.0,0.0,3.8810620735341774,26.99103241549261,0,236,5,1,WAIT
highest_demand,260,132,08:00,120,72.16560227639572,7.102290655060993,65.06331162133472,2,14.906139894798939,0.0,105.09386010520106,0.0,0.0,120.0,0.0,0.0,28.409162620243972,0,230,5,0,WAIT
highest_demand,261,132,08:00,120,42.55022492455527,5.688081116406526,36.862143808148744,1,1.2403743487835273,33.32388389611289,84.21551111488563,1.2202306402179488,0.0,120.0,0.0,5.495857756053667,17.256466709572436,1,138,2,1,WAIT
highest_demand,262,132,08:00,120,60.89927530097794,7.021985900226418,53.87728940075152,2,4.411453482037545,67.93856218349174,47.64998433447071,0.0,0.0,120.0,0.0,8.982953422731788,19.104990178173882,0,138,3,3,WAIT
highest_demand,263,132,08:00,120,84.2946532065054,6.460593774931756,77.83405943157365,3,10.61455472121629,44.11159679688625,60.86467965787582,4.40916882402162,0.0,119.99999999999999,1.4210854715202004e-14,4.403242081459002,21.439133018268024,1,186,5,3,WAIT
highest_demand,264,132,08:00,120,70.8629968136917,6.711448966556726,64.15154784713496,2,2.6206027021326586,41.19014271228821,76.18925458557915,0.0,0.0,120.00000000000001,-1.4210854715202004e-14,5.981816476336082,20.863979389890822,0,138,3,2,WAIT
highest_demand,265,132,08:00,120,67.62409042576122,6.748641913851268,60.87544851190996,2,9.971002728705164,59.587311823072895,49.668957655857724,0.772727792364222,0.0,120.0,0.0,8.189465233224453,18.805102422180617,1,138,4,2,WAIT
highest_demand,266,132,08:00,120,50.40874185001123,6.048615527037093,44.36012632297414,1,3.235126965407156,32.56279727555501,69.59039673991094,14.611679019126882,0.0,120.0,0.0,3.8810620735341774,20.313400034614194,1,186,2,1,WAIT
highest_demand,267,132,08:00,120,94.97015318643736,5.774455038232549,89.19569814820481,3,14.107162259661644,43.3687326913457,62.52410504899265,0.0,0.0,120.0,0.0,3.5887933756273265,19.509026777302868,0,107,5,3,WAIT
highest_demand,268,132,08:00,120,63.58206302364653,6.048363676530517,57.53369934711601,1,0.8838085713764339,37.08634671139178,82.02984471723178,0.0,0.0,120.0,0.0,6.116372474856479,18.07708223126559,0,138,2,1,WAIT
highest_demand,269,132,08:00,120,66.09772128841543,5.8486069013029764,60.24911438711245,2,5.9467509080355025,38.74607061322115,75.30717847874334,0.0,0.0,120.0,0.0,3.503111550332291,19.891316054879614,0,230,3,1,WAIT
highest_demand,270,132,08:00,120,70.24509019142852,5.194950177991242,65.05014001343727,2,10.600258510466693,37.36683054815302,62.07034016645623,9.962570774924046,0.0,120.0,0.0,3.625299174731521,17.154501537233447,1,186,4,2,WAIT
highest_demand,271,132,08:00,120,75.44879556031368,7.241374147211036,68.20742141310265,2,5.7394098132683835,76.02481383271771,37.91172551370876,0.32405084030513365,0.0,119.99999999999999,1.4210854715202004e-14,10.109571637077401,18.855924951766738,1,138,3,3,WAIT
highest_demand,272,132,08:00,120,87.8533758896153,6.781796637323897,81.0715792522914,3,13.975128006555495,37.20597123391398,68.81890075953051,0.0,0.0,119.99999999999997,2.842170943040401e-14,4.08056552428333,23.046621025012257,0,236,5,2,WAIT
highest_demand,273,132,08:00,120,62.335641256752304,6.543390935717393,55.79225032103491,3,4.545431775021579,38.71148851783013,76.7430797071483,0.0,0.0,120.0,0.0,4.683447922503583,21.49011582036599,0,107,4,1,WAIT
highest_demand,274,132,08:00,120,49.351791470390296,5.460388138978016,43.89140333141228,3,9.382811102361643,64.92765336048355,45.689535537154825,0.0,0.0,120.00000000000001,-1.4210854715202004e-14,8.701877961483863,13.139674594428199,0,186,4,3,WAIT
highest_demand,275,132,08:00,120,57.17076523220226,5.083240293804404,52.087524938397856,2,11.393800122009552,39.11445246212418,66.64204876823803,2.8496986476282586,0.0,120.00000000000001,-1.4210854715202004e-14,6.4842724623458805,13.848688712871736,1,230,4,1,WAIT
highest_demand,276,132,08:00,120,49.634466859858975,6.472327496489881,43.16213936336909,1,2.9167612703734007,57.622266328391596,55.83771565779927,3.623256743435718,0.0,119.99999999999999,1.4210854715202004e-14,7.888465809272526,18.000844176686996,1,138,2,2,WAIT
highest_demand,277,132,08:00,120,86.69743764091245,6.810859488327528,79.88657815258493,2,5.670566307407819,49.3398269102074,64.98960678238478,0.0,0.0,120.0,0.0,10.024454821915757,17.218983131394356,0,138,3,2,WAIT
highest_demand,278,132,08:00,120,65.42897650810484,5.652856019945673,59.776120488159165,2,8.875345853217912,43.710314150702416,67.41433999607966,0.0,0.0,119.99999999999999,1.4210854715202004e-14,3.999464460336847,18.611959619445845,0,186,4,2,WAIT
highest_demand,279,132,08:00,120,78.73854855932204,5.487854304324847,73.2506942549972,3,9.586555353570628,35.59429252579973,74.81915212062964,0.0,0.0,120.0,0.0,2.720703784290162,19.230713433009225,0,162,5,3,WAIT
highest_demand,280,132,08:00,120,66.96488550125855,6.291127213288675,60.673758287969875,2,4.4871064794327715,17.174309882540154,98.33858363802707,0.0,0.0,120.0,0.0,2.0004471665855252,23.164061686569173,0,186,3,1,WAIT
highest_demand,281,132,08:00,120,59.87398848286669,6.799930871976154,53.07405761089054,1,9.343211002934968,67.68073526227937,42.976053734785665,0.0,0.0,120.0,0.0,9.527767731710012,17.671955756194603,0,138,3,2,WAIT
highest_demand,282,132,08:00,120,59.434633579214676,4.753336388204311,54.681297191010366,2,6.714424805936384,18.687104369149022,94.59847082491459,0.0,0.0,120.0,0.0,1.4041933469266459,17.6091522058906,0,137,3,1,WAIT
highest_demand,283,132,08:00,120,63.645338177873526,6.823650479358883,56.821687698514644,1,3.6109003678716007,56.00101068841653,56.744982129233705,3.643106814478159,0.0,120.0,0.0,8.484719628931405,18.809882288504124,1,138,2,2,WAIT
highest_demand,284,132,08:00,120,81.21159114004212,5.510014508059163,75.70157663198296,3,14.550565254429044,44.873883584750246,60.57555116082071,0.0,0.0,120.0,0.0,4.0342262576189025,18.005831774617747,0,186,5,3,WAIT
highest_demand,285,132,08:00,120,69.22852790807136,6.452156108199507,62.77637179987185,2,7.7997384636806775,28.60793463075015,83.59232690556918,0.0,0.0,120.0,0.0,5.802448895180527,20.0061755376175,0,236,3,2,WAIT
highest_demand,286,132,08:00,120,51.901813484662334,5.135655745059909,46.76615773960243,1,0.4796657873217332,28.742416831355662,78.9210532246527,11.856864156669914,0.0,120.0,0.0,3.0434952693641324,17.499127710875502,1,186,2,1,WAIT
highest_demand,287,132,08:00,120,68.05272694908226,5.35073917692826,62.701987772154,2,7.283397976815569,17.05744953689792,95.65915248628652,0.0,0.0,120.0,0.0,2.0004471665855252,19.402509541127518,0,237,3,1,WAIT
highest_demand,288,132,08:00,120,141.15093424961623,7.609105334483997,133.54182891513224,4,4.566730926390576,46.09652454378038,52.26303980384371,17.073704725985323,0.0,120.0,0.0,4.285633910955461,26.15078742698053,1,186,5,3,WAIT
highest_demand,289,132,08:00,120,63.4159650119744,4.824014379576598,58.591950632397804,1,16.74198205988171,0.0,103.2580179401183,0.0,0.0,120.0,0.0,0.0,19.29605751830639,0,163,4,0,WAIT
highest_demand,290,132,08:00,120,59.317411530173686,5.182347625093834,54.13506390507985,2,8.131783586218457,33.67923456074498,78.18898185303657,0.0,0.0,120.0,0.0,3.227356753010894,17.50203374736444,0,186,3,2,WAIT
highest_demand,291,132,08:00,120,67.68613667983615,6.026485571055517,61.659651108780636,3,8.702265422978925,55.92107265284029,55.37666192418078,0.0,0.0,120.0,0.0,7.858967640733264,16.246974643488805,0,231,4,2,WAIT
highest_demand,292,132,08:00,120,66.78441072896166,6.734071800499881,60.05033892846178,2,8.141360821592398,56.420022917710334,51.22571922077757,4.212897039919696,0.0,119.99999999999999,1.4210854715202004e-14,8.201011735336392,18.73527546666313,1,138,4,3,WAIT
highest_demand,293,132,08:00,120,68.64297001605982,5.370074667144597,63.27289534891522,2,7.046912923991071,38.70702419536823,66.76216214926838,7.48390073137233,0.0,120.0,0.0,3.5356666901145535,17.944631978463836,1,186,3,2,WAIT
highest_demand,294,132,08:00,120,68.37331066765421,5.363026305788527,63.010284361865686,2,6.759930438992719,33.751132893525835,71.47360675160662,8.015329915874815,0.0,120.0,0.0,3.763650840924147,17.68845438222996,1,186,3,2,WAIT
highest_demand,295,132,08:00,120,52.34605700671115,5.100550751318144,47.245506255393,1,4.409070919554137,20.47963249832994,95.11129658211591,0.0,0.0,119.99999999999999,1.4210854715202004e-14,1.6248520081459954,18.77735099712658,0,186,2,1,WAIT
highest_demand,296,132,08:00,120,54.718509572483164,4.703887371736522,50.01462220074664,1,4.572730713896969,8.743428262747267,95.18326119926395,11.500579824091801,0.0,119.99999999999999,1.4210854715202004e-14,0.8738289522399111,17.941720534706178,1,186,2,1,WAIT
highest_demand,297,132,08:00,120,62.090938420125184,6.423138629546693,55.66779979057849,2,9.649493050954256,49.545275926130024,60.75954848919859,0.045682533717126717,0.0,120.0,0.0,7.509842994106002,18.18271152408077,1,138,4,2,WAIT
highest_demand,298,132,08:00,120,61.08864893316101,6.213638473979427,54.87501045918158,2,3.1255394042196145,40.425841654962085,76.4486189408183,0.0,0.0,120.0,0.0,4.82243714688129,20.03211674903642,0,236,3,2,WAIT
highest_demand,299,132,08:00,120,84.9409208373986,6.494085764119758,78.44683507327883,3,10.535137090648439,65.63256817064214,43.83229473870941,0.0,0.0,119.99999999999999,1.4210854715202004e-14,5.623396009422446,20.352947047056585,0,79,5,3,WAIT
highest_income,0,132,08:00,120,116.07544453985848,6.895468906143758,109.17997563371472,3,21.296827375990645,0.0,93.50407058865656,5.199102035352794,0.0,120.0,0.0,0.0,27.581875624575034,1,230,7,0,WAIT
highest_income,1,132,08:00,120,45.881153608067706,5.3990473289498535,40.48210627911785,1,2.8716472477407193,33.80456294305196,83.32378980920731,0.0,0.0,120.0,0.0,5.57513253916503,16.021056776634385,0,138,2,1,WAIT
highest_income,2,132,08:00,120,29.393294854664106,6.252863485799789,23.140431368864316,1,4.464901992871566,56.50932238714459,15.493879668917344,43.5318959510665,0.0,120.0,0.0,14.02903538538622,10.982418557812936,1,132,2,2,WAIT
highest_income,3,132,08:00,120,109.38222506274509,9.913055928693439,99.46916913405165,2,4.566146060483609,48.68375448649573,50.473612954568694,16.276486498451973,0.0,120.00000000000001,-1.4210854715202004e-14,9.909480637255754,29.742743077518007,1,132,3,2,WAIT
highest_income,4,132,08:00,120,58.47655584153536,5.647308330856543,52.82924751067881,1,7.969362240458697,30.633933783155136,81.39670397638616,0.0,0.0,120.0,0.0,5.052224497764085,17.537008825662085,0,195,3,1,WAIT
highest_income,5,132,08:00,120,65.9882697166976,5.725431763440119,60.26283795325748,1,16.78418497638194,36.81693499417165,66.10894664402208,0.2899333854243338,0.0,120.00000000000001,-1.4210854715202004e-14,6.116372474856479,16.785354578903995,1,138,4,1,WAIT
highest_income,6,132,08:00,120,31.143943100833134,6.34782108696417,24.796122013868963,1,10.948732906482391,56.50932238714459,26.552366254652714,25.989578451720305,0.0,120.0,0.0,14.02903538538622,11.36224896247046,1,132,3,2,WAIT
highest_income,7,132,08:00,120,36.12560018291369,6.742439845492547,29.383160337421145,1,4.736070945065716,57.21256660460536,53.907333500809685,4.144028949519239,0.0,120.0,0.0,14.02903538538622,12.940723996583968,1,132,2,2,WAIT
highest_income,8,132,08:00,120,91.95352579287739,9.738552769290836,82.21497302358655,2,11.049770465584668,53.864456476863936,55.085773057551414,0.0,0.0,120.00000000000003,-2.842170943040401e-14,8.84153325324248,30.112677823920865,0,226,4,3,WAIT
highest_income,9,132,08:00,120,63.39852332063105,5.94333822725734,57.45518509337371,2,6.888270917496345,19.97513435546876,93.13659472703489,0.0,0.0,120.0,0.0,5.18155674214191,18.59179616688745,0,170,3,1,WAIT
highest_income,10,132,08:00,120,98.586221464515,9.347031010262455,89.23919045425255,2,9.802852610605754,49.027089001696865,61.170058387697395,0.0,0.0,120.00000000000001,-1.4210854715202004e-14,7.8079831862873625,29.58014085476246,0,4,3,2,WAIT
highest_income,11,132,08:00,120,58.940594037316,5.762073191534355,53.17852084578165,1,7.327247230820907,36.81693499417165,73.06083336629354,2.7949844087139013,0.0,120.0,0.0,6.116372474856479,16.93192029128094,1,138,3,1,WAIT
highest_income,12,132,08:00,120,50.0981185230407,6.392288059088369,43.705830463952324,1,5.1297160485763245,33.63589275272784,77.21559090643167,4.018800292264174,0.0,120.00000000000001,-1.4210854715202004e-14,5.547315032160212,20.02183720419326,1,138,2,1,WAIT
highest_income,13,132,08:00,120,60.563960043202925,4.4058948446916695,56.15806519851125,1,1.7729376310056866,0.0,118.22706236899431,0.0,0.0,120.0,0.0,0.0,17.623579378766678,0,230,2,0,WAIT
highest_income,14,132,08:00,120,72.71075274273265,7.744120143531301,64.96663259920135,2,11.527971313089047,57.114456299918324,51.35757238699263,0.0,0.0,120.0,0.0,11.225838024067258,19.750642550057947,0,93,4,2,WAIT
highest_income,15,132,08:00,120,50.909367966684826,5.504889558872147,45.404478407812675,1,11.79553286786872,23.00872960516973,85.19573752696155,0.0,0.0,120.0,0.0,3.794656872882214,18.224901362606374,0,195,4,1,WAIT
highest_income,16,132,08:00,120,51.23337325578459,5.369762400925918,45.86361085485868,1,19.922782259179904,43.315889504306355,37.84980186648365,18.91152637003009,0.0,120.0,0.0,7.239163253180994,14.239886350522678,1,93,5,1,WAIT
highest_income,17,132,08:00,120,58.001297235566945,7.080367384007699,50.920929851559244,1,8.212230326044402,44.29164126071659,65.19246533664796,2.30366307659105,0.0,120.0,0.0,7.35814036437716,20.963329171653637,1,93,3,1,WAIT
highest_income,18,132,08:00,120,60.617820336834804,7.138714585221378,53.479105751613425,1,9.30245987760291,57.114456299918324,53.58308382247878,0.0,0.0,120.0,0.0,11.225838024067258,17.329020316818255,0,93,3,2,WAIT
highest_income,19,132,08:00,120,55.09031327729002,6.317379758630321,48.7729335186597,1,22.39342707402925,42.15399692506748,50.30348228080864,5.149093720094626,0.0,120.0,0.0,6.988158704348737,18.281360330172546,1,93,6,1,WAIT
highest_income,20,132,08:00,120,54.73669344111044,7.048469351993186,47.688224089117256,1,34.47894285341657,55.692923370274485,29.828133776308967,0.0,0.0,120.00000000000003,-2.842170943040401e-14,11.080887213444068,17.112990194528678,0,93,8,2,WAIT
highest_income,21,132,08:00,120,68.29167431407438,5.454973268671916,62.83670104540247,1,3.8303345757978358,21.52038098632073,94.64928443788143,0.0,0.0,120.0,0.0,3.2942182210822684,18.525674853605395,0,226,2,2,WAIT
highest_income,22,132,08:00,120,51.08618258349293,8.485254692760305,42.60092789073262,1,0.20636267731793434,49.102932676166404,66.52307685245995,4.167627794055704,0.0,120.0,0.0,9.909480637255754,24.03153813378547,1,93,2,2,WAIT
highest_income,23,132,08:00,120,61.90809370063417,5.815479541108625,56.092614159525546,1,8.537872083969841,35.436344331764445,70.5553839475708,5.470399636694907,0.0,120.0,0.0,5.8870158831703945,17.374902281264106,1,138,3,1,WAIT
highest_income,24,132,08:00,120,64.51748939523051,6.521700716831933,57.99578867839858,1,8.887401050851697,41.08201127600024,70.03058767314806,0.0,0.0,120.0,0.0,6.824926708865075,19.26187615846266,0,93,3,1,WAIT
highest_income,25,132,08:00,120,61.9856192514245,5.951000873444887,56.03461837797961,1,10.612880991731164,30.633933783155136,78.50323303705704,0.2499521880566533,0.0,120.0,0.0,5.052224497764085,18.75177899601546,1,195,3,1,WAIT
highest_income,26,132,08:00,120,54.733175644580534,7.061121727151388,47.672053917429146,1,13.221206439437443,56.240083481010586,50.53871007955196,0.0,0.0,119.99999999999999,1.4210854715202004e-14,11.080887213444068,17.163599695161484,0,93,4,2,WAIT
highest_income,27,132,08:00,120,69.12452941256261,5.961332692108003,63.16319672045461,1,21.05992664846856,43.66810749800973,55.271965853521706,0.0,0.0,120.0,0.0,7.239163253180994,16.60616751525102,0,93,6,1,WAIT
highest_income,28,132,08:00,120,59.538347407473,8.993652584780946,50.54469482269205,1,5.345407764099968,49.102932676166404,65.55165955973362,0.0,0.0,120.0,0.0,9.909480637255754,26.065129701868035,0,93,2,2,WAIT
highest_income,29,132,08:00,120,44.96640232182415,4.716887566473793,40.249514755350354,1,14.529015040848943,0.0,87.46470440772057,18.00628055143048,0.0,120.0,0.0,0.0,18.867550265895172,1,230,4,0,WAIT
highest_income,30,132,08:00,120,59.42225675071762,5.925926872390358,53.496329878327266,1,15.78183636760702,44.29164126071659,59.92652237167639,0.0,0.0,120.0,0.0,7.35814036437716,16.34556712518427,0,93,4,1,WAIT
highest_income,31,132,08:00,120,52.004858877419785,5.391973796665007,46.61288508075478,1,0.9259501083591504,27.53349240256558,85.2912348193068,6.249322669768475,0.0,120.0,0.0,4.54089199937273,17.0270031872873,1,138,2,1,WAIT
highest_income,32,132,08:00,120,58.16502107223948,4.872842045661937,53.29217902657754,1,9.288555262896086,19.32931340105168,89.9973802267361,1.3847511093161415,0.0,120.0,0.0,1.462922560080833,18.028445622566913,1,161,3,1,WAIT
highest_income,33,132,08:00,120,58.370027468554085,5.871539839030303,52.49848762952378,1,3.0289261091173794,35.171797950226974,79.84310444862933,1.9561714920263142,0.0,120.0,0.0,5.800620334703995,17.685539021417217,1,138,2,1,WAIT
highest_income,34,132,08:00,120,56.77188604610454,5.882269332435099,50.88961671366944,1,2.5084117491822058,37.38598946472994,71.89263606697219,8.212962719115666,0.0,120.0,0.0,6.210909108635681,17.318168221104713,1,138,2,1,WAIT
highest_income,35,132,08:00,120,58.25648453101829,6.284824321526405,51.97166020949188,1,9.771669813731517,35.69565343448948,74.53267675177901,0.0,0.0,120.0,0.0,5.8870158831703945,19.252281402935225,0,138,3,1,WAIT
highest_income,36,132,08:00,120,76.80093789932812,9.319237234377937,67.48170066495018,3,7.079206574970514,50.25880219586314,62.661991229166325,0.0,0.0,119.99999999999997,2.842170943040401e-14,11.776448717814965,25.500500219696786,0,138,4,3,WAIT
highest_income,37,132,08:00,120,55.32358963285272,5.729306200048144,49.59428343280458,1,3.168249567124536,37.0434908058026,69.00485349144626,10.783406135626592,0.0,119.99999999999997,2.842170943040401e-14,6.154010038398844,16.76321476179373,1,138,2,1,WAIT
highest_income,38,132,08:00,120,57.51491901378861,5.822583203812122,51.692335809976484,1,38.63542638974242,43.5582220125748,37.80635159768277,0.0,0.0,120.0,0.0,7.279663046882188,16.0106697683663,0,93,9,1,WAIT
highest_income,39,132,08:00,120,31.651055617257555,6.378877131191985,25.27217848606557,1,3.8010049042079217,57.21256660460536,55.275573994096206,3.710854497090523,0.0,120.00000000000001,-1.4210854715202004e-14,14.02903538538622,11.48647313938172,1,132,2,2,WAIT
highest_income,40,132,08:00,120,90.86989352934762,7.976411182978356,82.89348234636927,2,13.260756170678096,18.23601065498538,88.50323317433651,0.0,0.0,120.0,0.0,4.426965712609704,27.47867901930372,0,43,5,2,WAIT
highest_income,41,132,08:00,120,67.34775520081361,6.025962896246933,61.32179230456668,1,3.578029073377359,37.31456036852962,77.23632156315881,1.871088994934226,0.0,120.00000000000001,-1.4210854715202004e-14,6.154010038398844,17.94984154658889,1,138,2,1,WAIT
highest_income,42,132,08:00,120,47.24188654556436,6.562720704174097,40.679165841390265,1,3.9386203552172936,40.52276183838487,75.53861780639784,0.0,0.0,120.0,0.0,6.683114598541168,19.567768218155223,0,93,2,1,WAIT
highest_income,43,132,08:00,120,41.06276188121969,7.086369051754652,33.97639282946504,1,8.297318128968282,51.14773034022629,60.554951530805425,0.0,0.0,120.0,0.0,10.249181488265936,18.09629471875267,0,93,3,2,WAIT
highest_income,44,132,08:00,120,79.17119449313117,7.25083123098076,71.9203632621504,2,16.314430517535826,18.23601065498538,85.4495588274788,0.0,0.0,120.0,0.0,4.426965712609704,24.57635921131333,0,43,4,2,WAIT
highest_income,45,132,08:00,120,95.35740324375283,6.062833768164682,89.29456947558815,3,8.049242219137021,0.0,111.95075778086297,0.0,0.0,120.0,0.0,0.0,24.251335072658726,0,186,4,0,WAIT
highest_income,46,132,08:00,120,58.03591367878732,5.816734933970047,52.21917874481727,1,5.668956369629777,40.83728476026365,43.54277031995416,29.950988550152417,0.0,120.0,0.0,6.824926708865075,16.442013027015115,1,93,2,1,WAIT
highest_income,47,132,08:00,120,53.12661962528709,6.6032125631898655,46.52340706209723,1,15.61444961572424,52.499684726392964,51.8858656578828,0.0,0.0,120.00000000000001,-1.4210854715202004e-14,10.47853807995202,15.934312172807441,0,93,4,2,WAIT
highest_income,48,132,08:00,120,62.156884515940035,9.051327003312688,53.10555751262735,2,6.353303991960087,51.14773034022629,62.49896566781363,0.0,0.0,120.0,0.0,10.249181488265936,25.95612652498481,0,93,3,2,WAIT
highest_income,49,132,08:00,120,51.49898901105132,6.493773400603889,45.005215610447436,1,5.8634775224095765,26.45082820508135,87.68569427250907,0.0,0.0,120.0,0.0,4.362336329046457,21.6127572733691,0,207,2,1,WAIT
highest_income,50,132,08:00,120,40.61646232102707,2.2787452728566717,38.3377170481704,2,3.00326757106505,8.49552497511286,80.77749927256522,27.723708181256868,0.0,120.0,0.0,3.1402954808806487,5.974685610546038,1,132,3,1,WAIT
highest_income,51,132,08:00,120,61.50347655654928,5.643849781375477,55.8596267751738,1,9.269106817721353,41.31523747276366,69.415655709515,0.0,0.0,120.0,0.0,6.863672418971716,15.71172670653019,0,138,3,1,WAIT
highest_income,52,132,08:00,120,46.632415982267524,7.388452199589808,39.24396378267772,1,26.300430585725298,52.42730178931886,39.99297332433099,1.279294300624855,0.0,120.0,0.0,10.516175643494385,19.037633154864846,1,93,7,2,WAIT
highest_income,53,132,08:00,120,42.492748506359156,6.024809247308345,36.46793925905081,1,24.32627692065647,57.21256660460536,32.1236554259063,6.337501048831882,0.0,120.0,0.0,14.02903538538622,10.070201603847158,1,132,6,2,WAIT
highest_income,54,132,08:00,120,52.232025881841224,6.518893935767326,45.7131319460739,1,7.560452146927016,33.32388389611289,79.11566395696009,0.0,0.0,120.0,0.0,5.495857756053667,20.579717987015638,0,138,2,1,WAIT
highest_income,55,132,08:00,120,40.89649233812989,6.973979323939531,33.92251301419036,1,5.430145492767701,51.14773034022629,63.42212416700601,0.0,0.0,120.0,0.0,10.249181488265936,17.64673580749219,0,93,2,2,WAIT
highest_income,56,132,08:00,120,55.95639595185102,5.955115937841342,50.00128001400968,1,7.761340312763948,42.064571084350035,70.17408860288602,0.0,0.0,120.0,0.0,6.988158704348737,16.83230504701663,0,93,2,1,WAIT
highest_income,57,132,08:00,120,60.62543623185223,7.094379062035052,53.531057169817174,1,4.696090036877449,47.914795346658366,67.38911461646418,0.0,0.0,120.0,0.0,9.712096187417577,18.66542006072263,0,93,2,2,WAIT
highest_income,58,132,08:00,120,53.23454490831057,6.363282651531393,46.871262256779175,1,12.722757414590822,42.15399692506748,48.97237008656375,16.150875573777952,0.0,120.00000000000001,-1.4210854715202004e-14,6.988158704348737,18.464971901776835,1,93,4,1,WAIT
highest_income,59,132,08:00,120,38.648942963955946,6.3416494067553,32.307293557200644,1,3.706578086070951,56.50932238714459,29.794754268988562,29.989345257795904,0.0,120.00000000000001,-1.4210854715202004e-14,14.02903538538622,11.337562241634979,1,132,2,2,WAIT
highest_income,60,132,08:00,120,34.832429703547675,6.347485513465235,28.48494419008244,1,1.1143656612067065,56.50932238714459,25.74392181652612,36.63239013512258,0.0,120.0,0.0,14.02903538538622,11.360906668474717,1,132,2,2,WAIT
highest_income,61,132,08:00,120,51.26273170611817,5.226802728463623,46.03592897765454,1,6.984260140505884,21.701996483341333,91.31374337615279,0.0,0.0,120.0,0.0,2.6985797370704905,18.208631176784003,0,145,3,2,WAIT
highest_income,62,132,08:00,120,94.52707585531627,6.768494970724465,87.75858088459181,2,3.9269399804134464,35.171797950226974,80.90126206935957,0.0,0.0,120.0,0.0,5.800620334703995,21.273359548193863,0,138,3,1,WAIT
highest_income,63,132,08:00,120,61.71096065540184,6.636406294435307,55.07455436096653,1,5.305032304759058,52.606590797846465,56.41380658763518,5.674570309759304,0.0,120.0,0.0,10.47853807995202,16.06708709778921,1,93,2,2,WAIT
highest_income,64,132,08:00,120,60.83697561031984,5.799605399725571,55.03737021059427,1,4.38425655770694,32.26656284316143,81.84222488503939,1.5069557140922427,0.0,120.0,0.0,5.321481740112142,17.876939858790145,1,138,2,1,WAIT
highest_income,65,132,08:00,120,50.784321042842315,5.52435719134423,45.259963851498085,2,9.186332038405396,37.08634671139178,71.87769482502772,1.849626425175103,0.0,120.0,0.0,6.116372474856479,15.981056290520444,1,138,3,1,WAIT
highest_income,66,132,08:00,120,50.59161338911379,6.156050483747474,44.43556290536632,1,3.5714500398838256,43.57546961049243,72.85308034962374,0.0,0.0,120.0,0.0,7.239163253180994,17.3850386818089,0,93,2,1,WAIT
highest_income,67,132,08:00,120,54.426137840843275,6.47836257562769,47.94777526521558,1,5.76596948863936,34.32247986892295,75.99003571639862,3.921514926039066,0.0,120.0,0.0,5.660548685821679,20.25290161668908,1,138,2,1,WAIT
highest_income,68,132,08:00,120,60.70404549930968,5.215036252103388,55.48900924720629,1,1.850576325896109,35.171797950226974,82.97762572387691,0.0,0.0,120.0,0.0,5.800620334703995,15.059524673709559,0,138,2,1,WAIT
highest_income,69,132,08:00,120,49.960174743014264,7.174855735606192,42.78531900740807,1,8.731744511938176,51.116159041055774,49.22985610316762,10.922240343838425,0.0,119.99999999999999,1.4210854715202004e-14,10.249181488265936,18.45024145415883,1,93,3,2,WAIT
highest_income,70,132,08:00,120,90.08877441618168,7.34021165017233,82.74856276600934,2,17.775842958099688,39.98874502074836,62.23541202115196,0.0,0.0,120.0,0.0,6.683114598541168,22.677732002148154,0,7,6,1,WAIT
highest_income,71,132,08:00,120,57.97729931136253,5.845987358808146,52.131311952554384,1,1.0322313937609715,35.69565343448948,81.13488159418384,2.137233577565709,0.0,120.0,0.0,5.8870158831703945,17.49693355206219,1,138,2,1,WAIT
highest_income,72,132,08:00,120,62.57955141300773,8.884157447232427,53.6953939657753,1,4.56703475537892,93.24700769019586,19.858807114238054,2.327150440187154,0.0,120.0,0.0,20.183045423785064,15.353584365144645,1,132,2,3,WAIT
highest_income,73,132,08:00,120,66.3008108956754,6.711282475277269,59.589528420398125,3,9.645968378993915,0.0,110.35403162100609,0.0,0.0,120.0,0.0,0.0,26.845129901109075,0,162,4,0,WAIT
highest_income,74,132,08:00,120,54.69782141548655,7.493412645033178,47.20440877045337,1,9.220823280701893,49.102932676166404,61.676244043131696,0.0,0.0,120.0,0.0,9.909480637255754,20.06416994287696,0,93,3,2,WAIT
highest_income,75,132,08:00,120,63.76177962565851,5.840254010832625,57.92152561482589,1,11.844927703640938,37.38598946472994,66.02697504297761,4.742107788651509,0.0,120.0,0.0,6.210909108635681,17.150106934694822,1,138,3,1,WAIT
highest_income,76,132,08:00,120,50.15539386017628,6.350375217832785,43.8050186423435,1,14.441576653907223,32.20340933819652,73.35501400789626,0.0,0.0,120.0,0.0,5.3499305823220356,20.051570289009106,0,138,4,1,WAIT
highest_income,77,132,08:00,120,59.3384171957584,6.159725544501471,53.17869165125693,1,2.744827130979088,41.31523747276366,72.37603443999839,3.5639009562588484,0.0,119.99999999999999,1.4210854715202004e-14,6.863672418971716,17.77522975903417,1,138,2,1,WAIT
highest_income,78,132,08:00,120,65.86273660089195,7.017687424387199,58.84504917650475,1,4.773045997182708,51.223065112509275,54.685540959072426,9.318347931235593,0.0,120.0,0.0,10.249181488265936,17.82156820928286,1,93,2,2,WAIT
highest_income,79,132,08:00,120,59.5826598755628,6.877116743046177,52.705543132516624,1,11.126991188873415,51.223065112509275,57.64994369861731,0.0,0.0,120.0,0.0,10.249181488265936,17.25928548391877,0,93,4,2,WAIT
highest_income,80,132,08:00,120,54.41339839022742,6.038227731474091,48.37517065875333,1,9.323129369791527,43.819254350238715,62.83711789309936,4.0204983868704005,0.0,120.0,0.0,7.279663046882188,16.873247879014176,1,93,3,1,WAIT
highest_income,81,132,08:00,120,58.63726508671093,6.0807231406154445,52.556541946095486,1,1.1272126932923296,27.53349240256558,80.70022779219852,10.639067111943561,0.0,119.99999999999999,1.4210854715202004e-14,4.54089199937273,19.78200056308905,1,138,2,1,WAIT
highest_income,82,132,08:00,120,59.68465609483507,6.823034759758148,52.86162133507692,1,12.713597399878305,52.499684726392964,45.94638029970806,8.84033757402068,0.0,120.0,0.0,10.47853807995202,16.81360095908057,1,93,4,2,WAIT
highest_income,83,132,08:00,120,64.2220740696212,6.582098260021032,57.639975809600166,1,3.7134315835892293,57.114456299918324,59.17211211649244,0.0,0.0,120.0,0.0,11.225838024067258,15.10255501601687,0,93,2,2,WAIT
highest_income,84,132,08:00,120,60.87445266326985,4.903304803030148,55.971147860239704,1,1.377791472791884,0.0,113.30732105935726,5.314887467850852,0.0,120.0,0.0,0.0,19.61321921212059,1,230,2,0,WAIT
highest_income,85,132,08:00,120,51.32690382765251,6.719265879345284,44.60763794830722,1,0.7751597790513088,52.5283210026335,61.22912664250235,5.467392575812838,0.0,119.99999999999999,1.4210854715202004e-14,10.47853807995202,16.398525437429115,1,93,2,2,WAIT
highest_income,86,132,08:00,120,109.25572971087115,8.067996269472456,101.18773344139869,2,7.3045783858799185,43.5582220125748,65.26283075444356,3.8743688471017066,0.0,119.99999999999999,1.4210854715202004e-14,7.279663046882188,24.99232203100764,1,132,4,1,WAIT
highest_income,87,132,08:00,120,96.54803562163308,6.760182503403871,89.78785311822921,2,10.697413191165184,55.67078778995824,53.63179901887656,0.0,0.0,119.99999999999999,1.4210854715202004e-14,11.068572625312305,15.972157388303177,0,138,4,2,WAIT
highest_income,88,132,08:00,120,52.69534357206037,4.9462536548494125,47.74908991721095,1,2.6633810524203216,18.08349532988265,99.25312361769703,0.0,0.0,120.0,0.0,1.6200323646974635,18.16498225470019,0,161,2,1,WAIT
highest_income,89,132,08:00,120,54.360778265038284,6.437171302678175,47.92360696236011,1,4.238602502414839,33.63589275272784,76.94978400987448,5.175720734982846,0.0,120.0,0.0,5.547315032160212,20.20137017855249,1,138,2,1,WAIT
highest_income,90,132,08:00,120,54.91995187678767,6.673974611306695,48.245977265480974,2,9.641186553120704,52.5283210026335,57.8304924442458,0.0,0.0,120.0,0.0,10.47853807995202,16.21736036527476,0,93,4,2,WAIT
highest_income,91,132,08:00,120,60.83203455193281,6.31940661043896,54.51262794149385,1,19.547531245602983,42.15399692506748,58.29847182932954,0.0,0.0,120.0,0.0,6.988158704348737,18.2894677374071,0,93,5,1,WAIT
highest_income,92,132,08:00,120,54.63224931481798,5.527937337657338,49.10431197716065,1,23.25552542009494,5.764747419260081,90.97972716064498,0.0,0.0,120.0,0.0,0.9442673102196014,21.16748204040975,0,202,6,1,WAIT
highest_income,93,132,08:00,120,57.33053331156055,5.72673698698648,51.60379632457407,1,1.043928483925112,43.89433760149426,75.06173391458063,0.0,0.0,120.0,0.0,7.239163253180994,15.667784694764926,0,93,2,1,WAIT
highest_income,94,132,08:00,120,78.16214745506161,5.310891233868082,72.85125622119354,2,16.729347384264337,6.231928775935154,96.75219110875875,0.2865327310417598,0.0,120.0,0.0,0.8023858489694058,20.441179086502924,1,239,5,1,WAIT
highest_income,95,132,08:00,120,104.34527089758087,7.54615054068269,96.79912035689819,2,6.042810390073221,57.026623481225506,56.930566128701265,0.0,0.0,120.0,0.0,11.225838024067258,18.9587641386635,0,93,3,2,WAIT
highest_income,96,132,08:00,120,88.86068768055277,10.910217888994474,77.9504697915583,3,11.655080989997368,66.14745145010383,42.1974675598988,0.0,0.0,120.0,0.0,17.16933086626687,26.471540689711038,0,132,5,3,WAIT
highest_income,97,132,08:00,120,97.35027123824176,8.639117852100618,88.71115338614115,2,2.728340924086372,45.24305827041561,72.02860080549803,0.0,0.0,120.00000000000001,-1.4210854715202004e-14,7.475551339859686,27.080920068542788,0,202,3,2,WAIT
highest_income,98,132,08:00,120,85.31682905951811,6.730545714631815,78.5862833448863,2,2.481546578958304,43.57546961049243,72.20744696382786,1.735536846721402,0.0,120.0,0.0,7.239163253180994,19.683019605346267,1,70,3,1,WAIT
highest_income,99,132,08:00,120,66.05387062005207,6.366928132365432,59.686942487686636,3,3.739710189147874,29.304252854275504,86.9560369565766,0.0,0.0,119.99999999999997,2.842170943040401e-14,6.055385694381822,19.412326835079906,0,234,4,2,WAIT
highest_income,100,132,08:00,120,59.40572822404944,5.622744676406802,53.78298354764264,1,3.571864626500454,35.171797950226974,79.73886996194177,1.5174674613307957,0.0,120.0,0.0,5.800620334703995,16.690358370923214,1,138,2,1,WAIT
highest_income,101,132,08:00,120,95.79570071207414,9.142529730369517,86.65317098170462,2,7.406629702936148,62.70041439660629,44.325156911050996,5.567798989406555,0.0,119.99999999999999,1.4210854715202004e-14,10.671412322434177,25.898706599043894,1,138,4,2,WAIT
highest_income,102,132,08:00,120,62.753349545940175,7.893928028483357,54.859421517456816,2,9.396500725068735,53.891497228624374,40.255886528039085,16.456115518267822,0.0,120.00000000000001,-1.4210854715202004e-14,10.709268434408777,20.86644367952465,1,93,3,2,WAIT
highest_income,103,132,08:00,120,53.05748384443647,6.071829458356691,46.98565438607978,1,4.551726788183322,41.31523747276366,62.384313758676676,11.74872198037636,0.0,120.00000000000003,-2.842170943040401e-14,6.863672418971716,17.42364541445505,1,138,2,1,WAIT
highest_income,104,132,08:00,120,56.40302525599465,7.085884161157314,49.31714109483733,1,6.550058463815368,51.116159041055774,48.99893246241086,13.334850032718009,0.0,120.00000000000001,-1.4210854715202004e-14,10.249181488265936,18.09435515636332,1,93,2,2,WAIT
highest_income,105,132,08:00,120,54.64781543233084,6.797332051664873,47.85048338066596,1,10.82776896851678,39.15229933146185,44.9021050741253,25.117826625896058,0.0,119.99999999999999,1.4210854715202004e-14,6.490546598814233,20.69878160784526,1,93,3,1,WAIT
highest_income,106,132,08:00,120,60.171845782088965,4.153049966370175,56.01879581571879,1,4.162216065594201,8.43088161979289,103.09139701573945,4.315505298873461,0.0,120.0,0.0,1.126618214345614,15.485581651135087,1,68,2,1,WAIT
highest_income,107,132,08:00,120,64.11279493836514,7.403148341904726,56.709646596460416,3,10.444786240883086,29.31281092966405,72.85448891933191,7.387913910120957,0.0,120.00000000000001,-1.4210854715202004e-14,8.321852223022558,21.290741144596346,1,138,5,2,WAIT
highest_income,108,132,08:00,120,55.88269105624039,6.2798723088275805,49.60281874741281,1,28.202211298699645,42.15399692506748,49.64379177623288,0.0,0.0,120.0,0.0,6.988158704348737,18.131330530961584,0,93,7,1,WAIT
highest_income,109,132,08:00,120,46.40826314429751,6.2308746819786816,40.177388462318824,2,15.987834813609823,43.66810749800973,46.16348242620447,14.180575262175978,0.0,120.0,0.0,7.239163253180994,17.684335474733732,1,93,5,1,WAIT
highest_income,110,132,08:00,120,53.743405253436606,5.408451009620989,48.334954243815616,1,0.43084355383936757,23.00872960516973,86.21448454680905,10.345942294181853,0.0,120.0,0.0,3.794656872882214,17.83914716560174,1,195,2,1,WAIT
highest_income,111,132,08:00,120,52.91793145109273,4.545199141716724,48.372732309376005,1,18.02838230990904,5.764747419260081,96.20687027083089,0.0,0.0,120.00000000000001,-1.4210854715202004e-14,0.9442673102196014,17.236529256647295,0,202,5,1,WAIT
highest_income,112,132,08:00,120,107.80020850956706,8.64331256899471,99.15689594057234,2,8.754681944975884,50.71637124236322,53.73903826448548,6.7899085481754184,0.0,120.0,0.0,10.249181488265936,24.32406878771291,1,230,3,2,WAIT
highest_income,113,132,08:00,120,56.59339656855925,7.976232475745778,48.61716409281347,1,9.910894607298793,49.102932676166404,60.986172716534796,0.0,0.0,120.0,0.0,9.909480637255754,21.99544926572736,0,93,3,2,WAIT
highest_income,114,132,08:00,120,65.72439958990012,8.80585497845168,56.91854461144844,2,4.0424546879777585,57.87538496005786,58.082160351964376,0.0,0.0,120.0,0.0,11.335566780540754,23.887853133265967,0,138,3,2,WAIT
highest_income,115,132,08:00,120,66.64219646404729,6.329964333066919,60.31223213098037,1,12.16925128521269,42.064571084350035,65.76617763043727,0.0,0.0,120.0,0.0,6.988158704348737,18.33169862791894,0,93,4,1,WAIT
highest_income,116,132,08:00,120,51.46965156322219,6.63668961282158,44.832961950400616,1,21.041085859074858,39.06924131705907,59.88967282386608,0.0,0.0,120.0,0.0,6.490546598814233,20.056211852472085,0,93,6,1,WAIT
highest_income,117,132,08:00,120,93.45528511396972,7.460394907894757,85.99489020607497,2,11.745716939216308,51.223065112509275,57.0312179482744,0.0,0.0,119.99999999999999,1.4210854715202004e-14,10.249181488265936,19.59239814331309,0,93,5,2,WAIT
highest_income,118,132,08:00,120,115.42172192778727,8.58613765632907,106.8355842714582,2,10.165453261963588,55.80628125286326,54.028265485173165,0.0,0.0,120.00000000000001,-1.4210854715202004e-14,11.080887213444068,23.263663411872216,0,164,4,2,WAIT
highest_income,119,132,08:00,120,43.01031433286525,6.140376669461332,36.86993766340392,1,7.133373348247702,57.21256660460536,49.26620719758054,6.3878528495664,0.0,120.0,0.0,14.02903538538622,10.532471292459109,1,132,3,2,WAIT
highest_income,120,132,08:00,120,53.7704608320135,5.717987966991037,48.05247286502246,1,1.6595503589916365,33.80456294305196,81.58789611585388,2.94799058210252,0.0,120.0,0.0,5.57513253916503,17.29681932879912,1,138,2,1,WAIT
highest_income,121,132,08:00,120,43.300985003441696,5.63682481607928,37.66416018736241,1,4.109748026156135,27.04756538135947,86.72619291957362,2.116493672910778,0.0,120.0,0.0,4.460751707301817,18.086547557015304,1,207,2,1,WAIT
highest_income,122,132,08:00,120,57.728387618948545,5.981618617804207,51.74676900114434,1,19.770495608238004,40.83728476026365,37.71091372143907,21.68130591005928,0.0,120.0,0.0,6.824926708865075,17.101547762351753,1,93,5,1,WAIT
highest_income,123,132,08:00,120,46.71465143576779,7.097928596588197,39.616722839179594,1,2.6467258202005257,53.09737547319178,64.2558987066077,0.0,0.0,120.0,0.0,10.573074713731224,17.81863967262157,0,93,2,2,WAIT
highest_income,124,132,08:00,120,57.119434325628525,6.393219675579188,50.726214650049336,1,27.22128141768955,42.15399692506748,50.62472165724297,0.0,0.0,120.0,0.0,6.988158704348737,18.584719997968016,0,93,7,1,WAIT
highest_income,125,132,08:00,120,54.771378897440435,6.194328500175895,48.57705039726454,1,10.918698988085236,44.29164126071659,64.78965975119817,0.0,0.0,120.0,0.0,7.35814036437716,17.41917363632642,0,93,3,1,WAIT
highest_income,126,132,08:00,120,55.039596242673625,5.573590966221693,49.46600527645193,1,10.290241869079692,27.53349240256558,82.17626572835472,0.0,0.0,120.0,0.0,4.54089199937273,17.753471865514044,0,138,3,1,WAIT
highest_income,127,132,08:00,120,99.54140235080703,7.6149700898265955,91.92643226098043,2,12.484983065855817,43.5582220125748,63.95679492156937,0.0,0.0,119.99999999999999,1.4210854715202004e-14,7.279663046882188,23.18021731242419,0,170,4,1,WAIT
highest_income,128,132,08:00,120,54.89433344434469,7.553193617857765,47.34113982648692,1,9.930978910500006,57.114456299918324,52.95456478958166,0.0,0.0,120.0,0.0,11.225838024067258,18.986936447363803,0,93,3,2,WAIT
highest_income,129,132,08:00,120,57.303857867479834,7.561451524875768,49.74240634260407,1,4.001230495441249,49.102932676166404,66.57508108333754,0.32075574505481086,0.0,120.0,0.0,9.909480637255754,20.336325462247316,1,93,2,2,WAIT
highest_income,130,132,08:00,120,56.22095558555751,6.8634947762749325,49.35746080928258,1,2.1336478164470285,52.499684726392964,44.65682393444897,20.70984352271104,0.0,120.00000000000001,-1.4210854715202004e-14,10.47853807995202,16.97544102514771,1,93,2,2,WAIT
highest_income,131,132,08:00,120,57.936739241262124,7.289717673573257,50.64702156768887,1,0.5047769182966053,49.78453211817956,69.71069096352383,0.0,0.0,120.0,0.0,10.022714290917222,19.136156403375807,0,93,2,2,WAIT
highest_income,132,132,08:00,120,55.747288372024144,6.204424927623833,49.54286344440031,1,4.773152129621209,37.0434908058026,70.48749320192194,7.695863862654264,0.0,120.00000000000001,-1.4210854715202004e-14,6.154010038398844,18.66368967209649,1,138,2,1,WAIT
highest_income,133,132,08:00,120,44.353815085602946,7.172777678737721,37.18103740686522,1,6.142423744665096,51.14773034022629,62.709845915108616,0.0,0.0,120.0,0.0,10.249181488265936,18.441929226684948,0,93,3,2,WAIT
highest_income,134,132,08:00,120,64.52790843204403,7.297068367019101,57.23084006502493,1,6.655947070994996,52.20209557603227,40.4171262523425,20.72483110063024,0.0,120.0,0.0,10.47853807995202,18.709735388124383,1,93,3,2,WAIT
highest_income,135,132,08:00,120,57.76868123911615,5.98906600771163,51.77961523140452,1,5.615306018012357,36.81693499417165,71.70194188946215,5.86581709835383,0.0,119.99999999999999,1.4210854715202004e-14,6.116372474856479,17.83989155599004,1,138,2,1,WAIT
highest_income,136,132,08:00,120,48.26481673500197,5.912170692721873,42.3526460422801,1,2.0265708016254926,44.29164126071659,64.09430892252388,9.58747901513405,0.0,120.00000000000001,-1.4210854715202004e-14,7.35814036437716,16.290542406510333,1,93,2,1,WAIT
highest_income,137,132,08:00,120,39.391521911225254,6.964830973207901,32.42669093801735,1,2.460826741840319,53.1768550317075,57.368161558165326,6.9941566682868626,0.0,120.00000000000001,-1.4210854715202004e-14,10.573074713731224,17.286249179100384,1,93,2,2,WAIT
highest_income,138,132,08:00,120,65.44421622905341,7.0622199369472325,58.38199629210618,1,2.993905215203753,52.75487681426444,64.2512179705318,0.0,0.0,120.0,0.0,10.516175643494385,17.732704104294545,0,93,2,2,WAIT
highest_income,139,132,08:00,120,60.363916798966976,6.696973146372135,53.66694365259484,1,10.512319401703637,41.16934827485738,53.07603918637383,15.242293137065147,0.0,119.99999999999999,1.4210854715202004e-14,6.824926708865075,19.962965876623464,1,93,3,1,WAIT
highest_income,140,132,08:00,120,81.59587811197972,8.711335718716219,72.8845423932635,2,1.8042961890092173,52.0887376934435,63.773193542524815,2.3337725750224934,0.0,120.00000000000003,-2.842170943040401e-14,10.47853807995202,24.366804794912852,1,132,3,2,WAIT
highest_income,141,132,08:00,120,59.89903353444274,5.64699405418468,54.252039480258055,1,6.696320959301523,24.882546762131966,88.42113227856652,0.0,0.0,120.0,0.0,4.103691455634394,18.484284761104327,0,207,3,1,WAIT
highest_income,142,132,08:00,120,60.17673593480472,8.578403554135743,51.59833238066898,1,11.319330921726324,86.22273419057815,1.0,21.45793488769553,0.0,120.0,0.0,17.479908283556718,16.833705932986252,1,132,4,2,WAIT
highest_income,143,132,08:00,120,67.02730077617066,7.95214748359963,59.07515329257103,1,6.315546508544403,49.78453211817956,63.899921373276044,0.0,0.0,120.0,0.0,10.022714290917222,21.785875643481297,0,93,3,2,WAIT
highest_income,144,132,08:00,120,0.0,0.0,0.0,0,0.018510752381846757,0.0,0.0,119.98148924761816,0.0,120.0,0.0,0.0,0.0,1,132,1,0,WAIT
highest_income,145,132,08:00,120,62.181634016687184,8.044580174588368,54.137053842098815,1,25.63826521915276,48.7971123690845,42.587769243504844,2.9768531682578896,0.0,120.0,0.0,9.909480637255754,22.26884006109772,1,93,6,2,WAIT
highest_income,146,132,08:00,120,52.70086374941262,6.011611067566639,46.68925268184598,1,26.869397033687132,43.66810749800973,49.46249546830313,0.0,0.0,120.0,0.0,7.239163253180994,16.80728101708556,0,93,7,1,WAIT
highest_income,147,132,08:00,120,61.319231484197125,5.240521978793352,56.07870950540377,1,6.968512898333701,27.04756538135947,85.98392172030682,0.0,0.0,120.0,0.0,4.460751707301817,16.501336207871592,0,207,2,1,WAIT
highest_income,148,132,08:00,120,63.36199165140334,7.384527100454474,55.977464550948866,1,9.373001103283526,51.52556314001008,26.612646353653062,32.48878940305333,0.0,120.0,0.0,10.516175643494385,19.021932758323512,1,93,3,2,WAIT
highest_income,149,132,08:00,120,76.04381281770407,6.815279058368168,69.2285337593359,2,14.01533278461349,35.69565343448948,70.28901378089702,0.0,0.0,120.0,0.0,5.8870158831703945,21.374100350302278,0,138,5,1,WAIT
highest_income,150,132,08:00,120,57.646563754344896,5.7432231094551165,51.90334064488978,1,6.60556643162927,43.57546961049243,64.21048027220587,5.608483685672425,0.0,120.0,0.0,7.239163253180994,15.733729184639472,1,93,3,1,WAIT
highest_income,151,132,08:00,120,48.75210215695351,7.2457978025967416,41.50630435435677,1,6.299429121879886,52.726722177165875,50.33409837468169,10.639750326272562,0.0,120.00000000000001,-1.4210854715202004e-14,10.516175643494385,18.46701556689258,1,93,2,2,WAIT
highest_income,152,132,08:00,120,103.99078032157391,6.378853266456442,97.61192705511746,2,4.3423689111778145,33.32388389611289,75.58722560146292,6.746521591246363,0.0,119.99999999999999,1.4210854715202004e-14,5.495857756053667,20.0195553097721,1,138,3,1,WAIT
highest_income,153,132,08:00,120,55.6221721758031,7.431532792502502,48.1906393833006,1,0.9024025669573339,51.223065112509275,58.29430805437707,9.580224266156335,0.0,120.00000000000001,-1.4210854715202004e-14,10.249181488265936,19.47694968174407,1,93,2,2,WAIT
highest_income,154,132,08:00,120,63.44164200402537,6.071284377241572,57.3703576267838,1,12.624361551985917,43.57546961049243,63.800168837521646,0.0,0.0,120.0,0.0,7.239163253180994,17.045974255785293,0,93,4,1,WAIT
highest_income,155,132,08:00,120,55.25488999166811,4.600000324769354,50.654889666898754,2,8.363718190724509,7.809274754995019,103.82700705428047,0.0,0.0,120.0,0.0,0.8391674825048044,17.56083381657261,0,163,4,1,WAIT
highest_income,156,132,08:00,120,62.34008517358087,5.989965754209431,56.35011941937144,1,4.3026149839999706,42.064571084350035,67.81597931977278,5.816834611877212,0.0,120.0,0.0,6.988158704348737,16.971704312488985,1,93,2,1,WAIT
highest_income,157,132,08:00,120,57.041711829358455,7.3144268724113966,49.72728495694706,1,3.8631087213343442,51.14773034022629,60.057449637519234,4.931711300920128,0.0,119.99999999999999,1.4210854715202004e-14,10.249181488265936,19.00852600137965,1,93,2,2,WAIT
highest_income,158,132,08:00,120,50.10054232102061,6.858206559322555,43.24233576169806,1,8.409383359619536,52.83362824861938,58.756988391761084,0.0,0.0,120.0,0.0,10.516175643494385,16.916650593795836,0,93,3,2,WAIT
highest_income,159,132,08:00,120,62.949568468936675,6.633969127046415,56.31559934189026,1,33.547804293862846,52.31394390673009,34.13825179940707,0.0,0.0,120.0,0.0,10.516175643494385,16.019700864691274,0,93,8,2,WAIT
highest_income,160,132,08:00,120,70.68976776075598,7.479103197078772,63.21066456367721,2,7.367667885481051,33.78507797742414,78.84725413709481,0.0,0.0,120.0,0.0,7.083037434228331,22.83337535408676,0,255,3,3,WAIT
highest_income,161,132,08:00,120,53.05989341117772,6.677336881005371,46.382556530172344,1,1.7471150693411341,52.5283210026335,65.72456392802538,0.0,0.0,120.0,0.0,10.47853807995202,16.230809444069465,0,93,2,2,WAIT
highest_income,162,132,08:00,120,53.1446329776938,6.121765263366428,47.022867714327376,1,2.7674951058287824,43.57546961049243,73.65703528367878,0.0,0.0,120.0,0.0,7.239163253180994,17.24789780028472,0,93,2,1,WAIT
highest_income,163,132,08:00,120,61.6863694939914,6.856285225636766,54.83008426835463,1,13.220666791440646,51.223065112509275,55.55626809605008,0.0,0.0,120.0,0.0,10.249181488265936,17.175959414281127,0,93,4,2,WAIT
highest_income,164,132,08:00,120,53.73930412997965,5.471090795233901,48.26821333474575,1,6.104631913570398,37.08634671139178,76.80902137503782,0.0,0.0,120.0,0.0,6.116372474856479,15.767990706079127,0,138,2,1,WAIT
highest_income,165,132,08:00,120,61.81282639084808,5.3321125984813165,56.480713792366764,1,4.613978545472572,35.171797950226974,75.16730121406022,5.046922290240246,0.0,120.0,0.0,5.800620334703995,15.527830059221271,1,138,2,1,WAIT
highest_income,166,132,08:00,120,45.632358356855875,6.956124833684022,38.67623352317185,1,12.381672652814888,51.223065112509275,56.39526223467583,0.0,0.0,120.0,0.0,10.249181488265936,17.575317846470153,0,93,4,2,WAIT
highest_income,167,132,08:00,120,55.460648297640894,7.484633578847148,47.97601471879375,1,7.662913852305448,52.42730178931886,39.186212305181414,20.72357205319429,0.0,120.00000000000001,-1.4210854715202004e-14,10.516175643494385,19.422358671894205,1,93,3,2,WAIT
highest_income,168,132,08:00,120,74.508286801573,6.798197623229553,67.71008917834345,2,6.578168100094652,28.21341570411441,85.20841619579093,0.0,0.0,120.0,0.0,4.6213657288823615,22.571424764035854,0,199,4,1,WAIT
highest_income,169,132,08:00,120,123.5608851168151,8.161791009936,115.3990941068791,3,6.932641918913599,28.796791623508348,83.09366749879754,1.1768989587805123,0.0,120.0,0.0,4.749238446722005,27.897925593021995,1,207,5,1,WAIT
highest_income,170,132,08:00,120,60.07090348523718,5.727894999309976,54.34300848592721,1,0.9214163899715798,27.04756538135947,87.54659282026769,4.484425408401265,0.0,120.0,0.0,4.460751707301817,18.450828289938087,1,207,2,1,WAIT
highest_income,171,132,08:00,120,45.345216323049776,7.145194304103721,38.20002201894606,1,23.276758582611325,51.116159041055774,45.6070823763329,0.0,0.0,120.0,0.0,10.249181488265936,18.331595728148947,0,93,6,2,WAIT
highest_income,172,132,08:00,120,54.06952849458744,8.482648719945747,45.58687977464169,1,5.529827643212315,49.102932676166404,65.36723968062128,0.0,0.0,120.0,0.0,9.909480637255754,24.021114242527236,0,93,2,2,WAIT
highest_income,173,132,08:00,120,51.043040613634446,8.21127253743319,42.83176807620126,1,13.064360324067467,49.06701430425767,55.34859085799078,2.520034513684095,0.0,120.0,0.0,9.909480637255754,22.935609512477008,1,93,4,2,WAIT
highest_income,174,132,08:00,120,60.044346566526734,7.0700020365636,52.97434452996313,1,5.799891261164226,51.14773034022629,63.052378398609484,0.0,0.0,120.0,0.0,10.249181488265936,18.030826657988463,0,93,3,2,WAIT
highest_income,175,132,08:00,120,60.038423977886346,6.2782207460968396,53.760203231789504,1,2.285771956671834,37.31456036852962,75.14467742850273,5.2549902462958045,0.0,119.99999999999999,1.4210854715202004e-14,6.154010038398844,18.958872945988514,1,138,2,1,WAIT
highest_income,176,132,08:00,120,54.27892252450388,6.4807284537995695,47.79819407070431,1,18.408221315615684,51.116159041055774,42.76578514010916,7.709834503219383,0.0,120.0,0.0,10.249181488265936,15.673732326932344,1,93,5,2,WAIT
highest_income,177,132,08:00,120,47.775564978420064,8.423369338863697,39.35219563955637,1,0.9403130962993426,85.30946117679827,33.75022572690239,0.0,0.0,120.0,0.0,16.906033033471672,16.78744432198312,0,132,2,2,WAIT
highest_income,178,132,08:00,120,69.73896706857242,7.9106711781473855,61.82829589042504,2,5.940950189047113,49.92551714626688,61.04875749362502,3.0847751710609828,0.0,120.0,0.0,10.024454821915757,21.618229890673785,1,138,3,2,WAIT
highest_income,179,132,08:00,120,57.44805280821487,6.128304638553294,51.31974816966157,1,14.193354023835749,43.57546961049243,62.23117636567182,0.0,0.0,120.0,0.0,7.239163253180994,17.27405530103218,0,93,4,1,WAIT
highest_income,180,132,08:00,120,45.50753777955118,7.33721070505973,38.170327074491446,1,21.009679691537627,47.876351091878604,51.113969216583776,0.0,0.0,120.0,0.0,9.712096187417577,19.636746632821346,0,93,5,2,WAIT
highest_income,181,132,08:00,120,62.49498223624305,6.327697611186909,56.16728462505614,1,1.383833702111351,44.29164126071659,70.81504147980782,3.5094835573642342,0.0,120.0,0.0,7.35814036437716,17.952650080370475,1,93,2,1,WAIT
highest_income,182,132,08:00,120,71.184744297657,4.469225399938365,66.71551889771864,2,5.004694241180853,0.0,114.99530575881914,0.0,0.0,120.0,0.0,0.0,17.87690159975346,0,68,3,0,WAIT
highest_income,183,132,08:00,120,69.09595790779315,5.603618174942045,63.49233973285111,1,6.190685546220542,36.81693499417165,69.31356139407434,7.678818065533463,0.0,120.0,0.0,6.116372474856479,16.2981002249117,1,138,3,1,WAIT
highest_income,184,132,08:00,120,50.91600843781514,6.256400625482147,44.65960781233299,1,6.440754332948522,41.31523747276366,63.0676968192088,9.176311375079024,0.0,120.0,0.0,6.863672418971716,18.16193008295687,1,138,3,1,WAIT
highest_income,185,132,08:00,120,140.7171082049654,8.417396321595096,132.2997118833703,2,5.309885395030927,52.20209557603227,62.48801902893682,0.0,0.0,120.00000000000001,-1.4210854715202004e-14,10.47853807995202,23.191047206428365,0,132,3,2,WAIT
highest_income,186,132,08:00,120,55.04589927501954,6.458900134311534,48.58699914070801,1,16.116634752322298,42.064571084350035,61.818794163327674,0.0,0.0,120.0,0.0,6.988158704348737,18.8474418328974,0,93,4,1,WAIT
highest_income,187,132,08:00,120,47.34647219489284,9.079804865219767,38.26666732967307,1,2.1216244426631503,91.17775522252202,24.028545339377885,2.6720749954369296,0.0,119.99999999999999,1.4210854715202004e-14,19.829655720090216,16.489563740788856,1,132,2,3,WAIT
highest_income,188,132,08:00,120,58.681361310325116,7.392675082143563,51.288686228181554,1,18.104304300507046,50.71637124236322,30.256212412087443,20.923112045042288,0.0,120.00000000000001,-1.4210854715202004e-14,10.249181488265936,19.321518840308315,1,93,5,2,WAIT
highest_income,189,132,08:00,120,57.60323168245154,5.008304552889665,52.59492712956188,1,12.207293952062601,21.701996483341333,86.09070956459607,0.0,0.0,120.0,0.0,2.6985797370704905,17.33463847448817,0,145,3,2,WAIT
highest_income,190,132,08:00,120,51.762819970669646,6.050370887041468,45.71244908362818,1,9.730195153199503,33.32388389611289,76.94592095068761,0.0,0.0,120.0,0.0,5.495857756053667,18.705625792112205,0,138,3,1,WAIT
highest_income,191,132,08:00,120,67.52346480607002,5.42212441351219,62.10134039255783,2,6.032322489700952,18.08349532988265,95.88418218041639,0.0,0.0,119.99999999999999,1.4210854715202004e-14,1.6200323646974635,20.068465289351295,0,161,3,1,WAIT
highest_income,192,132,08:00,120,52.6075312397602,5.717383913557631,46.890147326202566,1,0.8209600434923661,35.69565343448948,83.48338652201815,0.0,0.0,120.0,0.0,5.8870158831703945,16.98251977106013,0,138,2,1,WAIT
highest_income,193,132,08:00,120,66.78780413629532,8.557153075403544,58.23065106089177,2,9.21306716940673,72.58172515331523,38.20520767727805,0.0,0.0,120.0,0.0,15.660094822093932,18.568517479520242,0,93,4,3,WAIT
highest_income,194,132,08:00,120,61.648352444117926,4.8650680246514355,56.78328441946649,1,11.652621882274802,5.764747419260081,102.58263069846512,0.0,0.0,120.0,0.0,0.9442673102196014,18.51600478838614,0,202,4,1,WAIT
highest_income,195,132,08:00,120,49.955470007853656,7.265950673228774,42.68951933462488,1,1.0926675627484443,52.83362824861938,56.53287865053207,9.540825538100094,0.0,119.99999999999999,1.4210854715202004e-14,10.516175643494385,18.54762704942071,1,93,2,2,WAIT
highest_income,196,132,08:00,120,58.86243680612771,5.724032186194407,53.138404619933304,1,11.262216637847338,33.32388389611289,74.26169495014162,1.1522045158981484,0.0,120.0,0.0,5.495857756053667,17.40027098872396,1,138,3,1,WAIT
highest_income,197,132,08:00,120,47.921353376941575,5.304939400815323,42.61641397612625,1,4.530478983816019,19.32931340105168,96.1402076151323,0.0,0.0,120.0,0.0,1.462922560080833,19.75683504318046,0,161,2,1,WAIT
highest_income,198,132,08:00,120,79.6144116911429,6.6996464867267145,72.91476520441618,2,12.483955642211603,43.819254350238715,63.69679000754968,0.0,0.0,120.0,0.0,7.279663046882188,19.51892290002467,0,93,5,1,WAIT
highest_income,199,132,08:00,120,180.24477293990066,7.749271320346927,172.49550161955372,2,14.349100470215458,38.8365049197157,66.81439461006885,0.0,0.0,120.0,0.0,6.490546598814233,24.506538682573474,0,132,5,1,WAIT
highest_income,200,132,08:00,120,59.1678409626334,6.833981146009026,52.333859816624376,1,14.077050825587001,52.606590797846465,53.316358376566534,0.0,0.0,120.0,0.0,10.47853807995202,16.857386504084083,0,93,4,2,WAIT
highest_income,201,132,08:00,120,49.153455964753356,5.608204358652122,43.54525160610123,1,2.017866648756015,37.31456036852962,80.66757298271436,0.0,0.0,120.0,0.0,6.154010038398844,16.278807396209643,0,138,2,1,WAIT
highest_income,202,132,08:00,120,56.84477934638308,6.991672707389821,49.85310663899325,1,2.566658792782964,56.15410556410965,61.27923564310738,0.0,0.0,120.0,0.0,11.080887213444068,16.885803616115215,0,93,2,2,WAIT
highest_income,203,132,08:00,120,55.73374231569937,7.272126035694661,48.461616280004705,1,26.403750422885526,51.52556314001008,27.351715378432758,14.718971058671642,0.0,120.0,0.0,10.516175643494385,18.572328499284257,1,93,6,2,WAIT
highest_income,204,132,08:00,120,63.07920052953342,5.080171795537875,57.99902873399555,1,8.284344563233336,25.048588189178787,84.08496347347347,2.5821037741144153,0.0,120.0,0.0,4.131075420465934,16.189611761685565,1,207,2,1,WAIT
highest_income,205,132,08:00,120,64.67399111159136,4.699922532116284,59.97406857947508,1,1.1395857810706174,30.050748894230335,88.80966532469904,0.0,0.0,120.0,0.0,2.527900448027562,16.271789680437575,0,161,2,2,WAIT
highest_income,206,132,08:00,120,50.02595196171623,7.222100202203066,42.803851759513165,1,2.408572598511191,49.78453211817956,67.80689528330926,0.0,0.0,120.00000000000001,-1.4210854715202004e-14,10.022714290917222,18.865686517895043,0,93,2,2,WAIT
highest_income,207,132,08:00,120,55.054870640515816,4.6664425699114105,50.388428070604405,2,16.251500305279688,7.90967182447483,95.8388278702455,0.0,0.0,120.00000000000001,-1.4210854715202004e-14,0.8391674825048044,17.826602797140836,0,163,5,1,WAIT
highest_income,208,132,08:00,120,67.16946353979543,6.809985788048911,60.35947775174652,2,13.598836612154518,40.11150012731208,66.28966326053342,0.0,0.0,120.00000000000001,-1.4210854715202004e-14,6.615288294992232,20.62465485720341,0,93,4,1,WAIT
highest_income,209,132,08:00,120,65.61954027059036,5.860430389062085,59.759109881528275,1,30.920156167085185,43.66810749800973,45.41173633490508,0.0,0.0,120.0,0.0,7.239163253180994,16.202558303067345,0,93,7,1,WAIT
highest_income,210,132,08:00,120,51.07792393918759,5.764346212017227,45.31357772717037,1,4.672581381643388,35.171797950226974,80.15562066812964,0.0,0.0,120.0,0.0,5.800620334703995,17.256764513364914,0,138,2,1,WAIT
highest_income,211,132,08:00,120,59.742744766864554,6.637163171013416,53.105581595851135,1,26.87132765802751,41.813991436526386,39.908829105940484,11.405851799505626,0.0,120.00000000000001,-1.4210854715202004e-14,6.988158704348737,19.560493979704926,1,93,7,1,WAIT
highest_income,212,132,08:00,120,57.77383605026377,6.207020915904325,51.566815134359445,1,3.733083833574062,37.0434908058026,70.26902941009133,8.954395950532003,0.0,120.0,0.0,6.154010038398844,18.674073625218455,1,138,2,1,WAIT
highest_income,213,132,08:00,120,51.0228237388172,6.498768910067364,44.52405482874984,1,4.712238305014601,40.52276183838487,74.76499985660054,0.0,0.0,120.0,0.0,6.683114598541168,19.311961041728285,0,93,2,1,WAIT
highest_income,214,132,08:00,120,50.267019463802114,6.618774263201245,43.64824520060087,1,3.517715274682993,52.5283210026335,63.95396372268351,0.0,0.0,120.0,0.0,10.47853807995202,15.99655897285296,0,93,2,2,WAIT
highest_income,215,132,08:00,120,61.3866359484049,6.574229224314662,54.81240672409024,1,1.8934759993419839,52.606590797846465,54.56488027438582,10.93505292842572,0.0,119.99999999999999,1.4210854715202004e-14,10.47853807995202,15.818378817306627,1,93,2,2,WAIT
highest_income,216,132,08:00,120,28.103999632680125,6.096351849256554,22.00764778342357,1,6.742501458628113,57.17597913262362,30.755151744027543,25.32636766472072,0.0,120.0,0.0,14.02903538538622,10.356372011639996,1,132,2,2,WAIT
highest_income,217,132,08:00,120,49.52452117587245,4.631265898552671,44.89325527731978,1,3.96395472278731,9.14736914291698,106.88867613429571,0.0,0.0,120.0,0.0,0.6603347362239406,17.864728857986744,0,186,2,1,WAIT
highest_income,218,132,08:00,120,58.52220470017064,6.590649703955337,51.931554996215304,1,4.105793585967742,52.499684726392964,50.619723162783,12.774798524856294,0.0,120.0,0.0,10.47853807995202,15.884060735869326,1,93,2,2,WAIT
highest_income,219,132,08:00,120,44.29016311805262,6.636271947186643,37.653891170865975,1,0.1423266323330863,41.61756598209386,78.24010738557305,0.0,0.0,120.0,0.0,6.863672418971716,19.681415369774854,0,138,2,1,WAIT
highest_income,220,132,08:00,120,52.410921820333044,5.884846700037587,46.52607512029546,1,2.904222717264479,35.69565343448948,80.56932922830238,0.8307946199436458,0.0,119.99999999999999,1.4210854715202004e-14,5.8870158831703945,17.65237091697995,1,138,2,1,WAIT
highest_income,221,132,08:00,120,58.27462181640893,6.325215132110429,51.9494066842985,1,0.8408855167410039,41.61756598209386,77.54154850116514,0.0,0.0,120.0,0.0,6.863672418971716,18.43718810947,0,138,2,1,WAIT
highest_income,222,132,08:00,120,55.72296907294397,4.911522954973701,50.81144611797027,1,4.382866996020906,19.32931340105168,96.0063067443889,0.2815128585385196,0.0,120.0,0.0,1.462922560080833,18.18316925981397,1,161,2,1,WAIT
highest_income,223,132,08:00,120,85.5864277664631,7.539181463053617,78.04724630340948,2,10.237315180653157,28.874560099529646,76.60065081373777,4.287473906079413,0.0,119.99999999999999,1.4210854715202004e-14,6.639285277093411,23.517440575121054,1,145,4,2,WAIT
highest_income,224,132,08:00,120,66.53667686698267,6.029877059518583,60.50679980746409,1,17.19473729085586,43.912410504191264,54.23592182354216,4.6569303814107315,0.0,120.00000000000001,-1.4210854715202004e-14,7.279663046882188,16.839845191192143,1,93,5,1,WAIT
highest_income,225,132,08:00,120,70.03495082290351,6.597373941929122,63.43757688097439,1,4.328605238219253,29.36469255473864,78.60644037951423,7.700261827527882,0.0,120.0,0.0,4.842898079773846,21.546597687942644,1,138,2,1,WAIT
highest_income,226,132,08:00,120,52.8057894092335,6.5357365435429395,46.27005286569056,1,14.3341445347684,51.116159041055774,48.84076606321309,5.7089303609627535,0.0,120.00000000000001,-1.4210854715202004e-14,10.249181488265936,15.893764685905824,1,93,4,2,WAIT
highest_income,227,132,08:00,120,57.45023147703674,6.925428807530935,50.5248026695058,1,2.2702721081913864,34.32247986892295,77.06500503331804,6.342242989567623,0.0,120.0,0.0,5.660548685821679,22.04116654430206,1,138,2,1,WAIT
highest_income,228,132,08:00,120,31.330063691707267,1.2978891855354775,30.03217450617179,1,3.4661282756149836,20.560824591528238,24.947620237858093,71.02542689499869,0.0,120.0,0.0,5.18155674214191,0.01,1,132,2,1,WAIT
highest_income,229,132,08:00,120,62.45249823915339,6.404612557731314,56.04788568142208,1,0.8707767286843997,34.85226399626454,84.27695927505106,0.0,0.0,120.0,0.0,5.747922000839862,19.87052823008539,0,199,2,1,WAIT
highest_income,230,132,08:00,120,57.86916428748153,6.1793040133190065,51.68986027416253,1,6.251915994064301,43.912410504191264,54.693758521636745,15.141914980107686,0.0,120.0,0.0,7.279663046882188,17.437553006393838,1,93,3,1,WAIT
highest_income,231,132,08:00,120,56.83103274376504,6.6144045844215285,50.216628159343514,1,26.61579585506039,51.116159041055774,42.26804510388384,0.0,0.0,120.0,0.0,10.249181488265936,16.208436849420178,0,93,6,2,WAIT
highest_income,232,132,08:00,120,44.432996360861935,5.790042951796267,38.64295340906567,1,25.141872032030975,42.15399692506748,52.70413104290155,0.0,0.0,120.00000000000001,-1.4210854715202004e-14,6.988158704348737,16.17201310283633,0,93,6,1,WAIT
highest_income,233,132,08:00,120,112.46224438924304,6.8144488807878885,105.64779550845515,2,7.570473569617967,24.998336669239723,87.4311897611423,0.0,0.0,120.0,0.0,3.2317596182144266,24.026035904937128,0,152,3,3,WAIT
highest_income,234,132,08:00,120,71.11967240930208,6.987537241869247,64.13213516743284,1,14.968481406180459,51.116159041055774,53.915359552763775,0.0,0.0,120.00000000000001,-1.4210854715202004e-14,10.249181488265936,17.70096747921105,0,93,4,2,WAIT
highest_income,235,132,08:00,120,50.970216073935894,6.1140354663849354,44.85618060755096,1,17.15809943638876,42.15399692506748,50.226018894271796,10.46188474427197,0.0,120.0,0.0,6.988158704348737,17.467983161191004,1,93,5,1,WAIT
highest_income,236,132,08:00,120,64.30137144677177,7.965482763990147,56.33588868278162,1,6.615850919174376,49.102932676166404,64.28121640465922,0.0,0.0,120.0,0.0,9.909480637255754,21.95245041870484,0,93,3,2,WAIT
highest_income,237,132,08:00,120,68.12989331227419,5.768410131371435,62.36148318090276,1,6.446523871011821,26.641433548091552,82.84347535511269,4.068567225783937,0.0,120.0,0.0,4.393771435950369,18.67986908953537,1,138,3,1,WAIT
highest_income,238,132,08:00,120,56.186333237288565,6.2767429895034095,49.909590247785154,1,22.99912967721601,40.3139087355677,56.686961587216295,0.0,0.0,120.0,0.0,6.683114598541168,18.423857359472468,0,93,6,1,WAIT
highest_income,239,132,08:00,120,49.32736656041618,6.264634311445168,43.06273224897101,1,2.208837417805226,32.4390611058279,83.91207432229086,1.440027154076006,0.0,120.0,0.0,5.3499305823220356,19.70860666345864,1,138,2,1,WAIT
highest_income,240,132,08:00,120,49.76083094872947,7.047252033491107,42.713578915238365,1,1.8651609885452407,53.069948960253996,45.362241933935664,19.7026481172651,0.0,120.0,0.0,10.573074713731224,17.615933420233205,1,93,2,2,WAIT
highest_income,241,132,08:00,120,75.58082473502921,5.367861214865912,70.2129635201633,2,10.2386086160444,0.0,109.7613913839556,0.0,0.0,120.0,0.0,0.0,21.47144485946365,0,230,4,0,WAIT
highest_income,242,132,08:00,120,48.10058635798689,6.912685997493419,41.18790036049347,1,33.8777401971504,52.6544022930213,33.46785750982829,0.0,0.0,120.0,0.0,10.573074713731224,17.077669276242453,0,93,8,2,WAIT
highest_income,243,132,08:00,120,62.78999177104049,6.339143835635002,56.45084793540549,1,1.1020487940810781,41.31523747276366,74.00862713223641,3.5740866009188466,0.0,120.0,0.0,6.863672418971716,18.49290292356829,1,138,2,1,WAIT
highest_income,244,132,08:00,120,94.30857867937202,10.680112282933472,83.62846639643854,2,1.9092732984993095,69.8146001914747,40.23876206267612,8.037364447349887,0.0,120.00000000000003,-2.842170943040401e-14,11.916992809560472,30.803456322173414,1,138,3,2,WAIT
highest_income,245,132,08:00,120,49.07503160232383,8.569457620195784,40.50557398212805,1,1.2154585974322734,82.60726085696993,27.56754945054925,8.609731095048545,0.0,120.0,0.0,16.655028484639416,17.622801996143718,1,132,2,2,WAIT
highest_income,246,132,08:00,120,53.79580832066307,5.727243179029593,48.06856514163348,1,36.01255388413721,43.315889504306355,40.67155661155644,0.0,0.0,120.0,0.0,7.239163253180994,15.669809462937378,0,93,9,1,WAIT
highest_income,247,132,08:00,120,66.49588740517751,6.845637459792266,59.65024994538525,1,6.479458158424415,57.114456299918324,56.40608554165726,0.0,0.0,120.0,0.0,11.225838024067258,16.156711815101804,0,93,3,2,WAIT
highest_income,248,132,08:00,120,57.54366163391527,6.416830500427418,51.126831133487855,1,29.971682706481342,39.98874502074836,43.48650962124291,6.553062651527398,0.0,120.0,0.0,6.683114598541168,18.984207403168504,1,93,7,1,WAIT
highest_income,249,132,08:00,120,70.09318750096234,7.612579000492339,62.480608500470005,1,2.462488251103959,49.102932676166404,68.43457907272963,0.0,0.0,120.0,0.0,9.909480637255754,20.540835364713605,0,93,2,2,WAIT
highest_income,250,132,08:00,120,113.46086635598546,6.9462730404356705,106.51459331554979,2,7.187422273867528,37.31456036852962,75.49801735760286,0.0,0.0,120.0,0.0,6.154010038398844,21.631082123343838,0,138,4,1,WAIT
highest_income,251,132,08:00,120,60.577240617077514,6.48413245573124,54.09310816134627,2,1.4672708897471463,0.0,113.03237997234734,5.5003491379055305,0.0,120.00000000000001,-1.4210854715202004e-14,0.0,25.93652982292496,1,236,3,0,WAIT
highest_income,252,132,08:00,120,56.32508741896113,5.641653659859751,50.68343375910138,1,11.167730964066916,42.064571084350035,66.76769795158305,0.0,0.0,120.0,0.0,6.988158704348737,15.578455935090265,0,93,3,1,WAIT
highest_income,253,132,08:00,120,80.73763200659036,8.81927340922441,71.91835859736595,2,2.8837928944512687,56.133177409557085,60.98302969599165,0.0,0.0,120.0,0.0,11.080887213444068,24.196206423453575,0,7,3,2,WAIT
highest_income,254,132,08:00,120,43.00088177526779,6.265602509535233,36.73527926573256,1,1.1809228691740228,57.17597913262362,31.477690684605506,30.16540731359686,0.0,120.0,0.0,14.02903538538622,11.033374652754711,1,132,2,2,WAIT
highest_income,255,132,08:00,120,54.260846564518246,9.46415049968693,44.796696064831316,1,3.670863761975171,89.85742479842955,17.829544949202024,8.642166490393251,0.0,119.99999999999999,1.4210854715202004e-14,19.60416792455125,18.25243407419647,1,132,2,3,WAIT
highest_income,256,132,08:00,120,56.670954589835695,6.1983402193472195,50.47261437048847,1,13.823335836848715,44.29164126071659,61.88502290243469,0.0,0.0,120.0,0.0,7.35814036437716,17.435220513011718,0,93,4,1,WAIT
highest_income,257,132,08:00,120,94.67068015812487,10.277596275359137,84.39308388276572,2,10.101072782844124,78.25578926550583,31.643137951650044,0.0,0.0,120.0,0.0,14.87230951590239,26.238075585534162,0,93,4,3,WAIT
highest_income,258,132,08:00,120,52.10739249861737,7.741898098436068,44.365494400181305,2,11.69926330699768,35.54309035647233,70.91612778461717,1.841518551912813,0.0,119.99999999999999,1.4210854715202004e-14,7.601047188182466,23.366545205561806,1,207,5,2,WAIT
highest_income,259,132,08:00,120,64.14745676403965,8.288400653323118,55.85905611071653,1,9.56847644061772,49.06701430425767,52.21334009964846,9.151169155476154,0.0,120.00000000000001,-1.4210854715202004e-14,9.909480637255754,23.24412197603672,1,93,3,2,WAIT
highest_income,260,132,08:00,120,72.16560227639572,7.102290655060993,65.06331162133472,2,14.906139894798939,0.0,105.09386010520106,0.0,0.0,120.0,0.0,0.0,28.409162620243972,0,230,5,0,WAIT
highest_income,261,132,08:00,120,42.55022492455527,5.688081116406526,36.862143808148744,1,1.2403743487835273,33.32388389611289,84.21551111488563,1.2202306402179488,0.0,120.0,0.0,5.495857756053667,17.256466709572436,1,138,2,1,WAIT
highest_income,262,132,08:00,120,104.27307894806083,9.352080524309098,94.92099842375173,2,11.582432440921828,55.68094915398325,52.73661840509492,0.0,0.0,120.0,0.0,11.225838024067258,26.18248407316913,0,230,4,2,WAIT
highest_income,263,132,08:00,120,96.76840782167841,7.539238299116355,89.22916952256206,2,8.380460723171973,44.38580167063858,61.63665183411143,5.597085772078017,0.0,120.0,0.0,7.35814036437716,22.79881283208826,1,92,4,1,WAIT
highest_income,264,132,08:00,120,59.56793165972762,7.427132142077744,52.140799517649874,1,16.380948327743916,52.499684726392964,51.119366945863135,0.0,0.0,120.00000000000001,-1.4210854715202004e-14,10.47853807995202,19.229990488358954,0,93,5,2,WAIT
highest_income,265,132,08:00,120,60.74765418142318,6.289853429710407,54.457800751712774,1,30.17799410224769,43.5582220125748,41.99856839386608,4.265215491311423,0.0,120.0,0.0,7.279663046882188,17.87975067195944,1,93,8,1,WAIT
highest_income,266,132,08:00,120,50.40874185001123,7.555720167967486,42.853021682043746,1,1.3066705839226498,49.102932676166404,69.59039673991094,0.0,0.0,120.0,0.0,9.909480637255754,20.313400034614194,0,93,2,2,WAIT
highest_income,267,132,08:00,120,73.06573618454992,5.956497028910768,67.10923915563916,1,41.44166063412189,43.315889504306355,35.242449861571764,0.0,0.0,120.0,0.0,7.239163253180994,16.586824862462077,0,93,10,1,WAIT
highest_income,268,132,08:00,120,63.58206302364653,6.048363676530517,57.53369934711601,1,0.8838085713764339,37.08634671139178,82.02984471723178,0.0,0.0,120.0,0.0,6.116372474856479,18.07708223126559,0,138,2,1,WAIT
highest_income,269,132,08:00,120,56.32007502345304,6.319138878697714,50.00093614475533,1,15.857035896763119,39.06924131705907,65.07372278617781,0.0,0.0,120.0,0.0,6.490546598814233,18.786008915976623,0,93,4,1,WAIT
highest_income,270,132,08:00,120,64.67231214448978,5.921548337266513,58.750763807223265,1,12.900184706081625,43.819254350238715,57.78147441206811,5.499086531611553,0.0,120.0,0.0,7.279663046882188,16.406530302183864,1,93,4,1,WAIT
highest_income,271,132,08:00,120,63.125190153788886,9.533369972798777,53.59182018099011,1,2.2370025294916536,93.24700769019586,21.181837558509983,3.334152221802512,0.0,120.0,0.0,20.183045423785064,17.950434467410044,1,132,2,3,WAIT
highest_income,272,132,08:00,120,56.31526962262986,6.4050743038478135,49.91019531878205,1,19.587670438645578,40.22838647328512,60.1839430880693,0.0,0.0,120.0,0.0,6.683114598541168,18.937182616850084,0,93,5,1,WAIT
highest_income,273,132,08:00,120,45.65783619695623,7.074611538473103,38.58322465848313,1,10.333296405656437,47.983257163332105,57.21585235822054,4.467594072790931,0.0,120.00000000000001,-1.4210854715202004e-14,9.712096187417577,18.586349966474838,1,93,3,2,WAIT
highest_income,274,132,08:00,120,66.47900980457823,9.483017998828787,56.99599180574944,2,12.263592579756578,56.50932238714459,51.22708503309883,0.0,0.0,120.0,0.0,14.02903538538622,23.903036609928925,0,138,4,2,WAIT
highest_income,275,132,08:00,120,48.79431116138379,6.688209539351421,42.10610162203237,1,3.4375208357269527,57.21256660460536,50.390269297060684,8.959643262607017,0.0,120.0,0.0,14.02903538538622,12.723802772019464,1,132,2,2,WAIT
highest_income,276,132,08:00,120,49.634466859858975,7.062506416238233,42.57196044362074,1,12.93921922969145,51.223065112509275,55.83771565779927,0.0,0.0,120.0,0.0,10.249181488265936,18.000844176686996,0,93,4,2,WAIT
highest_income,277,132,08:00,120,86.69743764091245,6.810859488327528,79.88657815258493,2,5.670566307407819,49.3398269102074,64.98960678238478,0.0,0.0,120.0,0.0,10.024454821915757,17.218983131394356,0,138,3,2,WAIT
highest_income,278,132,08:00,120,52.17592317118893,6.132028152121937,46.04389501906699,1,2.2405270219306725,42.064571084350035,62.19602355364304,13.49887834007626,0.0,120.0,0.0,6.988158704348737,17.53995390413901,1,93,2,1,WAIT
highest_income,279,132,08:00,120,54.62583904515138,6.968638881407339,47.657200163744044,1,19.865292469334015,53.069948960253996,47.064758570411996,0.0,0.0,120.00000000000001,-1.4210854715202004e-14,10.573074713731224,17.301480811898134,0,93,5,2,WAIT
highest_income,280,132,08:00,120,66.96488550125855,6.291127213288675,60.673758287969875,2,4.4871064794327715,17.174309882540154,98.33858363802707,0.0,0.0,120.0,0.0,2.0004471665855252,23.164061686569173,0,186,3,1,WAIT
highest_income,281,132,08:00,120,59.87398848286669,6.257524030142941,53.616464452723754,1,30.981074111659566,44.02779490302079,42.976053734785665,2.0150772505339773,0.0,120.0,0.0,7.35814036437716,17.671955756194603,1,93,8,1,WAIT
highest_income,282,132,08:00,120,53.152419746402146,5.604667488248196,47.54775225815395,1,3.1836029314376133,35.69565343448948,81.12074363407291,0.0,0.0,120.0,0.0,5.8870158831703945,16.531654069822387,0,138,2,1,WAIT
highest_income,283,132,08:00,120,63.645338177873526,7.331514482999627,56.313823694873896,1,10.421389622146926,52.83362824861938,56.744982129233705,0.0,0.0,120.0,0.0,10.516175643494385,18.809882288504124,0,93,4,2,WAIT
highest_income,284,132,08:00,120,59.56228541616287,6.677406906493603,52.88487850966927,1,30.117449579230705,52.76776017561007,37.11479024515924,0.0,0.0,120.00000000000001,-1.4210854715202004e-14,10.573074713731224,16.13655291224319,0,93,7,2,WAIT
highest_income,285,132,08:00,120,69.22852790807136,6.191625845798903,63.03690206227245,2,8.92965454198074,26.33701901725663,83.59232690556918,1.140999535193444,0.0,119.99999999999999,1.4210854715202004e-14,4.760327845578113,20.0061755376175,1,161,4,2,WAIT
highest_income,286,132,08:00,120,51.901813484662334,5.748746366732292,46.15306711793004,1,0.6051939959471335,33.32388389611289,78.9210532246527,7.149868883287283,0.0,120.0,0.0,5.495857756053667,17.499127710875502,1,138,2,1,WAIT
highest_income,287,132,08:00,120,49.741993295045766,5.876928152868285,43.865065142177485,1,1.7328818801425445,36.16969647892635,82.09742164093112,0.0,0.0,120.0,0.0,5.965196240255829,17.54251637121731,0,199,2,1,WAIT
highest_income,288,132,08:00,120,163.05115523728642,10.173032858219473,152.87812237906695,3,4.952859242908849,52.42730178931886,62.39491809772653,0.22492087004577854,0.0,120.00000000000001,-1.4210854715202004e-14,10.516175643494385,30.175955789383508,1,132,4,2,WAIT
highest_income,289,132,08:00,120,63.4159650119744,4.824014379576598,58.591950632397804,1,16.74198205988171,0.0,103.2580179401183,0.0,0.0,120.0,0.0,0.0,19.29605751830639,0,163,4,0,WAIT
highest_income,290,132,08:00,120,51.97594855633565,5.918517397888748,46.0574311584469,1,5.024029362639999,43.819254350238715,70.90055757284415,0.25615871427714865,0.0,120.00000000000001,-1.4210854715202004e-14,7.279663046882188,16.394406544672805,1,93,2,1,WAIT
highest_income,291,132,08:00,120,37.298746475987656,6.399288669269213,30.899457806718445,1,7.563818400291036,56.50932238714459,24.763288655627733,31.163570556936634,0.0,120.0,0.0,14.02903538538622,11.568119291690632,1,132,3,2,WAIT
highest_income,292,132,08:00,120,61.060363813977254,7.8623338497867685,53.19802996419048,2,5.8826395325477625,56.673601560048596,57.44375890740364,0.0,0.0,120.0,0.0,11.225838024067258,20.223497375079816,0,93,3,2,WAIT
highest_income,293,132,08:00,120,55.08140685786142,6.516544333251888,48.56486252460953,1,15.722664190841797,51.116159041055774,53.161176768102436,0.0,0.0,120.00000000000001,-1.4210854715202004e-14,10.249181488265936,15.816995844741616,0,93,5,2,WAIT
highest_income,294,132,08:00,120,65.11655092010827,6.8896004100992005,58.22695051000907,1,2.816719500691112,52.75487681426444,63.02828624671793,1.4001174383265038,0.0,120.0,0.0,10.516175643494385,17.042225996902417,1,93,2,2,WAIT
highest_income,295,132,08:00,120,52.34605700671115,5.517892304552212,46.82816470215894,1,3.368322431563354,21.52038098632073,95.11129658211591,0.0,0.0,120.0,0.0,3.2942182210822684,18.77735099712658,0,226,2,2,WAIT
highest_income,296,132,08:00,120,54.718509572483164,4.9244046401331625,49.79410493235,1,7.69520893455886,17.121529866177173,95.18326119926395,0.0,0.0,119.99999999999999,1.4210854715202004e-14,1.7558980258264725,17.941720534706178,0,68,3,2,WAIT
highest_income,297,132,08:00,120,55.157338025719206,6.985920952904964,48.17141707281424,1,5.821731434988714,53.1768550317075,54.38773583422644,6.613677699077357,0.0,120.0,0.0,10.573074713731224,17.370609097888636,1,93,2,2,WAIT
highest_income,298,132,08:00,120,49.1207803924328,7.174950226431591,41.94583016600121,1,16.79516279046553,52.726722177165875,50.4781150323686,0.0,0.0,120.0,0.0,10.516175643494385,18.183625262231978,0,93,5,2,WAIT
highest_income,299,132,08:00,120,97.79497137329926,7.323184653525029,90.47178671977423,3,34.31622720914386,41.813991436526386,43.86978135432974,0.0,0.0,120.0,0.0,6.988158704348737,22.30457990975138,0,93,9,1,WAIT
greedy_net_earnings,0,132,08:00,120,116.07544453985848,6.895468906143758,109.17997563371472,3,21.296827375990645,0.0,93.50407058865656,5.199102035352794,0.0,120.0,0.0,0.0,27.581875624575034,1,230,7,0,WAIT
greedy_net_earnings,1,132,08:00,120,45.881153608067706,5.376237366990761,40.50491624107694,1,3.424875921217429,33.25133426957525,83.32378980920731,0.0,0.0,120.0,0.0,5.483892691328659,16.021056776634385,0,199,2,1,WAIT
greedy_net_earnings,2,132,08:00,120,82.25072716392069,7.431816280800201,74.81891088312048,3,20.65885511377617,36.00679855978918,63.33434632643463,0.0,0.0,119.99999999999997,2.842170943040401e-14,6.234200890423125,23.49306423277768,0,105,6,3,WAIT
greedy_net_earnings,3,132,08:00,120,75.0607135895928,7.429596089911143,67.63111749968165,4,23.150967813913084,23.941394052056324,46.17991051848472,26.727727615545874,0.0,120.0,0.0,3.9689299578524526,25.749454401792118,1,199,7,1,WAIT
greedy_net_earnings,4,132,08:00,120,58.47655584153536,5.647308330856543,52.82924751067881,1,7.969362240458697,30.633933783155136,81.39670397638616,0.0,0.0,120.0,0.0,5.052224497764085,17.537008825662085,0,195,3,1,WAIT
greedy_net_earnings,5,132,08:00,120,65.9882697166976,5.4949357166648625,60.49333400003274,1,22.151517315629977,31.267136969003285,66.10894664402208,0.472399071344654,0.0,120.0,0.0,5.194388287755453,16.785354578903995,1,195,5,1,WAIT
greedy_net_earnings,6,132,08:00,120,82.04936139514476,6.150505938890602,75.89885545625415,3,31.983724968664745,16.364332791477015,71.65194223985826,0.0,0.0,120.00000000000001,-1.4210854715202004e-14,2.9949994007710856,21.60702435479132,0,145,8,2,WAIT
greedy_net_earnings,7,132,08:00,120,90.97357348937521,6.587478113844955,84.38609537553026,3,7.822050222534952,11.223456043205516,100.95449373425953,0.0,0.0,120.0,0.0,0.8079568506817426,25.541955604698078,0,170,4,1,WAIT
greedy_net_earnings,8,132,08:00,120,69.68964339272573,7.192967238890233,62.496676153835494,2,24.112298972272917,31.76477641897683,32.8941191306299,31.228805478120364,0.0,120.00000000000001,-1.4210854715202004e-14,5.308684753545373,23.46318420201556,1,199,7,1,WAIT
greedy_net_earnings,9,132,08:00,120,63.39852332063105,5.94333822725734,57.45518509337371,2,6.888270917496345,19.97513435546876,93.13659472703489,0.0,0.0,120.0,0.0,5.18155674214191,18.59179616688745,0,170,3,1,WAIT
greedy_net_earnings,10,132,08:00,120,99.73406044026694,9.433760929019575,90.30029951124737,3,8.412907769946408,38.79846529015544,72.78862693989815,0.0,0.0,120.0,0.0,6.444980281326928,31.29006343475138,0,145,4,2,WAIT
greedy_net_earnings,11,132,08:00,120,58.940594037316,5.531577144759098,53.409016892556906,1,9.645753699030466,31.267136969003285,73.06083336629354,6.02627596567271,0.0,120.0,0.0,5.194388287755453,16.93192029128094,1,195,3,1,WAIT
greedy_net_earnings,12,132,08:00,120,63.89706682447626,5.885772769466341,58.01129405500992,2,15.439141526636796,10.366204843316119,94.19465363004709,0.0,0.0,120.0,0.0,1.1118089406491376,22.431282137216225,0,48,5,1,WAIT
greedy_net_earnings,13,132,08:00,120,60.563960043202925,4.4058948446916695,56.15806519851125,1,1.7729376310056866,0.0,118.22706236899431,0.0,0.0,120.0,0.0,0.0,17.623579378766678,0,230,2,0,WAIT
greedy_net_earnings,14,132,08:00,120,94.19856584521439,7.7658870750090525,86.43267877020534,3,14.55818327208214,20.036713891498735,85.40510283641913,0.0,0.0,120.0,0.0,3.5760800802611454,27.487468219775067,0,231,5,2,WAIT
greedy_net_earnings,15,132,08:00,120,61.216104536517115,5.3363000537280625,55.879804482789055,2,4.2572411263983,7.255935836497811,108.48682303710389,0.0,0.0,120.0,0.0,1.173438527333942,20.171761687578307,0,145,3,1,WAIT
greedy_net_earnings,16,132,08:00,120,96.34966026879286,7.341288744459222,89.00837152433364,3,14.01312303124476,29.77198639188299,70.2320809645147,5.982809612357556,0.0,120.0,0.0,4.9355074495075595,24.429647528329326,1,164,6,1,WAIT
greedy_net_earnings,17,132,08:00,120,58.001297235566945,6.568003481299753,51.43329375426719,1,4.737998443946964,31.95513390973077,65.19246533664796,18.114402309674304,0.0,119.99999999999999,1.4210854715202004e-14,5.308684753545373,20.963329171653637,1,199,2,1,WAIT
greedy_net_earnings,18,132,08:00,120,60.617820336834804,5.5953112036455845,55.02250913318922,1,12.690315909149675,30.476047404442244,53.58308382247878,23.250552863929315,0.0,120.00000000000001,-1.4210854715202004e-14,5.052224497764085,17.329020316818255,1,195,4,1,WAIT
greedy_net_earnings,19,132,08:00,120,99.52118781165254,8.724694266797089,90.79649354485545,2,14.724252713259549,31.799013773098718,72.42941288363312,1.0473206300086275,0.0,120.00000000000001,-1.4210854715202004e-14,5.271541753992986,29.62723531319537,1,239,4,1,WAIT
greedy_net_earnings,20,132,08:00,120,113.33777308557018,7.93405261560646,105.40372046996372,4,11.209375770094166,31.542529453657632,77.24809477624821,0.0,0.0,120.0,0.0,5.271541753992986,26.464668708432857,0,161,5,1,WAIT
greedy_net_earnings,21,132,08:00,120,68.29167431407438,5.067789484888132,63.223884829186254,1,6.393986751093596,10.65616590363141,94.64928443788143,8.30056290739357,0.0,120.00000000000001,-1.4210854715202004e-14,1.7454830859471333,18.525674853605395,1,145,2,1,WAIT
greedy_net_earnings,22,132,08:00,120,60.69234671157493,7.331847342269467,53.36049936930546,2,6.952526303007437,24.065426540851657,83.3869364174216,5.595110738719313,0.0,120.0,0.0,3.9689299578524526,25.358459411225414,1,199,4,1,WAIT
greedy_net_earnings,23,132,08:00,120,61.90809370063417,5.7807060705259925,56.127387630108174,1,8.917632503635748,34.59908164952887,70.5553839475708,5.927901899264583,0.0,120.0,0.0,5.747922000839862,17.374902281264106,1,199,3,1,WAIT
greedy_net_earnings,24,132,08:00,120,64.51748939523051,5.970810471836256,58.54667892339425,1,5.5172924587067085,27.817880994657227,70.03058767314806,16.634238873488002,0.0,120.0,0.0,4.6213657288823615,19.26187615846266,1,199,2,1,WAIT
greedy_net_earnings,25,132,08:00,120,61.9856192514245,5.951000873444887,56.03461837797961,1,10.612880991731164,30.633933783155136,78.50323303705704,0.2499521880566533,0.0,120.0,0.0,5.052224497764085,18.75177899601546,1,195,3,1,WAIT
greedy_net_earnings,26,132,08:00,120,65.01867527955471,6.162166432759699,58.856508846795016,3,8.57134617360657,27.552889003619907,66.55434851149309,17.32141631128043,0.0,119.99999999999999,1.4210854715202004e-14,4.577342788887638,20.07132294215116,1,195,4,1,WAIT
greedy_net_earnings,27,132,08:00,120,69.12452941256261,5.6143862390447765,63.51014317351783,1,15.197903113508021,35.29670076021539,55.271965853521706,14.233430272754887,0.0,120.0,0.0,5.851377440928088,16.60616751525102,1,199,4,1,WAIT
greedy_net_earnings,28,132,08:00,120,73.66741735057462,8.026093347432916,65.6413240031417,2,6.14964305095635,26.49098471067518,78.72393341288874,8.635438825479724,0.0,120.0,0.0,4.368959039754844,27.735414349976818,1,199,4,1,WAIT
greedy_net_earnings,29,132,08:00,120,44.96640232182415,4.716887566473793,40.249514755350354,1,14.529015040848943,0.0,87.46470440772057,18.00628055143048,0.0,120.0,0.0,0.0,18.867550265895172,1,230,4,0,WAIT
greedy_net_earnings,30,132,08:00,120,59.42225675071762,5.4135629696824115,54.00869378103521,1,13.075636423427374,31.95513390973077,59.92652237167639,15.042707295165457,0.0,120.0,0.0,5.308684753545373,16.34556712518427,1,199,4,1,WAIT
greedy_net_earnings,31,132,08:00,120,52.004858877419785,5.348990556760536,46.65586832065925,1,1.0164580540503776,26.49098471067518,85.2912348193068,7.2013224159676525,0.0,120.0,0.0,4.368959039754844,17.0270031872873,1,199,2,1,WAIT
greedy_net_earnings,32,132,08:00,120,68.02030739128654,5.352655203633112,62.667652187653424,2,11.680480907509857,10.366204843316119,97.95331424917403,0.0,0.0,120.0,0.0,1.1118089406491376,20.29881187388331,0,48,4,1,WAIT
greedy_net_earnings,33,132,08:00,120,58.370027468554085,5.496651955910764,52.87337551264332,1,7.584004046965709,26.07933533881795,79.84310444862933,6.493556165587023,0.0,120.00000000000001,-1.4210854715202004e-14,4.301068802225837,17.685539021417217,1,207,3,1,WAIT
greedy_net_earnings,34,132,08:00,120,56.77188604610454,5.700837352060255,51.071048694044286,1,3.4434156568938095,33.01753776903348,71.89263606697219,11.646410507100526,0.0,120.00000000000001,-1.4210854715202004e-14,5.485181187136304,17.318168221104713,1,195,2,1,WAIT
greedy_net_earnings,35,132,08:00,120,58.25648453101829,6.250050850943772,52.006433680074515,1,10.615059251956449,34.85226399626454,74.53267675177901,0.0,0.0,120.0,0.0,5.747922000839862,19.252281402935225,0,199,3,1,WAIT
greedy_net_earnings,36,132,08:00,120,76.80093789932812,9.272443983750863,67.52849391557726,3,8.214121574763368,49.123887196070285,62.661991229166325,0.0,0.0,119.99999999999997,2.842170943040401e-14,11.58927571530667,25.500500219696786,0,199,5,3,WAIT
greedy_net_earnings,37,132,08:00,120,78.67454368797002,6.021276211695778,72.65326747627424,2,5.559225778807728,24.230298437878723,88.11968641366772,2.0907893696458046,0.0,119.99999999999999,1.4210854715202004e-14,3.9689299578524526,20.116174888930658,1,199,3,1,WAIT
greedy_net_earnings,38,132,08:00,120,85.75521589223317,7.697503063981999,78.05771282825117,2,17.638582835117386,40.7137560117372,61.647661153145414,0.0,0.0,120.0,0.0,6.222135039281488,24.567877216646504,0,107,6,2,WAIT
greedy_net_earnings,39,132,08:00,120,60.26793187138012,5.0599560328811535,55.20797583849897,2,42.447558887131734,0.0,77.46813722874765,0.08430388412060097,0.0,119.99999999999999,1.4210854715202004e-14,0.0,20.239824131524614,1,239,11,0,WAIT
greedy_net_earnings,40,132,08:00,120,98.02388217961656,8.062133620038397,89.96174855957817,3,15.302358165459776,8.253523687373981,96.44411814716624,0.0,0.0,120.0,0.0,3.1402954808806487,29.10823899927294,0,163,5,1,WAIT
greedy_net_earnings,41,132,08:00,120,83.02831656415535,5.1933110198109045,77.83500554434444,3,5.397313127980148,0.0,96.30462728924375,18.298059582776105,0.0,120.00000000000001,-1.4210854715202004e-14,0.0,20.773244079243618,1,143,4,0,WAIT
greedy_net_earnings,42,132,08:00,120,47.24188654556436,5.884174544001919,41.35771200156245,1,7.210537432037411,24.065426540851657,75.53861780639784,13.185418220713089,0.0,119.99999999999999,1.4210854715202004e-14,3.9689299578524526,19.567768218155223,1,199,2,1,WAIT
greedy_net_earnings,43,132,08:00,120,64.60424387143381,6.096754823924311,58.507489047509495,3,20.028877878727897,24.32636984910596,75.64475227216614,0.0,0.0,120.0,0.0,4.011965376803933,20.37505391889331,0,195,6,1,WAIT
greedy_net_earnings,44,132,08:00,120,89.15955947382064,7.283750948123737,81.8758085256969,3,21.078109578583224,8.253523687373981,90.6683667340428,0.0,0.0,120.00000000000001,-1.4210854715202004e-14,3.1402954808806487,25.994708311614296,0,236,6,1,WAIT
greedy_net_earnings,45,132,08:00,120,95.35740324375283,6.062833768164682,89.29456947558815,3,8.049242219137021,0.0,111.95075778086297,0.0,0.0,120.0,0.0,0.0,24.251335072658726,0,186,4,0,WAIT
greedy_net_earnings,46,132,08:00,120,58.03591367878732,5.265844688974369,52.77006898981295,1,2.600200859997189,27.6521692176641,43.54277031995416,46.20485960238456,0.0,120.00000000000001,-1.4210854715202004e-14,4.6213657288823615,16.442013027015115,1,199,2,1,WAIT
greedy_net_earnings,47,132,08:00,120,85.16615885360076,7.690700667136497,77.47545818646427,2,4.4036701382017185,36.95777088210401,78.63855897969427,0.0,0.0,120.0,0.0,6.126744487413468,24.63605818113252,0,236,3,1,WAIT
greedy_net_earnings,48,132,08:00,120,73.29851957881057,8.072280060677912,65.22623951813266,3,8.829890372750977,32.33893120261042,65.08782340886957,13.74335501576904,0.0,120.0,0.0,5.372444737869574,26.916675504842075,1,195,4,1,WAIT
greedy_net_earnings,49,132,08:00,120,65.85232007856045,5.787336679588522,60.06498339897193,3,19.188845097625745,0.0,100.81115490237426,0.0,0.0,120.0,0.0,0.0,23.14934671835409,0,239,6,0,WAIT
greedy_net_earnings,50,132,08:00,120,40.61646232102707,2.2787452728566717,38.3377170481704,2,3.00326757106505,8.49552497511286,80.77749927256522,27.723708181256868,0.0,120.0,0.0,3.1402954808806487,5.974685610546038,1,132,3,1,WAIT
greedy_net_earnings,51,132,08:00,120,61.50347655654928,5.190987801073568,56.31248875547571,1,15.245804460866239,30.411395263253084,69.415655709515,4.927144566365683,0.0,120.0,0.0,5.052224497764085,15.71172670653019,1,195,4,1,WAIT
greedy_net_earnings,52,132,08:00,120,61.58312486927707,6.7778332856843075,54.80529158359276,3,25.71406724912754,30.411395263253084,62.945242021718485,0.9292954659008927,0.0,120.0,0.0,5.052224497764085,22.059108644973143,1,195,8,1,WAIT
greedy_net_earnings,53,132,08:00,120,76.28051256237069,6.2215423284800275,70.05897023389066,2,22.609319322109087,32.32403792538003,61.5107056626143,3.555937089896588,0.0,120.0,0.0,5.618475354578797,19.26769395934131,1,199,6,2,WAIT
greedy_net_earnings,54,132,08:00,120,52.232025881841224,6.170852360662508,46.061173521178716,1,16.00178928090794,24.882546762131966,79.11566395696009,0.0,0.0,120.0,0.0,4.103691455634394,20.579717987015638,0,207,4,1,WAIT
greedy_net_earnings,55,132,08:00,120,40.89649233812989,5.848664452083012,35.047827886046875,1,9.320169814562188,34.59908164952887,63.42212416700601,12.658624368902935,0.0,120.0,0.0,5.747922000839862,17.64673580749219,1,199,3,1,WAIT
greedy_net_earnings,56,132,08:00,120,89.29200358438538,8.019751351898623,81.27225223248676,2,6.135454944119238,31.731555080019152,82.13298997586162,0.0,0.0,120.0,0.0,5.271541753992986,26.80746365360151,0,170,3,1,WAIT
greedy_net_earnings,57,132,08:00,120,75.50840258425046,5.6522669862529105,69.85613559799755,2,22.26362491613398,10.65616590363141,87.08020918023462,0.0,0.0,120.0,0.0,1.7454830859471333,20.86358485906451,0,145,6,1,WAIT
greedy_net_earnings,58,132,08:00,120,53.23454490831057,5.934128413942455,47.300416494368115,1,11.780455489282323,31.799013773098718,48.97237008656375,27.44816065105522,0.0,120.0,0.0,5.271541753992986,18.464971901776835,1,199,4,1,WAIT
greedy_net_earnings,59,132,08:00,120,81.98821027482126,7.465025042453096,74.52318523236816,2,4.956525886758738,37.75986782001272,64.61544369875983,12.668162594468711,0.0,120.00000000000001,-1.4210854715202004e-14,6.574243682402839,23.285856487409546,1,199,3,2,WAIT
greedy_net_earnings,60,132,08:00,120,83.88021488669679,7.141188646759478,76.73902623993732,3,11.0150432299106,37.897135784165634,71.08782098592377,0.0,0.0,120.0,0.0,6.558201068369325,22.006553518668582,0,199,5,2,WAIT
greedy_net_earnings,61,132,08:00,120,56.914342496056975,5.171470982729014,51.74287151332796,2,4.228215646219965,18.090700702003787,97.68108365177625,0.0,0.0,120.0,0.0,1.5032450569745408,19.182638873941514,0,186,3,2,WAIT
greedy_net_earnings,62,132,08:00,120,94.52707585531627,6.768494970724465,87.75858088459181,2,3.9269399804134464,35.171797950226974,80.90126206935957,0.0,0.0,120.0,0.0,5.800620334703995,21.273359548193863,0,138,3,1,WAIT
greedy_net_earnings,63,132,08:00,120,61.71096065540184,5.548457896300669,56.16250275910117,1,7.28396879203098,36.95777088210401,56.41380658763518,19.344453738229845,0.0,120.00000000000001,-1.4210854715202004e-14,6.126744487413468,16.06708709778921,1,199,3,1,WAIT
greedy_net_earnings,64,132,08:00,120,60.83697561031984,5.435059322623934,55.401916287695904,1,9.383367647151836,23.424928516117703,81.84222488503939,5.349478951691083,0.0,120.0,0.0,3.8632974317055897,17.876939858790145,1,207,3,1,WAIT
greedy_net_earnings,65,132,08:00,120,50.784321042842315,5.151787247184256,45.63253379565806,2,20.07220220456355,28.050102970408737,71.87769482502772,0.0,0.0,120.0,0.0,4.626092698216579,15.981056290520444,0,207,5,1,WAIT
greedy_net_earnings,66,132,08:00,120,50.59161338911379,5.809104030684248,44.78250935842954,1,6.391450498043204,35.22182204478432,72.85308034962374,5.533647107548731,0.0,119.99999999999999,1.4210854715202004e-14,5.851377440928088,17.3850386818089,1,199,3,1,WAIT
greedy_net_earnings,67,132,08:00,120,54.426137840843275,6.394407246066992,48.031730594776285,1,6.104032498891034,32.28624255789799,75.99003571639862,5.619689226812355,0.0,120.00000000000001,-1.4210854715202004e-14,5.3247273675788875,20.25290161668908,1,199,2,1,WAIT
greedy_net_earnings,68,132,08:00,120,60.70404549930968,5.227725528659412,55.476319970650266,1,1.5428129175634901,35.4795613585596,82.97762572387691,0.0,0.0,120.0,0.0,5.851377440928088,15.059524673709559,0,199,2,1,WAIT
greedy_net_earnings,69,132,08:00,120,67.18360926007387,5.424504274861428,61.75910498521244,3,27.03313339851269,7.255935836497811,85.71093076498948,0.0,0.0,119.99999999999999,1.4210854715202004e-14,1.173438527333942,20.524578572111768,0,145,7,1,WAIT
greedy_net_earnings,70,132,08:00,120,68.37142402106606,6.439545912294433,61.93187810877163,2,6.10260035917339,33.00978178841175,59.8401547826545,21.047463069760354,0.0,119.99999999999999,1.4210854715202004e-14,5.483892691328659,20.27429095784907,1,199,3,1,WAIT
greedy_net_earnings,71,132,08:00,120,70.2212470744521,5.278775815362996,64.9424712590891,3,19.316763638872278,8.944447656330402,88.00004152793795,3.738747176859377,0.0,120.00000000000001,-1.4210854715202004e-14,0.8429103207506001,20.272192940701384,1,186,6,1,WAIT
greedy_net_earnings,72,132,08:00,120,96.19367898204453,8.227574377613943,87.96610460443058,3,26.58490732198457,42.76677457543608,48.26180320870645,2.3865148938728993,0.0,120.0,0.0,7.229375777275792,25.68092173317998,1,145,7,2,WAIT
greedy_net_earnings,73,132,08:00,120,66.3008108956754,6.711282475277269,59.589528420398125,3,9.645968378993915,0.0,110.35403162100609,0.0,0.0,120.0,0.0,0.0,26.845129901109075,0,162,4,0,WAIT
greedy_net_earnings,74,132,08:00,120,77.70437414286532,6.289274773443099,71.41509936942222,3,15.064758987785373,15.312869329397486,89.62237168281716,0.0,0.0,120.00000000000003,-2.842170943040401e-14,1.5732410281108398,23.583858065661556,0,186,5,2,WAIT
greedy_net_earnings,75,132,08:00,120,63.76177962565851,5.658822030457781,58.102957595200735,1,20.955487187988904,33.01753776903348,66.02697504297761,0.0,0.0,120.0,0.0,5.485181187136304,17.150106934694822,0,195,5,1,WAIT
greedy_net_earnings,76,132,08:00,120,55.493078936875456,5.1626930182949815,50.330385918580475,2,28.292889530739604,0.0,83.3897190986544,8.317391370606018,0.0,120.00000000000001,-1.4210854715202004e-14,0.0,20.650772073179926,1,239,8,0,WAIT
greedy_net_earnings,77,132,08:00,120,59.3384171957584,5.706863564199564,53.63155363155884,1,4.174432924045221,30.411395263253084,72.37603443999839,13.03813737270329,0.0,119.99999999999999,1.4210854715202004e-14,5.052224497764085,17.77522975903417,1,195,2,1,WAIT
greedy_net_earnings,78,132,08:00,120,74.81395805320616,5.966352773783806,68.84760527942235,2,16.414969606476262,30.411395263253084,61.8424115798283,11.331223550442346,0.0,119.99999999999999,1.4210854715202004e-14,5.052224497764085,18.813186597371136,1,195,5,1,WAIT
greedy_net_earnings,79,132,08:00,120,59.5826598755628,5.751801871189658,53.83085800437314,1,18.71386845108512,34.59908164952887,57.64994369861731,9.037106200768704,0.0,120.0,0.0,5.747922000839862,17.25928548391877,1,199,5,1,WAIT
greedy_net_earnings,80,132,08:00,120,54.41339839022742,5.589285142585709,48.82411324764171,1,4.718059267849027,33.00978178841175,62.83711789309936,19.435041050639867,0.0,120.00000000000001,-1.4210854715202004e-14,5.483892691328659,16.873247879014176,1,199,2,1,WAIT
greedy_net_earnings,81,132,08:00,120,58.63726508671093,6.0377399007109736,52.59952518599996,1,1.1510915827645056,26.49098471067518,80.70022779219852,11.657695914361796,0.0,120.0,0.0,4.368959039754844,19.78200056308905,1,199,2,1,WAIT
greedy_net_earnings,82,132,08:00,120,97.54238330435085,7.6809493281925505,89.8614339761583,2,5.379868929254675,36.95777088210401,74.33839520458659,3.3239649840547116,0.0,119.99999999999999,1.4210854715202004e-14,6.126744487413468,24.597052825356734,1,141,3,1,WAIT
greedy_net_earnings,83,132,08:00,120,64.2220740696212,5.038694878445239,59.18337919117596,1,4.272284821872079,30.476047404442244,59.17211211649244,26.07955565719324,0.0,120.00000000000001,-1.4210854715202004e-14,5.052224497764085,15.10255501601687,1,195,2,1,WAIT
greedy_net_earnings,84,132,08:00,120,60.87445266326985,4.903304803030148,55.971147860239704,1,1.377791472791884,0.0,113.30732105935726,5.314887467850852,0.0,120.0,0.0,0.0,19.61321921212059,1,230,2,0,WAIT
greedy_net_earnings,85,132,08:00,120,51.32690382765251,5.631317481210646,45.695586346441864,1,1.3380311587554221,36.87936835866004,61.22912664250235,20.55347384008219,0.0,120.0,0.0,6.126744487413468,16.398525437429115,1,199,2,1,WAIT
greedy_net_earnings,86,132,08:00,120,101.20656892842784,8.391532498047525,92.81503643038032,2,4.55293231247823,32.813141735225685,74.96223499275514,7.671690959540939,0.0,120.0,0.0,5.483892691328659,28.082237300861436,1,230,3,1,WAIT
greedy_net_earnings,87,132,08:00,120,103.54840150848212,6.8813350385514225,96.66706646993069,3,11.20129954851298,53.22646862504401,55.572231826443,0.0,0.0,120.0,0.0,10.66544943347057,16.85989072073512,0,199,5,2,WAIT
greedy_net_earnings,88,132,08:00,120,59.958876291748616,4.833182221450178,55.12569407029844,2,10.256133420289167,0.0,105.63798509052461,4.105881489186217,0.0,119.99999999999999,1.4210854715202004e-14,0.0,19.332728885800712,1,48,4,0,WAIT
greedy_net_earnings,89,132,08:00,120,75.32464301912137,6.2060396279405,69.11860339118087,2,7.9383127967738645,10.65616590363141,91.32975210014322,10.075769199451514,0.0,120.00000000000001,-1.4210854715202004e-14,1.7454830859471333,23.07867542581487,1,145,4,1,WAIT
greedy_net_earnings,90,132,08:00,120,54.91995187678767,5.586026213172057,49.33392566361562,2,5.619028374967133,36.87936835866004,57.8304924442458,19.671110822127034,0.0,120.00000000000001,-1.4210854715202004e-14,6.126744487413468,16.21736036527476,1,199,3,1,WAIT
greedy_net_earnings,91,132,08:00,120,60.83203455193281,5.890252372850021,54.941782179082786,1,3.0890577428558195,31.799013773098718,58.29847182932954,26.81345665471592,0.0,120.0,0.0,5.271541753992986,18.2894677374071,1,199,2,1,WAIT
greedy_net_earnings,92,132,08:00,120,65.8870782916548,5.774479389678135,60.11259890197667,2,21.00752140350212,0.0,98.99247859649788,0.0,0.0,120.0,0.0,0.0,23.09791755871254,0,230,6,0,WAIT
greedy_net_earnings,93,132,08:00,120,93.24789845097219,5.593983819771329,87.65391463120086,2,7.117955710212833,26.07933533881795,79.44128064585013,7.3614283051190625,0.0,119.99999999999997,2.842170943040401e-14,4.301068802225837,18.07486647685948,1,138,3,1,WAIT
greedy_net_earnings,94,132,08:00,120,94.99602284160044,5.837832984601201,89.15818985699923,3,16.380201598083065,5.833053214704857,97.78674518721208,0.0,0.0,120.0,0.0,1.249516314823952,22.101815623580855,0,234,6,1,WAIT
greedy_net_earnings,95,132,08:00,120,121.68472493601907,7.030271586302916,114.65445334971615,3,7.078286787333745,30.411395263253084,82.51031794941318,0.0,0.0,120.0,0.0,5.052224497764085,23.068861847447582,0,89,4,1,WAIT
greedy_net_earnings,96,132,08:00,120,106.77499277824181,9.522045087492556,97.25294769074925,3,17.060492149507247,38.02202211102488,64.91748573946786,0.0,0.0,120.0,0.0,6.558201068369325,31.529979281600898,0,199,6,2,WAIT
greedy_net_earnings,97,132,08:00,120,53.09781602385201,5.414191169657941,47.68362485419407,1,7.628807874484177,26.35445096760079,53.74782733984912,32.268913818065926,0.0,120.0,0.0,4.368959039754844,17.287805638876918,1,199,3,1,WAIT
greedy_net_earnings,98,132,08:00,120,64.99350543286185,5.494369922702937,59.499135510158915,1,0.7540564291636749,35.22182204478432,65.9643431719763,18.059778354075704,0.0,119.99999999999999,1.4210854715202004e-14,5.851377440928088,16.12610224988366,1,199,2,1,WAIT
greedy_net_earnings,99,132,08:00,120,66.05387062005207,6.366928132365432,59.686942487686636,3,3.739710189147874,29.304252854275504,86.9560369565766,0.0,0.0,119.99999999999997,2.842170943040401e-14,6.055385694381822,19.412326835079906,0,234,4,2,WAIT
greedy_net_earnings,100,132,08:00,120,59.40572822404944,5.247856793287262,54.15787143076218,1,12.351901874794814,26.07933533881795,79.73886996194177,1.8298928244454657,0.0,120.0,0.0,4.301068802225837,16.690358370923214,1,207,4,1,WAIT
greedy_net_earnings,101,132,08:00,120,100.52194994524407,9.871194194852842,90.65075575039123,3,4.907966502691418,47.15225715767848,67.8613450802973,0.07843125933280248,0.0,120.0,0.0,7.81548582625975,31.669290953151624,1,195,4,2,WAIT
greedy_net_earnings,102,132,08:00,120,69.17426211179038,6.728918797600022,62.44534331419036,2,6.593389184731413,28.763741403135153,73.50698825330522,11.135881158828212,0.0,120.0,0.0,3.9175659746878977,22.99810921571219,1,195,3,2,WAIT
greedy_net_earnings,103,132,08:00,120,53.05748384443647,5.618967478054783,47.438516366381684,1,5.41510145248569,30.411395263253084,62.384313758676676,21.78918952558456,0.0,120.0,0.0,5.052224497764085,17.42364541445505,1,195,2,1,WAIT
greedy_net_earnings,104,132,08:00,120,69.09457773474345,6.104795623468224,62.98978211127523,2,3.621289766207976,29.70882785159902,66.36927097994621,20.3006114022468,0.0,120.0,0.0,4.9355074495075595,19.483675044365334,1,199,3,1,WAIT
greedy_net_earnings,105,132,08:00,120,59.59062692666605,6.656918792119851,52.933708134546194,2,10.990451069709678,23.941394052056324,52.466901509891436,32.601253368342554,0.0,120.0,0.0,3.9689299578524526,22.65874521062695,1,199,4,1,WAIT
greedy_net_earnings,106,132,08:00,120,60.171845782088965,3.8713954127837718,56.300450369305196,1,0.5766893851411555,0.0,103.09139701573945,16.331913599119403,0.0,120.0,0.0,0.0,15.485581651135087,1,48,2,0,WAIT
greedy_net_earnings,107,132,08:00,120,64.11279493836514,7.403148341904726,56.709646596460416,3,10.444786240883086,29.31281092966405,72.85448891933191,7.387913910120957,0.0,120.00000000000001,-1.4210854715202004e-14,8.321852223022558,21.290741144596346,1,138,5,2,WAIT
greedy_net_earnings,108,132,08:00,120,55.88269105624039,5.850718071238642,50.031972985001744,1,7.692912356664534,31.799013773098718,49.64379177623288,30.86428209400387,0.0,120.0,0.0,5.271541753992986,18.131330530961584,1,199,3,1,WAIT
greedy_net_earnings,109,132,08:00,120,46.40826314429751,5.883928228915455,40.524334915382056,2,14.985828375131781,35.29670076021539,46.16348242620447,23.553988438448357,0.0,120.0,0.0,5.851377440928088,17.684335474733732,1,199,5,1,WAIT
greedy_net_earnings,110,132,08:00,120,61.50497560405929,5.332224980581006,56.17275062347829,2,15.24185320380078,8.899425744060885,95.44879389084753,0.40992716129080975,0.0,120.0,0.0,1.4577285349515015,19.87117138737252,1,145,5,1,WAIT
greedy_net_earnings,111,132,08:00,120,63.02570562466045,4.599258634672304,58.42644698998815,2,5.240120327271695,0.0,114.7598796727283,0.0,0.0,120.0,0.0,0.0,18.397034538689216,0,75,3,0,WAIT
greedy_net_earnings,112,132,08:00,120,100.85373360535527,7.6765759469448405,93.17715765841044,3,20.60398180419511,33.07995788701998,66.3160603087849,0.0,0.0,119.99999999999999,1.4210854715202004e-14,5.483892691328659,25.2224110964507,0,162,6,1,WAIT
greedy_net_earnings,113,132,08:00,120,73.12053265099111,7.215368735708515,65.9051639152826,2,18.016904640380798,26.49098471067518,75.49211064894402,0.0,0.0,120.0,0.0,4.368959039754844,24.492515903079216,0,199,5,1,WAIT
greedy_net_earnings,114,132,08:00,120,73.95969659063731,7.644887237910219,66.31480935272708,4,17.27192008531718,20.560824591528238,76.52710749872303,5.6401478244315655,0.0,120.00000000000001,-1.4210854715202004e-14,5.18155674214191,25.397992209498966,1,143,6,1,WAIT
greedy_net_earnings,115,132,08:00,120,66.64219646404729,5.900810095477981,60.74138636856931,1,12.066406602976393,31.731555080019152,65.76617763043727,10.435860686567182,0.0,120.0,0.0,5.271541753992986,18.33169862791894,1,199,4,1,WAIT
greedy_net_earnings,116,132,08:00,120,51.46965156322219,6.1062927230567325,45.36335884016546,1,13.584692927302122,26.298542415474316,59.88967282386608,20.22709183335749,0.0,120.0,0.0,4.368959039754844,20.056211852472085,1,199,4,1,WAIT
greedy_net_earnings,117,132,08:00,120,124.90834049277618,6.794280437568385,118.11406005520779,3,9.589032498098224,23.503957587422168,86.82388876540873,0.08312114907087675,0.0,120.0,0.0,4.163845783623038,23.0132759666505,1,195,5,2,WAIT
greedy_net_earnings,118,132,08:00,120,74.77814890303985,6.328836078769601,68.44931282427025,3,29.58415713382112,36.256420748129,54.15942211804989,0.0,0.0,120.00000000000001,-1.4210854715202004e-14,5.802746515595712,19.512597799482695,0,195,9,2,WAIT
greedy_net_earnings,119,132,08:00,120,76.0436340356231,5.732916141397141,70.31071789422596,2,26.325010882836267,5.880483991815971,84.24222543297618,3.5522796923715845,0.0,120.00000000000001,-1.4210854715202004e-14,1.249516314823952,21.682148250764612,1,170,7,1,WAIT
greedy_net_earnings,120,132,08:00,120,53.7704608320135,5.695178005031945,48.07528282698155,1,1.7069807072571894,33.25133426957525,81.58789611585388,3.4537889073136796,0.0,120.0,0.0,5.483892691328659,17.29681932879912,1,199,2,1,WAIT
greedy_net_earnings,121,132,08:00,120,48.42165290501322,4.9188796244810025,43.50277328053222,2,3.9881783960316834,8.126524374703534,106.04450322203854,1.8407940072262363,0.0,120.0,0.0,0.6461705751342853,19.029347922789725,1,186,3,1,WAIT
greedy_net_earnings,122,132,08:00,120,101.30935918962518,8.359312136052967,92.95004705357222,2,14.57499446215974,27.6521692176641,77.77283632017617,0.0,0.0,120.0,0.0,4.6213657288823615,28.815882815329502,0,181,4,1,WAIT
greedy_net_earnings,123,132,08:00,120,46.71465143576779,5.990355907229258,40.72429552853853,1,6.6924773804908035,36.97591644914945,64.2558987066077,12.075707463752039,0.0,119.99999999999999,1.4210854715202004e-14,6.142783956295462,17.81863967262157,1,199,2,1,WAIT
greedy_net_earnings,124,132,08:00,120,92.27552065750368,8.238932816468022,84.03658784103565,2,6.711265781056683,31.799013773098718,81.48972044584461,0.0,0.0,120.00000000000001,-1.4210854715202004e-14,5.271541753992986,27.6841895118791,0,162,3,1,WAIT
greedy_net_earnings,125,132,08:00,120,54.771378897440435,5.681964597467948,49.08941429997249,1,12.039354719148532,31.95513390973077,64.78965975119817,11.215851619922532,0.0,120.00000000000001,-1.4210854715202004e-14,5.308684753545373,17.41917363632642,1,199,3,1,WAIT
greedy_net_earnings,126,132,08:00,120,55.039596242673625,5.530607726317222,49.5089885163564,1,11.332749560970099,26.49098471067518,82.17626572835472,0.0,0.0,120.0,0.0,4.368959039754844,17.753471865514044,0,199,4,1,WAIT
greedy_net_earnings,127,132,08:00,120,86.74387611225418,7.4291560447598854,79.3147200674943,2,16.860439915082008,32.813141735225685,68.71903243929725,1.6073859103950525,0.0,120.0,0.0,5.483892691328659,24.232731487710883,1,239,5,1,WAIT
greedy_net_earnings,128,132,08:00,120,54.95297480846279,6.682159971762048,48.270814836700744,2,11.492173565082375,39.29213256227774,69.21569387263987,0.0,0.0,120.0,0.0,6.277628224472159,20.451011662576033,0,195,4,2,WAIT
greedy_net_earnings,129,132,08:00,120,71.3463936838705,6.66726659596947,64.67912708790104,2,6.862605439094683,23.424928516117703,83.80696777072713,5.905498274060491,0.0,120.0,0.0,3.8632974317055897,22.80576895217229,1,207,3,1,WAIT
greedy_net_earnings,130,132,08:00,120,56.22095558555751,5.7755463781402945,50.445409207417214,1,6.169437925711355,36.95777088210401,44.65682393444897,32.21596725773567,0.0,120.00000000000001,-1.4210854715202004e-14,6.126744487413468,16.97544102514771,1,199,3,1,WAIT
greedy_net_earnings,131,132,08:00,120,57.936739241262124,6.115220942738674,51.82151829852345,1,6.059075027462436,32.051700932167115,69.71069096352383,12.178533076846634,0.0,120.00000000000001,-1.4210854715202004e-14,5.3247273675788875,19.136156403375807,1,199,3,1,WAIT
greedy_net_earnings,132,132,08:00,120,70.61001574183814,6.484676578464954,64.12533916337318,2,5.076747553053538,37.14923693846097,77.77401550848549,0.0,0.0,120.0,0.0,6.126744487413468,19.811961826446346,0,199,3,1,WAIT
greedy_net_earnings,133,132,08:00,120,44.353815085602946,6.047462806881203,38.30635227872175,1,14.795420934479896,34.59908164952887,62.709845915108616,7.895651500882622,0.0,120.0,0.0,5.747922000839862,18.441929226684948,1,199,4,1,WAIT
greedy_net_earnings,134,132,08:00,120,107.57773506960379,9.147210884961112,98.43052418464268,2,6.9178506665317,36.65967708647898,76.42247224698934,0.0,0.0,120.00000000000003,-2.842170943040401e-14,6.126744487413468,30.462099052430982,0,231,3,1,WAIT
greedy_net_earnings,135,132,08:00,120,57.76868123911615,5.758569960936374,52.01011127817978,1,7.570618212211089,31.267136969003285,71.70194188946215,9.460302929323475,0.0,120.0,0.0,5.194388287755453,17.83989155599004,1,195,2,1,WAIT
greedy_net_earnings,136,132,08:00,120,48.26481673500197,5.399806790013926,42.865009944988046,1,0.6945852552101004,31.95513390973077,64.09430892252388,23.255971912535244,0.0,120.0,0.0,5.308684753545373,16.290542406510333,1,199,2,1,WAIT
greedy_net_earnings,137,132,08:00,120,39.391521911225254,5.857258283848962,33.53426362737629,1,6.730567109522427,37.05452422594415,57.368161558165326,18.8467471063681,0.0,120.0,0.0,6.142783956295462,17.286249179100384,1,199,3,1,WAIT
greedy_net_earnings,138,132,08:00,120,71.39266463770552,6.149978288343968,65.24268634936155,2,7.538654097509896,37.2588005272339,75.20254537525621,0.0,0.0,120.0,0.0,6.14481398678563,18.45509916659024,0,199,3,1,WAIT
greedy_net_earnings,139,132,08:00,120,60.363916798966976,6.146082901376456,54.21783389759052,1,7.225561179023899,27.877019536446628,53.07603918637383,31.82138009815563,0.0,119.99999999999999,1.4210854715202004e-14,4.6213657288823615,19.962965876623464,1,199,3,1,WAIT
greedy_net_earnings,140,132,08:00,120,92.04283846378138,8.295247116380745,83.74759134740063,2,7.650066862771059,45.67351502537081,66.67641811185811,0.0,0.0,119.99999999999999,1.4210854715202004e-14,7.5844730223649695,25.59651544315801,0,145,4,2,WAIT
greedy_net_earnings,141,132,08:00,120,59.89903353444274,5.64699405418468,54.252039480258055,1,6.696320959301523,24.882546762131966,88.42113227856652,0.0,0.0,120.0,0.0,4.103691455634394,18.484284761104327,0,207,3,1,WAIT
greedy_net_earnings,142,132,08:00,120,90.37813039957153,7.331203137195341,83.04692726237619,3,55.590679265148225,41.19545902935141,23.213861705500342,0.0,0.0,119.99999999999997,2.842170943040401e-14,6.951058505906746,22.373754042874616,0,226,13,2,WAIT
greedy_net_earnings,143,132,08:00,120,75.7188463962428,6.779823971243884,68.93902242499891,2,9.619875929871865,24.065426540851657,73.97735088494156,12.337346644334914,0.0,119.99999999999999,1.4210854715202004e-14,3.9689299578524526,23.150365927123083,1,199,4,1,WAIT
greedy_net_earnings,144,132,08:00,120,0.0,0.0,0.0,0,0.018510752381846757,0.0,0.0,119.98148924761816,0.0,120.0,0.0,0.0,0.0,1,132,1,0,WAIT
greedy_net_earnings,145,132,08:00,120,75.49397645520789,7.422121014813069,68.07185544039481,3,24.026989577821954,32.28624255789799,53.147510304747904,10.539257559532146,0.0,119.99999999999999,1.4210854715202004e-14,5.3247273675788875,24.363756691673387,1,199,8,1,WAIT
greedy_net_earnings,146,132,08:00,120,52.70086374941262,5.664664614503412,47.03619913490921,1,3.5419502820196835,35.29670076021539,49.46249546830313,31.698853489461797,0.0,120.0,0.0,5.851377440928088,16.80728101708556,1,199,2,1,WAIT
greedy_net_earnings,147,132,08:00,120,65.51336289668498,4.221545452089934,61.29181744459505,2,15.684938429983776,0.0,104.31506157001623,0.0,0.0,120.0,0.0,0.0,16.886181808359737,0,161,4,0,WAIT
greedy_net_earnings,148,132,08:00,120,109.38013473273095,9.425550501830319,99.95458423090064,3,4.711621593479533,44.31053869910722,70.97783970741324,0.0,0.0,120.0,0.0,7.309105975879589,30.393096031441686,0,145,4,2,WAIT
greedy_net_earnings,149,132,08:00,120,73.07053363064668,6.775207949378272,66.29532568126841,2,12.250183301910752,32.88061859606432,71.55484650807134,3.314351593953603,0.0,120.00000000000001,-1.4210854715202004e-14,5.710268022125769,21.39056377538732,1,207,5,2,WAIT
greedy_net_earnings,150,132,08:00,120,57.646563754344896,5.3962766563918905,52.250287097953006,1,1.7086508479230158,35.22182204478432,64.21048027220587,18.8590468350868,0.0,120.00000000000001,-1.4210854715202004e-14,5.851377440928088,15.733729184639472,1,199,2,1,WAIT
greedy_net_earnings,151,132,08:00,120,58.49723953935015,6.179319832008236,52.317919707341915,2,16.013452461989232,31.95513390973077,56.85622293889154,15.175190689388458,0.0,120.0,0.0,5.308684753545373,19.408594574487573,1,199,5,1,WAIT
greedy_net_earnings,152,132,08:00,120,103.99078032157391,6.332060015829368,97.65872030574454,2,4.676088985854779,32.18896889632003,75.58722560146292,7.547716516362257,0.0,119.99999999999999,1.4210854715202004e-14,5.308684753545373,20.0195553097721,1,199,3,1,WAIT
greedy_net_earnings,153,132,08:00,120,102.45790855936737,8.437149778750243,94.02075878061713,2,14.071714533972946,0.0,91.33238139792824,14.595904068098804,0.0,120.0,0.0,0.0,33.74859911500097,1,138,5,0,WAIT
greedy_net_earnings,154,132,08:00,120,63.44164200402537,5.724337924178345,57.717304079847025,1,8.939473567936055,35.22182204478432,63.800168837521646,12.038535549757981,0.0,120.0,0.0,5.851377440928088,17.045974255785293,1,199,3,1,WAIT
greedy_net_earnings,155,132,08:00,120,69.93917428784,5.0432279464523955,64.89594634138761,4,8.375789392004618,0.0,111.62421060799538,0.0,0.0,120.0,0.0,0.0,20.172911785809582,0,236,5,0,WAIT
greedy_net_earnings,156,132,08:00,120,62.34008517358087,5.560811516620493,56.77927365696037,1,1.6166861631252045,31.731555080019152,67.81597931977278,18.835779437082863,0.0,120.0,0.0,5.271541753992986,16.971704312488985,1,199,2,1,WAIT
greedy_net_earnings,157,132,08:00,120,67.40801780347442,6.35929980232444,61.04871800114998,2,13.706719471033109,32.575574665455385,73.71770586351148,0.0,0.0,119.99999999999997,2.842170943040401e-14,5.372444737869574,20.064754471428184,0,195,5,1,WAIT
greedy_net_earnings,158,132,08:00,120,55.81687272567443,5.747222835714007,50.069649889960424,2,6.266258114808744,31.95513390973077,68.76276357923005,13.015844396230449,0.0,120.00000000000001,-1.4210854715202004e-14,5.308684753545373,17.680206589310654,1,199,3,1,WAIT
greedy_net_earnings,159,132,08:00,120,111.21191908629346,7.745313478728248,103.46660560756521,3,17.945003362620753,27.877019536446628,74.17797710093262,0.0,0.0,120.0,0.0,4.6213657288823615,26.359888186030627,0,164,6,1,WAIT
greedy_net_earnings,160,132,08:00,120,69.0789366297107,6.866271113944344,62.21266551576635,2,44.79676347737538,19.97513435546876,55.22810216715587,0.0,0.0,120.0,0.0,5.18155674214191,22.283527713635465,0,230,11,1,WAIT
greedy_net_earnings,161,132,08:00,120,53.05989341117772,5.356299432956229,47.70359397822149,1,6.680511534569262,31.267136969003285,65.72456392802538,16.327787568402073,0.0,120.0,0.0,5.194388287755453,16.230809444069465,1,195,3,1,WAIT
greedy_net_earnings,162,132,08:00,120,53.1446329776938,5.774818810303202,47.3698141673906,1,11.121142671536898,35.22182204478432,73.65703528367878,0.0,0.0,120.0,0.0,5.851377440928088,17.24789780028472,0,199,4,1,WAIT
greedy_net_earnings,163,132,08:00,120,61.6863694939914,5.730970353780247,55.955399140211156,1,29.84465025442105,34.59908164952887,55.55626809605008,0.0,0.0,120.0,0.0,5.747922000839862,17.175959414281127,0,199,7,1,WAIT
greedy_net_earnings,164,132,08:00,120,53.73930412997965,5.098520851073927,48.64078327890572,1,15.140875654553437,28.050102970408737,76.80902137503782,0.0,0.0,119.99999999999999,1.4210854715202004e-14,4.626092698216579,15.767990706079127,0,207,4,1,WAIT
greedy_net_earnings,165,132,08:00,120,61.81282639084808,4.957224715361777,56.855601675486305,1,7.178572884827813,26.07933533881795,75.16730121406022,11.574790562294027,0.0,120.0,0.0,4.301068802225837,15.527830059221271,1,207,3,1,WAIT
greedy_net_earnings,166,132,08:00,120,53.51616874977551,6.026317838214588,47.48985091156092,2,17.199450096047258,32.051700932167115,67.45173828960574,3.2971106821798912,0.0,120.0,0.0,5.3247273675788875,18.780543985279465,1,199,6,1,WAIT
greedy_net_earnings,167,132,08:00,120,75.9217670083032,6.344194604325391,69.57757240397781,3,33.329140173257194,26.07933533881795,60.59152448792485,0.0,0.0,120.0,0.0,4.301068802225837,21.075709615075727,0,207,9,1,WAIT
greedy_net_earnings,168,132,08:00,120,89.30822475433855,6.451194761111272,82.85702999322729,4,11.224201235276297,5.833053214704857,102.94274555001884,0.0,0.0,120.0,0.0,1.249516314823952,24.555262729621134,0,162,6,1,WAIT
greedy_net_earnings,169,132,08:00,120,114.64278179419179,7.757038393006388,106.88574340118541,3,1.8825547919933927,33.650934209362084,65.9628139483157,18.503697050328825,0.0,120.0,0.0,5.870882043706313,25.157271528319235,1,199,4,2,WAIT
greedy_net_earnings,170,132,08:00,120,81.91664420045103,6.002577821213136,75.9140663792379,3,6.484128451378569,8.023374806632717,105.49249674198872,0.0,0.0,120.0,0.0,0.6461705751342853,23.36414070971826,0,231,4,1,WAIT
greedy_net_earnings,171,132,08:00,120,58.85127589571486,6.322646233032225,52.52862966268264,2,5.535760678500862,31.95513390973077,57.755726916826355,24.753378494942012,0.0,120.0,0.0,5.308684753545373,19.98190017858353,1,199,3,1,WAIT
greedy_net_earnings,172,132,08:00,120,61.705775477789956,7.637234778307617,54.06854069948234,2,6.256360769838427,32.051700932167115,68.98410711805286,12.707831179941607,0.0,120.00000000000001,-1.4210854715202004e-14,5.3247273675788875,25.22421174565158,1,199,3,1,WAIT
greedy_net_earnings,173,132,08:00,120,59.347608316624935,7.21550735500355,52.13210096162138,2,14.443301706555092,23.890604578999746,61.81103210593665,19.85506160850852,0.0,120.0,0.0,3.9689299578524526,24.893099462161747,1,199,5,1,WAIT
greedy_net_earnings,174,132,08:00,120,60.044346566526734,5.944687164707082,54.09965940181965,1,15.829061929601911,34.59908164952887,63.052378398609484,6.519478022259733,0.0,120.0,0.0,5.747922000839862,18.030826657988463,1,199,5,1,WAIT
greedy_net_earnings,175,132,08:00,120,73.11572208573224,5.455419267172233,67.66030281856001,2,14.706098521518062,8.899425744060885,96.39447573442105,0.0,0.0,120.0,0.0,1.4577285349515015,20.363948533737428,0,145,5,1,WAIT
greedy_net_earnings,176,132,08:00,120,54.27892252450388,5.3554135819430515,48.92350894256083,1,32.64075336493513,34.59908164952887,42.76578514010916,9.994379845426835,0.0,120.0,0.0,5.747922000839862,15.673732326932344,1,199,7,1,WAIT
greedy_net_earnings,177,132,08:00,120,53.77252693499198,5.935038900274984,47.837488034717,2,9.191656886178812,37.05452422594415,49.139854889801875,24.613963998075178,0.0,120.00000000000001,-1.4210854715202004e-14,6.142783956295462,17.597371644804472,1,199,4,1,WAIT
greedy_net_earnings,178,132,08:00,120,69.73896706857242,7.855288090424514,61.883678978147906,2,6.151067040507736,48.582265798065734,61.04875749362502,4.217909667801493,0.0,119.99999999999999,1.4210854715202004e-14,9.80292247102427,21.618229890673785,1,199,3,2,WAIT
greedy_net_earnings,179,132,08:00,120,57.44805280821487,5.781358185490067,51.666694622724805,1,7.343836763963083,35.22182204478432,62.23117636567182,15.203164825580785,0.0,120.0,0.0,5.851377440928088,17.27405530103218,1,199,2,1,WAIT
greedy_net_earnings,180,132,08:00,120,56.7375552759502,6.714649212759268,50.02290606319093,2,8.001355535581169,31.95513390973077,61.25362595577362,18.789884598914455,0.0,120.00000000000001,-1.4210854715202004e-14,5.308684753545373,21.549912097491696,1,199,3,1,WAIT
greedy_net_earnings,181,132,08:00,120,62.49498223624305,5.815333708478962,56.67964852776409,1,0.8243555477713373,31.95513390973077,70.81504147980782,16.405469062690074,0.0,120.0,0.0,5.308684753545373,17.952650080370475,1,199,2,1,WAIT
greedy_net_earnings,182,132,08:00,120,71.184744297657,4.469225399938365,66.71551889771864,2,5.004694241180853,0.0,114.99530575881914,0.0,0.0,120.0,0.0,0.0,17.87690159975346,0,68,3,0,WAIT
greedy_net_earnings,183,132,08:00,120,69.09595790779315,5.373122128166788,63.722835779626365,1,6.880082492337927,31.267136969003285,69.31356139407434,12.539219144584436,0.0,119.99999999999999,1.4210854715202004e-14,5.194388287755453,16.2981002249117,1,195,3,1,WAIT
greedy_net_earnings,184,132,08:00,120,50.91600843781514,5.8035386451802395,45.1124697926349,1,7.068584027671303,30.411395263253084,63.0676968192088,19.45232388986682,0.0,120.0,0.0,5.052224497764085,18.16193008295687,1,195,3,1,WAIT
greedy_net_earnings,185,132,08:00,120,103.69570834910698,8.431008250490251,95.26470009861673,2,6.806816348073831,36.65967708647898,75.2440610646916,1.2894455007555905,0.0,120.0,0.0,6.126744487413468,27.597288514547536,1,231,3,1,WAIT
greedy_net_earnings,186,132,08:00,120,55.04589927501954,6.029745896722597,49.01615337829695,1,8.022107670142061,31.731555080019152,61.818794163327674,18.427543086511108,0.0,119.99999999999999,1.4210854715202004e-14,5.271541753992986,18.8474418328974,1,199,3,1,WAIT
greedy_net_earnings,187,132,08:00,120,89.61298091815834,8.433654994004439,81.1793259241539,3,15.862726566861122,35.874789267585946,64.60107008707607,3.6614140784768807,0.0,120.00000000000001,-1.4210854715202004e-14,6.126744487413468,27.607875488604286,1,230,6,1,WAIT
greedy_net_earnings,188,132,08:00,120,120.9396952166506,8.60684814858206,112.33284706806855,2,20.040219756951924,0.0,97.21156709311401,2.748213149934074,0.0,120.00000000000001,-1.4210854715202004e-14,0.0,34.42739259432824,1,132,6,0,WAIT
greedy_net_earnings,189,132,08:00,120,69.275293838094,4.805743836304655,64.46955000178934,2,8.940255676936216,9.031262043181538,102.02848227988224,0.0,0.0,120.0,0.0,0.6603347362239406,18.56264060899468,0,233,4,1,WAIT
greedy_net_earnings,190,132,08:00,120,51.762819970669646,5.70232931193665,46.060490658732995,1,13.882110334504189,24.882546762131966,76.94592095068761,4.289421952676236,0.0,120.0,0.0,4.103691455634394,18.705625792112205,1,207,4,1,WAIT
greedy_net_earnings,191,132,08:00,120,87.71391394485329,5.518692919024709,82.19522102582857,3,18.088672164771566,16.199258058020977,85.71206977720747,0.0,0.0,120.00000000000001,-1.4210854715202004e-14,2.3613252554730897,19.713446420625747,0,48,7,2,WAIT
greedy_net_earnings,192,132,08:00,120,68.96698889897041,4.87555663265122,64.09143226631919,2,21.48238449918763,0.0,95.6472948963245,2.870320604487887,0.0,120.00000000000001,-1.4210854715202004e-14,0.0,19.50222653060488,1,239,7,0,WAIT
greedy_net_earnings,193,132,08:00,120,82.75904939644182,7.709131029729847,75.04991836671198,3,16.674456359673016,41.26330547578573,43.84020899564842,18.22202916889283,0.0,119.99999999999999,1.4210854715202004e-14,8.624188172209308,22.21233594671008,1,199,6,2,WAIT
greedy_net_earnings,194,132,08:00,120,69.99420837927687,5.0581930373802715,64.93601534189659,2,1.7181632400820748,6.925234401592028,111.3566023583259,0.0,0.0,120.0,0.0,0.8951311783107404,19.337640971210345,0,262,3,1,WAIT
greedy_net_earnings,195,132,08:00,120,61.881600813755135,6.228563369761679,55.653037443993455,2,2.3729846838738893,33.00978178841175,64.47431762658525,20.14291590112913,0.0,120.00000000000001,-1.4210854715202004e-14,5.483892691328659,19.430360787718058,1,199,3,1,WAIT
greedy_net_earnings,196,132,08:00,120,58.86243680612771,5.677238935567333,53.18519787056038,1,13.549336153538356,32.18896889632003,74.26169495014162,0.0,0.0,120.0,0.0,5.308684753545373,17.40027098872396,0,199,4,1,WAIT
greedy_net_earnings,197,132,08:00,120,57.75412750940061,5.797158760268783,51.95696874913183,2,8.90850169669545,6.569441066650219,103.7186998135616,0.8033574230927343,0.0,120.0,0.0,0.6994120758709287,22.489222965204203,1,186,4,1,WAIT
greedy_net_earnings,198,132,08:00,120,73.19066218263188,5.279298676131156,67.91136350650072,3,6.298318556330632,16.06768033760582,92.43035774190606,5.2036433641575,0.0,120.00000000000001,-1.4210854715202004e-14,2.3613252554730897,18.755869449051534,1,48,4,2,WAIT
greedy_net_earnings,199,132,08:00,120,77.26378164691702,6.5489439811780095,70.71483766573901,2,9.146680089612696,34.59908164952887,63.25717623651195,12.99706202434649,0.0,120.0,0.0,5.747922000839862,20.447853923872174,1,199,4,1,WAIT
greedy_net_earnings,200,132,08:00,120,59.1678409626334,5.746032747874388,53.42180821475901,1,12.783290579093773,36.95777088210401,53.316358376566534,16.94258016223567,0.0,119.99999999999999,1.4210854715202004e-14,6.126744487413468,16.857386504084083,1,199,4,1,WAIT
greedy_net_earnings,201,132,08:00,120,58.4322217033319,4.140077899619341,54.292143803712555,2,6.841656355782346,0.0,89.1579226824279,24.000420961789757,0.0,120.0,0.0,0.0,16.560311598477362,1,230,3,0,WAIT
greedy_net_earnings,202,132,08:00,120,64.38236198194765,5.3268766244156875,59.055485357531964,2,13.642311027293502,19.226708718631464,70.13965429771854,16.991325956356505,0.0,120.00000000000001,-1.4210854715202004e-14,3.1941200973773887,18.11338640028536,1,195,4,1,WAIT
greedy_net_earnings,203,132,08:00,120,98.75456676560574,8.031020314305641,90.72354645130011,3,12.748772259248742,36.467299127409554,70.7839286133417,0.0,0.0,120.0,0.0,5.451171741127549,26.672909516095014,0,186,5,2,WAIT
greedy_net_earnings,204,132,08:00,120,63.07920052953342,5.080171795537875,57.99902873399555,1,8.284344563233336,25.048588189178787,84.08496347347347,2.5821037741144153,0.0,120.0,0.0,4.131075420465934,16.189611761685565,1,207,2,1,WAIT
greedy_net_earnings,205,132,08:00,120,64.67399111159136,4.2864046581693716,60.38758645342199,1,4.2907524676834266,8.683934748546648,88.80966532469904,18.21564745907088,0.0,120.0,0.0,0.8738289522399111,16.271789680437575,1,186,2,1,WAIT
greedy_net_earnings,206,132,08:00,120,55.70313846970445,6.080795449970738,49.62234301973371,2,9.49153649005432,23.424928516117703,77.74208264027267,9.341452353555312,0.0,120.00000000000001,-1.4210854715202004e-14,3.8632974317055897,20.459884368177363,1,207,4,1,WAIT
greedy_net_earnings,207,132,08:00,120,55.054870640515816,4.456650699285209,50.59821994123061,2,24.161172129754515,0.0,95.8388278702455,0.0,0.0,120.00000000000001,-1.4210854715202004e-14,0.0,17.826602797140836,0,142,6,0,WAIT
greedy_net_earnings,208,132,08:00,120,65.13273008016054,6.756578094517499,58.37615198564304,2,6.777229447044289,41.05487525948917,59.45317109005036,12.714724203416182,0.0,120.0,0.0,7.10089375575204,19.925418622317956,1,199,3,2,WAIT
greedy_net_earnings,209,132,08:00,120,65.61954027059036,5.513483935998858,60.10605633459151,1,27.337121130812672,35.29670076021539,45.41173633490508,11.95444177406685,0.0,120.0,0.0,5.851377440928088,16.202558303067345,1,199,6,1,WAIT
greedy_net_earnings,210,132,08:00,120,91.69132098068043,5.909316436147358,85.78200454453307,2,8.501904987502549,26.07933533881795,85.4187596736795,0.0,0.0,120.0,0.0,4.301068802225837,19.336196942363596,0,138,4,1,WAIT
greedy_net_earnings,211,132,08:00,120,91.09652936579815,8.69889604913188,82.39763331666627,2,21.41100163272891,31.542529453657632,67.04646891361345,0.0,0.0,120.0,0.0,5.271541753992986,29.524042442534533,0,236,6,1,WAIT
greedy_net_earnings,212,132,08:00,120,76.85711882281312,5.946784558168367,70.91033426464476,3,14.944646678214156,8.899425744060885,91.32232917610202,4.8335984016229645,0.0,120.00000000000003,-2.842170943040401e-14,1.4577285349515015,22.329409697721964,1,145,6,1,WAIT
greedy_net_earnings,213,132,08:00,120,51.0228237388172,5.820222749895184,45.202600988922015,1,9.566458855589012,24.065426540851657,74.76499985660054,11.603114746958795,0.0,120.0,0.0,3.9689299578524526,19.311961041728285,1,199,3,1,WAIT
greedy_net_earnings,214,132,08:00,120,50.267019463802114,5.530825865066607,44.73619359873551,1,0.5357506179701207,36.87936835866004,63.95396372268351,18.630917300686335,0.0,120.00000000000001,-1.4210854715202004e-14,6.126744487413468,15.99655897285296,1,199,2,1,WAIT
greedy_net_earnings,215,132,08:00,120,61.3866359484049,5.486280826180024,55.90035512222488,1,1.3278961073891637,36.95777088210401,54.56488027438582,27.149452736121006,0.0,120.0,0.0,6.126744487413468,15.818378817306627,1,199,2,1,WAIT
greedy_net_earnings,216,132,08:00,120,64.78341218937753,6.382197590181548,58.40121459919598,2,4.435103441838329,37.78818712443562,61.13636782179674,16.6403416119293,0.0,120.0,0.0,6.558201068369325,18.97058929235687,1,199,3,2,WAIT
greedy_net_earnings,217,132,08:00,120,49.52452117587245,4.631265898552671,44.89325527731978,1,3.96395472278731,9.14736914291698,106.88867613429571,0.0,0.0,120.0,0.0,0.6603347362239406,17.864728857986744,0,186,2,1,WAIT
greedy_net_earnings,218,132,08:00,120,58.52220470017064,5.502701305820699,53.01950339434994,1,6.847665801734168,36.95777088210401,50.619723162783,25.57484015337883,0.0,120.0,0.0,6.126744487413468,15.884060735869326,1,199,3,1,WAIT
greedy_net_earnings,219,132,08:00,120,44.29016311805262,6.183409966884735,38.10675315116788,1,10.929589660733182,30.633933783155136,78.24010738557305,0.196369170538631,0.0,120.0,0.0,5.052224497764085,19.681415369774854,1,195,4,1,WAIT
greedy_net_earnings,220,132,08:00,120,52.410921820333044,4.413092729244988,47.99782909108806,1,26.16502853729128,0.0,80.56932922830238,13.265642234406329,0.0,119.99999999999999,1.4210854715202004e-14,0.0,17.65237091697995,1,230,6,0,WAIT
greedy_net_earnings,221,132,08:00,120,58.27462181640893,5.872353151808522,52.40226866460041,1,5.525668575414709,30.633933783155136,77.54154850116514,6.29884914026502,0.0,120.0,0.0,5.052224497764085,18.43718810947,1,195,2,1,WAIT
greedy_net_earnings,222,132,08:00,120,63.03615790726201,4.644953781720339,58.39120412554167,2,8.855614716209542,0.0,110.24662874649187,0.8977565372986049,0.0,120.00000000000001,-1.4210854715202004e-14,0.0,18.579815126881357,1,142,4,0,WAIT
greedy_net_earnings,223,132,08:00,120,85.5864277664631,7.539181463053617,78.04724630340948,2,10.237315180653157,28.874560099529646,76.60065081373777,4.287473906079413,0.0,119.99999999999999,1.4210854715202004e-14,6.639285277093411,23.517440575121054,1,145,4,2,WAIT
greedy_net_earnings,224,132,08:00,120,66.53667686698267,5.580934470630201,60.95574239635248,1,5.719942774866398,33.07995788701998,54.23592182354216,26.96417751457146,0.0,119.99999999999999,1.4210854715202004e-14,5.483892691328659,16.839845191192143,1,199,2,1,WAIT
greedy_net_earnings,225,132,08:00,120,70.03495082290351,6.541990854206251,63.492959968697264,1,4.477032561769426,28.021441206537496,78.60644037951423,8.895085852178852,0.0,120.0,0.0,4.6213657288823615,21.546597687942644,1,199,2,1,WAIT
greedy_net_earnings,226,132,08:00,120,59.834412970505994,5.581069808437055,54.25334316206894,2,16.184717840587904,31.9637540054736,60.916339522676495,10.935188631262008,0.0,120.0,0.0,5.271541753992986,17.052737479755237,1,199,5,1,WAIT
greedy_net_earnings,227,132,08:00,120,57.45023147703674,6.841473477970237,50.6087579990665,1,2.5351029369435274,32.28624255789799,77.06500503331804,8.113649471840432,0.0,120.0,0.0,5.3247273675788875,22.04116654430206,1,199,2,1,WAIT
greedy_net_earnings,228,132,08:00,120,31.330063691707267,1.2978891855354775,30.03217450617179,1,3.4661282756149836,20.560824591528238,24.947620237858093,71.02542689499869,0.0,120.0,0.0,5.18155674214191,0.01,1,132,2,1,WAIT
greedy_net_earnings,229,132,08:00,120,68.65500746697778,5.454324463300623,63.200683003677156,2,4.0486016320210405,9.031262043181538,99.4544161911096,7.46572013368781,0.0,119.99999999999999,1.4210854715202004e-14,0.6603347362239406,21.156963116978552,1,186,3,1,WAIT
greedy_net_earnings,230,132,08:00,120,57.86916428748153,5.730361424430624,52.138802863050906,1,4.402166710589762,33.07995788701998,54.693758521636745,27.82411688075352,0.0,120.00000000000001,-1.4210854715202004e-14,5.483892691328659,17.437553006393838,1,199,2,1,WAIT
greedy_net_earnings,231,132,08:00,120,75.95941585406322,6.158681337229471,69.80073451683376,3,10.820278107911307,28.021441206537496,68.19767689389968,12.960603791651522,0.0,120.0,0.0,4.6213657288823615,20.013359620035523,1,199,4,1,WAIT
greedy_net_earnings,232,132,08:00,120,78.77894868756995,7.561797268687415,71.21715141888254,2,10.910988782459157,31.799013773098718,77.28999744444212,0.0,0.0,120.0,0.0,5.271541753992986,24.975647320756675,0,162,4,1,WAIT
greedy_net_earnings,233,132,08:00,120,119.95782315048355,6.51142680270412,113.44639634777943,3,8.886221598998702,6.061328545789135,100.47843379204701,4.574016063165146,0.0,120.0,0.0,0.7590455094643577,25.286661701352124,1,24,4,1,WAIT
greedy_net_earnings,234,132,08:00,120,75.673906047417,6.156802372011114,69.51710367540589,2,10.581801064083496,33.01753776903348,62.78357970111317,13.617081465769857,0.0,120.0,0.0,5.485181187136304,19.142028300908155,1,195,4,1,WAIT
greedy_net_earnings,235,132,08:00,120,85.36354683405985,7.966550897927077,77.39699593613277,2,11.35866266483969,31.799013773098718,76.84232356206158,0.0,0.0,119.99999999999999,1.4210854715202004e-14,5.271541753992986,26.59466183771532,0,162,4,1,WAIT
greedy_net_earnings,236,132,08:00,120,72.58032676811435,7.186601272826371,65.39372549528798,2,7.343813395499746,26.29379763910189,77.30670412713349,9.055684838264881,0.0,120.0,0.0,4.336438457817936,24.40996663348755,1,199,3,1,WAIT
greedy_net_earnings,237,132,08:00,120,68.12989331227419,5.6621997618469555,62.467693550427235,1,6.463500353564445,24.065426540851657,82.84347535511269,6.62759775047121,0.0,120.0,0.0,3.9689299578524526,18.67986908953537,1,199,3,1,WAIT
greedy_net_earnings,238,132,08:00,120,56.186333237288565,5.59819682933123,50.588136407957336,1,5.26288103703456,23.941394052056324,56.686961587216295,34.10876332369283,0.0,120.00000000000001,-1.4210854715202004e-14,3.9689299578524526,18.423857359472468,1,199,2,1,WAIT
greedy_net_earnings,239,132,08:00,120,66.14475645192262,5.904611651276729,60.240144800645886,3,9.025798205922706,9.013837938891834,101.96036385518545,0.0,0.0,119.99999999999999,1.4210854715202004e-14,1.4577285349515015,22.16071807015541,0,145,4,1,WAIT
greedy_net_earnings,240,132,08:00,120,84.35049622201983,8.182641987279784,76.16785423474005,2,8.039896417057907,37.05452422594415,72.56026142552072,2.3453179314772257,0.0,120.0,0.0,6.142783956295462,26.587783992823674,1,162,4,1,WAIT
greedy_net_earnings,241,132,08:00,120,75.58082473502921,5.367861214865912,70.2129635201633,2,10.2386086160444,0.0,109.7613913839556,0.0,0.0,120.0,0.0,0.0,21.47144485946365,0,230,4,0,WAIT
greedy_net_earnings,242,132,08:00,120,86.52273887482714,8.621943752673165,77.90079512215398,2,8.3232821320537,46.11104637715756,65.56567149078876,0.0,0.0,120.00000000000001,-1.4210854715202004e-14,7.140149633643068,27.347625377049596,0,79,4,2,WAIT
greedy_net_earnings,243,132,08:00,120,63.98432686684134,6.629990208078224,57.35433665876312,2,6.284561700950466,38.70681116681312,75.00862713223641,0.0,0.0,120.0,0.0,6.3937689712602,20.1261918610527,0,105,3,2,WAIT
greedy_net_earnings,244,132,08:00,120,127.84974204410211,9.97945159727289,117.87029044682923,3,12.111046578137206,50.95730868772233,56.93164473414046,0.0,0.0,120.0,0.0,8.765706909727173,31.152099479364388,0,195,5,2,WAIT
greedy_net_earnings,245,132,08:00,120,97.40995642773717,8.898150792014695,88.51180563572248,3,7.650122124034102,41.52336624604651,70.8265116299194,0.0,0.0,120.0,0.0,7.017024839940119,28.575578328118656,0,145,4,2,WAIT
greedy_net_earnings,246,132,08:00,120,53.79580832066307,5.3802967259663665,48.4155115946967,1,17.718808870393705,35.29670076021539,40.67155661155644,26.31293375783447,0.0,120.0,0.0,5.851377440928088,15.669809462937378,1,199,5,1,WAIT
greedy_net_earnings,247,132,08:00,120,66.49588740517751,5.302234078216472,61.19365332696104,1,10.880797044513661,30.476047404442244,56.40608554165726,22.237070009386827,0.0,120.0,0.0,5.052224497764085,16.156711815101804,1,195,4,1,WAIT
greedy_net_earnings,248,132,08:00,120,92.15561989445,8.030095416388459,84.12552447806154,2,23.90733072280139,23.941394052056324,72.1512752251423,0.0,0.0,120.00000000000001,-1.4210854715202004e-14,3.9689299578524526,28.151451707701383,0,162,7,1,WAIT
greedy_net_earnings,249,132,08:00,120,82.29475667843207,6.517093272706266,75.7776634057258,2,4.684984007025529,24.065426540851657,79.72859246466892,11.520996987453884,0.0,120.0,0.0,3.9689299578524526,22.09944313297261,1,199,3,1,WAIT
greedy_net_earnings,250,132,08:00,120,119.45865100560945,6.000112203683725,113.45853880192573,3,22.346229552921592,8.743428262747267,80.53259635369577,8.377745830635376,0.0,120.0,0.0,0.8738289522399111,23.126619862494987,1,186,8,1,WAIT
greedy_net_earnings,251,132,08:00,120,60.577240617077514,6.48413245573124,54.09310816134627,2,1.4672708897471463,0.0,113.03237997234734,5.5003491379055305,0.0,120.00000000000001,-1.4210854715202004e-14,0.0,25.93652982292496,1,236,3,0,WAIT
greedy_net_earnings,252,132,08:00,120,56.32508741896113,5.212499422270813,51.11258799669032,1,6.124886568231201,31.731555080019152,66.76769795158305,15.375860400166601,0.0,120.0,0.0,5.271541753992986,15.578455935090265,1,199,2,1,WAIT
greedy_net_earnings,253,132,08:00,120,67.8430699119086,6.189767980059825,61.65330193184877,2,0.5293567433521859,36.95777088210401,59.333277248208425,23.17959512633537,0.0,119.99999999999999,1.4210854715202004e-14,6.126744487413468,18.632327432825832,1,199,3,1,WAIT
greedy_net_earnings,254,132,08:00,120,79.08775012875664,6.075887096106014,73.01186303265062,2,14.513753058304584,33.650934209362084,52.012249852043745,19.823062880289584,0.0,119.99999999999999,1.4210854715202004e-14,5.870882043706313,18.432666340717745,1,199,5,2,WAIT
greedy_net_earnings,255,132,08:00,120,97.83869700808954,9.314620707544009,88.52407630054553,2,17.340223456477073,44.79000793047655,57.86976861304639,0.0,0.0,120.00000000000001,-1.4210854715202004e-14,7.291713703001811,29.96676912717422,0,257,5,2,WAIT
greedy_net_earnings,256,132,08:00,120,56.670954589835695,5.685976316639273,50.98497827319642,1,9.466443093138304,31.95513390973077,61.88502290243469,16.69340009469623,0.0,119.99999999999999,1.4210854715202004e-14,5.308684753545373,17.435220513011718,1,199,3,1,WAIT
greedy_net_earnings,257,132,08:00,120,106.59196109651249,9.835110759215153,96.75685033729734,3,6.379465011485572,48.538104715132405,51.37768389212287,13.704746381259142,0.0,119.99999999999999,1.4210854715202004e-14,8.185871222792072,31.15457181406854,1,195,4,2,WAIT
greedy_net_earnings,258,132,08:00,120,65.14861559993936,7.438346792183892,57.71026880775547,3,7.827306352589076,25.313121231733156,81.78189190081397,5.077680514863786,0.0,119.99999999999999,1.4210854715202004e-14,4.90349915521927,24.849888013516296,1,186,5,2,WAIT
greedy_net_earnings,259,132,08:00,120,82.07140744584666,7.214963277686648,74.85644416816001,2,11.279543328436864,23.424928516117703,73.13722378234884,12.158304373096598,0.0,120.0,0.0,3.8632974317055897,24.996555679041002,1,207,4,1,WAIT
greedy_net_earnings,260,132,08:00,120,72.16560227639572,7.102290655060993,65.06331162133472,2,14.906139894798939,0.0,105.09386010520106,0.0,0.0,120.0,0.0,0.0,28.409162620243972,0,230,5,0,WAIT
greedy_net_earnings,261,132,08:00,120,42.55022492455527,5.641287865779452,36.90893705877582,1,1.3118753378037984,32.18896889632003,84.21551111488563,2.2836446509905244,0.0,119.99999999999999,1.4210854715202004e-14,5.308684753545373,17.256466709572436,1,199,2,1,WAIT
greedy_net_earnings,262,132,08:00,120,93.94999306552154,8.581815924914679,85.36817714060686,2,11.135309575038672,39.93925239263504,64.30576021096448,4.619677821361805,0.0,120.0,0.0,6.820878935422326,27.50638476423639,1,230,4,1,WAIT
greedy_net_earnings,263,132,08:00,120,111.76033112638416,8.540533586716823,103.21979753966734,2,6.389807503945679,32.02306791313202,76.80971055407541,4.777414028846891,0.0,120.0,0.0,5.308684753545373,28.85344959332192,1,237,4,1,WAIT
greedy_net_earnings,264,132,08:00,120,59.56793165972762,6.339183743943106,53.22874791578452,1,3.4621102939550377,36.95777088210401,51.119366945863135,28.460751878077815,0.0,120.0,0.0,6.126744487413468,19.229990488358954,1,199,2,1,WAIT
greedy_net_earnings,265,132,08:00,120,60.74765418142318,5.8409108408220245,54.90674334060115,1,17.0938887098685,32.813141735225685,41.99856839386608,28.094401161039727,0.0,119.99999999999999,1.4210854715202004e-14,5.483892691328659,17.87975067195944,1,199,5,1,WAIT
greedy_net_earnings,266,132,08:00,120,65.77742937726146,6.899574801999984,58.87785457526147,2,6.20947697163181,30.633933783155136,78.51149455414856,4.6450946910645,0.0,120.0,0.0,5.052224497764085,22.546074710235853,1,195,3,1,WAIT
greedy_net_earnings,267,132,08:00,120,97.06781165866303,5.913182448772195,91.15462920989084,3,34.278797431325074,23.371156805579385,62.35004576309553,0.0,0.0,120.0,0.0,3.8544292675582303,19.79830052753055,0,207,9,1,WAIT
greedy_net_earnings,268,132,08:00,120,63.58206302364653,6.050956679669764,57.53110634397677,1,0.8209183443072443,37.14923693846097,82.02984471723178,0.0,0.0,120.0,0.0,6.126744487413468,18.07708223126559,0,199,2,1,WAIT
greedy_net_earnings,269,132,08:00,120,56.32007502345304,5.788741988932867,50.53133303452017,1,27.027279452370074,26.298542415474316,65.07372278617781,1.6004553459777924,0.0,120.0,0.0,4.368959039754844,18.786008915976623,1,199,7,1,WAIT
greedy_net_earnings,270,132,08:00,120,64.67231214448978,5.472605748378131,59.19970639611165,1,10.075058046361917,33.00978178841175,57.78147441206811,19.13368575315822,0.0,119.99999999999999,1.4210854715202004e-14,5.483892691328659,16.406530302183864,1,199,3,1,WAIT
greedy_net_earnings,271,132,08:00,120,109.05679888885427,9.547622420157763,99.50917646869651,3,8.881055784688431,51.264864358991204,59.854079856320375,0.0,0.0,120.0,0.0,8.502804850922761,29.687684829708296,0,195,4,2,WAIT
greedy_net_earnings,272,132,08:00,120,86.52709810609403,8.12535416474039,78.40174394135364,2,12.744902366806395,23.890604578999746,83.36449305419387,0.0,0.0,120.00000000000001,-1.4210854715202004e-14,3.9689299578524526,28.532486701109104,0,170,4,1,WAIT
greedy_net_earnings,273,132,08:00,120,55.91568419165974,6.008435789684529,49.90724840197522,2,7.393176570574347,22.34727256278752,67.61198954730604,22.647561319332098,0.0,120.0,0.0,3.712537255281759,20.321205903456356,1,199,4,1,WAIT
greedy_net_earnings,274,132,08:00,120,71.94653314788127,6.385275592884892,65.56125755499637,2,33.89220036241308,18.387566146517486,67.72023349106944,0.0,0.0,120.0,0.0,3.057337326497104,22.483765045042468,0,257,8,2,WAIT
greedy_net_earnings,275,132,08:00,120,84.00724319722025,6.083241868891161,77.92400132832908,2,17.851589124393,9.013837938891834,93.13457293671516,0.0,0.0,120.0,0.0,1.4577285349515015,22.87523894061314,0,145,5,1,WAIT
greedy_net_earnings,276,132,08:00,120,51.44031139919567,6.190135966074182,45.25017543312149,2,14.614495271948986,31.95513390973077,65.39820590696543,8.032164911354812,0.0,120.0,0.0,5.308684753545373,19.451859110751354,1,199,5,1,WAIT
greedy_net_earnings,277,132,08:00,120,93.44213940462674,7.275163703784116,86.16697570084263,3,10.396365520621746,48.4095732395884,53.53340352437911,7.660657715410736,0.0,119.99999999999999,1.4210854715202004e-14,9.741824557675834,19.35883025746063,1,199,4,2,WAIT
greedy_net_earnings,278,132,08:00,120,52.17592317118893,5.702873914532999,46.473049256655926,1,1.6745128736545154,31.731555080019152,62.19602355364304,24.3979084926833,0.0,120.00000000000001,-1.4210854715202004e-14,5.271541753992986,17.53995390413901,1,199,2,1,WAIT
greedy_net_earnings,279,132,08:00,120,54.62583904515138,5.8610661920483995,48.76477285310298,1,0.7459746540367517,37.05452422594415,47.064758570411996,35.1347425496071,0.0,120.0,0.0,6.142783956295462,17.301480811898134,1,199,2,1,WAIT
greedy_net_earnings,280,132,08:00,120,66.96488550125855,5.791015421642293,61.17387007961626,2,12.742308454000492,0.0,98.33858363802707,8.919107907972432,0.0,120.0,0.0,0.0,23.164061686569173,1,48,4,0,WAIT
greedy_net_earnings,281,132,08:00,120,59.87398848286669,5.745160127434994,54.1288283554317,1,9.010741562575081,31.76477641897683,42.976053734785665,36.24842828366242,0.0,120.0,0.0,5.308684753545373,17.671955756194603,1,199,3,1,WAIT
greedy_net_earnings,282,132,08:00,120,53.152419746402146,4.132913517455597,49.01950622894655,1,34.999373394054466,0.0,81.12074363407291,3.879882971872618,0.0,119.99999999999999,1.4210854715202004e-14,0.0,16.531654069822387,1,230,8,0,WAIT
greedy_net_earnings,283,132,08:00,120,68.33789764433719,6.443149705602496,61.894747938734696,2,20.104237135689928,30.411395263253084,69.48436760105699,0.0,0.0,120.0,0.0,5.052224497764085,20.720374324645896,0,195,6,1,WAIT
greedy_net_earnings,284,132,08:00,120,59.56228541616287,5.569834217134662,53.99245119902821,1,10.179990528117305,36.755650037702985,37.11479024515924,35.949569189020465,0.0,120.0,0.0,6.142783956295462,16.13655291224319,1,199,3,1,WAIT
greedy_net_earnings,285,132,08:00,120,82.44885629503531,6.182671412669702,76.26618488236561,3,10.966617788553732,8.253523687373981,89.12966232835494,11.650196195717356,0.0,120.00000000000001,-1.4210854715202004e-14,3.1402954808806487,21.590390169798162,1,238,5,1,WAIT
greedy_net_earnings,286,132,08:00,120,94.32527841192736,5.958829891000273,88.36644852092708,2,7.7912794681912825,24.882546762131966,85.70266002939819,1.623513740278554,0.0,120.0,0.0,4.103691455634394,19.7316281083667,1,138,4,1,WAIT
greedy_net_earnings,287,132,08:00,120,58.71400359220067,5.018498472145178,53.69550512005549,2,20.251302517711846,10.79316298238459,88.95553449990356,0.0,0.0,120.0,0.0,1.7454830859471333,18.32851080263358,0,145,6,1,WAIT
greedy_net_earnings,288,132,08:00,120,172.02311144007544,10.092172266185248,161.93093917389018,4,7.487504511506013,37.06676978341655,73.11592828673062,2.3297974183468284,0.0,120.0,0.0,6.14481398678563,34.22387507795536,1,144,5,1,WAIT
greedy_net_earnings,289,132,08:00,120,63.4159650119744,4.824014379576598,58.591950632397804,1,16.74198205988171,0.0,103.2580179401183,0.0,0.0,120.0,0.0,0.0,19.29605751830639,0,163,4,0,WAIT
greedy_net_earnings,290,132,08:00,120,51.97594855633565,5.469574809000366,46.50637374733529,1,3.803320740589928,33.00978178841175,70.90055757284415,12.286339898154182,0.0,120.0,0.0,5.483892691328659,16.394406544672805,1,199,2,1,WAIT
greedy_net_earnings,291,132,08:00,120,80.77179967601936,7.176096270336904,73.59570340568246,3,17.2869755432243,31.787502226663552,64.98558983479943,5.9399323953127094,0.0,119.99999999999999,1.4210854715202004e-14,5.550585117049788,23.15379996429783,1,207,6,2,WAIT
greedy_net_earnings,292,132,08:00,120,95.75767811805548,8.464707981370044,87.29297013668544,2,6.410896953380397,40.813064708711764,72.24469005677923,0.5313482811286008,0.0,120.0,0.0,6.820878935422326,27.037952990057853,1,162,3,1,WAIT
greedy_net_earnings,293,132,08:00,120,93.66801361036842,5.625127425049333,88.04288618531909,3,22.29901398517307,30.411395263253084,67.28959075157384,0.0,0.0,120.0,0.0,5.052224497764085,17.448285202433247,0,195,7,1,WAIT
greedy_net_earnings,294,132,08:00,120,70.1727661449434,5.647094084499194,64.52567206044421,2,3.026208932344891,30.411395263253084,69.99863882218602,16.563756982215992,0.0,119.99999999999999,1.4210854715202004e-14,5.052224497764085,17.53615184023269,1,195,3,1,WAIT
greedy_net_earnings,295,132,08:00,120,52.34605700671115,5.130708520768428,47.21534848594272,1,9.290237529186413,10.65616590363141,95.11129658211591,4.9422999850662706,0.0,120.00000000000001,-1.4210854715202004e-14,1.7454830859471333,18.77735099712658,1,145,3,1,WAIT
greedy_net_earnings,296,132,08:00,120,54.718509572483164,4.703887371736522,50.01462220074664,1,4.572730713896969,8.743428262747267,95.18326119926395,11.500579824091801,0.0,119.99999999999999,1.4210854715202004e-14,0.8738289522399111,17.941720534706178,1,186,2,1,WAIT
greedy_net_earnings,297,132,08:00,120,55.157338025719206,5.878348263546025,49.27898976217318,1,7.314829800186683,37.05452422594415,54.38773583422644,21.24291013964273,0.0,120.0,0.0,6.142783956295462,17.370609097888636,1,199,3,1,WAIT
greedy_net_earnings,298,132,08:00,120,71.80595614791122,5.637709074523565,66.16824707338765,4,32.67244276751036,0.0,87.32755723248962,0.0,0.0,119.99999999999999,1.4210854715202004e-14,0.0,22.55083629809426,0,113,10,0,WAIT
greedy_net_earnings,299,132,08:00,120,104.68109816642794,9.21824489908407,95.46285326734387,2,6.227870552227157,40.44673160826063,73.32539783951222,0.0,0.0,120.0,0.0,6.711539860208903,30.161439736127374,0,105,3,2,WAIT
finite_horizon_value_iteration,0,132,08:00,120,116.07544453985848,6.895468906143758,109.17997563371472,3,21.296827375990645,0.0,93.50407058865656,5.199102035352794,0.0,120.0,0.0,0.0,27.581875624575034,1,230,7,0,WAIT
finite_horizon_value_iteration,1,132,08:00,120,53.528154183423794,5.070777137301832,48.45737704612196,2,8.527306624322247,14.987664138762327,96.48502923691542,0.0,0.0,120.0,0.0,2.4650545668752764,17.81805398233205,0,237,4,2,WAIT
finite_horizon_value_iteration,2,132,08:00,120,90.2081228683422,6.294385170744815,83.91373769759738,4,32.64396342978618,8.883586331954259,78.47245023825955,0.0,0.0,120.0,0.0,0.8429103207506001,24.33463036222866,0,233,9,1,WAIT
finite_horizon_value_iteration,3,132,08:00,120,96.1982978550875,8.296244482525577,87.90205337256192,6,23.429776189306434,14.94674640981236,76.7795014141474,4.843975986733781,0.0,119.99999999999999,1.4210854715202004e-14,2.4650545668752764,30.719923363227032,1,233,8,2,WAIT
finite_horizon_value_iteration,4,132,08:00,120,72.7851190727255,5.406358600370844,67.37876047235466,2,5.629094677922633,8.683934748546648,105.68697057353073,0.0,0.0,120.00000000000001,-1.4210854715202004e-14,0.8738289522399111,20.751605449243463,0,237,3,1,WAIT
finite_horizon_value_iteration,5,132,08:00,120,79.51500879496076,4.823727902904614,74.69128089205616,3,36.75378751827548,8.904649312353607,74.3415631693709,0.0,0.0,119.99999999999999,1.4210854715202004e-14,0.6603347362239406,18.634576875394515,0,164,9,1,WAIT
finite_horizon_value_iteration,6,132,08:00,120,95.63764412309611,5.7442340133317975,89.89341010976432,4,46.78168781796565,0.0,73.21831218203435,0.0,0.0,120.0,0.0,0.0,22.97693605332719,0,162,12,0,WAIT
finite_horizon_value_iteration,7,132,08:00,120,96.71441833936314,6.581378916595887,90.13303942276725,3,16.387729257748013,0.0,103.61227074225198,0.0,0.0,120.0,0.0,0.0,26.32551566638355,0,234,5,0,WAIT
finite_horizon_value_iteration,8,132,08:00,120,69.68964339272573,7.192967238890233,62.496676153835494,2,24.112298972272917,31.76477641897683,32.8941191306299,31.228805478120364,0.0,120.00000000000001,-1.4210854715202004e-14,5.308684753545373,23.46318420201556,1,199,7,1,WAIT
finite_horizon_value_iteration,9,132,08:00,120,63.39852332063105,5.94333822725734,57.45518509337371,2,6.888270917496345,19.97513435546876,93.13659472703489,0.0,0.0,120.0,0.0,5.18155674214191,18.59179616688745,0,170,3,1,WAIT
finite_horizon_value_iteration,10,132,08:00,120,99.73406044026694,9.14040129718609,90.59365914308086,3,15.66884360644422,31.542529453657632,72.78862693989815,0.0,0.0,120.0,0.0,5.271541753992986,31.29006343475138,0,233,6,1,WAIT
finite_horizon_value_iteration,11,132,08:00,120,73.65449594202727,4.760200604232845,68.89429533779442,2,19.63152954415254,8.904649312353607,89.26853070350194,2.195290439991922,0.0,120.00000000000001,-1.4210854715202004e-14,0.6603347362239406,18.38046768070744,1,137,6,1,WAIT
finite_horizon_value_iteration,12,132,08:00,120,63.89706682447626,5.607820534304056,58.28924629017221,2,25.80534636995292,0.0,94.19465363004709,0.0,0.0,120.0,0.0,0.0,22.431282137216225,0,246,7,0,WAIT
finite_horizon_value_iteration,13,132,08:00,120,60.563960043202925,4.4058948446916695,56.15806519851125,1,1.7729376310056866,0.0,118.22706236899431,0.0,0.0,120.0,0.0,0.0,17.623579378766678,0,230,2,0,WAIT
finite_horizon_value_iteration,14,132,08:00,120,84.10417872292595,6.278816050064343,77.82536267286162,4,22.21798319902522,24.613034818560443,73.16898198241434,0.0,0.0,120.0,0.0,3.095143516359199,22.020120683898178,0,230,7,3,WAIT
finite_horizon_value_iteration,15,132,08:00,120,61.216104536517115,5.042940421894577,56.17316411462254,2,11.513176962896113,0.0,108.48682303710389,0.0,0.0,120.0,0.0,0.0,20.171761687578307,0,233,5,0,WAIT
finite_horizon_value_iteration,16,132,08:00,120,51.23337325578459,5.02907928158855,46.20429397419604,1,9.394912287834302,35.16191267737659,37.84980186648365,37.59337316830546,0.0,120.00000000000001,-1.4210854715202004e-14,5.8764307758315235,14.239886350522678,1,70,3,1,WAIT
finite_horizon_value_iteration,17,132,08:00,120,75.65381714086485,6.734805034722465,68.91901210614238,3,16.884697817815717,20.899353184482525,82.21594899770174,0.0,0.0,119.99999999999999,1.4210854715202004e-14,3.252689387129431,23.686530751760426,0,233,6,3,WAIT
finite_horizon_value_iteration,18,132,08:00,120,76.39292400566437,5.081942635532097,71.31098137013227,3,17.33923406052005,8.639178008516707,85.2022569727311,8.819330958232158,0.0,120.00000000000001,-1.4210854715202004e-14,0.8738289522399111,19.453941589888476,1,234,5,1,WAIT
finite_horizon_value_iteration,19,132,08:00,120,68.35325227035625,5.70504861198422,62.64820365837203,3,31.58983152652348,13.426087363367305,74.9840811101092,0.0,0.0,119.99999999999999,1.4210854715202004e-14,2.214263697456449,20.605930750480436,0,170,9,2,WAIT
finite_horizon_value_iteration,20,132,08:00,120,109.43927348870234,7.9066069988299565,101.53266648987238,4,17.15752373504168,32.75375375449933,70.08872251045898,0.0,0.0,119.99999999999999,1.4210854715202004e-14,5.473967481603665,26.15246051371616,0,140,6,1,WAIT
finite_horizon_value_iteration,21,132,08:00,120,68.29167431407438,4.631418713401349,63.66025560067304,1,12.248401088522634,0.0,94.64928443788143,13.102314473595925,0.0,120.0,0.0,0.0,18.525674853605395,1,161,3,0,WAIT
finite_horizon_value_iteration,22,132,08:00,120,74.7638789011556,6.796108186585307,67.9677707145703,3,22.878777221303366,0.0,94.82891343404968,2.2923093446469522,0.0,120.0,0.0,0.0,27.184432746341226,1,163,8,0,WAIT
finite_horizon_value_iteration,23,132,08:00,120,70.40931485232382,4.731611613815957,65.67770323850786,2,33.62173414796234,9.428359729780205,76.94990612225746,0.0,0.0,120.0,0.0,0.7789661452253094,18.14748031003852,0,68,9,1,WAIT
finite_horizon_value_iteration,24,132,08:00,120,75.08909696487694,5.3592769703284215,69.72981999454852,2,25.975445400711884,0.0,94.02455459928814,0.0,0.0,120.00000000000003,-2.842170943040401e-14,0.0,21.437107881313686,0,234,7,0,WAIT
finite_horizon_value_iteration,25,132,08:00,120,78.66000959212718,5.210978251912644,73.44903134021453,2,15.615040151414378,8.683934748546648,91.9035155220397,3.7975095779992927,0.0,120.00000000000001,-1.4210854715202004e-14,0.8738289522399111,19.970084055410666,1,161,5,1,WAIT
finite_horizon_value_iteration,26,132,08:00,120,71.46340998897507,5.76197615930803,65.70143382966704,4,7.805118352117698,17.562480272478034,75.2320784354493,19.40032293995496,0.0,119.99999999999999,1.4210854715202004e-14,1.716739272990511,21.331165364241606,1,186,5,2,WAIT
finite_horizon_value_iteration,27,132,08:00,120,86.99475777058787,5.023013514938366,81.9717442556495,3,29.454663429505047,9.428359729780205,81.11697684071476,0.0,0.0,120.0,0.0,0.7789661452253094,19.313087914528158,0,68,8,1,WAIT
finite_horizon_value_iteration,28,132,08:00,120,96.16128638360361,7.4523382844152435,88.70894809918836,4,18.593630547992923,0.0,101.40636945200706,0.0,0.0,119.99999999999997,2.842170943040401e-14,0.0,29.809353137660974,0,163,8,0,WAIT
finite_horizon_value_iteration,29,132,08:00,120,44.96640232182415,4.716887566473793,40.249514755350354,1,14.529015040848943,0.0,87.46470440772057,18.00628055143048,0.0,120.0,0.0,0.0,18.867550265895172,1,230,4,0,WAIT
finite_horizon_value_iteration,30,132,08:00,120,75.36554395660052,5.331608232002767,70.03393572459775,2,13.912808398118315,14.713236180878916,78.39245949960642,12.981495921396345,0.0,120.0,0.0,2.444299961608333,18.882132966402736,1,162,5,2,WAIT
finite_horizon_value_iteration,31,132,08:00,120,72.48726274874586,4.998648756990242,67.48861399175561,3,4.099998860425646,0.0,108.08302375089652,7.8169773886778415,0.0,120.0,0.0,0.0,19.99459502796097,1,238,4,0,WAIT
finite_horizon_value_iteration,32,132,08:00,120,68.02030739128654,5.074702968470827,62.945604422815705,2,13.060943270087746,0.0,97.95331424917403,8.985742480738224,0.0,120.0,0.0,0.0,20.29881187388331,1,246,4,0,WAIT
finite_horizon_value_iteration,33,132,08:00,120,58.87422886145367,4.824868492430885,54.049360369022786,2,2.352959824271164,7.052846765803016,80.84310444862933,29.75108896129649,0.0,120.0,0.0,0.8099048503132977,18.48956911941024,1,107,3,1,WAIT
finite_horizon_value_iteration,34,132,08:00,120,82.72917053090357,5.120858764362463,77.6083117665411,3,20.212013097476234,7.91089203402944,91.87709486849432,0.0,0.0,120.0,0.0,0.6461705751342853,19.837264482315568,0,48,7,1,WAIT
finite_horizon_value_iteration,35,132,08:00,120,82.11909740999998,5.73629211603758,76.3828052939624,3,26.07112309926248,10.164986941066497,83.76388995967102,0.0,0.0,120.0,0.0,1.1118089406491376,21.833359523501183,0,143,7,1,WAIT
finite_horizon_value_iteration,36,132,08:00,120,85.50432408060747,8.37771960600943,77.12660447459804,4,15.970752767241306,25.86253856788317,70.02089166470547,8.145817000170027,0.0,119.99999999999999,1.4210854715202004e-14,7.198325671848668,26.312552752189056,1,143,7,3,WAIT
finite_horizon_value_iteration,37,132,08:00,120,91.2626444788358,5.507662354328405,85.75498212450739,3,21.505208796214013,0.0,98.49479120378597,0.0,0.0,119.99999999999997,2.842170943040401e-14,0.0,22.03064941731362,0,162,6,0,WAIT
finite_horizon_value_iteration,38,132,08:00,120,85.75521589223317,7.512942476993791,78.24227341523938,2,25.539197111628905,32.813141735225685,61.647661153145414,0.0,0.0,120.0,0.0,5.483892691328659,24.567877216646504,0,234,7,1,WAIT
finite_horizon_value_iteration,39,132,08:00,120,31.651055617257555,3.5472157332684753,28.103839883989078,1,37.022856055564425,14.780734495277345,55.275573994096206,12.920835455062019,0.0,120.0,0.0,2.7023897936921806,11.48647313938172,1,126,9,2,WAIT
finite_horizon_value_iteration,40,132,08:00,120,98.02388217961656,8.062133620038397,89.96174855957817,3,15.302358165459776,8.253523687373981,96.44411814716624,0.0,0.0,120.0,0.0,3.1402954808806487,29.10823899927294,0,163,5,1,WAIT
finite_horizon_value_iteration,41,132,08:00,120,83.02831656415535,5.1933110198109045,77.83500554434444,3,5.397313127980148,0.0,96.30462728924375,18.298059582776105,0.0,120.00000000000001,-1.4210854715202004e-14,0.0,20.773244079243618,1,143,4,0,WAIT
finite_horizon_value_iteration,42,132,08:00,120,60.72628074400501,5.496725633037688,55.229555110967326,3,26.540955966814835,0.0,93.45904403318517,0.0,0.0,120.0,0.0,0.0,21.98690253215075,0,263,7,0,WAIT
finite_horizon_value_iteration,43,132,08:00,120,74.10626863532369,5.613680384697588,68.4925882506261,4,36.73676614262844,0.0,83.26323385737156,0.0,0.0,120.0,0.0,0.0,22.454721538790352,0,246,11,0,WAIT
finite_horizon_value_iteration,44,132,08:00,120,89.15955947382064,7.283750948123737,81.8758085256969,3,21.078109578583224,8.253523687373981,90.6683667340428,0.0,0.0,120.00000000000001,-1.4210854715202004e-14,3.1402954808806487,25.994708311614296,0,236,6,1,WAIT
finite_horizon_value_iteration,45,132,08:00,120,95.35740324375283,6.062833768164682,89.29456947558815,3,8.049242219137021,0.0,111.95075778086297,0.0,0.0,120.0,0.0,0.0,24.251335072658726,0,186,4,0,WAIT
finite_horizon_value_iteration,46,132,08:00,120,58.03591367878732,5.265844688974369,52.77006898981295,1,2.600200859997189,27.6521692176641,43.54277031995416,46.20485960238456,0.0,120.00000000000001,-1.4210854715202004e-14,4.6213657288823615,16.442013027015115,1,199,2,1,WAIT
finite_horizon_value_iteration,47,132,08:00,120,67.09633503763764,5.157596809544151,61.93873822809349,2,23.422230168557316,22.39058496144405,71.6737632207517,2.5134216492469363,0.0,120.0,0.0,2.8745984336803896,17.755788804496213,1,262,7,3,WAIT
finite_horizon_value_iteration,48,132,08:00,120,89.34056720854839,7.790972472979679,81.54959473556872,4,8.12052081177018,15.973856810043735,89.07681933603105,6.828803042155016,0.0,119.99999999999999,1.4210854715202004e-14,2.2213145641192886,28.94257532779943,1,141,5,2,WAIT
finite_horizon_value_iteration,49,132,08:00,120,65.85232007856045,5.787336679588522,60.06498339897193,3,19.188845097625745,0.0,100.81115490237426,0.0,0.0,120.0,0.0,0.0,23.14934671835409,0,239,6,0,WAIT
finite_horizon_value_iteration,50,132,08:00,120,40.61646232102707,2.2787452728566717,38.3377170481704,2,3.00326757106505,8.49552497511286,80.77749927256522,27.723708181256868,0.0,120.0,0.0,3.1402954808806487,5.974685610546038,1,132,3,1,WAIT
finite_horizon_value_iteration,51,132,08:00,120,68.79086561030125,4.626046638927026,64.16481897137423,2,16.274372266111815,8.620850784223064,79.59642677382496,15.508350175840164,0.0,120.0,0.0,0.8738289522399111,17.63035760346819,1,107,5,1,WAIT
finite_horizon_value_iteration,52,132,08:00,120,67.62391476774553,6.2071367912888,61.41677797645673,4,34.098565025544865,18.85547790712403,65.9832323018781,1.0627247654530123,0.0,120.00000000000001,-1.4210854715202004e-14,1.9856378928890486,22.84290927226615,1,48,10,2,WAIT
finite_horizon_value_iteration,53,132,08:00,120,86.66596128278078,5.2660979286818215,81.39986335409897,2,37.00211341862497,0.0,82.99788658137503,0.0,0.0,120.0,0.0,0.0,21.064391714727286,0,100,9,0,WAIT
finite_horizon_value_iteration,54,132,08:00,120,52.232025881841224,5.374363174275752,46.857662707565474,1,20.024111301984085,8.927620268132918,79.11566395696009,11.932604472922904,0.0,120.0,0.0,0.917734710087371,20.579717987015638,1,142,5,1,WAIT
finite_horizon_value_iteration,55,132,08:00,120,48.81744025533953,4.6233327837868625,44.19410747155266,2,39.87140032261718,9.428359729780205,70.70023994760261,0.0,0.0,120.0,0.0,0.7789661452253094,17.714364989922142,0,246,10,1,WAIT
finite_horizon_value_iteration,56,132,08:00,120,64.88753548710275,5.311919977524144,59.57561550957861,2,19.407874015772553,13.426087363367305,87.16603862086014,0.0,0.0,120.0,0.0,2.214263697456449,19.033416212640127,0,233,5,2,WAIT
finite_horizon_value_iteration,57,132,08:00,120,75.50840258425046,5.215896214766127,70.29250636948433,2,32.91979081976538,0.0,87.08020918023462,0.0,0.0,120.0,0.0,0.0,20.86358485906451,0,161,8,0,WAIT
finite_horizon_value_iteration,58,132,08:00,120,76.86526065613502,5.383709128799236,71.48155152733578,3,32.0338667333182,8.819052009730768,69.90546660697983,9.241614649971197,0.0,119.99999999999999,1.4210854715202004e-14,0.8429103207506001,20.691926194446342,1,170,8,1,WAIT
finite_horizon_value_iteration,59,132,08:00,120,97.0814671955434,6.760923654210979,90.32054354133241,3,20.474532804594347,8.683934748546648,90.84153244685902,0.0,0.0,120.00000000000001,-1.4210854715202004e-14,0.8738289522399111,26.169865664604004,0,161,6,1,WAIT
finite_horizon_value_iteration,60,132,08:00,120,88.57648724889599,6.198740107375427,82.37774714152056,4,19.73299055057821,14.987664138762327,80.6166690816108,4.662676229048671,0.0,120.0,0.0,2.4650545668752764,22.32990586262643,1,236,6,2,WAIT
finite_horizon_value_iteration,61,132,08:00,120,56.914342496056975,4.960743402541364,51.953599093515614,2,13.28765430504221,9.031262043181538,97.68108365177625,0.0,0.0,120.0,0.0,0.6603347362239406,19.182638873941514,0,234,5,1,WAIT
finite_horizon_value_iteration,62,132,08:00,120,101.9038937793341,5.595754978145474,96.30813880118862,3,11.511329210263154,7.1011657192919655,87.45936074776998,13.928144322674882,0.0,119.99999999999997,2.842170943040401e-14,0.8099048503132977,21.5731150622686,1,107,5,1,WAIT
finite_horizon_value_iteration,63,132,08:00,120,78.42180514573421,4.886122709100661,73.53568243663355,4,26.50783513580596,19.08856681019327,74.40359805400077,0.0,0.0,120.0,0.0,1.7721436768730783,17.772347159529566,0,50,9,2,WAIT
finite_horizon_value_iteration,64,132,08:00,120,68.15808741231268,5.416468004637215,62.741619407675465,2,14.586660050753746,13.467005092317272,91.94633485692897,0.0,0.0,119.99999999999999,1.4210854715202004e-14,2.214263697456449,19.45160832109241,0,237,5,2,WAIT
finite_horizon_value_iteration,65,132,08:00,120,51.142152669997444,4.604378032770061,46.537774637227386,3,16.109536793536265,19.204437124564098,78.30492642992267,6.381099651976967,0.0,120.0,0.0,1.7721436768730783,16.645368454207166,1,48,5,2,WAIT
finite_horizon_value_iteration,66,132,08:00,120,78.90779045519298,5.35620711067062,73.55158334452236,4,22.703382708837,0.0,97.29661729116299,0.0,0.0,119.99999999999999,1.4210854715202004e-14,0.0,21.42482844268248,0,141,8,0,WAIT
finite_horizon_value_iteration,67,132,08:00,120,76.77932088202641,6.070347650388786,70.70897323163763,3,11.486742556797319,0.0,108.51325744320269,0.0,0.0,120.00000000000001,-1.4210854715202004e-14,0.0,24.281390601555145,0,137,4,0,WAIT
finite_horizon_value_iteration,68,132,08:00,120,68.98860172259813,3.9387946903128026,65.04980703228533,2,29.208886664247363,0.0,90.79111333575264,0.0,0.0,120.0,0.0,0.0,15.75517876125121,0,162,8,0,WAIT
finite_horizon_value_iteration,69,132,08:00,120,67.18360926007387,5.131144643027942,62.05246461704592,3,34.2890692350105,0.0,85.71093076498948,0.0,0.0,119.99999999999999,1.4210854715202004e-14,0.0,20.524578572111768,0,233,9,0,WAIT
finite_horizon_value_iteration,70,132,08:00,120,103.45137134848208,8.587160378862624,94.86421096961946,2,10.379561976964442,23.74828768077926,82.23618759156827,3.635962750688009,0.0,119.99999999999997,2.842170943040401e-14,3.9689299578524526,30.379711557598043,1,181,4,1,WAIT
finite_horizon_value_iteration,71,132,08:00,120,64.41367461924828,4.685371584282417,59.72830303496587,2,23.952404874430187,9.428359729780205,86.61923539578963,0.0,0.0,120.00000000000003,-2.842170943040401e-14,0.7789661452253094,17.96252019190436,0,50,7,1,WAIT
finite_horizon_value_iteration,72,132,08:00,120,108.0940535097668,7.998431487780325,100.09562202198647,4,27.104780257049214,32.11060867180467,59.62003029676947,1.1645807743766312,0.0,119.99999999999999,1.4210854715202004e-14,5.483892691328659,26.509833259792643,1,142,8,1,WAIT
finite_horizon_value_iteration,73,132,08:00,120,66.3008108956754,6.711282475277269,59.589528420398125,3,9.645968378993915,0.0,110.35403162100609,0.0,0.0,120.0,0.0,0.0,26.845129901109075,0,162,4,0,WAIT
finite_horizon_value_iteration,74,132,08:00,120,82.95092828962399,6.199753333553251,76.75117495607074,3,25.937219792971344,0.0,94.06278020702867,0.0,0.0,120.00000000000001,-1.4210854715202004e-14,0.0,24.799013334213004,0,50,7,0,WAIT
finite_horizon_value_iteration,75,132,08:00,120,72.5406573729343,4.722989142808485,67.81766823012582,2,21.72640370677511,7.91089203402944,79.04356253722814,11.319141721967313,0.0,120.0,0.0,0.6461705751342853,18.245785996099656,1,230,6,1,WAIT
finite_horizon_value_iteration,76,132,08:00,120,55.493078936875456,5.1626930182949815,50.330385918580475,2,28.292889530739604,0.0,83.3897190986544,8.317391370606018,0.0,120.00000000000001,-1.4210854715202004e-14,0.0,20.650772073179926,1,239,8,0,WAIT
finite_horizon_value_iteration,77,132,08:00,120,79.20523840803824,5.533482779984881,73.67175562805336,3,5.780329296764507,18.85547790712403,85.77328926471225,9.59090353139922,0.0,120.0,0.0,1.9856378928890486,20.148293227050477,1,48,4,2,WAIT
finite_horizon_value_iteration,78,132,08:00,120,91.37045033958995,5.313471487407836,86.05697885218211,4,21.02371316662432,8.620850784223064,90.06880710363588,0.2866289455167248,0.0,119.99999999999999,1.4210854715202004e-14,0.8738289522399111,20.38005699739143,1,164,7,1,WAIT
finite_horizon_value_iteration,79,132,08:00,120,59.5826598755628,4.5095629072860195,55.07309696827678,1,40.719422833998905,9.428359729780205,57.64994369861731,12.20227373760359,0.0,120.00000000000001,-1.4210854715202004e-14,0.7789661452253094,17.25928548391877,1,48,10,1,WAIT
finite_horizon_value_iteration,80,132,08:00,120,73.17826419556874,5.551308375305891,67.62695582026285,3,9.24283549906342,14.838166596101981,84.03805797663134,11.880939928203247,0.0,119.99999999999999,1.4210854715202004e-14,2.4650545668752764,19.740178934348286,1,230,5,2,WAIT
finite_horizon_value_iteration,81,132,08:00,120,68.18388384259886,5.510818336145175,62.67306550645368,2,13.456699807653223,8.988783268383328,87.0358282473889,10.518688676574541,0.0,120.0,0.0,0.917734710087371,21.12553863449333,1,142,5,1,WAIT
finite_horizon_value_iteration,82,132,08:00,120,68.73283029866002,4.586813283303004,64.14601701535702,2,13.47439448189676,8.923579869126776,62.933307545505656,34.66871810347081,0.0,120.0,0.0,0.6603347362239406,17.686918396988077,1,230,5,1,WAIT
finite_horizon_value_iteration,83,132,08:00,120,77.71778882579227,4.62602205701539,73.09176676877688,3,23.318856893364522,17.522764340470964,79.1583787661645,0.0,0.0,119.99999999999999,1.4210854715202004e-14,1.716739272990511,16.787348955071046,0,234,8,2,WAIT
finite_horizon_value_iteration,84,132,08:00,120,60.87445266326985,4.903304803030148,55.971147860239704,1,1.377791472791884,0.0,113.30732105935726,5.314887467850852,0.0,120.0,0.0,0.0,19.61321921212059,1,230,2,0,WAIT
finite_horizon_value_iteration,85,132,08:00,120,74.70160701019364,4.808346735846215,69.89326027434743,3,10.748609088397401,8.904649312353607,100.346741599249,0.0,0.0,120.0,0.0,0.6603347362239406,18.57305220716092,0,137,5,1,WAIT
finite_horizon_value_iteration,86,132,08:00,120,61.1564269699679,6.043594521693642,55.11283244827426,1,2.73696550537167,34.38501125701365,38.15715737945721,44.72086585815747,0.0,120.0,0.0,5.746591211690139,18.42778687508443,1,70,2,1,WAIT
finite_horizon_value_iteration,87,132,08:00,120,110.23196937499901,6.437011717905244,103.79495765709376,4,19.05194070021777,34.96279849423109,64.52580687827732,1.4594539272738274,0.0,120.00000000000001,-1.4210854715202004e-14,7.646611309017186,18.101435562603786,1,236,7,3,WAIT
finite_horizon_value_iteration,88,132,08:00,120,59.958876291748616,4.833182221450178,55.12569407029844,2,10.256133420289167,0.0,105.63798509052461,4.105881489186217,0.0,119.99999999999999,1.4210854715202004e-14,0.0,19.332728885800712,1,48,4,0,WAIT
finite_horizon_value_iteration,89,132,08:00,120,87.30994263093406,6.033610028477531,81.27633260245653,3,17.983495148132427,0.0,102.01650485186758,0.0,0.0,120.0,0.0,0.0,24.134440113910124,0,170,7,0,WAIT
finite_horizon_value_iteration,90,132,08:00,120,61.762042588505835,4.767361906928415,56.99468068157742,4,27.377305814388585,19.069636253420104,73.55305793219131,0.0,0.0,120.0,0.0,1.7721436768730783,17.297303950840583,0,48,9,2,WAIT
finite_horizon_value_iteration,91,132,08:00,120,74.65830872347192,5.681712317982623,68.97659640548929,2,28.619649393397047,13.426087363367305,72.72154257939481,5.232720663840837,0.0,120.0,0.0,2.214263697456449,20.512585574474045,1,229,7,2,WAIT
finite_horizon_value_iteration,92,132,08:00,120,65.8870782916548,5.774479389678135,60.11259890197667,2,21.00752140350212,0.0,98.99247859649788,0.0,0.0,120.0,0.0,0.0,23.09791755871254,0,230,6,0,WAIT
finite_horizon_value_iteration,93,132,08:00,120,57.33053331156055,3.9169461736912314,53.41358713786932,1,44.93826608541937,0.0,75.06173391458063,0.0,0.0,120.0,0.0,0.0,15.667784694764926,0,170,10,0,WAIT
finite_horizon_value_iteration,94,132,08:00,120,78.16214745506161,5.110294771625731,73.05185268343588,2,21.597940300454866,0.0,96.75219110875875,1.649868590786383,0.0,120.0,0.0,0.0,20.441179086502924,1,238,6,0,WAIT
finite_horizon_value_iteration,95,132,08:00,120,129.92434443399108,5.8934504935718515,124.03089394041923,5,21.53107095998787,14.763580662558233,80.64323718656989,3.0621111908839964,0.0,119.99999999999999,1.4210854715202004e-14,1.6822183777610094,21.891583596526395,1,229,8,2,WAIT
finite_horizon_value_iteration,96,132,08:00,120,116.4565467296546,8.490018154059854,107.96652857559475,4,36.75187191367556,6.14272987833517,72.10767923051137,4.997718977477902,0.0,119.99999999999999,1.4210854715202004e-14,0.8083894255210982,33.151683190718316,1,229,10,1,WAIT
finite_horizon_value_iteration,97,132,08:00,120,83.58556709263647,5.9929121932686025,77.59265489936786,4,27.10574682669666,8.65495076661221,84.23930240669112,0.0,0.0,120.0,0.0,1.4273959916327998,22.54425278144161,0,193,9,1,WAIT
finite_horizon_value_iteration,98,132,08:00,120,97.98936040872286,5.057465044803635,92.93189536391922,4,23.595785429601676,0.0,96.40421457039832,0.0,0.0,120.0,0.0,0.0,20.22986017921454,0,170,9,0,WAIT
finite_horizon_value_iteration,99,132,08:00,120,80.76261428686381,6.595585562313597,74.1670287245502,4,8.157101947842666,20.560824591528238,91.28207346062908,0.0,0.0,119.99999999999999,1.4210854715202004e-14,5.18155674214191,21.200785507112478,0,170,5,1,WAIT
finite_horizon_value_iteration,100,132,08:00,120,72.68142901567418,4.8592466968648855,67.8221823188093,2,7.231816098681866,8.743428262747267,90.76839425458718,13.256361383983673,0.0,119.99999999999999,1.4210854715202004e-14,0.8738289522399111,18.56315783521963,1,186,4,1,WAIT
finite_horizon_value_iteration,101,132,08:00,120,105.71421426570892,9.486223370601065,96.22799089510785,4,8.103872220443952,36.88881797856591,72.71681229691916,2.29049750407097,0.0,120.0,0.0,5.618731406229967,32.3261620761743,1,79,5,2,WAIT
finite_horizon_value_iteration,102,132,08:00,120,88.68325267585288,6.524530812602891,82.15872186325,5,38.588173372402025,11.55568900552616,69.85613762207181,0.0,0.0,120.0,0.0,1.269757957711102,24.82836529270046,0,162,11,1,WAIT
finite_horizon_value_iteration,103,132,08:00,120,66.13464164246825,5.270907752003956,60.863733890464296,2,10.936907647266052,17.609634052606392,82.06874486922766,9.384713430899893,0.0,120.0,0.0,1.791563662327282,19.292067345688544,1,142,4,2,WAIT
finite_horizon_value_iteration,104,132,08:00,120,95.85233031108663,5.75393598659899,90.09839432448764,5,18.41820148806604,0.0,101.58179851193395,0.0,0.0,120.0,0.0,0.0,23.01574394639596,0,162,7,0,WAIT
finite_horizon_value_iteration,105,132,08:00,120,97.10545147304704,9.522408520332196,87.58304295271485,2,10.170910690860305,26.35445096760079,81.19350455039182,2.2811337911470844,0.0,120.0,0.0,4.368959039754844,33.72067504157394,1,186,4,1,WAIT
finite_horizon_value_iteration,106,132,08:00,120,60.171845782088965,3.8713954127837718,56.300450369305196,1,0.5766893851411555,0.0,103.09139701573945,16.331913599119403,0.0,120.0,0.0,0.0,15.485581651135087,1,48,2,0,WAIT
finite_horizon_value_iteration,107,132,08:00,120,62.10112667817309,6.779347107786603,55.32177957038648,2,23.149029332103822,20.74669422879165,75.328120945103,0.7761554940015287,0.0,120.0,0.0,5.18155674214191,21.9358316890045,1,68,6,2,WAIT
finite_horizon_value_iteration,108,132,08:00,120,65.19299873181907,6.041903384864186,59.15109534695489,3,32.28721824320786,20.263420110527953,67.44936164626418,0.0,0.0,120.0,0.0,3.1093948757671894,21.058218663689555,0,236,10,3,WAIT
finite_horizon_value_iteration,109,132,08:00,120,73.42530999965776,5.535653590192129,67.88965640946563,5,24.954571060230496,8.883586331954259,86.16184260781525,0.0,0.0,120.0,0.0,0.8429103207506001,21.299704040017915,0,162,9,1,WAIT
finite_horizon_value_iteration,110,132,08:00,120,80.26407999916889,5.2976852820802565,74.96639471708863,3,10.832821984151296,0.0,109.1671780158487,0.0,0.0,120.0,0.0,0.0,21.190741128321026,0,236,5,0,WAIT
finite_horizon_value_iteration,111,132,08:00,120,63.02570562466045,4.599258634672304,58.42644698998815,2,5.240120327271695,0.0,114.7598796727283,0.0,0.0,120.0,0.0,0.0,18.397034538689216,0,75,3,0,WAIT
finite_horizon_value_iteration,112,132,08:00,120,99.27695037845795,8.372627507353664,90.90432287110428,2,8.38863494773777,34.39297409936806,77.21839095289417,0.0,0.0,120.0,0.0,5.747922000839862,27.742588028574794,0,181,4,1,WAIT
finite_horizon_value_iteration,113,132,08:00,120,91.35286609782499,6.500991609329473,84.85187448849551,3,27.058077919073913,0.0,92.18858180161284,0.7533402793132495,0.0,120.0,0.0,0.0,26.003966437317892,1,230,8,0,WAIT
finite_horizon_value_iteration,114,132,08:00,120,51.59561689613056,6.278521633521447,45.31709526260911,2,3.4820934771206247,20.74669422879165,95.77121229408772,0.0,0.0,120.0,0.0,5.18155674214191,19.932529791943878,0,48,3,2,WAIT
finite_horizon_value_iteration,115,132,08:00,120,88.6714927559715,6.061050934943806,82.61044182102769,3,17.816227486444284,13.426087363367305,88.75768515018841,0.0,0.0,120.0,0.0,2.214263697456449,22.029940042318778,0,107,6,2,WAIT
finite_horizon_value_iteration,116,132,08:00,120,91.79734753484512,6.732680322070813,85.06466721277431,4,12.952761101070184,24.517548227213624,75.29666322525615,7.233027446460014,0.0,119.99999999999997,2.842170943040401e-14,3.7937949204937067,23.13692636778955,1,207,5,3,WAIT
finite_horizon_value_iteration,117,132,08:00,120,125.12132243909836,6.049511608075864,119.0718108310225,5,12.413911290874342,0.0,100.73156377492545,6.854524934200214,0.0,120.0,0.0,0.0,24.198046432303457,1,186,7,0,WAIT
finite_horizon_value_iteration,118,132,08:00,120,77.86248522769532,5.570758625206813,72.29172660248851,3,49.04129173568277,11.58025545605091,59.37845280826633,0.0,0.0,120.00000000000001,-1.4210854715202004e-14,1.269757957711102,21.01327654311615,0,229,13,1,WAIT
finite_horizon_value_iteration,119,132,08:00,120,78.85888801640351,5.6390251252687005,73.21986289113481,2,24.35728943330127,0.0,95.64271056669874,0.0,0.0,120.0,0.0,0.0,22.556100501074802,0,229,6,0,WAIT
finite_horizon_value_iteration,120,132,08:00,120,64.63694834197226,5.254923762964257,59.382024579008004,2,7.892320266621007,14.987664138762327,93.81009283965321,3.309922754963466,0.0,120.00000000000001,-1.4210854715202004e-14,2.4650545668752764,18.554640484981753,1,162,3,2,WAIT
finite_horizon_value_iteration,121,132,08:00,120,53.400118505792946,4.7188784255601535,48.68124008023279,2,6.39599587594212,9.428359729780205,94.18032738755088,9.995317006726793,0.0,120.0,0.0,0.7789661452253094,18.096547557015306,1,48,3,1,WAIT
finite_horizon_value_iteration,122,132,08:00,120,101.30935918962518,8.359312136052967,92.95004705357222,2,14.57499446215974,27.6521692176641,77.77283632017617,0.0,0.0,120.0,0.0,4.6213657288823615,28.815882815329502,0,181,4,1,WAIT
finite_horizon_value_iteration,123,132,08:00,120,72.04203504936771,5.244595127938053,66.79743992142966,3,22.166829237361352,7.91089203402944,89.9222787286092,0.0,0.0,120.0,0.0,0.6461705751342853,20.33220993661793,0,237,6,1,WAIT
finite_horizon_value_iteration,124,132,08:00,120,75.9607374238246,5.434089775441137,70.52664764838346,3,36.59271553553006,9.428359729780205,73.97892473468976,0.0,0.0,120.00000000000003,-2.842170943040401e-14,0.7789661452253094,20.95739295653924,0,163,10,1,WAIT
finite_horizon_value_iteration,125,132,08:00,120,85.2235564108409,5.678063778663686,79.54549263217721,4,15.172209857775693,14.756623306147354,90.07116683607694,0.0,0.0,119.99999999999999,1.4210854715202004e-14,2.444299961608333,20.26795515304641,0,100,6,2,WAIT
finite_horizon_value_iteration,126,132,08:00,120,55.039596242673625,4.438367966378511,50.60122827629512,1,26.938162886221033,0.0,82.17626572835472,10.885571385424242,0.0,120.0,0.0,0.0,17.753471865514044,1,141,7,0,WAIT
finite_horizon_value_iteration,127,132,08:00,120,86.74387611225418,7.4291560447598854,79.3147200674943,2,16.860439915082008,32.813141735225685,68.71903243929725,1.6073859103950525,0.0,120.0,0.0,5.483892691328659,24.232731487710883,1,239,5,1,WAIT
finite_horizon_value_iteration,128,132,08:00,120,84.38721118841147,5.883323067219286,78.50388812119219,4,29.629943857709367,8.639178008516707,81.7308781337739,0.0,0.0,119.99999999999997,2.842170943040401e-14,0.8738289522399111,22.659463316637233,0,231,9,1,WAIT
finite_horizon_value_iteration,129,132,08:00,120,81.58959743244142,5.830014018985059,75.75958341345637,4,12.942596244349502,0.0,107.0574037556505,0.0,0.0,120.0,0.0,0.0,23.320056075940236,0,234,5,0,WAIT
finite_horizon_value_iteration,130,132,08:00,120,81.35553973835319,4.974386512867966,76.38115322548522,3,41.399231083924484,8.923579869126776,69.67718904694874,0.0,0.0,120.0,0.0,0.6603347362239406,19.23721131524792,0,230,11,1,WAIT
finite_horizon_value_iteration,131,132,08:00,120,68.48782502021531,5.4908366276906575,62.996988392524656,2,14.637629793367305,0.0,86.44234290895139,18.920027297681315,0.0,120.00000000000001,-1.4210854715202004e-14,0.0,21.96334651076263,1,263,5,0,WAIT
finite_horizon_value_iteration,132,132,08:00,120,88.35964012912001,6.012262325697284,82.34737780342273,3,27.677914931355545,8.969810001663133,83.35227506698132,0.0,0.0,120.0,0.0,0.6603347362239406,23.388714566565195,0,231,8,1,WAIT
finite_horizon_value_iteration,133,132,08:00,120,44.353815085602946,4.805223842977564,39.548591242625385,1,45.54963563765378,9.428359729780205,62.709845915108616,2.3121587174574074,0.0,120.0,0.0,0.7789661452253094,18.441929226684948,1,48,11,1,WAIT
finite_horizon_value_iteration,134,132,08:00,120,95.67263733894558,6.615724527910275,89.0569128110353,5,33.918566241827854,0.0,83.89461053318644,2.186823224985716,0.0,120.0,0.0,0.0,26.4628981116411,1,238,10,0,WAIT
finite_horizon_value_iteration,135,132,08:00,120,72.30727307728804,5.12265425526563,67.18461882202241,3,14.710002643395846,17.935911355535147,87.35408600106899,0.0,0.0,119.99999999999999,1.4210854715202004e-14,1.3206694724478811,19.169947548614637,0,230,5,2,WAIT
finite_horizon_value_iteration,136,132,08:00,120,52.90754765072099,4.996260920313833,47.91128673040716,2,19.37568434625261,14.713236180878916,74.92984601667081,10.981233456197657,0.0,119.99999999999999,1.4210854715202004e-14,2.444299961608333,17.540743719646997,1,236,6,2,WAIT
finite_horizon_value_iteration,137,132,08:00,120,52.699076257788334,5.319309253949649,47.37976700383869,3,31.52112567389427,16.811296275990422,71.6675780501153,0.0,0.0,119.99999999999999,1.4210854715202004e-14,1.4890808958848853,19.78815611991371,0,113,9,2,WAIT
finite_horizon_value_iteration,138,132,08:00,120,84.87812966349892,5.358253076471416,79.51987658702751,4,12.983206503233902,7.03898120820555,92.79077163936024,7.1870406492002985,0.0,120.0,0.0,1.0780413825534916,20.35497092333217,1,239,5,1,WAIT
finite_horizon_value_iteration,139,132,08:00,120,97.97565972444227,5.920551018209513,92.05510870623276,5,20.191048249987194,0.0,99.8089517500128,0.0,0.0,119.99999999999999,1.4210854715202004e-14,0.0,23.68220407283805,0,140,8,0,WAIT
finite_horizon_value_iteration,140,132,08:00,120,57.66615263644887,5.5849168637198385,52.08123577272903,1,5.592364333658793,37.16305726013704,34.26989746019443,42.97468094600974,0.0,120.0,0.0,6.210871843384377,16.128795611494976,1,70,3,1,WAIT
finite_horizon_value_iteration,141,132,08:00,120,59.89903353444274,4.850504867797924,55.04852866664481,1,22.651247453300577,8.927620268132918,88.42113227856652,0.0,0.0,120.00000000000001,-1.4210854715202004e-14,0.917734710087371,18.484284761104327,0,142,6,1,WAIT
finite_horizon_value_iteration,142,132,08:00,120,101.59389742628078,7.67338298383004,93.92051444245074,4,44.448019945423866,38.62044944556062,33.464515279195936,3.46701532981956,0.0,119.99999999999999,1.4210854715202004e-14,6.662866323644243,24.030665611675914,1,186,11,2,WAIT
finite_horizon_value_iteration,143,132,08:00,120,92.71826698894405,6.516687728455026,86.20157926048903,5,25.61574237626886,0.0,94.38425762373114,0.0,0.0,120.0,0.0,0.0,26.066750913820105,0,161,8,0,WAIT
finite_horizon_value_iteration,144,132,08:00,120,0.0,0.0,0.0,0,0.018510752381846757,0.0,0.0,119.98148924761816,0.0,120.0,0.0,0.0,0.0,1,132,1,0,WAIT
finite_horizon_value_iteration,145,132,08:00,120,88.59980200534565,6.60853329080814,81.99126871453751,4,27.706136544073786,0.0,69.93450412121942,22.35935933470678,0.0,119.99999999999999,1.4210854715202004e-14,0.0,26.43413316323256,1,68,9,0,WAIT
finite_horizon_value_iteration,146,132,08:00,120,90.95978420010694,5.435702791666621,85.52408140844031,4,43.56816659167018,8.819052009730768,67.61278139859905,0.0,0.0,120.0,0.0,0.8429103207506001,20.899900845915884,0,137,11,1,WAIT
finite_horizon_value_iteration,147,132,08:00,120,69.01831044428961,4.572343267269789,64.44596717701982,2,16.51064955562523,9.428359729780205,94.0609907145946,0.0,0.0,120.00000000000003,-2.842170943040401e-14,0.7789661452253094,17.510406923853846,0,143,4,1,WAIT
finite_horizon_value_iteration,148,132,08:00,120,104.29234168144382,6.136772723078578,98.15556895836524,5,27.61932407379822,8.639178008516707,75.32953588613395,8.411962031551127,0.0,120.0,0.0,0.8738289522399111,23.6732619400744,1,234,9,1,WAIT
finite_horizon_value_iteration,149,132,08:00,120,96.42665527355675,6.517203610940658,89.90945166261609,4,20.96850165697596,9.428359729780205,89.60313861324383,0.0,0.0,120.0,0.0,0.7789661452253094,25.289848298537326,0,140,8,1,WAIT
finite_horizon_value_iteration,150,132,08:00,120,76.38607932842352,4.915883254051251,71.47019607437227,4,17.628897844426312,7.968780802009944,92.88542532849647,1.5168960250672967,0.0,120.00000000000003,-2.842170943040401e-14,0.6461705751342853,19.01736244107072,1,142,6,1,WAIT
finite_horizon_value_iteration,151,132,08:00,120,64.61804163033742,5.491670224424326,59.12637140591309,3,35.67129215805855,8.927620268132918,67.43663865854793,7.96444891526059,0.0,120.0,0.0,0.917734710087371,21.048946187609936,1,162,9,1,WAIT
finite_horizon_value_iteration,152,132,08:00,120,113.51522051577392,5.607722284271071,107.90749823150284,3,15.523671282517888,8.927620268132918,95.54870844934919,0.0,0.0,120.0,0.0,0.917734710087371,21.513154426996913,0,162,5,1,WAIT
finite_horizon_value_iteration,153,132,08:00,120,102.45790855936737,8.437149778750243,94.02075878061713,2,14.071714533972946,0.0,91.33238139792824,14.595904068098804,0.0,120.0,0.0,0.0,33.74859911500097,1,138,5,0,WAIT
finite_horizon_value_iteration,154,132,08:00,120,78.5907764799357,5.443519476523983,73.14725700341171,3,35.24933813897279,0.0,82.25720670683837,2.4934551541888226,0.0,119.99999999999999,1.4210854715202004e-14,0.0,21.774077906095933,1,170,9,0,WAIT
finite_horizon_value_iteration,155,132,08:00,120,69.93917428784,5.0432279464523955,64.89594634138761,4,8.375789392004618,0.0,111.62421060799538,0.0,0.0,120.0,0.0,0.0,20.172911785809582,0,236,5,0,WAIT
finite_horizon_value_iteration,156,132,08:00,120,82.22019244910183,4.817381637821645,77.40281081128019,3,25.966603744911993,0.0,94.03339625508801,0.0,0.0,120.0,0.0,0.0,19.26952655128658,0,170,7,0,WAIT
finite_horizon_value_iteration,157,132,08:00,120,75.08979561214711,5.485882765342166,69.60391284680495,3,27.812244602783917,10.164986941066497,82.02276845614958,0.0,0.0,120.0,0.0,1.1118089406491376,20.831722120719526,0,68,7,1,WAIT
finite_horizon_value_iteration,158,132,08:00,120,74.84099845315713,5.3060596604938,69.53493879266333,4,26.24572651110761,0.0,93.75427348889238,0.0,0.0,119.99999999999999,1.4210854715202004e-14,0.0,21.2242386419752,0,68,8,0,WAIT
finite_horizon_value_iteration,159,132,08:00,120,111.21191908629346,7.745313478728248,103.46660560756521,3,17.945003362620753,27.877019536446628,74.17797710093262,0.0,0.0,120.0,0.0,4.6213657288823615,26.359888186030627,0,164,6,1,WAIT
finite_horizon_value_iteration,160,132,08:00,120,72.80993740835919,7.13719371091443,65.67274369744476,2,19.975206853840433,19.97513435546876,80.04965879069081,0.0,0.0,120.0,0.0,5.18155674214191,23.36721810151581,0,161,6,1,WAIT
finite_horizon_value_iteration,161,132,08:00,120,64.66489581123241,4.529380101503401,60.13551570972901,2,14.223471537506423,8.904649312353607,96.87187915013996,0.0,0.0,120.0,0.0,0.6603347362239406,17.457185669789663,0,162,5,1,WAIT
finite_horizon_value_iteration,162,132,08:00,120,75.03932448383902,5.246377655999234,69.79294682783978,3,29.76764854407753,0.0,90.23235145592245,0.0,0.0,119.99999999999999,1.4210854715202004e-14,0.0,20.985510623996937,0,238,9,0,WAIT
finite_horizon_value_iteration,163,132,08:00,120,69.4356133538702,4.823793827079349,64.61181952679084,2,46.89421026338903,9.428359729780205,59.569858456147486,4.107571550683275,0.0,120.0,0.0,0.7789661452253094,18.51620916309209,1,142,11,1,WAIT
finite_horizon_value_iteration,164,132,08:00,120,73.6122169573513,4.312065160257068,69.30015179709423,3,20.3645046579154,8.969810001663133,88.24354372763385,2.4221416127875983,0.0,119.99999999999999,1.4210854715202004e-14,0.6603347362239406,16.58792590480433,1,230,6,1,WAIT
finite_horizon_value_iteration,165,132,08:00,120,73.2660281470383,4.210384924397393,69.05564322264091,2,20.268151847231515,0.0,99.73184815276849,0.0,0.0,120.0,0.0,0.0,16.84153969758957,0,141,6,0,WAIT
finite_horizon_value_iteration,166,132,08:00,120,88.62868194929828,6.2002748098574525,82.42840713944084,5,20.71430711251537,0.0,99.28569288748463,0.0,0.0,120.0,0.0,0.0,24.80109923942981,0,163,9,0,WAIT
finite_horizon_value_iteration,167,132,08:00,120,93.71125515847815,5.793794540341084,87.91746061813707,5,52.661291227956646,0.0,64.71730400134362,2.6214047706997405,0.0,120.0,0.0,0.0,23.175178161364336,1,107,13,0,WAIT
finite_horizon_value_iteration,168,132,08:00,120,78.50005677879292,5.8804485617100735,72.61960821708286,3,21.925465026477923,0.0,98.07453497352206,0.0,0.0,119.99999999999999,1.4210854715202004e-14,0.0,23.521794246840294,0,140,7,0,WAIT
finite_horizon_value_iteration,169,132,08:00,120,143.19789949704165,7.647196618737853,135.55070287830378,5,19.60874170643395,0.0,100.39125829356605,0.0,0.0,120.0,0.0,0.0,30.588786474951412,0,161,8,0,WAIT
finite_horizon_value_iteration,170,132,08:00,120,71.32459117037513,5.110125260710018,66.21446590966511,2,5.048999378032175,9.428359729780205,101.5673174071161,3.955323485071517,0.0,119.99999999999999,1.4210854715202004e-14,0.7789661452253094,19.661534897614764,1,164,3,1,WAIT
finite_horizon_value_iteration,171,132,08:00,120,67.9617783636223,6.089861688931005,61.8719166746913,3,25.371639345097215,14.713236180878916,73.75940636854027,6.155718105483601,0.0,120.0,0.0,2.444299961608333,21.915146794115685,1,163,8,2,WAIT
finite_horizon_value_iteration,172,132,08:00,120,81.5395970614796,7.387573847758518,74.15202321372108,5,28.8065938962127,0.0,85.38918776397476,5.80421833981255,0.0,120.00000000000001,-1.4210854715202004e-14,0.0,29.550295391034073,1,230,9,0,WAIT
finite_horizon_value_iteration,173,132,08:00,120,83.58101261629953,7.270816571503726,76.3101960447958,5,31.277876847701258,8.927620268132918,79.79450288416584,0.0,0.0,120.00000000000001,-1.4210854715202004e-14,0.917734710087371,28.165531575927535,0,48,9,1,WAIT
finite_horizon_value_iteration,174,132,08:00,120,60.044346566526734,4.507706664497116,55.53663990202962,1,20.929467694940044,0.0,63.052378398609484,36.018153906450465,0.0,120.0,0.0,0.0,18.030826657988463,1,230,6,0,WAIT
finite_horizon_value_iteration,175,132,08:00,120,73.11572208573224,5.090987133434357,68.02473495229789,2,11.34663718665585,0.0,96.39447573442105,12.25888707892311,0.0,120.00000000000001,-1.4210854715202004e-14,0.0,20.363948533737428,1,162,4,0,WAIT
finite_horizon_value_iteration,176,132,08:00,120,77.2532422116633,4.377029880679342,72.87621233098396,3,49.60474679422268,0.0,70.39525320577731,0.0,0.0,119.99999999999999,1.4210854715202004e-14,0.0,17.50811952271737,0,230,12,0,WAIT
finite_horizon_value_iteration,177,132,08:00,120,47.775564978420064,5.665968774453661,42.109596203966404,1,12.266157567862667,35.16191267737659,33.75022572690239,38.821704027858345,0.0,120.0,0.0,5.8764307758315235,16.78744432198312,1,70,4,1,WAIT
finite_horizon_value_iteration,178,132,08:00,120,89.56263115346023,7.237877991828586,82.32475316163165,4,18.454717637121323,20.560824591528238,80.98445777135043,0.0,0.0,120.0,0.0,5.18155674214191,23.76995522517243,0,107,7,1,WAIT
finite_horizon_value_iteration,179,132,08:00,120,87.53711181755408,5.278399151591094,82.25871266596299,3,16.674543245588062,8.904649312353607,94.42080744205833,0.0,0.0,120.0,0.0,0.6603347362239406,20.453261870140434,0,237,6,1,WAIT
finite_horizon_value_iteration,180,132,08:00,120,81.11238780716556,7.041261621682853,74.07112618548271,5,15.406666369104531,14.713236180878916,89.88009745001655,0.0,0.0,120.0,0.0,2.444299961608333,25.72074652512308,0,166,7,2,WAIT
finite_horizon_value_iteration,181,132,08:00,120,88.70846795566499,5.796723500533154,82.91174445513184,4,8.949980276026004,13.426087363367305,88.4042722697538,9.21966009085287,0.0,119.99999999999999,1.4210854715202004e-14,2.214263697456449,20.972630304676166,1,237,5,2,WAIT
finite_horizon_value_iteration,182,132,08:00,120,71.184744297657,4.469225399938365,66.71551889771864,2,5.004694241180853,0.0,114.99530575881914,0.0,0.0,120.0,0.0,0.0,17.87690159975346,0,68,3,0,WAIT
finite_horizon_value_iteration,183,132,08:00,120,76.55759262359857,4.8077653458267,71.74982727777187,2,11.546733899426648,19.139276435254573,80.61703087867456,8.696958786644217,0.0,120.0,0.0,1.7721436768730783,17.45891770643372,1,48,5,2,WAIT
finite_horizon_value_iteration,184,132,08:00,120,73.32452496048208,5.473522029437383,67.85100293104469,3,9.367703310031498,17.50443711617732,93.12785957379117,0.0,0.0,119.99999999999999,1.4210854715202004e-14,1.716739272990511,20.17734884475902,0,163,4,2,WAIT
finite_horizon_value_iteration,185,132,08:00,120,60.64657312770314,5.513949173406328,55.13262395429682,1,1.6508241888203485,37.16305726013704,39.243499694957876,41.942618856084735,0.0,120.0,0.0,6.210871843384377,15.844924850240936,1,70,2,1,WAIT
finite_horizon_value_iteration,186,132,08:00,120,73.39128196410509,5.629256130055121,67.76202583404996,4,18.48036644278573,8.969810001663133,92.54982355555114,0.0,0.0,120.0,0.0,0.6603347362239406,21.856689783996543,0,48,6,1,WAIT
finite_horizon_value_iteration,187,132,08:00,120,81.49356706719539,5.993032701605731,75.50053436558966,2,32.92321827412478,25.184653484771175,58.86508649570635,3.0270417453977103,0.0,120.00000000000001,-1.4210854715202004e-14,4.301068802225837,19.671062004197086,1,164,9,1,WAIT
finite_horizon_value_iteration,188,132,08:00,120,95.32181552984312,7.967792558137312,87.3540229717058,2,14.81908356763136,34.39297409936806,61.71779947655736,9.070142856443212,0.0,119.99999999999999,1.4210854715202004e-14,5.747922000839862,26.123248231709383,1,141,5,1,WAIT
finite_horizon_value_iteration,189,132,08:00,120,69.275293838094,4.805743836304655,64.46955000178934,2,8.940255676936216,9.031262043181538,102.02848227988224,0.0,0.0,120.0,0.0,0.6603347362239406,18.56264060899468,0,233,4,1,WAIT
finite_horizon_value_iteration,190,132,08:00,120,60.321910727239256,5.307299987568721,55.01461073967054,2,15.110951748128654,8.927620268132918,82.48386309884498,13.477564884893454,0.0,120.0,0.0,0.917734710087371,20.311465240187513,1,161,5,1,WAIT
finite_horizon_value_iteration,191,132,08:00,120,67.52346480607002,5.017116322337824,62.5063484837322,2,19.243190526113715,0.0,95.88418218041639,4.87262729346989,0.0,120.0,0.0,0.0,20.068465289351295,1,142,6,0,WAIT
finite_horizon_value_iteration,192,132,08:00,120,72.08368477028256,5.106327314742681,66.97735745553987,2,14.367338905986946,9.428359729780205,96.20430136423286,0.0,0.0,120.00000000000001,-1.4210854715202004e-14,0.7789661452253094,19.646343113745417,0,237,5,1,WAIT
finite_horizon_value_iteration,193,132,08:00,120,91.1150364246651,6.953784641078186,84.16125178358692,3,27.420334367528795,33.40122171883606,59.178443913635135,0.0,0.0,120.0,0.0,7.395820439598358,20.419318124714383,0,237,9,3,WAIT
finite_horizon_value_iteration,194,132,08:00,120,69.99420837927687,4.834410242802586,65.15979813647428,2,5.51270657123931,0.0,111.3566023583259,3.1306910704347928,0.0,120.0,0.0,0.0,19.337640971210345,1,140,3,0,WAIT
finite_horizon_value_iteration,195,132,08:00,120,74.22377221987577,6.149122659732651,68.07464956014311,3,10.468890302224999,14.88155372137042,83.10723625884563,11.542319717558954,0.0,120.0,0.0,2.4650545668752764,22.131436072055326,1,233,5,2,WAIT
finite_horizon_value_iteration,196,132,08:00,120,58.86243680612771,4.5795014247028325,54.28293538142488,1,36.81068478172546,8.927620268132918,74.26169495014162,0.0,0.0,120.0,0.0,0.917734710087371,17.40027098872396,0,142,9,1,WAIT
finite_horizon_value_iteration,197,132,08:00,120,57.75412750940061,5.622305741301051,52.13182176809956,2,16.281300186438393,0.0,103.7186998135616,0.0,0.0,120.0,0.0,0.0,22.489222965204203,0,90,5,0,WAIT
finite_horizon_value_iteration,198,132,08:00,120,101.42208525690451,6.464327253452992,94.95775800345152,4,8.460931176210792,21.67549934326263,89.86356948052658,0.0,0.0,120.0,0.0,3.360185745186017,22.49712326862595,0,142,5,3,WAIT
finite_horizon_value_iteration,199,132,08:00,120,120.55570675987425,7.95806377805015,112.59764298182411,3,13.89478442222096,26.141881374439798,79.96333420333924,0.0,0.0,120.0,0.0,4.368959039754844,27.463296072445754,0,161,5,1,WAIT
finite_horizon_value_iteration,200,132,08:00,120,78.52931164843383,5.227128468471283,73.30218317996255,3,15.943768295199959,17.807166201081035,79.68969716103372,6.559368342685261,0.0,119.99999999999997,2.842170943040401e-14,1.5032450569745408,19.40526881691059,1,162,6,2,WAIT
finite_horizon_value_iteration,201,132,08:00,120,58.4322217033319,4.140077899619341,54.292143803712555,2,6.841656355782346,0.0,89.1579226824279,24.000420961789757,0.0,120.0,0.0,0.0,16.560311598477362,1,230,3,0,WAIT
finite_horizon_value_iteration,202,132,08:00,120,70.85478653475982,5.2754559552700915,65.57933057948973,3,19.04955437101008,9.107156634804204,85.38719505923352,6.456093934952207,0.0,120.0,0.0,0.9973656773476055,20.10445814373276,1,170,6,1,WAIT
finite_horizon_value_iteration,203,132,08:00,120,94.53362216333346,6.9001739017018835,87.63344826163157,6,22.953745145344794,17.72298533438608,79.32326952026912,0.0,0.0,120.0,0.0,2.0781473832322,25.52254822357533,0,236,9,2,WAIT
finite_horizon_value_iteration,204,132,08:00,120,63.17073315872995,4.666166582140211,58.50456657658974,2,19.020119389420223,14.987664138762327,85.99221647181744,0.0,0.0,120.0,0.0,2.4650545668752764,16.199611761685567,0,263,5,2,WAIT
finite_horizon_value_iteration,205,132,08:00,120,64.67399111159136,4.2864046581693716,60.38758645342199,1,4.2907524676834266,8.683934748546648,88.80966532469904,18.21564745907088,0.0,120.0,0.0,0.8738289522399111,16.271789680437575,1,186,2,1,WAIT
finite_horizon_value_iteration,206,132,08:00,120,64.65899055357659,5.937295096075443,58.72169545750114,3,7.158546353928813,13.426087363367305,90.24422039874065,9.171145883963248,0.0,120.00000000000001,-1.4210854715202004e-14,2.214263697456449,21.534916686845325,1,75,4,2,WAIT
finite_horizon_value_iteration,207,132,08:00,120,55.054870640515816,4.456650699285209,50.59821994123061,2,24.161172129754515,0.0,95.8388278702455,0.0,0.0,120.00000000000001,-1.4210854715202004e-14,0.0,17.826602797140836,0,142,6,0,WAIT
finite_horizon_value_iteration,208,132,08:00,120,90.09631724128498,5.158663714300853,84.93765352698412,3,50.19085533720198,0.0,69.80914466279802,0.0,0.0,120.0,0.0,0.0,20.63465485720341,0,162,12,0,WAIT
finite_horizon_value_iteration,209,132,08:00,120,73.68005405089762,4.311567095523312,69.36848695537431,2,64.99276549127023,0.0,55.00723450872976,0.0,0.0,120.0,0.0,0.0,17.24626838209325,0,137,14,0,WAIT
finite_horizon_value_iteration,210,132,08:00,120,56.76780056775121,4.402590923827923,52.365209643923286,2,25.10709773477728,0.0,85.34507215427183,9.547830110950883,0.0,120.0,0.0,0.0,17.61036369531169,1,162,7,0,WAIT
finite_horizon_value_iteration,211,132,08:00,120,91.09652936579815,8.69889604913188,82.39763331666627,2,21.41100163272891,31.542529453657632,67.04646891361345,0.0,0.0,120.0,0.0,5.271541753992986,29.524042442534533,0,236,6,1,WAIT
finite_horizon_value_iteration,212,132,08:00,120,76.85711882281312,5.582352424430491,71.27476639838262,3,15.949622756478984,0.0,91.32232917610202,12.72804806741901,0.0,120.00000000000001,-1.4210854715202004e-14,0.0,22.329409697721964,1,162,6,0,WAIT
finite_horizon_value_iteration,213,132,08:00,120,74.09490914634567,5.69811625832033,68.39679288802535,3,27.89635306120606,0.0,92.10364693879393,0.0,0.0,119.99999999999999,1.4210854715202004e-14,0.0,22.79246503328132,0,142,7,0,WAIT
finite_horizon_value_iteration,214,132,08:00,120,58.135580258970734,4.7608185708127,53.37476168815803,2,2.644397244095757,17.893432580736935,84.7733991657617,14.688771009405585,0.0,119.99999999999999,1.4210854715202004e-14,1.5780694463113116,17.46520483693949,1,142,3,2,WAIT
finite_horizon_value_iteration,215,132,08:00,120,92.55076384296711,5.030473904324716,87.52028993864239,4,10.064277064650053,15.925191619163687,94.01053131618625,0.0,0.0,119.99999999999999,1.4210854715202004e-14,1.4702395865372382,18.65165603076163,0,79,6,2,WAIT
finite_horizon_value_iteration,216,132,08:00,120,74.08697945880674,5.740088747349205,68.34689071145753,4,21.985936495969202,17.565298440553466,80.44876506347734,0.0,0.0,120.0,0.0,1.716739272990511,21.243615716406307,0,234,7,2,WAIT
finite_horizon_value_iteration,217,132,08:00,120,49.52452117587245,4.466182214496686,45.05833896137577,1,13.111323865704296,0.0,106.88867613429571,0.0,0.0,120.0,0.0,0.0,17.864728857986744,0,164,3,0,WAIT
finite_horizon_value_iteration,218,132,08:00,120,83.26716404145674,5.156679981727234,78.1104840597295,4,15.972014707159802,23.87032627893913,73.66224908923776,6.495409924663292,0.0,119.99999999999999,1.4210854715202004e-14,3.125389303099217,17.501330623809718,1,236,6,3,WAIT
finite_horizon_value_iteration,219,132,08:00,120,61.5681696895107,5.746903306160598,55.8212663833501,4,16.84861835963922,8.683934748546648,94.46744689181413,0.0,0.0,120.0,0.0,0.8738289522399111,22.11378427240248,0,249,7,1,WAIT
finite_horizon_value_iteration,220,132,08:00,120,65.39170383022264,5.178413860189732,60.2132899700329,2,17.921724909765892,9.428359729780205,92.6499153604539,0.0,0.0,120.0,0.0,0.7789661452253094,19.93468929553362,0,237,5,1,WAIT
finite_horizon_value_iteration,221,132,08:00,120,74.37512129685572,5.532485191674215,68.84263610518151,2,10.609290410365974,8.683934748546648,100.70677484108737,0.0,0.0,119.99999999999999,1.4210854715202004e-14,0.8738289522399111,21.256111814456947,0,231,4,1,WAIT
finite_horizon_value_iteration,222,132,08:00,120,63.03615790726201,4.644953781720339,58.39120412554167,2,8.855614716209542,0.0,110.24662874649187,0.8977565372986049,0.0,120.00000000000001,-1.4210854715202004e-14,0.0,18.579815126881357,1,142,4,0,WAIT
finite_horizon_value_iteration,223,132,08:00,120,85.5864277664631,7.174749329315741,78.41167843714736,2,15.118246719604773,19.97513435546876,76.60065081373777,8.30596811118869,0.0,120.0,0.0,5.18155674214191,23.517440575121054,1,162,5,1,WAIT
finite_horizon_value_iteration,224,132,08:00,120,93.76225299547401,5.915881191410602,87.84637180406341,5,27.22150005270882,14.838166596101981,77.9403333511892,0.0,0.0,120.0,0.0,2.4650545668752764,21.19847019876713,0,237,10,2,WAIT
finite_horizon_value_iteration,225,132,08:00,120,94.1214030955302,5.827414613892924,88.29398848163727,4,20.208900318729526,0.0,99.79109968127048,0.0,0.0,120.0,0.0,0.0,23.309658455571697,0,236,6,0,WAIT
finite_horizon_value_iteration,226,132,08:00,120,75.46142053851621,5.424277674691277,70.03714286382493,3,32.226958674779496,13.426087363367305,74.34695396185319,0.0,0.0,119.99999999999999,1.4210854715202004e-14,2.214263697456449,19.482847001308656,0,162,9,2,WAIT
finite_horizon_value_iteration,227,132,08:00,120,70.85015862495933,6.106256211393382,64.74390241356595,3,17.652870433816393,0.0,102.18897630561774,0.15815326056586798,0.0,120.0,0.0,0.0,24.425024845573528,1,163,5,0,WAIT
finite_horizon_value_iteration,228,132,08:00,120,107.85271508878674,6.319049610891064,101.53366547789568,3,17.056496310794806,20.74669422879165,80.91724503326134,1.2795644271522093,0.0,120.0,0.0,5.18155674214191,20.094641701422347,1,161,6,2,WAIT
finite_horizon_value_iteration,229,132,08:00,120,68.65500746697778,5.289240779244638,63.36576668773314,2,11.4380015963723,0.0,99.4544161911096,9.107582212518082,0.0,119.99999999999999,1.4210854715202004e-14,0.0,21.156963116978552,1,164,4,0,WAIT
finite_horizon_value_iteration,230,132,08:00,120,91.61730698060465,5.984956899937668,85.63235008066698,4,30.601680450034117,14.713236180878916,74.68508336908697,0.0,0.0,120.0,0.0,2.444299961608333,21.495527638142338,0,237,9,2,WAIT
finite_horizon_value_iteration,231,132,08:00,120,86.08946576303839,5.212766432596593,80.8766993304418,4,47.09709059957085,0.0,72.90290940042915,0.0,0.0,120.0,0.0,0.0,20.85106573038637,0,162,11,0,WAIT
finite_horizon_value_iteration,232,132,08:00,120,56.06904678087288,5.123901637612038,50.945145143260845,2,45.05751888017238,13.426087363367305,61.5163937564603,0.0,0.0,119.99999999999999,1.4210854715202004e-14,2.214263697456449,18.281342852991703,0,229,11,2,WAIT
finite_horizon_value_iteration,233,132,08:00,120,119.95782315048355,6.321665425338031,113.63615772514552,3,19.52156620795298,0.0,100.47843379204701,0.0,0.0,120.0,0.0,0.0,25.286661701352124,0,166,6,0,WAIT
finite_horizon_value_iteration,234,132,08:00,120,83.17719874572677,5.424599603415991,77.75259914231079,4,26.05509367801159,7.91089203402944,82.86027243155738,3.173741856401577,0.0,119.99999999999999,1.4210854715202004e-14,0.6461705751342853,21.052227838529678,1,68,8,1,WAIT
finite_horizon_value_iteration,235,132,08:00,120,62.63840968185977,4.658609549870583,57.97980013198919,3,49.917790417913594,0.0,66.25344102788019,3.8287685542062206,0.0,120.0,0.0,0.0,18.634438199482332,1,162,13,0,WAIT
finite_horizon_value_iteration,236,132,08:00,120,81.7701132529556,6.67029483437799,75.09981841857761,3,10.578458588939592,11.10065522918724,84.79481129528993,13.526074886583231,0.0,119.99999999999999,1.4210854715202004e-14,1.366816529142354,25.314362808369605,1,239,5,2,WAIT
finite_horizon_value_iteration,237,132,08:00,120,90.81313775202197,5.391177994962917,85.42195975705906,3,14.389358806781454,0.0,105.61064119321856,0.0,0.0,120.00000000000001,-1.4210854715202004e-14,0.0,21.56471197985167,0,48,6,0,WAIT
finite_horizon_value_iteration,238,132,08:00,120,88.13845416275005,5.889588121069803,82.24886604168024,6,36.32909530733218,0.0,82.5446230108353,1.1262816818325092,0.0,119.99999999999999,1.4210854715202004e-14,0.0,23.55835248427921,1,263,10,0,WAIT
finite_horizon_value_iteration,239,132,08:00,120,80.7413904058688,5.807808349892395,74.9335820559764,4,8.585638245368056,0.0,111.41436175463194,0.0,0.0,120.0,0.0,0.0,23.23123339956958,0,163,5,0,WAIT
finite_horizon_value_iteration,240,132,08:00,120,69.0502394436927,6.229374553417224,62.82086489027548,3,16.84166239966637,22.809263665406583,67.58863356105019,12.760440373876847,0.0,119.99999999999999,1.4210854715202004e-14,3.1112251420095616,21.806273071659334,1,233,6,3,WAIT
finite_horizon_value_iteration,241,132,08:00,120,75.58082473502921,5.367861214865912,70.2129635201633,2,10.2386086160444,0.0,109.7613913839556,0.0,0.0,120.0,0.0,0.0,21.47144485946365,0,230,4,0,WAIT
finite_horizon_value_iteration,242,132,08:00,120,78.46894139593392,8.50189170087745,69.96704969505647,2,21.637690284042918,38.01481488715631,60.34749482880076,0.0,0.0,120.0,0.0,6.353221742802269,27.654345060707534,0,162,6,1,WAIT
finite_horizon_value_iteration,243,132,08:00,120,90.84780492991534,5.677504704929622,85.17030022498572,4,11.826891851322227,8.620850784223064,99.5522573644547,0.0,0.0,120.0,0.0,0.8738289522399111,21.836189867478577,0,161,6,1,WAIT
finite_horizon_value_iteration,244,132,08:00,120,125.10173757372218,9.361799025810225,115.73993854791195,4,23.72468474558156,38.343245233159486,57.93207002125897,0.0,0.0,120.00000000000003,-2.842170943040401e-14,7.243421249316267,30.203774853924628,0,162,8,3,WAIT
finite_horizon_value_iteration,245,132,08:00,120,85.80839240789925,7.04645517771308,78.76193723018616,3,31.573610942401352,28.764039045898446,59.6623500117002,0.0,0.0,120.0,0.0,4.671686857226688,23.51413385362563,0,237,9,2,WAIT
finite_horizon_value_iteration,246,132,08:00,120,86.89555790693986,6.093157802631181,80.80240010430867,4,30.05023627038195,13.426087363367305,76.52367636625075,0.0,0.0,120.00000000000001,-1.4210854715202004e-14,2.214263697456449,22.158367513068274,0,161,9,2,WAIT
finite_horizon_value_iteration,247,132,08:00,120,74.99043662466168,4.67708124141931,70.31335538324237,2,34.95883926611009,8.639178008516707,76.4019827253732,0.0,0.0,120.0,0.0,0.8738289522399111,17.834496013437327,0,163,9,1,WAIT
finite_horizon_value_iteration,248,132,08:00,120,92.02621262057097,8.038595884357099,83.98761673621388,2,24.59652652106753,23.74828768077926,71.65518579815323,0.0,0.0,120.00000000000001,-1.4210854715202004e-14,3.9689299578524526,28.18545357957594,0,162,6,1,WAIT
finite_horizon_value_iteration,249,132,08:00,120,103.85626164729457,6.047585563921873,97.8086760833727,4,22.347052463513062,0.0,95.06245773052822,2.590489805958697,0.0,119.99999999999999,1.4210854715202004e-14,0.0,24.190342255687494,1,236,8,0,WAIT
finite_horizon_value_iteration,250,132,08:00,120,119.45865100560945,5.781654965623747,113.67699603998571,3,29.090861182662415,0.0,80.53259635369577,10.376542463641826,0.0,120.00000000000001,-1.4210854715202004e-14,0.0,23.126619862494987,1,68,9,0,WAIT
finite_horizon_value_iteration,251,132,08:00,120,60.577240617077514,6.48413245573124,54.09310816134627,2,1.4672708897471463,0.0,113.03237997234734,5.5003491379055305,0.0,120.00000000000001,-1.4210854715202004e-14,0.0,25.93652982292496,1,236,3,0,WAIT
finite_horizon_value_iteration,252,132,08:00,120,67.85083518163032,5.070235737464735,62.78059944416558,2,24.596327037642727,13.426087363367305,81.19106585197781,0.7865197470121359,0.0,119.99999999999997,2.842170943040401e-14,2.214263697456449,18.06667925240249,1,142,6,2,WAIT
finite_horizon_value_iteration,253,132,08:00,120,91.68591879464341,5.767092986560429,85.91882580808299,4,24.756083474647447,15.976426634929792,79.26748989042274,0.0,0.0,119.99999999999997,2.842170943040401e-14,1.4702395865372382,21.598132359704476,0,170,9,2,WAIT
finite_horizon_value_iteration,254,132,08:00,120,90.33626590488015,5.080520311010571,85.25574559386958,2,26.41232751427203,0.0,76.21787943265804,17.36979305306994,0.0,120.0,0.0,0.0,20.322081244042284,1,230,7,0,WAIT
finite_horizon_value_iteration,255,132,08:00,120,86.10913790570467,7.167387234270711,78.94175067143397,4,22.303458664134983,24.189267311894334,70.60457453149616,2.902699492474511,0.0,119.99999999999999,1.4210854715202004e-14,4.131075420465934,24.53847351661691,1,161,7,1,WAIT
finite_horizon_value_iteration,256,132,08:00,120,81.8137873712919,6.045928173275116,75.76785919801678,5,9.508559170022016,14.713236180878916,91.07777128259454,4.700433366504541,0.0,120.00000000000001,-1.4210854715202004e-14,2.444299961608333,21.739412731492134,1,236,6,2,WAIT
finite_horizon_value_iteration,257,132,08:00,120,115.70135241809204,9.520086850621055,106.18126556747099,3,14.066168672941945,34.3886867556165,71.54514457144155,0.0,0.0,120.0,0.0,5.753132577204575,32.32721482527965,0,68,5,2,WAIT
finite_horizon_value_iteration,258,132,08:00,120,69.2575745063938,7.595831865518505,61.66174264087529,4,15.859325316311043,17.923884704893062,85.90493262974934,0.31185734904656215,0.0,120.0,0.0,3.919261626105958,26.464065835968064,1,68,7,2,WAIT
finite_horizon_value_iteration,259,132,08:00,120,92.02423027120962,7.319410089198946,84.70482018201068,3,18.778618394868772,13.426087363367305,84.98613961254422,2.809154629219705,0.0,120.0,0.0,2.214263697456449,27.063376659339333,1,239,6,2,WAIT
finite_horizon_value_iteration,260,132,08:00,120,72.16560227639572,7.102290655060993,65.06331162133472,2,14.906139894798939,0.0,105.09386010520106,0.0,0.0,120.0,0.0,0.0,28.409162620243972,0,230,5,0,WAIT
finite_horizon_value_iteration,261,132,08:00,120,48.12239097893914,4.862220736344541,43.2601702425946,2,18.956348391964703,8.927620268132918,92.11603133990238,0.0,0.0,120.0,0.0,0.917734710087371,18.531148235290793,0,163,6,1,WAIT
finite_horizon_value_iteration,262,132,08:00,120,53.90056222269535,6.207375077410904,47.69318714528445,1,2.570232704846923,40.85672404507117,27.508310570212068,49.064732679869834,0.0,119.99999999999999,1.4210854715202004e-14,6.977565971184234,17.851934338459383,1,70,2,1,WAIT
finite_horizon_value_iteration,263,132,08:00,120,105.44426097925707,6.163017255007289,99.28124372424978,5,23.478602347686888,0.0,96.52139765231314,0.0,0.0,120.00000000000003,-2.842170943040401e-14,0.0,24.652069020029156,0,164,9,0,WAIT
finite_horizon_value_iteration,264,132,08:00,120,70.8629968136917,5.381078531528691,65.48191828216301,2,25.116126319015162,8.923579869126776,76.18925458557915,9.771039226278916,0.0,120.0,0.0,0.6603347362239406,20.863979389890822,1,162,7,1,WAIT
finite_horizon_value_iteration,265,132,08:00,120,60.74765418142318,5.8409108408220245,54.90674334060115,1,17.0938887098685,32.813141735225685,41.99856839386608,28.094401161039727,0.0,119.99999999999999,1.4210854715202004e-14,5.483892691328659,17.87975067195944,1,199,5,1,WAIT
finite_horizon_value_iteration,266,132,08:00,120,93.61773380746713,6.495790099601328,87.12194370786581,4,12.983779399093658,8.683934748546648,98.33228585235969,0.0,0.0,120.0,0.0,0.8738289522399111,25.1093314461654,0,164,6,1,WAIT
finite_horizon_value_iteration,267,132,08:00,120,109.46134057972682,7.754884313444247,101.70645626628257,2,9.680341185176431,35.16191267737659,75.15774613744696,0.0,0.0,119.99999999999999,1.4210854715202004e-14,5.8764307758315235,25.143106477945466,0,162,4,1,WAIT
finite_horizon_value_iteration,268,132,08:00,120,63.58206302364653,4.6843542418723825,58.89770878177415,1,10.162314306395377,8.969810001663133,82.02984471723178,18.83803097470971,0.0,120.0,0.0,0.6603347362239406,18.07708223126559,1,186,3,1,WAIT
finite_horizon_value_iteration,269,132,08:00,120,67.12584733235798,5.002306670074669,62.12354066228331,2,40.82252272683126,0.0,79.17747727316873,0.0,0.0,120.0,0.0,0.0,20.009226680298674,0,161,10,0,WAIT
finite_horizon_value_iteration,270,132,08:00,120,90.68739830704196,7.4386922357328995,83.24870607130906,2,15.482029358639986,26.95140110281638,72.45053772263898,5.116031815904648,0.0,120.0,0.0,5.345030347284318,24.40973859564728,1,223,5,3,WAIT
finite_horizon_value_iteration,271,132,08:00,120,109.05679888885427,8.998433815150317,100.05836507370395,3,11.317276321430896,41.00142517987864,59.854079856320375,7.8272186423700845,0.0,119.99999999999999,1.4210854715202004e-14,6.306050430892979,29.687684829708296,1,79,4,2,WAIT
finite_horizon_value_iteration,272,132,08:00,120,66.06358190540038,5.394168221005167,60.66941368439522,2,43.25347897233657,8.927620268132918,67.81890075953051,0.0,0.0,120.0,0.0,0.917734710087371,20.658938173933297,0,142,10,1,WAIT
finite_horizon_value_iteration,273,132,08:00,120,83.05558449371864,6.001748046219902,77.05383644749874,4,19.798716463984846,7.7656113320664915,92.43567220394867,0.0,0.0,120.0,0.0,0.9436651053864168,23.06332707949319,0,237,8,1,WAIT
finite_horizon_value_iteration,274,132,08:00,120,73.7289480064461,6.146525007009109,67.582422999437,3,42.87938311361771,8.969810001663133,68.15080688471916,0.0,0.0,120.0,0.0,0.6603347362239406,23.925765291812496,0,113,11,1,WAIT
finite_horizon_value_iteration,275,132,08:00,120,84.00724319722025,5.718809735153285,78.28843346206696,2,18.596457706391984,0.0,93.13457293671516,8.268969356892853,0.0,120.0,0.0,0.0,22.87523894061314,1,162,5,0,WAIT
finite_horizon_value_iteration,276,132,08:00,120,70.40039446611645,5.3583945473872765,65.04199991872918,4,35.123282691391,8.927620268132918,75.94909704047609,0.0,0.0,120.0,0.0,0.917734710087371,20.515843479461736,0,161,10,1,WAIT
finite_horizon_value_iteration,277,132,08:00,120,95.15568545746962,5.655177842759117,89.5005076147105,3,29.082750830707685,19.97513435546876,70.94211481382355,0.0,0.0,120.0,0.0,5.18155674214191,17.439154628894556,0,229,8,1,WAIT
finite_horizon_value_iteration,278,132,08:00,120,76.2786908163389,5.55931852995409,70.71937228638481,3,16.298726029527927,14.88155372137042,78.79512249937495,10.024597749726723,0.0,120.00000000000003,-2.842170943040401e-14,2.4650545668752764,19.77221955294108,1,239,5,2,WAIT
finite_horizon_value_iteration,279,132,08:00,120,70.2152491432733,5.2387212221484525,64.97652792112484,3,29.90410463815287,17.356069673816368,70.87930195464008,1.8605237333906501,0.0,119.99999999999997,2.842170943040401e-14,1.4251367203595948,19.529748168234217,1,239,9,2,WAIT
finite_horizon_value_iteration,280,132,08:00,120,66.96488550125855,5.791015421642293,61.17387007961626,2,12.742308454000492,0.0,98.33858363802707,8.919107907972432,0.0,120.0,0.0,0.0,23.164061686569173,1,48,4,0,WAIT
finite_horizon_value_iteration,281,132,08:00,120,59.87398848286669,5.745160127434994,54.1288283554317,1,9.010741562575081,31.76477641897683,42.976053734785665,36.24842828366242,0.0,120.0,0.0,5.308684753545373,17.671955756194603,1,199,3,1,WAIT
finite_horizon_value_iteration,282,132,08:00,120,53.152419746402146,4.327655053761924,48.82476469264022,1,28.099584104427084,9.428359729780205,81.12074363407291,1.3513125317197847,0.0,119.99999999999999,1.4210854715202004e-14,0.7789661452253094,16.531654069822387,1,48,7,1,WAIT
finite_horizon_value_iteration,283,132,08:00,120,75.15401925748681,5.902940827379226,69.25107843010758,3,12.329558926309254,17.565298440553466,74.70096502043832,15.404177612698973,0.0,120.00000000000001,-1.4210854715202004e-14,1.716739272990511,21.89502403652639,1,186,5,2,WAIT
finite_horizon_value_iteration,284,132,08:00,120,59.56228541616287,5.569834217134662,53.99245119902821,1,10.179990528117305,36.755650037702985,37.11479024515924,35.949569189020465,0.0,120.0,0.0,6.142783956295462,16.13655291224319,1,199,3,1,WAIT
finite_horizon_value_iteration,285,132,08:00,120,82.44885629503531,6.182671412669702,76.26618488236561,3,10.966617788553732,8.253523687373981,89.12966232835494,11.650196195717356,0.0,120.00000000000001,-1.4210854715202004e-14,3.1402954808806487,21.590390169798162,1,238,5,1,WAIT
finite_horizon_value_iteration,286,132,08:00,120,65.5301129629653,5.027547690886892,60.502565272078414,3,11.85727048014208,8.927620268132918,97.85898454526503,1.3561247064599655,0.0,119.99999999999999,1.4210854715202004e-14,0.917734710087371,19.192456053460198,1,236,5,1,WAIT
finite_horizon_value_iteration,287,132,08:00,120,58.71400359220067,4.582127700658395,54.13187589154227,2,31.044465500096432,0.0,88.95553449990356,0.0,0.0,120.0,0.0,0.0,18.32851080263358,0,161,8,0,WAIT
finite_horizon_value_iteration,288,132,08:00,120,168.15108532040892,7.501240869041627,160.6498444513673,8,20.44065703740055,8.819052009730768,88.4429626616061,2.2973282912625876,0.0,120.00000000000001,-1.4210854715202004e-14,0.8429103207506001,29.162053155415908,1,107,10,1,WAIT
finite_horizon_value_iteration,289,132,08:00,120,63.4159650119744,4.824014379576598,58.591950632397804,1,16.74198205988171,0.0,103.2580179401183,0.0,0.0,120.0,0.0,0.0,19.29605751830639,0,163,4,0,WAIT
finite_horizon_value_iteration,290,132,08:00,120,73.14617946308758,5.63172609445769,67.51445336862989,3,13.473733755263211,14.88155372137042,91.64471252336637,0.0,0.0,120.0,0.0,2.4650545668752764,20.061849810955483,0,161,5,2,WAIT
finite_horizon_value_iteration,291,132,08:00,120,97.48546118988521,6.629908386507103,90.85555280337812,4,11.761597275910827,17.648077575100874,90.26520259293905,0.3251225560492088,0.0,119.99999999999996,4.263256414560601e-14,1.5341636884638516,24.98546985756456,1,161,6,2,WAIT
finite_horizon_value_iteration,292,132,08:00,120,87.71571082885961,6.027751237048784,81.68795959181082,4,12.102340317326192,29.069632833450413,76.80566292116242,2.0223639280609973,0.0,120.00000000000003,-2.842170943040401e-14,2.9864972307016133,21.124507717493515,1,170,6,3,WAIT
finite_horizon_value_iteration,293,132,08:00,120,75.69192768705247,4.770439184165411,70.92148850288706,3,23.697695718727108,8.620850784223064,71.98982217910401,15.69163131794582,0.0,120.0,0.0,0.8738289522399111,18.20792778442173,1,230,8,1,WAIT
finite_horizon_value_iteration,294,132,08:00,120,93.9404065494255,5.500868186253326,88.43953836317218,5,19.727549472286917,8.620850784223064,86.0762333360099,5.5753664074800895,0.0,119.99999999999997,2.842170943040401e-14,0.8738289522399111,21.129643792773393,1,113,8,1,WAIT
finite_horizon_value_iteration,295,132,08:00,120,52.34605700671115,4.694337749281645,47.651719257429505,1,14.925818837904863,0.0,95.11129658211591,9.962884579979217,0.0,119.99999999999999,1.4210854715202004e-14,0.0,18.77735099712658,1,161,4,0,WAIT
finite_horizon_value_iteration,296,132,08:00,120,54.718509572483164,4.4854301336765445,50.23307943880662,1,24.816738800736044,0.0,95.18326119926395,0.0,0.0,120.0,0.0,0.0,17.941720534706178,0,68,6,0,WAIT
finite_horizon_value_iteration,297,132,08:00,120,84.28860179890358,5.78435343704893,78.50424836185465,4,19.727145212356803,25.55609234891321,74.71676243873,0.0,0.0,120.00000000000001,-1.4210854715202004e-14,2.3629098481247963,20.774503900070922,0,162,7,3,WAIT
finite_horizon_value_iteration,298,132,08:00,120,71.80595614791122,5.637709074523565,66.16824707338765,4,32.67244276751036,0.0,87.32755723248962,0.0,0.0,119.99999999999999,1.4210854715202004e-14,0.0,22.55083629809426,0,113,10,0,WAIT
finite_horizon_value_iteration,299,132,08:00,120,105.81257380245364,8.671747532873647,97.14082626957999,3,17.102349630355697,32.75375375449933,70.143896615145,0.0,0.0,120.00000000000003,-2.842170943040401e-14,5.473967481603665,29.213022649890924,0,68,6,1,WAIT
q_learning,0,132,08:00,120,106.53329113142395,8.068226962701576,98.46506416872238,3,10.297841968824567,23.76593845086183,82.08786113987226,3.8483584404413307,0.0,119.99999999999999,1.4210854715202004e-14,7.410208005062666,24.86269984574364,1,164,5,2,WAIT
q_learning,1,132,08:00,120,45.881153608067706,4.411477196195095,41.46967641187261,1,7.3120124631071866,20.340281517198882,83.32378980920731,9.023916210486618,0.0,120.0,0.0,1.6248520081459954,16.021056776634385,1,186,3,1,WAIT
q_learning,2,132,08:00,120,64.44491461363657,6.934885275529286,57.51002933810729,2,10.63973637707512,34.99052355528667,49.667461766145664,24.702278301492555,0.0,120.00000000000001,-1.4210854715202004e-14,5.800620334703995,21.93892076741315,1,138,4,1,WAIT
q_learning,3,132,08:00,120,61.842877803421004,7.278717049648752,54.56416075377225,2,31.582541009912696,43.982940882034036,43.79472470506312,0.6397934029901364,0.0,119.99999999999999,1.4210854715202004e-14,4.869297740656478,24.24557045793853,1,237,8,2,WAIT
q_learning,4,132,08:00,120,72.7851190727255,5.406358600370844,67.37876047235466,2,5.629094677922633,8.683934748546648,105.68697057353073,0.0,0.0,120.00000000000001,-1.4210854715202004e-14,0.8738289522399111,20.751605449243463,0,237,3,1,WAIT
q_learning,5,132,08:00,120,65.9882697166976,5.139140769098478,60.84912894759913,1,17.42590917731693,34.14279754656766,66.10894664402208,2.3223466320933284,0.0,120.0,0.0,3.771208497489917,16.785354578903995,1,262,4,1,WAIT
q_learning,6,132,08:00,120,75.53522283998656,6.494716308745292,69.04050653124126,2,23.29380193834232,35.22524918794365,36.828908583032415,24.652040290681597,0.0,119.99999999999999,1.4210854715202004e-14,5.8870158831703945,20.091849351810772,1,138,6,1,WAIT
q_learning,7,132,08:00,120,65.47210996268961,6.290450604340656,59.18165935834896,2,6.836483463371854,7.817066150075239,98.51169778461363,6.834752601939272,0.0,120.0,0.0,1.378379295714892,23.783423121647733,1,230,3,1,WAIT
q_learning,8,132,08:00,120,59.69861533815894,7.415114352425524,52.28350098573341,1,4.5478567590806165,56.56474055328513,17.992560972041915,40.89484171559235,0.0,120.0,0.0,8.10403146959402,21.556425940108078,1,70,2,2,WAIT
q_learning,9,132,08:00,120,75.10054998979156,4.58153190964605,70.51901808014551,3,17.60718414175626,18.55135293164176,68.614981489624,15.226481436977963,0.0,119.99999999999999,1.4210854715202004e-14,1.4041933469266459,16.921934291657553,1,68,6,1,WAIT
q_learning,10,132,08:00,120,99.73406044026694,9.14040129718609,90.59365914308086,3,15.66884360644422,31.542529453657632,72.78862693989815,0.0,0.0,120.0,0.0,5.271541753992986,31.29006343475138,0,233,6,1,WAIT
q_learning,11,132,08:00,120,58.940594037316,4.863377185999761,54.077216851316244,1,20.84590696184518,26.093259671861286,73.06083336629354,0.0,0.0,120.0,0.0,2.5215884527181043,16.93192029128094,0,237,6,1,WAIT
q_learning,12,132,08:00,120,50.0981185230407,5.639341029875239,44.45877749316546,1,9.542279028651585,19.80633624453896,77.21559090643167,13.435793820377796,0.0,120.00000000000001,-1.4210854715202004e-14,2.5355269153076962,20.02183720419326,1,236,3,1,WAIT
q_learning,13,132,08:00,120,60.563960043202925,4.4058948446916695,56.15806519851125,1,1.7729376310056866,0.0,118.22706236899431,0.0,0.0,120.0,0.0,0.0,17.623579378766678,0,230,2,0,WAIT
q_learning,14,132,08:00,120,76.50303388115239,6.398722297380271,70.10431158377212,3,13.96592057562259,39.51936007260197,66.51471935177544,0.0,0.0,120.0,0.0,4.159713793811018,21.435175395710065,0,162,5,1,WAIT
q_learning,15,132,08:00,120,61.216104536517115,5.042940421894577,56.17316411462254,2,11.513176962896113,0.0,108.48682303710389,0.0,0.0,120.0,0.0,0.0,20.171761687578307,0,233,5,0,WAIT
q_learning,16,132,08:00,120,51.23337325578459,5.0101266713066686,46.22324658447792,1,11.21638395427103,34.708297172889964,37.84980186648365,36.22551700635536,0.0,120.00000000000001,-1.4210854715202004e-14,5.800620334703995,14.239886350522678,1,138,3,1,WAIT
q_learning,17,132,08:00,120,67.97995731454519,6.294589308026339,61.68536800651885,3,15.751942700849984,28.533619131871998,75.71443816727802,0.0,0.0,120.0,0.0,3.0434952693641324,22.134861962741223,0,164,6,1,WAIT
q_learning,18,132,08:00,120,78.48086036018339,5.772320478442102,72.70853988174129,3,10.667575665842614,25.059426040244485,84.27299829391288,0.0,0.0,119.99999999999997,2.842170943040401e-14,2.7145158663787887,20.374766047389617,0,234,5,1,WAIT
q_learning,19,132,08:00,120,100.22766223613644,8.764597821985483,91.46306441415095,2,13.147650890123254,33.0200870000054,73.83226210987135,0.0,0.0,120.0,0.0,5.473967481603665,29.584423806338265,0,100,4,1,WAIT
q_learning,20,132,08:00,120,68.8700878818259,6.359427552016491,62.510660329809404,3,15.242366285655716,62.710076610202286,40.24100134208023,1.8065557620617767,0.0,120.0,0.0,6.79661016832595,18.641100039740017,1,238,4,3,WAIT
q_learning,21,132,08:00,120,68.29167431407438,4.631418713401349,63.66025560067304,1,12.248401088522634,0.0,94.64928443788143,13.102314473595925,0.0,120.0,0.0,0.0,18.525674853605395,1,161,3,0,WAIT
q_learning,22,132,08:00,120,62.39772271790902,7.168882931562289,55.22883978634673,2,2.0501833723329423,28.441760683148487,74.49227317275404,15.01578277176452,0.0,119.99999999999999,1.4210854715202004e-14,3.3994908286777843,25.27604089757137,1,141,3,2,WAIT
q_learning,23,132,08:00,120,84.57765898981916,5.37707177726687,79.20058721255228,2,8.551078569890546,18.55135293164176,92.89756849846768,0.0,0.0,119.99999999999999,1.4210854715202004e-14,1.4041933469266459,20.104093762140835,0,237,3,1,WAIT
q_learning,24,132,08:00,120,75.45316763469457,5.5047977442298475,69.94836989046472,2,23.932930299148534,15.478729736460663,78.91357317584318,1.6747667885476147,0.0,119.99999999999999,1.4210854715202004e-14,1.8115451422202535,20.207645834699136,1,75,7,1,WAIT
q_learning,25,132,08:00,120,78.66000959212718,5.210978251912644,73.44903134021453,2,15.615040151414378,8.683934748546648,91.9035155220397,3.7975095779992927,0.0,120.00000000000001,-1.4210854715202004e-14,0.8738289522399111,19.970084055410666,1,161,5,1,WAIT
q_learning,26,132,08:00,120,65.81018418006624,6.446354657406616,59.36382952265963,3,11.547536571141281,41.43379788242341,67.0186655464353,0.0,0.0,120.0,0.0,5.299522064147933,20.485896565478534,0,43,5,1,WAIT
q_learning,27,132,08:00,120,87.30138032548739,5.253912927629059,82.04746739785833,3,19.741071978825513,19.2156250666657,81.04330295450879,0.0,0.0,120.0,0.0,1.7544114163135713,19.26124029420266,0,236,6,1,WAIT
q_learning,28,132,08:00,120,69.22804455071122,7.623433591831246,61.604610958879974,2,14.389832987990724,28.441760683148487,74.90657584849654,2.261830480364239,0.0,120.0,0.0,3.3994908286777843,27.0942435386472,1,141,5,2,WAIT
q_learning,29,132,08:00,120,44.96640232182415,4.716887566473793,40.249514755350354,1,14.529015040848943,0.0,87.46470440772057,18.00628055143048,0.0,120.0,0.0,0.0,18.867550265895172,1,230,4,0,WAIT
q_learning,30,132,08:00,120,74.96906637996177,5.413139421965294,69.55592695799648,2,16.18189866197023,25.44357975834164,78.37452157968814,0.0,0.0,120.0,0.0,2.767071999739535,18.88548568812164,0,162,5,1,WAIT
q_learning,31,132,08:00,120,68.41411443209779,4.75470942726717,63.65940500483062,3,10.944972187606155,7.7538115628141515,101.3012162495797,0.0,0.0,120.0,0.0,0.720141162606,18.29869654646268,0,170,5,1,WAIT
q_learning,32,132,08:00,120,58.16502107223948,5.007223197288109,53.15779787495137,1,4.097790981176072,17.174309882540154,89.9973802267361,8.73051890954767,0.0,120.0,0.0,2.0004471665855252,18.028445622566913,1,186,2,1,WAIT
q_learning,33,132,08:00,120,69.16645377582883,5.032373639512153,64.13408013631667,2,9.465418952368623,17.952799515588033,92.58178153204335,0.0,0.0,120.0,0.0,1.374695178387383,18.75479937966123,0,161,4,1,WAIT
q_learning,34,132,08:00,120,67.65545935933184,5.41385441185924,62.2416049474726,2,12.253417270980696,27.098408848649136,78.94372149686137,1.7044523835088086,0.0,120.00000000000001,-1.4210854715202004e-14,2.7476728047419563,18.907744842695003,1,137,5,1,WAIT
q_learning,35,132,08:00,120,58.25648453101829,5.2516732048121995,53.00481132620609,1,26.25169818155528,19.2156250666657,74.53267675177901,0.0,0.0,119.99999999999999,1.4210854715202004e-14,1.7544114163135713,19.252281402935225,0,237,7,1,WAIT
q_learning,36,132,08:00,120,85.50432408060747,8.593278067215396,76.91104601339208,4,10.856897697379706,32.420644072242105,70.02089166470547,6.701566565672692,0.0,119.99999999999997,2.842170943040401e-14,8.060559516672528,26.312552752189056,1,239,6,4,WAIT
q_learning,37,132,08:00,120,91.2626444788358,5.507662354328405,85.75498212450739,3,21.505208796214013,0.0,98.49479120378597,0.0,0.0,119.99999999999997,2.842170943040401e-14,0.0,22.03064941731362,0,162,6,0,WAIT
q_learning,38,132,08:00,120,57.51491901378861,5.686019693629728,51.82889932015888,1,16.69009337983915,38.99090673243805,37.80635159768277,26.512648290040033,0.0,120.0,0.0,6.733409006152611,16.0106697683663,1,138,5,2,WAIT
q_learning,39,132,08:00,120,64.58274141161715,5.047615976550169,59.53512543506698,2,17.658891534894178,7.817066150075239,92.91626028242999,1.6077820326005963,0.0,120.0,0.0,1.378379295714892,18.812084610485783,1,161,5,1,WAIT
q_learning,40,132,08:00,120,64.62642684663018,7.541748959971681,57.0846778866585,2,14.868139624069647,49.72794603962028,51.58472734655498,3.819186989755096,0.0,119.99999999999999,1.4210854715202004e-14,9.198400775568167,20.968595064318556,1,186,5,3,WAIT
q_learning,41,132,08:00,120,81.54248181904615,5.071139195406599,76.47134262363954,2,12.852577147617234,7.8595626926968825,99.28786015968589,0.0,0.0,120.0,0.0,1.052686282635723,19.231870498990673,0,246,5,1,WAIT
q_learning,42,132,08:00,120,58.08047568281851,5.836085988263853,52.244389694554656,3,14.269681798714792,17.9130906982085,87.8172275030767,0.0,0.0,119.99999999999999,1.4210854715202004e-14,2.0630030255021734,21.281340927553238,0,141,5,2,WAIT
q_learning,43,132,08:00,120,52.08201860151475,5.883379855393797,46.19863874612095,2,12.240144736928933,38.03912174069639,69.72073352237467,0.0,0.0,120.0,0.0,3.796381198419529,19.737138223155657,0,237,5,2,WAIT
q_learning,44,132,08:00,120,92.09430908718917,7.103945989942536,84.99036309724664,3,32.8340340717743,29.876407423744404,57.28955850448132,0.0,0.0,120.00000000000003,-2.842170943040401e-14,6.591924564241296,21.82385939552885,0,161,9,2,WAIT
q_learning,45,132,08:00,120,60.38367322478944,5.722704082220968,54.660969142568476,2,4.466982184638579,29.240385792130752,74.27813225851895,12.014499764711715,0.0,120.0,0.0,8.722872687164616,14.167943641719255,1,138,3,2,WAIT
q_learning,46,132,08:00,120,58.03591367878732,5.32122777669724,52.714685902090075,1,2.613012053452357,28.977718938984196,43.54277031995416,44.866498687609294,0.0,120.0,0.0,4.842898079773846,16.442013027015115,1,138,2,1,WAIT
q_learning,47,132,08:00,120,80.56886561835286,5.415915176294208,75.15295044205865,3,15.856751919302196,26.148731809650013,77.99451627104777,0.0,0.0,119.99999999999997,2.842170943040401e-14,2.5215884527181043,19.14207225245873,0,163,5,1,WAIT
q_learning,48,132,08:00,120,69.69463216726705,7.3922549185314015,62.302377248735645,3,12.504509748585878,27.626805287254015,70.83591911535268,9.03276584880743,0.0,120.0,0.0,2.791481671232768,26.77753800289284,1,237,5,1,WAIT
q_learning,49,132,08:00,120,66.99830620630304,6.002558869448016,60.995747336855025,3,12.75815437067225,6.474863798686679,100.76698183064107,0.0,0.0,120.0,0.0,0.8622338448238599,23.148001632968207,0,142,5,1,WAIT
q_learning,50,132,08:00,120,67.24130469734145,8.428042394965287,58.81326230237616,2,11.021191857669752,45.862435141947145,63.11637300038309,0.0,0.0,119.99999999999999,1.4210854715202004e-14,12.509338743179548,21.202830836681603,0,186,4,4,WAIT
q_learning,51,132,08:00,120,69.63130515984521,5.276026609455596,64.35527855038961,2,9.85665015407572,29.273357838552375,80.8699920073719,0.0,0.0,120.0,0.0,3.0870094582314747,18.01709697959091,0,164,4,2,WAIT
q_learning,52,132,08:00,120,46.632415982267524,6.297910798315923,40.3345051839516,1,8.051849393066112,36.82282185231052,39.99297332433099,35.13235543029238,0.0,120.0,0.0,6.154010038398844,19.037633154864846,1,138,3,1,WAIT
q_learning,53,132,08:00,120,86.66596128278078,5.427640572465393,81.23832071031539,2,27.332926571904206,8.126524374703534,82.99788658137503,1.542662472017227,0.0,119.99999999999999,1.4210854715202004e-14,0.6461705751342853,21.064391714727286,1,186,7,1,WAIT
q_learning,54,132,08:00,120,52.232025881841224,5.6197410460435115,46.61228483579771,1,14.435011062633702,16.25421281766371,79.11566395696009,10.195112162742504,0.0,120.0,0.0,1.899246197158408,20.579717987015638,1,239,4,2,WAIT
q_learning,55,132,08:00,120,62.21424941155282,5.819713995905165,56.39453541564765,3,17.532510617639055,18.55135293164176,83.91613645071918,0.0,0.0,120.0,0.0,1.4041933469266459,21.874662636694012,0,87,6,1,WAIT
q_learning,56,132,08:00,120,77.86194848356277,5.89627349068182,71.96567499288095,3,10.597282084799225,18.81711325798525,87.00304954757877,3.5825551096367434,0.0,119.99999999999999,1.4210854715202004e-14,2.0419697821059577,21.543124180621323,1,230,4,1,WAIT
q_learning,57,132,08:00,120,80.65443057242663,6.29250976478743,74.36192080763921,3,8.01817270906612,19.74689667810474,92.23493061282915,0.0,0.0,120.0,0.0,2.576329326953723,22.593709732195997,0,262,4,1,WAIT
q_learning,58,132,08:00,120,53.23454490831057,5.984734845845125,47.24981006246544,1,10.689735234774549,33.0200870000054,48.97237008656375,27.317807678656308,0.0,120.00000000000001,-1.4210854715202004e-14,5.473967481603665,18.464971901776835,1,70,3,1,WAIT
q_learning,59,132,08:00,120,97.0814671955434,6.760923654210979,90.32054354133241,3,20.474532804594347,8.683934748546648,90.84153244685902,0.0,0.0,120.00000000000001,-1.4210854715202004e-14,0.8738289522399111,26.169865664604004,0,161,6,1,WAIT
q_learning,60,132,08:00,120,66.69356848467083,5.6976248289110085,60.995943655759824,2,28.228905609650532,17.153970459915843,66.6175202119578,7.999603718475825,0.0,120.0,0.0,2.013600554774667,20.77689876086937,1,236,7,1,WAIT
q_learning,61,132,08:00,120,56.914342496056975,4.960743402541364,51.953599093515614,2,13.28765430504221,9.031262043181538,97.68108365177625,0.0,0.0,120.0,0.0,0.6603347362239406,19.182638873941514,0,234,5,1,WAIT
q_learning,62,132,08:00,120,107.83674430061076,5.961414471377495,101.87532982923327,3,4.1895655820705135,17.952799515588033,97.85763490234146,0.0,0.0,120.0,0.0,1.374695178387383,22.470962707122595,0,233,4,1,WAIT
q_learning,63,132,08:00,120,65.96184042395224,5.095629172259151,60.86621125169309,2,21.93303978179642,34.76207402593198,63.3048861922716,0.0,0.0,120.0,0.0,3.558658707637301,16.823857981399303,0,141,6,2,WAIT
q_learning,64,132,08:00,120,64.38905430263351,4.9466679842336445,59.44238631839987,2,22.361836859475925,10.341467207795379,87.2966959327287,0.0,0.0,120.0,0.0,1.0048995271867611,18.781772409747816,0,237,6,1,WAIT
q_learning,65,132,08:00,120,70.5834828959637,5.947535736532194,64.63594715943151,3,15.787120443051489,23.76593845086183,72.63515590910492,7.811785196981759,0.0,120.0,0.0,7.410208005062666,16.37993494106611,1,164,5,2,WAIT
q_learning,66,132,08:00,120,68.1168171086204,5.065837318762233,63.05097978985816,3,12.783957657346583,17.822382395130127,89.39365994752329,0.0,0.0,120.0,0.0,1.374695178387383,18.888654096661547,0,162,6,1,WAIT
q_learning,67,132,08:00,120,61.9859613706617,5.620380016811438,56.36558135385026,2,19.950906990115353,17.793906405351798,82.25518660453285,0.0,0.0,120.0,0.0,1.7946943400240865,20.686825727221667,0,237,5,1,WAIT
q_learning,68,132,08:00,120,74.69715714079238,4.478710536456284,70.2184466043361,2,18.069574760535044,17.952799515588033,83.97762572387691,0.0,0.0,119.99999999999999,1.4210854715202004e-14,1.374695178387383,16.540146967437753,0,233,5,1,WAIT
q_learning,69,132,08:00,120,49.960174743014264,6.361919942455661,43.5982548005586,1,6.5208847562441665,40.58358531518643,49.22985610316762,23.665673825401797,0.0,120.00000000000001,-1.4210854715202004e-14,6.997438315663814,18.45024145415883,1,138,3,2,WAIT
q_learning,70,132,08:00,120,84.3402875295617,6.216821132150062,78.12346639741165,3,18.173634571024945,27.18924268647193,74.63712274250314,0.0,0.0,120.00000000000001,-1.4210854715202004e-14,2.9248594341878045,21.942425094412442,0,163,7,1,WAIT
q_learning,71,132,08:00,120,61.885534243709245,5.104923728259,56.78061051545024,2,12.922119953536294,18.687104369149022,88.39077567731468,0.0,0.0,120.0,0.0,1.4041933469266459,19.015501566109354,0,230,5,1,WAIT
q_learning,72,132,08:00,120,62.57955141300773,5.931151398108233,56.648400014899494,1,16.643541733596074,57.02695098491602,19.858807114238054,26.470700167249845,0.0,120.0,0.0,8.371021227288287,15.353584365144645,1,138,5,3,WAIT
q_learning,73,132,08:00,120,0.0,4.051557056716962,-4.051557056716962,1,4.141814845257307,29.240385792130752,17.09273608961364,69.5250632729983,0.0,120.0,0.0,8.722872687164616,7.48335553970323,1,132,2,2,WAIT
q_learning,74,132,08:00,120,61.67317447655878,6.150527578264095,55.52264689829468,2,19.670464629053086,28.441760683148487,65.80587790954112,6.081896778257303,0.0,120.0,0.0,3.3994908286777843,21.202619484378594,1,262,6,2,WAIT
q_learning,75,132,08:00,120,63.76177962565851,4.919324392299366,58.842455233359146,1,22.171484707967792,30.012481673127247,66.02697504297761,1.7890585759273563,0.0,120.0,0.0,2.527190634502642,17.150106934694822,1,237,6,1,WAIT
q_learning,76,132,08:00,120,50.15539386017628,5.656974903990707,44.498418956185574,1,26.898089313998998,19.74689667810474,73.35501400789626,0.0,0.0,120.0,0.0,2.576329326953723,20.051570289009106,0,236,7,1,WAIT
q_learning,77,132,08:00,120,77.00645332095702,5.365095929089447,71.64135739186757,3,14.299305592128176,8.683934748546648,97.01675965932516,0.0,0.0,119.99999999999999,1.4210854715202004e-14,0.8738289522399111,20.586554764117878,0,158,6,1,WAIT
q_learning,78,132,08:00,120,74.29126876155445,5.49045838146123,68.80081038009322,2,20.071665599579767,27.626805287254015,68.02169637690147,4.279832736264751,0.0,120.0,0.0,2.791481671232768,19.170351854612154,1,74,6,1,WAIT
q_learning,79,132,08:00,120,72.01285104043944,5.340163200550259,66.67268783988918,2,15.941710558292705,27.626805287254015,76.43148415445327,0.0,0.0,120.0,0.0,2.791481671232768,18.569171130968265,0,162,5,1,WAIT
q_learning,80,132,08:00,120,70.72656091887389,5.548036875802991,65.1785240430709,3,12.897918861896649,27.18924268647193,79.91283845163142,0.0,0.0,120.0,0.0,2.9248594341878045,19.267288069024158,0,229,6,1,WAIT
q_learning,81,132,08:00,120,64.42472447509114,5.435297786835097,58.989426688256046,2,6.203997883122317,14.84684792408595,85.72988787303827,13.219266319753459,0.0,119.99999999999999,1.4210854715202004e-14,1.9491905842513346,19.79200056308905,1,262,4,2,WAIT
q_learning,82,132,08:00,120,59.68465609483507,5.756118200616237,53.928537894218834,1,1.5907827675497528,37.46524423165815,45.94638029970806,34.997592701084045,0.0,120.0,0.0,6.210871843384377,16.81360095908057,1,70,2,1,WAIT
q_learning,83,132,08:00,120,72.22135072927672,5.071631066425987,67.14971966285073,2,8.032374571424883,39.51936007260197,72.44826535597315,0.0,0.0,120.0,0.0,4.159713793811018,16.126810471892934,0,237,3,1,WAIT
q_learning,84,132,08:00,120,60.87445266326985,4.903304803030148,55.971147860239704,1,1.377791472791884,0.0,113.30732105935726,5.314887467850852,0.0,120.0,0.0,0.0,19.61321921212059,1,230,2,0,WAIT
q_learning,85,132,08:00,120,59.56780538065498,5.2019107081473095,54.36589467250767,2,1.5600109834083196,34.644030739371125,72.11306653783761,11.682891739382939,0.0,120.0,0.0,3.558658707637301,17.24898412495194,1,262,3,1,WAIT
q_learning,86,132,08:00,120,84.08738064228181,6.090429661766155,77.99695098051566,3,25.514815422357465,27.130040456607006,67.35514412103552,0.0,0.0,120.0,0.0,2.9334808173236873,21.42823782974093,0,161,8,1,WAIT
q_learning,87,132,08:00,120,102.97673290662702,6.382727484530097,96.59400542209693,3,21.503776658277044,42.009451932150434,56.48677140957253,0.0,0.0,120.0,0.0,8.633185825502558,16.897724112617833,0,161,7,2,WAIT
q_learning,88,132,08:00,120,59.958876291748616,4.833182221450178,55.12569407029844,2,8.377894582170784,0.0,105.63798509052461,0.0,5.984120327304595,119.99999999999999,1.4210854715202004e-14,0.0,19.332728885800712,0,48,3,1,WAIT
q_learning,89,132,08:00,120,87.30994263093406,6.033610028477531,81.27633260245653,3,17.983495148132427,0.0,102.01650485186758,0.0,0.0,120.0,0.0,0.0,24.134440113910124,0,170,7,0,WAIT
q_learning,90,132,08:00,120,59.925932998146735,5.401779101417146,54.52415389672959,3,9.770753981115002,34.644030739371125,75.58521527951387,0.0,0.0,120.0,0.0,3.558658707637301,18.048457698031278,0,162,4,1,WAIT
q_learning,91,132,08:00,120,60.83203455193281,5.131432130851332,55.70060242108148,1,2.1637380827895356,26.94988961472163,58.29847182932954,32.587900473159294,0.0,120.0,0.0,2.2362607859982253,18.2894677374071,1,186,2,1,WAIT
q_learning,92,132,08:00,120,65.8870782916548,5.774479389678135,60.11259890197667,2,21.00752140350212,0.0,98.99247859649788,0.0,0.0,120.0,0.0,0.0,23.09791755871254,0,230,6,0,WAIT
q_learning,93,132,08:00,120,93.24789845097219,5.593983819771329,87.65391463120086,2,7.117955710212833,26.07933533881795,79.44128064585013,7.3614283051190625,0.0,119.99999999999997,2.842170943040401e-14,4.301068802225837,18.07486647685948,1,138,3,1,WAIT
q_learning,94,132,08:00,120,78.16214745506161,5.110294771625731,73.05185268343588,2,21.597940300454866,0.0,96.75219110875875,1.649868590786383,0.0,120.0,0.0,0.0,20.441179086502924,1,238,6,0,WAIT
q_learning,95,132,08:00,120,128.45146688447562,6.350099452511479,122.10136743196415,5,19.561483505272022,25.006264764801756,75.43225172992621,0.0,0.0,119.99999999999999,1.4210854715202004e-14,2.7145158663787887,22.685881943667127,0,141,7,1,WAIT
q_learning,96,132,08:00,120,119.12182062360637,8.879073689429251,110.24274693417712,4,27.45854307618589,21.786337886306946,70.75429578305966,0.0008232544475106351,0.0,120.0,0.0,2.6535782720635392,32.862716485653465,1,233,8,1,WAIT
q_learning,97,132,08:00,120,93.4032286298658,7.89667496068943,85.50655366917637,3,7.987995667921018,27.391585606019902,84.6204187260591,0.0,0.0,120.00000000000003,-2.842170943040401e-14,4.54089199937273,27.045807843384992,0,237,4,1,WAIT
q_learning,98,132,08:00,120,71.96692106823829,4.975033067277687,66.9918880009606,2,1.3384513136922735,27.532509761026773,68.97459939327676,22.15443953200419,0.0,120.0,0.0,2.912087894240172,16.988044374870576,1,263,3,1,WAIT
q_learning,99,132,08:00,120,80.76261428686381,6.595585562313597,74.1670287245502,4,8.157101947842666,20.560824591528238,91.28207346062908,0.0,0.0,119.99999999999999,1.4210854715202004e-14,5.18155674214191,21.200785507112478,0,170,5,1,WAIT
q_learning,100,132,08:00,120,59.40572822404944,4.516263387327649,54.88946483672179,1,3.3448212458333284,17.952799515588033,79.73886996194177,18.96350927663687,0.0,120.0,0.0,1.374695178387383,16.690358370923214,1,186,2,1,WAIT
q_learning,101,132,08:00,120,103.96418019423007,8.633936810582181,95.33024338364788,3,4.923855556417976,39.39003539242657,67.18773601616833,8.498373034987125,0.0,120.0,0.0,5.847797606960607,28.68794963536812,1,237,4,2,WAIT
q_learning,102,132,08:00,120,98.21219212856832,6.623669826249692,91.58852230231862,6,18.096261143558745,26.7718515253188,75.13188733112246,0.0,0.0,120.0,0.0,2.217605499137983,24.277073805860784,0,164,8,2,WAIT
q_learning,103,132,08:00,120,64.16943117610481,5.602178900605474,58.567252275499335,2,17.150418368383036,25.006264764801756,77.84331686681523,0.0,0.0,120.00000000000003,-2.842170943040401e-14,2.7145158663787887,19.694199736043107,0,164,5,1,WAIT
q_learning,104,132,08:00,120,79.57412484797536,6.121895428664315,73.45222941931104,3,10.64584114965207,30.233941930256705,79.12021692009122,0.0,0.0,120.0,0.0,3.4477196427746932,21.039862071882567,0,234,5,1,WAIT
q_learning,105,132,08:00,120,54.64781543233084,6.373000675309555,48.27481475702128,1,7.2057004027553635,28.913686105371,44.9021050741253,38.97850841774833,0.0,119.99999999999999,1.4210854715202004e-14,4.793221093392962,20.69878160784526,1,70,3,1,WAIT
q_learning,106,132,08:00,120,60.171845782088965,3.8713954127837718,56.300450369305196,1,0.5766893851411555,0.0,103.09139701573945,16.331913599119403,0.0,120.0,0.0,0.0,15.485581651135087,1,48,2,0,WAIT
q_learning,107,132,08:00,120,54.95375147232349,7.232529142421388,47.721222329902105,5,27.287049775188073,29.294244392838927,63.418705831973,0.0,0.0,120.0,0.0,8.321852223022558,20.608264346662995,0,38,8,2,WAIT
q_learning,108,132,08:00,120,55.88269105624039,5.645192955737843,50.23749810050255,1,9.919400276330967,47.53931270472736,49.64379177623288,12.8974952427088,0.0,120.0,0.0,4.449441291989789,18.131330530961584,1,79,3,2,WAIT
q_learning,109,132,08:00,120,46.40826314429751,5.871238952359432,40.53702419193807,2,14.983423988767191,34.99052355528667,46.16348242620447,23.862570029741676,0.0,120.0,0.0,5.800620334703995,17.684335474733732,1,138,5,1,WAIT
q_learning,110,132,08:00,120,61.50497560405929,5.2190177286398205,56.28595787541947,2,13.276622888104741,10.41231645344237,95.44879389084753,0.8622667676053624,0.0,120.0,0.0,1.0048995271867611,19.87117138737252,1,237,5,1,WAIT
q_learning,111,132,08:00,120,63.02570562466045,4.599258634672304,58.42644698998815,2,5.240120327271695,0.0,114.7598796727283,0.0,0.0,120.0,0.0,0.0,18.397034538689216,0,75,3,0,WAIT
q_learning,112,132,08:00,120,88.73957297191842,5.9142348379178085,82.82533813400062,4,14.54629088999068,47.992088543659655,57.461620566349666,0.0,0.0,120.0,0.0,4.812753834533796,18.844185517137436,0,90,6,3,WAIT
q_learning,113,132,08:00,120,85.142566800987,6.707229171633438,78.43533762935355,3,23.923020189012064,8.009515176925301,88.06746463406263,0.0,0.0,120.0,0.0,1.054059405940594,25.774857280593157,0,237,7,1,WAIT
q_learning,114,132,08:00,120,79.35467863538163,8.166285881277341,71.18839275410429,3,10.811235742461974,37.61827412842616,71.57049012911186,0.0,0.0,120.0,0.0,7.182003908727435,25.483139616381926,0,161,5,2,WAIT
q_learning,115,132,08:00,120,87.30059201588233,5.928511296306921,81.37208071957541,3,9.09449155949212,26.12281288139992,84.78269555910795,0.0,0.0,119.99999999999999,1.4210854715202004e-14,2.9746607345645737,20.739384450663106,0,230,4,2,WAIT
q_learning,116,132,08:00,120,62.478848333166106,6.15864862629658,56.32019970686952,2,14.009575309319601,38.74607061322115,66.83204402293514,0.41231005452411296,0.0,120.0,0.0,3.503111550332291,21.13148295485403,1,249,4,1,WAIT
q_learning,117,132,08:00,120,114.4093962104756,6.301463643165927,108.10793256730967,4,10.16205247578096,36.26954940569176,73.56839811852727,0.0,0.0,120.0,0.0,3.222563297382398,21.98329127528131,0,162,6,1,WAIT
q_learning,118,132,08:00,120,93.72039516234997,7.934211232945511,85.78618392940446,2,15.985220838281585,53.47905502707755,50.53572413464086,0.0,0.0,119.99999999999999,1.4210854715202004e-14,8.89402602871343,22.842818903068615,0,262,5,3,WAIT
q_learning,119,132,08:00,120,81.32002769195154,4.457175373532086,76.86285231841946,2,17.792635431269954,7.817066150075239,94.39029841865481,0.0,0.0,120.0,0.0,1.378379295714892,16.450322198413453,0,164,5,1,WAIT
q_learning,120,132,08:00,120,53.7704608320135,5.356973687316263,48.413487144697235,1,2.021747687431544,25.048588189178787,81.58789611585388,11.34176800753579,0.0,120.0,0.0,4.131075420465934,17.29681932879912,1,207,2,1,WAIT
q_learning,121,132,08:00,120,48.42165290501322,4.9188796244810025,43.50277328053222,2,3.9881783960316834,8.126524374703534,106.04450322203854,1.8407940072262363,0.0,120.0,0.0,0.6461705751342853,19.029347922789725,1,186,3,1,WAIT
q_learning,122,132,08:00,120,57.728387618948545,5.4861114605314,52.24227615841715,1,9.83759488096828,28.977718938984196,37.71091372143907,43.47377245860845,0.0,120.0,0.0,4.842898079773846,17.101547762351753,1,138,3,1,WAIT
q_learning,123,132,08:00,120,57.58356543139452,5.366252851833852,52.21731257956067,2,18.833018042492704,30.012481673127247,71.15450028438005,0.0,0.0,120.0,0.0,2.527190634502642,18.937820772832765,0,236,6,1,WAIT
q_learning,124,132,08:00,120,57.119434325628525,6.01467186989292,51.1047624557356,1,3.0223254175249967,33.0200870000054,50.62472165724297,33.33286592522664,0.0,120.00000000000001,-1.4210854715202004e-14,5.473967481603665,18.584719997968016,1,70,2,1,WAIT
q_learning,125,132,08:00,120,72.87568520363628,5.538410592942494,67.33727461069378,2,12.544234151170954,28.533619131871998,78.92214671695703,0.0,0.0,119.99999999999999,1.4210854715202004e-14,3.0434952693641324,19.110147102405843,0,163,4,1,WAIT
q_learning,126,132,08:00,120,63.27522158083862,5.316909019240233,57.95831256159838,2,16.787348585085198,8.009515176925301,95.2031362379895,0.0,0.0,120.0,0.0,1.054059405940594,20.213576671020338,0,229,5,1,WAIT
q_learning,127,132,08:00,120,86.74397131514581,7.4291560447598854,79.31481527038594,2,16.867665377618955,33.07995788701998,68.7190808887471,1.3332958466139644,0.0,120.0,0.0,5.483892691328659,24.232731487710883,1,239,5,1,WAIT
q_learning,128,132,08:00,120,54.89433344434469,5.786662560293705,49.10767088405098,1,11.970022868961873,39.51936007260197,52.95456478958166,15.5560522688545,0.0,120.0,0.0,4.159713793811018,18.986936447363803,1,236,3,1,WAIT
q_learning,129,132,08:00,120,71.95302090854231,6.151249868353544,65.80177104018877,3,13.435708186084279,28.441760683148487,78.12253113076723,0.0,0.0,120.0,0.0,3.3994908286777843,21.20550864473639,0,236,5,2,WAIT
q_learning,130,132,08:00,120,99.63315119583118,7.753259197362705,91.87989199846847,2,5.843423602332861,37.46524423165815,73.79397744861065,2.8973547173983434,0.0,120.0,0.0,6.210871843384377,24.802164946066444,1,162,3,1,WAIT
q_learning,131,132,08:00,120,63.94091622045928,5.977840422370202,57.96307579808908,2,9.311583211813552,25.518673034030403,80.09136590664036,5.078377847515682,0.0,120.0,0.0,3.0080238219487234,20.903337867532088,1,249,4,1,WAIT
q_learning,132,132,08:00,120,65.71938918891244,5.564988541708192,60.154400647204255,2,29.50303909858317,19.00946769949489,71.48749320192194,0.0,0.0,120.0,0.0,1.9029175813829844,20.357036585449784,0,43,7,1,WAIT
q_learning,133,132,08:00,120,56.067865861694564,5.786103903429872,50.281761958264696,2,9.261213713940485,27.626805287254015,77.6716677557101,5.440313243095389,0.0,119.99999999999999,1.4210854715202004e-14,2.791481671232768,20.35293394248672,1,142,3,1,WAIT
q_learning,134,132,08:00,120,107.57773506960379,9.147210884961112,98.43052418464268,2,6.9178506665317,36.65967708647898,76.42247224698934,0.0,0.0,120.00000000000003,-2.842170943040401e-14,6.126744487413468,30.462099052430982,0,231,3,1,WAIT
q_learning,135,132,08:00,120,61.169157378312086,5.432134059962462,55.73702331834962,2,13.66283103976695,26.093259671861286,75.05778510692855,5.186124181443205,0.0,119.99999999999999,1.4210854715202004e-14,2.5215884527181043,19.206947787131746,1,236,4,1,WAIT
q_learning,136,132,08:00,120,58.43616497825445,5.16802115937879,53.268143818875664,2,2.434108025474727,25.44357975834164,72.62041881430285,19.501893401880793,0.0,120.00000000000001,-1.4210854715202004e-14,2.767071999739535,17.905012637775624,1,229,3,1,WAIT
q_learning,137,132,08:00,120,48.250539881217165,5.976296026637129,42.274243854580035,3,13.065070590138657,38.26341060162159,68.67151880823974,0.0,0.0,119.99999999999999,1.4210854715202004e-14,3.8436334866008584,20.06155061994766,0,237,5,1,WAIT
q_learning,138,132,08:00,120,71.83942888190178,5.3391640299966205,66.50026485190516,2,10.535631552024409,27.622809915776855,72.07815551087556,9.763403021323171,0.0,120.0,0.0,2.939987836302181,18.416668283684302,1,237,4,2,WAIT
q_learning,139,132,08:00,120,67.21840747194308,6.019674323992872,61.19873314795021,2,9.8489727883544,37.31153333725831,60.23648248602514,12.603011388362148,0.0,120.0,0.0,4.105731419348021,19.972965876623466,1,79,4,1,WAIT
q_learning,140,132,08:00,120,57.66615263644887,5.5849168637198385,52.08123577272903,1,5.592364333658793,37.16305726013704,34.26989746019443,42.97468094600974,0.0,120.0,0.0,6.210871843384377,16.128795611494976,1,70,3,1,WAIT
q_learning,141,132,08:00,120,59.89903353444274,5.095882739565684,54.803150794877055,1,15.32465490376979,16.25421281766371,88.42113227856652,0.0,0.0,120.00000000000001,-1.4210854715202004e-14,1.899246197158408,18.484284761104327,0,239,4,2,WAIT
q_learning,142,132,08:00,120,68.5654752257448,6.921079032450564,61.64439619329424,2,17.42855089307685,54.9836835018817,13.268968165628138,34.318797439413316,0.0,120.0,0.0,10.342031545110746,17.342284584691505,1,138,6,4,WAIT
q_learning,143,132,08:00,120,75.16461513436846,6.657627024541424,68.50698810982703,2,9.493289732887629,30.481371093168768,75.11631878858498,4.9090203853586445,0.0,120.00000000000001,-1.4210854715202004e-14,3.6670529414866397,22.963455156679053,1,237,4,2,WAIT
q_learning,144,132,08:00,120,0.0,0.0,0.0,0,0.018510752381846757,0.0,0.0,119.98148924761816,0.0,120.0,0.0,0.0,0.0,1,132,1,0,WAIT
q_learning,145,132,08:00,120,84.8280429044574,7.525501945165482,77.30254095929192,3,8.72261609571812,42.78113637315797,68.4962475311239,0.0,0.0,119.99999999999999,1.4210854715202004e-14,4.885961600720939,25.21604617994099,0,140,4,2,WAIT
q_learning,146,132,08:00,120,52.70086374941262,5.651975337947389,47.04888841146523,1,3.5745902571558723,34.99052355528667,49.46249546830313,31.97239071925432,0.0,120.0,0.0,5.800620334703995,16.80728101708556,1,138,2,1,WAIT
q_learning,147,132,08:00,120,65.51336289668498,4.221545452089934,61.29181744459505,2,15.684938429983776,0.0,104.31506157001623,0.0,0.0,120.0,0.0,0.0,16.886181808359737,0,161,4,0,WAIT
q_learning,148,132,08:00,120,63.36199165140334,6.918743856592566,56.44324779481078,1,2.0641070276495115,47.77045925363422,26.612646353653062,43.55278736506321,0.0,120.0,0.0,8.653042668046748,19.021932758323512,1,138,2,3,WAIT
q_learning,149,132,08:00,120,88.43633788879055,6.3728693937380365,82.0634684950525,4,20.94661117106784,19.2156250666657,78.59859929930288,1.2391644629635863,0.0,120.0,0.0,1.7544114163135713,23.737066158638573,1,263,8,1,WAIT
q_learning,150,132,08:00,120,70.47680440854305,5.098092392412435,65.3787120161306,3,14.774798513061878,27.532509761026773,77.69269172591135,0.0,0.0,120.0,0.0,2.912087894240172,17.480281675409568,0,263,6,1,WAIT
q_learning,151,132,08:00,120,62.39005840367933,6.112599263153487,56.27745914052585,2,22.03145190309887,34.561516525418156,63.407031571482975,0.0,0.0,120.0,0.0,3.714462723603238,20.73593432901071,0,162,6,1,WAIT
q_learning,152,132,08:00,120,119.49225689587006,6.0129425883520815,113.47931430751798,3,9.8157315050337,18.651111055458873,91.53315743950742,0.0,0.0,120.0,0.0,1.9925971124384787,22.059173240969848,0,162,4,1,WAIT
q_learning,153,132,08:00,120,73.601467832058,6.080622298662787,67.52084553339522,3,16.778277369841266,27.626805287254015,75.59491734290474,0.0,0.0,120.00000000000001,-1.4210854715202004e-14,2.791481671232768,21.531007523418378,0,162,6,1,WAIT
q_learning,154,132,08:00,120,69.26488126523637,5.339643067749421,63.92523819748695,2,21.0434556780474,27.532509761026773,71.42403456092583,0.0,0.0,120.0,0.0,2.912087894240172,18.44648437675751,0,141,6,1,WAIT
q_learning,155,132,08:00,120,61.58653806236208,4.910585002213104,56.67595306014898,3,3.66081849296853,7.326592549530791,109.01258895750068,0.0,0.0,120.0,0.0,0.9815114870710372,18.660828521781376,0,142,4,1,WAIT
q_learning,156,132,08:00,120,74.65612042194216,5.405346811411315,69.25077361053084,2,15.4656575659325,18.315880065181783,86.21846236888571,0.0,0.0,120.0,0.0,2.2545195719585736,19.366867673686684,0,233,5,1,WAIT
q_learning,157,132,08:00,120,69.48449293433649,5.860162509433518,63.624330424902965,2,5.991838835756308,27.626805287254015,76.61114155757164,9.770214319418045,0.0,120.00000000000001,-1.4210854715202004e-14,2.791481671232768,20.649168366501307,1,161,3,1,WAIT
q_learning,158,132,08:00,120,66.0810278341432,5.932956080483664,60.148071753659536,2,13.606415149290857,34.561516525418156,71.83206832529099,0.0,0.0,120.0,0.0,3.714462723603238,20.01736159833142,0,233,5,1,WAIT
q_learning,159,132,08:00,120,74.43075061793047,5.3437022101546185,69.08704840777585,2,26.909574931914733,37.737528978669005,55.35289608941627,0.0,0.0,120.0,0.0,3.9448873634889425,17.429921477129533,0,237,7,2,WAIT
q_learning,160,132,08:00,120,15.036583450491772,3.5194852745526743,11.517098175939097,1,9.613693429876612,41.59801809183918,1.0,67.78828847828422,0.0,120.0,0.0,8.633185825502558,5.44475527270814,1,132,3,2,WAIT
q_learning,161,132,08:00,120,53.05989341117772,5.000504485389845,48.05938892578787,1,6.4691567061483095,34.14279754656766,65.72456392802538,13.66348181925865,0.0,119.99999999999999,1.4210854715202004e-14,3.771208497489917,16.230809444069465,1,262,3,1,WAIT
q_learning,162,132,08:00,120,66.26788266972795,5.28668798648392,60.981194683244034,2,21.02452649907177,17.822382395130127,81.1530911057981,0.0,0.0,120.0,0.0,1.374695178387383,19.772056767548296,0,231,7,1,WAIT
q_learning,163,132,08:00,120,68.38488746219701,5.294097947030534,63.09078951516648,2,26.357755771608982,27.626805287254015,66.015438941137,0.0,0.0,120.0,0.0,2.791481671232768,18.384910116889365,0,237,7,1,WAIT
q_learning,164,132,08:00,120,53.73930412997965,5.098520851073927,48.64078327890572,1,15.140875654553437,28.050102970408737,76.80902137503782,0.0,0.0,119.99999999999999,1.4210854715202004e-14,4.626092698216579,15.767990706079127,0,207,4,1,WAIT
q_learning,165,132,08:00,120,61.81282639084808,4.957224715361777,56.855601675486305,1,7.178572884827813,26.07933533881795,75.16730121406022,11.574790562294027,0.0,120.0,0.0,4.301068802225837,15.527830059221271,1,207,3,1,WAIT
q_learning,166,132,08:00,120,60.009888036090295,6.0558571651380735,53.954030870952224,3,4.251292586008786,34.06419361878862,81.6845137952026,0.0,0.0,120.00000000000001,-1.4210854715202004e-14,4.19261682794528,20.030811832607014,0,143,4,2,WAIT
q_learning,167,132,08:00,120,55.460648297640894,6.394092177573262,49.06655612006763,1,10.156443273055483,36.82282185231052,39.186212305181414,33.83452256945259,0.0,120.0,0.0,6.154010038398844,19.422358671894205,1,138,3,1,WAIT
q_learning,168,132,08:00,120,78.50005677879292,5.8804485617100735,72.61960821708286,3,21.925465026477923,0.0,98.07453497352206,0.0,0.0,119.99999999999999,1.4210854715202004e-14,0.0,23.521794246840294,0,140,7,0,WAIT
q_learning,169,132,08:00,120,123.5608851168151,7.47459318990188,116.08629192691322,3,6.903554184902574,17.05744953689792,83.09366749879754,12.945328779401962,0.0,120.0,0.0,2.0004471665855252,27.897925593021995,1,186,5,1,WAIT
q_learning,170,132,08:00,120,81.91664420045103,6.002577821213136,75.9140663792379,3,6.484128451378569,8.023374806632717,105.49249674198872,0.0,0.0,120.0,0.0,0.6461705751342853,23.36414070971826,0,231,4,1,WAIT
q_learning,171,132,08:00,120,45.345216323049776,6.332258510953191,39.01295781209659,1,15.139017873006509,40.58358531518643,45.6070823763329,18.670314435474168,0.0,120.00000000000001,-1.4210854715202004e-14,6.997438315663814,18.331595728148947,1,138,4,2,WAIT
q_learning,172,132,08:00,120,67.63051465468496,7.536177368731971,60.09433728595299,3,17.463573725649958,28.441760683148487,74.09466559120155,0.0,0.0,120.0,0.0,3.3994908286777843,26.7452186462501,0,162,6,2,WAIT
q_learning,173,132,08:00,120,69.08108669492087,7.573290330804409,61.50779636411646,3,11.958946207065907,38.108187197988286,69.9328665949458,0.0,0.0,120.0,0.0,4.590343396649045,25.70281792656859,0,233,5,2,WAIT
q_learning,174,132,08:00,120,67.88153643626056,5.381898475324127,62.49963796093643,2,17.299644372361215,27.626805287254015,75.07355034038477,0.0,0.0,120.0,0.0,2.791481671232768,18.736112230063743,0,237,6,1,WAIT
q_learning,175,132,08:00,120,81.7022975146422,5.618053253182315,76.08424426145989,3,7.330196709789837,7.8595626926968825,104.81024059751327,0.0,0.0,119.99999999999999,1.4210854715202004e-14,1.052686282635723,21.419526730093537,0,143,4,1,WAIT
q_learning,176,132,08:00,120,54.27892252450388,5.66779266064904,48.61112986385484,1,18.157828630597308,40.58358531518643,42.76578514010916,18.492800914107107,0.0,120.0,0.0,6.997438315663814,15.673732326932344,1,138,5,2,WAIT
q_learning,177,132,08:00,120,47.775564978420064,5.665968774453661,42.109596203966404,1,12.266157567862667,35.16191267737659,33.75022572690239,38.821704027858345,0.0,120.0,0.0,5.8764307758315235,16.78744432198312,1,70,4,1,WAIT
q_learning,178,132,08:00,120,73.16921967915195,7.174914276797216,65.99430540235474,3,7.42014143284314,29.174166807810202,71.09881580499365,12.306875954353004,0.0,119.99999999999999,1.4210854715202004e-14,6.218626997061107,22.481030110127755,1,237,4,2,WAIT
q_learning,179,132,08:00,120,70.355696093921,5.489982956305036,64.86571313761596,2,20.79047606408144,27.532509761026773,71.6770141748918,0.0,0.0,120.0,0.0,2.912087894240172,19.047843930979973,0,238,5,1,WAIT
q_learning,180,132,08:00,120,56.95516334658747,6.649890824307162,50.305272522280305,2,19.130375810529642,32.32593044276647,68.5436937467039,0.0,0.0,120.0,0.0,3.955949128185188,22.64361416904346,0,163,6,1,WAIT
q_learning,181,132,08:00,120,81.73807531405971,5.799478265671371,75.93859704838835,3,4.298136963758042,25.35295383655147,87.95640841195701,2.392500787733468,0.0,120.0,0.0,2.887728290749219,20.310184771936264,1,236,4,2,WAIT
q_learning,182,132,08:00,120,71.184744297657,4.469225399938365,66.71551889771864,2,5.004694241180853,0.0,114.99530575881914,0.0,0.0,120.0,0.0,0.0,17.87690159975346,0,68,3,0,WAIT
q_learning,183,132,08:00,120,77.35031880285706,5.0173322230871875,72.33298657976988,2,11.211265896791097,26.093259671861286,82.6954744313476,0.0,0.0,119.99999999999999,1.4210854715202004e-14,2.5215884527181043,17.547740439630644,0,161,4,1,WAIT
q_learning,184,132,08:00,120,57.244891858572714,5.542799852361496,51.70209200621122,2,18.07511782221901,25.006264764801756,76.91861741297923,0.0,0.0,120.0,0.0,2.7145158663787887,19.456683543067193,0,234,5,1,WAIT
q_learning,185,132,08:00,120,60.64657312770314,5.513949173406328,55.13262395429682,1,1.6508241888203485,37.16305726013704,39.243499694957876,41.942618856084735,0.0,120.0,0.0,6.210871843384377,15.844924850240936,1,70,2,1,WAIT
q_learning,186,132,08:00,120,69.9211713941887,6.186510368702647,63.734661025486055,3,11.466183503765675,17.287893320243533,91.24592317599078,0.0,0.0,120.0,0.0,1.9479393488596028,22.798102125950987,0,229,5,1,WAIT
q_learning,187,132,08:00,120,89.47834052130396,7.926783859253328,81.55155666205063,2,13.083468425380136,47.442402741042784,59.47412883357707,0.0,0.0,119.99999999999999,1.4210854715202004e-14,6.717915719094821,24.989219717918495,0,161,4,2,WAIT
q_learning,188,132,08:00,120,95.81732415134913,9.233924341831617,86.58339980951752,2,11.77578432558681,44.880367890342676,59.88587669163974,3.4579710924307676,0.0,120.0,0.0,7.500626530795645,29.435070836530826,1,236,4,1,WAIT
q_learning,189,132,08:00,120,69.275293838094,4.805743836304655,64.46955000178934,2,8.940255676936216,9.031262043181538,102.02848227988224,0.0,0.0,120.0,0.0,0.6603347362239406,18.56264060899468,0,233,4,1,WAIT
q_learning,190,132,08:00,120,58.125143602406304,5.471868041779954,52.65327556062635,2,14.148567491984334,18.651111055458873,81.36019522484663,5.840126227710158,0.0,120.0,0.0,1.9925971124384787,19.89487505468134,1,237,5,1,WAIT
q_learning,191,132,08:00,120,67.52346480607002,5.262494194105583,62.26097061196444,2,13.64753263097912,7.326592549530791,95.88418218041639,3.141692639073696,0.0,120.0,0.0,0.9815114870710372,20.068465289351295,1,239,5,1,WAIT
q_learning,192,132,08:00,120,63.71145695164229,4.75533339670408,58.95612355493821,2,9.539296888476583,18.687104369149022,88.11146960122845,3.6621291411459396,0.0,119.99999999999999,1.4210854715202004e-14,1.4041933469266459,17.61714023988967,1,48,4,1,WAIT
q_learning,193,132,08:00,120,105.0494803954471,9.59750746222107,95.45197293322603,4,23.69342349987607,41.59801809183918,54.70855840828475,0.0,0.0,120.0,0.0,8.633185825502558,29.756844023381724,0,161,8,2,WAIT
q_learning,194,132,08:00,120,69.99420837927687,4.834410242802586,65.15979813647428,2,5.51270657123931,0.0,111.3566023583259,3.1306910704347928,0.0,120.0,0.0,0.0,19.337640971210345,1,140,3,0,WAIT
q_learning,195,132,08:00,120,56.79181918259201,5.7833425987844675,51.00847658380754,2,7.708702114960946,34.561516525418156,65.06020922689042,12.66957213273048,0.0,120.0,0.0,3.714462723603238,19.418907671534633,1,236,4,1,WAIT
q_learning,196,132,08:00,120,58.86243680612771,4.84821702529061,54.0142197808371,1,27.087193994399506,18.651111055458873,74.26169495014162,0.0,0.0,120.0,0.0,1.9925971124384787,17.40027098872396,0,236,7,1,WAIT
q_learning,197,132,08:00,120,57.75412750940061,5.622305741301051,52.13182176809956,2,16.281300186438393,0.0,103.7186998135616,0.0,0.0,120.0,0.0,0.0,22.489222965204203,0,90,5,0,WAIT
q_learning,198,132,08:00,120,88.4515664374967,5.801410980171011,82.65015545732568,3,8.753054451298357,27.18924268647193,75.74969891937782,8.308003942851897,0.0,120.0,0.0,2.9248594341878045,20.280784486496238,1,237,5,1,WAIT
q_learning,199,132,08:00,120,66.83474261502354,5.719818246581059,61.11492436844249,1,8.476637784937676,28.68047424678365,43.124320338051405,39.71856763022727,0.0,120.0,0.0,4.793221093392962,18.086051892931273,1,70,3,1,WAIT
q_learning,200,132,08:00,120,63.21221746950681,5.372219696379683,57.83999777312713,2,17.859575084261493,34.76207402593198,62.15001183277363,5.228339057032912,0.0,120.00000000000001,-1.4210854715202004e-14,3.558658707637301,17.93022007788143,1,141,6,2,WAIT
q_learning,201,132,08:00,120,64.61065489728594,5.011112559464956,59.599542337820985,3,5.607328749748762,17.05744953689792,97.33522171335332,0.0,0.0,120.0,0.0,2.0004471665855252,18.0440030712743,0,186,4,1,WAIT
q_learning,202,132,08:00,120,64.38236198194765,5.3268766244156875,59.055485357531964,2,13.642311027293502,19.226708718631464,70.13965429771854,16.991325956356505,0.0,120.00000000000001,-1.4210854715202004e-14,3.1941200973773887,18.11338640028536,1,195,4,1,WAIT
q_learning,203,132,08:00,120,85.2682462332166,8.149936102625313,77.11831013059128,2,25.71531593592677,36.03444108559051,53.52124496167177,4.728998016810948,0.0,120.0,0.0,6.154010038398844,26.445734372102407,1,229,7,1,WAIT
q_learning,204,132,08:00,120,63.07920052953342,4.4536159424578905,58.62558458707554,1,5.990184527050179,20.340281517198882,84.08496347347347,9.58457048227747,0.0,120.0,0.0,1.6248520081459954,16.189611761685565,1,186,2,1,WAIT
q_learning,205,132,08:00,120,79.08482133909092,4.690326191134429,74.39449514795649,2,5.755352430006179,14.191658415948964,100.05298915404485,0.0,0.0,120.0,0.0,1.5964817807931588,17.164822983744557,0,230,3,2,WAIT
q_learning,206,132,08:00,120,61.21020820283853,5.844047065834666,55.366161137003864,2,12.357351705244644,25.518673034030403,79.61769099308567,2.5062842676392876,0.0,120.00000000000001,-1.4210854715202004e-14,3.0080238219487234,20.368164441389943,1,163,4,1,WAIT
q_learning,207,132,08:00,120,55.054870640515816,4.456650699285209,50.59821994123061,2,24.161172129754515,0.0,95.8388278702455,0.0,0.0,120.00000000000001,-1.4210854715202004e-14,0.0,17.826602797140836,0,142,6,0,WAIT
q_learning,208,132,08:00,120,94.75809756243089,6.227878809953712,88.53021875247718,4,29.479598502545283,17.153970459915843,73.36643103753889,0.0,0.0,120.00000000000001,-1.4210854715202004e-14,2.013600554774667,22.89791468504018,0,161,8,1,WAIT
q_learning,209,132,08:00,120,65.61954027059036,5.500794659442835,60.11874561114753,1,27.22054136575011,34.99052355528667,45.41173633490508,12.377198744058134,0.0,119.99999999999999,1.4210854715202004e-14,5.800620334703995,16.202558303067345,1,138,6,1,WAIT
q_learning,210,132,08:00,120,51.07792393918759,4.657864922938074,46.42005901624952,1,5.244493206440906,17.952799515588033,80.15562066812964,16.64708660984141,0.0,120.0,0.0,1.374695178387383,17.256764513364914,1,186,2,1,WAIT
q_learning,211,132,08:00,120,59.742744766864554,6.520388012130467,53.222356754734086,1,20.64762228405404,37.4534782990757,39.908829105940484,21.99007031092978,0.0,120.0,0.0,6.521058068816938,19.560493979704926,1,138,6,2,WAIT
q_learning,212,132,08:00,120,69.93828373513158,5.98181815343278,63.956465581698794,2,2.3710245416123903,27.622809915776855,84.12324620176439,5.882919340846357,0.0,119.99999999999999,1.4210854715202004e-14,2.939987836302181,20.98728477742894,1,163,3,2,WAIT
q_learning,213,132,08:00,120,67.70201600689545,5.988876261140924,61.713139745754525,3,17.050228778741335,17.9130906982085,84.75100914730335,0.28567137574681567,0.0,120.0,0.0,2.0630030255021734,21.892502019061524,1,262,5,2,WAIT
q_learning,214,132,08:00,120,55.82901976304679,5.229541954993618,50.599477808053166,2,2.3727888110999618,34.644030739371125,75.16271305610324,7.820467393425673,0.0,120.0,0.0,3.558658707637301,17.35950911233717,1,239,3,1,WAIT
q_learning,215,132,08:00,120,85.74782998861792,5.362774100971935,80.38505588764599,3,9.272629302204916,36.25526926124378,62.72438673079523,11.747714705756096,0.0,120.00000000000003,-2.842170943040401e-14,3.4771153102373864,17.973981093650355,1,237,5,2,WAIT
q_learning,216,132,08:00,120,73.01808844838658,5.309565510209178,67.7085229381774,3,38.63582812832344,8.683934748546648,70.2650884823729,2.4151486407570246,0.0,120.00000000000001,-1.4210854715202004e-14,0.8738289522399111,20.3644330885968,1,234,10,1,WAIT
q_learning,217,132,08:00,120,49.52452117587245,4.466182214496686,45.05833896137577,1,13.111323865704296,0.0,106.88867613429571,0.0,0.0,120.0,0.0,0.0,17.864728857986744,0,164,3,0,WAIT
q_learning,218,132,08:00,120,71.64225518710967,4.857605659347997,66.78464952776167,3,29.319385628167197,26.148731809650013,62.601775831662835,1.9301067305199666,0.0,120.00000000000001,-1.4210854715202004e-14,2.5215884527181043,16.908834184673882,1,236,8,1,WAIT
q_learning,219,132,08:00,120,52.23749312498925,5.808358284600966,46.429134840388286,2,3.9338524187295736,22.17064864367876,83.3140742668471,10.581424670744568,0.0,120.0,0.0,2.4763336971048098,20.757099441299054,1,186,3,2,WAIT
q_learning,220,132,08:00,120,52.410921820333044,4.764141065976649,47.64678075435639,1,2.7899165781007946,18.687104369149022,80.56932922830238,17.953649824447794,0.0,119.99999999999999,1.4210854715202004e-14,1.4041933469266459,17.65237091697995,1,186,2,1,WAIT
q_learning,221,132,08:00,120,74.37512129685572,5.532485191674215,68.84263610518151,2,10.609290410365974,8.683934748546648,100.70677484108737,0.0,0.0,119.99999999999999,1.4210854715202004e-14,0.8738289522399111,21.256111814456947,0,231,4,1,WAIT
q_learning,222,132,08:00,120,63.03615790726201,4.644953781720339,58.39120412554167,2,8.855614716209542,0.0,110.24662874649187,0.8977565372986049,0.0,120.00000000000001,-1.4210854715202004e-14,0.0,18.579815126881357,1,142,4,0,WAIT
q_learning,223,132,08:00,120,81.67264195117386,8.013006002689018,73.65963594848483,2,13.14530649748674,34.7524830074772,55.30252942744313,16.79968106759293,0.0,120.0,0.0,6.778038522935069,25.273985487821,1,186,4,3,WAIT
q_learning,224,132,08:00,120,84.64244554616646,5.711780239444744,78.9306653067217,4,23.28118214250886,27.18924268647193,69.52957517101922,0.0,0.0,120.0,0.0,2.9248594341878045,19.92226152359117,0,236,8,1,WAIT
q_learning,225,132,08:00,120,94.1214030955302,5.827414613892924,88.29398848163727,4,20.208900318729526,0.0,99.79109968127048,0.0,0.0,120.0,0.0,0.0,23.309658455571697,0,236,6,0,WAIT
q_learning,226,132,08:00,120,73.67532478722755,7.077556595441655,66.5977681917859,2,6.357546410688906,34.672636469768364,74.46502640831297,4.504790711229745,0.0,119.99999999999999,1.4210854715202004e-14,5.747922000839862,22.562304380926758,1,170,3,1,WAIT
q_learning,227,132,08:00,120,60.38422197524531,6.211449500340836,54.17277247490448,2,7.8259822020028835,17.793906405351798,89.51651518094084,4.863596211704461,0.0,119.99999999999999,1.4210854715202004e-14,1.7946943400240865,23.05110366133926,1,141,3,1,WAIT
q_learning,228,132,08:00,120,31.330063691707267,1.2978891855354775,30.03217450617179,1,3.4661282756149836,20.560824591528238,24.947620237858093,71.02542689499869,0.0,120.0,0.0,5.18155674214191,0.01,1,132,2,1,WAIT
q_learning,229,132,08:00,120,66.49084193744879,5.531205627909524,60.95963630953927,2,5.010805746519672,18.687104369149022,96.3020898843313,0.0,0.0,119.99999999999999,1.4210854715202004e-14,1.4041933469266459,20.72062916471145,0,68,3,1,WAIT
q_learning,230,132,08:00,120,84.61982855716377,5.880246357593747,78.73958219957002,3,14.381395298967767,25.44357975834164,80.17502494269058,0.0,0.0,120.0,0.0,2.767071999739535,20.753913430635453,0,162,5,1,WAIT
q_learning,231,132,08:00,120,56.83103274376504,5.4890897125650095,51.34194303120003,1,7.555918251039607,34.672636469768364,42.26804510388384,35.50340017530819,0.0,120.0,0.0,5.747922000839862,16.208436849420178,1,199,2,1,WAIT
q_learning,232,132,08:00,120,75.01822598238672,7.283357495769186,67.73486848661754,2,11.655289681383147,33.0200870000054,75.32462331861146,0.0,0.0,120.0,0.0,5.473967481603665,23.65946250147308,0,161,4,1,WAIT
q_learning,233,132,08:00,120,78.35255166039231,5.3535909726275595,72.99896068776475,3,13.348599378648522,36.8794519037916,69.77194871755987,0.0,0.0,119.99999999999999,1.4210854715202004e-14,8.459653267406026,12.954710623104212,0,102,6,3,WAIT
q_learning,234,132,08:00,120,75.673906047417,5.417304733852699,70.2566013135643,2,20.92336070852452,30.012481673127247,62.78357970111317,6.280577917235078,0.0,120.00000000000001,-1.4210854715202004e-14,2.527190634502642,19.142028300908155,1,237,6,1,WAIT
q_learning,235,132,08:00,120,82.47348972418587,8.10896230319413,74.36452742099173,2,5.075264397897482,33.0200870000054,81.90464860209713,0.0,0.0,120.0,0.0,5.473967481603665,26.961881731172852,0,161,3,1,WAIT
q_learning,236,132,08:00,120,74.01673732328344,6.617758297834195,67.39897902544924,2,10.917514479261548,28.441760683148487,76.75655627916029,3.884168558429664,0.0,119.99999999999999,1.4210854715202004e-14,3.3994908286777843,23.071542362658995,1,163,4,2,WAIT
q_learning,237,132,08:00,120,90.81313775202197,5.391177994962917,85.42195975705906,3,8.422958104030537,0.0,105.61064119321856,0.0,5.966400702750917,120.00000000000001,-1.4210854715202004e-14,0.0,21.56471197985167,0,48,4,1,WAIT
q_learning,238,132,08:00,120,56.186333237288565,5.59819682933123,50.588136407957336,1,5.26288103703456,23.941394052056324,56.686961587216295,34.10876332369283,0.0,120.00000000000001,-1.4210854715202004e-14,3.9689299578524526,18.423857359472468,1,199,2,1,WAIT
q_learning,239,132,08:00,120,56.54151819640886,5.646299788165751,50.89521840824311,2,6.2385795112507,20.058575348763004,93.7028451399863,0.0,0.0,120.0,0.0,2.4032229854046148,20.18197616725839,0,162,3,1,WAIT
q_learning,240,132,08:00,120,70.12005360166921,6.057911931588033,64.06214167008117,4,11.58247534718761,38.26341060162159,70.15411405119079,0.0,0.0,119.99999999999999,1.4210854715202004e-14,3.8436334866008584,20.388014239751275,0,140,6,1,WAIT
q_learning,241,132,08:00,120,75.58082473502921,5.367861214865912,70.2129635201633,2,10.2386086160444,0.0,109.7613913839556,0.0,0.0,120.0,0.0,0.0,21.47144485946365,0,230,4,0,WAIT
q_learning,242,132,08:00,120,81.23540653051884,8.560051610026555,72.67535492049228,2,19.18208928446014,37.16328023860173,63.65463047693813,0.0,0.0,120.0,0.0,6.210909108635681,28.029297331470538,0,162,6,1,WAIT
q_learning,243,132,08:00,120,73.12078386940419,5.34138185685305,67.77940201255115,2,19.673639827996297,17.02193566432453,83.30442450767917,0.0,0.0,120.0,0.0,1.9029616007437076,19.46256582666849,0,107,6,2,WAIT
q_learning,244,132,08:00,120,103.7350856321217,9.913838100383295,93.82124753173841,3,16.00597330620523,59.090924869164326,44.07657737634184,0.8265244482886089,0.0,120.0,0.0,8.322208787422099,31.333143614111076,1,140,6,2,WAIT
q_learning,245,132,08:00,120,87.4154370448567,8.512192447822583,78.90324459703412,2,11.554379887261941,38.976687121705645,69.4689329910324,0.0,0.0,119.99999999999999,1.4210854715202004e-14,6.699861035827034,27.3489087554633,0,161,4,2,WAIT
q_learning,246,132,08:00,120,98.65735370067233,8.093568494783145,90.56378520588919,2,15.91964517037695,35.16191267737659,68.91844215224646,0.0,0.0,120.0,0.0,5.8764307758315235,26.49784320330106,0,164,5,1,WAIT
q_learning,247,132,08:00,120,72.42672637870704,5.475611421162481,66.95111495754456,2,13.167563784114007,39.51936007260197,67.31307614328404,0.0,0.0,120.00000000000001,-1.4210854715202004e-14,4.159713793811018,17.742731890838904,0,239,5,1,WAIT
q_learning,248,132,08:00,120,57.54366163391527,5.844494709779719,51.699166924135554,1,14.919796213626405,26.50412439620779,43.48650962124291,35.0895697689229,0.0,120.0,0.0,4.393771435950369,18.984207403168504,1,138,4,1,WAIT
q_learning,249,132,08:00,120,91.88268593207306,6.489073129647351,85.39361280242571,3,7.998491060556458,28.441760683148487,83.55974825629502,0.0,0.0,119.99999999999997,2.842170943040401e-14,3.3994908286777843,22.55680168991162,0,236,4,2,WAIT
q_learning,250,132,08:00,120,114.12521257307144,7.66564595614448,106.45956661692696,2,8.106398545199024,29.240385792130752,76.56820827704131,0.0,6.085007385628913,120.0,0.0,8.722872687164616,21.939711137413305,0,48,3,3,WAIT
q_learning,251,132,08:00,120,60.577240617077514,6.48413245573124,54.09310816134627,2,1.4672708897471463,0.0,113.03237997234734,5.5003491379055305,0.0,120.00000000000001,-1.4210854715202004e-14,0.0,25.93652982292496,1,236,3,0,WAIT
q_learning,252,132,08:00,120,65.914682394671,4.67564943485953,61.239032959811475,2,27.741021624417556,18.81711325798525,73.44186511759719,0.0,0.0,120.0,0.0,2.0419697821059577,16.66062795733216,0,237,7,1,WAIT
q_learning,253,132,08:00,120,78.23230530327517,5.941813620262953,72.29049168301222,3,14.58822980781787,34.76207402593198,70.64969616625014,0.0,0.0,119.99999999999999,1.4210854715202004e-14,3.558658707637301,20.20859577341451,0,237,6,2,WAIT
q_learning,254,132,08:00,120,90.33626590488015,5.080520311010571,85.25574559386958,2,26.41232751427203,0.0,76.21787943265804,17.36979305306994,0.0,120.0,0.0,0.0,20.322081244042284,1,230,7,0,WAIT
q_learning,255,132,08:00,120,76.35633828164,7.123369657618024,69.23296862402198,3,12.857419941418991,44.86506329737206,57.448680637663486,4.828836123545457,0.0,119.99999999999999,1.4210854715202004e-14,5.18800038928226,23.305478241189835,1,142,5,2,WAIT
q_learning,256,132,08:00,120,70.98509701232182,5.740702821634816,65.244394190687,2,11.62237055128771,25.44357975834164,77.8224390916237,5.111610598746921,0.0,119.99999999999997,2.842170943040401e-14,2.767071999739535,20.19573928679973,1,142,4,1,WAIT
q_learning,257,132,08:00,120,84.7432151136065,6.967440980320726,77.77577413328576,4,13.866753517152533,63.09596727780297,43.03727920504448,0.0,0.0,119.99999999999997,2.842170943040401e-14,6.810935742255778,21.058828179027124,0,161,7,4,WAIT
q_learning,258,132,08:00,120,65.14861559993936,7.219889554123914,57.928726045815445,3,8.112733806487181,16.56969296898589,81.78189190081397,13.53568132371295,0.0,120.0,0.0,4.029670202979359,24.849888013516296,1,68,5,2,WAIT
q_learning,259,132,08:00,120,95.47780515006033,7.498421451805546,87.9793836982548,3,12.733893952582354,18.954809424077347,88.3112966233403,0.0,0.0,120.0,0.0,2.0419697821059577,27.951716025116227,0,170,5,1,WAIT
q_learning,260,132,08:00,120,72.16560227639572,7.102290655060993,65.06331162133472,2,14.906139894798939,0.0,105.09386010520106,0.0,0.0,120.0,0.0,0.0,28.409162620243972,0,230,5,0,WAIT
q_learning,261,132,08:00,120,48.12239097893914,4.862220736344541,43.2601702425946,2,18.956348391964703,8.927620268132918,92.11603133990238,0.0,0.0,120.0,0.0,0.917734710087371,18.531148235290793,0,163,6,1,WAIT
q_learning,262,132,08:00,120,53.90056222269535,6.178901689357775,47.72166053333758,1,3.5352659163920483,40.18982709956368,27.508310570212068,48.766596413832204,0.0,120.0,0.0,6.863672418971716,17.851934338459383,1,138,2,1,WAIT
q_learning,263,132,08:00,120,97.59161205263592,6.737168026566732,90.85444402606919,4,16.38723917579072,25.300351651604824,75.18236502845892,3.130044144145515,0.0,119.99999999999999,1.4210854715202004e-14,3.0088949281899526,23.939777178076977,1,237,7,2,WAIT
q_learning,264,132,08:00,120,59.56793165972762,5.697162298999063,53.87076936072856,1,21.463041049040783,34.76207402593198,51.119366945863135,12.655517979164102,0.0,120.0,0.0,3.558658707637301,19.229990488358954,1,236,6,2,WAIT
q_learning,265,132,08:00,120,60.74765418142318,6.153289919528013,54.594364261895166,1,12.086128296713254,38.99090673243805,41.99856839386608,26.924396576982616,0.0,120.0,0.0,6.733409006152611,17.87975067195944,1,138,4,2,WAIT
q_learning,266,132,08:00,120,75.14448714946373,6.542867154017873,68.60161999544586,3,4.886586447531777,19.87382106411099,90.02883073256365,5.210761755793584,0.0,120.0,0.0,2.3378346805541503,23.833633935517344,1,158,4,2,WAIT
q_learning,267,132,08:00,120,112.253320040104,7.853645920324375,104.39967411977963,2,6.208126787113584,34.708297172889964,79.08357603999644,0.0,0.0,120.0,0.0,5.800620334703995,25.613963346593508,0,162,3,1,WAIT
q_learning,268,132,08:00,120,63.58206302364653,5.006255395031298,58.57580762861524,1,9.968986139414419,17.287893320243533,82.02984471723178,10.713275823110251,0.0,119.99999999999999,1.4210854715202004e-14,1.9479393488596028,18.07708223126559,1,79,3,1,WAIT
q_learning,269,132,08:00,120,61.3345093342738,5.893462750247927,55.44104658402587,2,14.43240571771217,37.31153333725831,68.25606094502952,0.0,0.0,120.0,0.0,4.105731419348021,19.468119581643688,0,79,4,1,WAIT
q_learning,270,132,08:00,120,89.62028010808041,6.831716261547938,82.78856384653247,2,9.202814066665383,27.18924268647193,70.4713554764262,13.136587770436492,0.0,120.0,0.0,2.9248594341878045,24.402005612003947,1,138,4,1,WAIT
q_learning,271,132,08:00,120,101.54720829513326,8.83547387017038,92.71173442496288,2,15.605238288741644,51.11600213949795,53.278759571760396,0.0,0.0,120.0,0.0,7.121504912464335,28.22039056821719,0,144,5,2,WAIT
q_learning,272,132,08:00,120,78.68502305579578,6.083169728364502,72.60185332743129,3,19.726361462280487,18.515621089390823,81.75801744832869,0.0,0.0,120.0,0.0,1.9925971124384787,22.34008180101953,0,140,6,1,WAIT
q_learning,273,132,08:00,120,60.316461277829646,5.985357719569844,54.3311035582598,3,7.843225527143075,40.09773534433028,69.9825204101097,2.076518718416935,0.0,120.0,0.0,4.383295347158289,19.55813553112109,1,263,4,2,WAIT
q_learning,274,132,08:00,120,28.36787643683472,3.0369523219449017,25.330924114889818,1,42.29431978648164,7.817066150075239,27.674405612732794,42.21420845071033,0.0,120.0,0.0,1.378379295714892,10.769429992064715,1,70,10,1,WAIT
q_learning,275,132,08:00,120,82.24890925327199,5.941196396780442,76.30771285649155,2,12.596509735681565,7.817066150075239,89.139896822998,10.44652729124519,0.0,119.99999999999999,1.4210854715202004e-14,1.378379295714892,22.386406291406878,1,162,4,1,WAIT
q_learning,276,132,08:00,120,56.01287815996618,5.399953619203909,50.61292454076227,2,21.697783684265374,27.626805287254015,70.6754110284806,0.0,0.0,119.99999999999999,1.4210854715202004e-14,2.791481671232768,18.808332805582868,0,140,6,1,WAIT
q_learning,277,132,08:00,120,82.42918403742881,5.876243199740318,76.5529408376885,2,16.93416231561876,49.404950908057316,47.23487696088428,6.426009815439656,0.0,120.00000000000001,-1.4210854715202004e-14,9.353326988108558,14.151645810852717,1,237,5,3,WAIT
q_learning,278,132,08:00,120,62.78811344845307,5.6845763967038,57.10353705174927,2,23.14060081056283,18.315880065181783,78.5435191242554,0.0,0.0,120.00000000000001,-1.4210854715202004e-14,2.2545195719585736,20.483786014856626,0,162,6,1,WAIT
q_learning,279,132,08:00,120,66.31402854639708,6.115552099407297,60.19847644698979,2,10.53378405895041,48.67572705506396,60.79048888598564,0.0,0.0,120.0,0.0,4.84853301378762,19.613675383841567,0,237,4,2,WAIT
q_learning,280,132,08:00,120,66.96488550125855,5.791015421642293,61.17387007961626,2,12.742308454000492,0.0,98.33858363802707,8.919107907972432,0.0,120.0,0.0,0.0,23.164061686569173,1,48,4,0,WAIT
q_learning,281,132,08:00,120,59.87398848286669,5.791953378062067,54.082035104804625,1,8.960886771460153,32.884735288708896,42.976053734785665,35.17832420504527,0.0,119.99999999999999,1.4210854715202004e-14,5.495857756053667,17.671955756194603,1,138,3,1,WAIT
q_learning,282,132,08:00,120,59.434633579214676,4.753336388204311,54.681297191010366,2,6.714424805936384,18.687104369149022,94.59847082491459,0.0,0.0,120.0,0.0,1.4041933469266459,17.6091522058906,0,137,3,1,WAIT
q_learning,283,132,08:00,120,69.73163589110084,5.933476285485042,63.798159605615794,2,19.68692826814102,34.561516525418156,61.57502813361639,4.1765270728244275,0.0,120.0,0.0,3.714462723603238,20.01944241833693,1,236,6,1,WAIT
q_learning,284,132,08:00,120,96.36178942819484,7.500852667025301,88.86093676116954,2,11.574338273600443,37.16328023860173,71.26238148779784,0.0,0.0,120.00000000000001,-1.4210854715202004e-14,6.210909108635681,23.79250155946552,0,164,4,1,WAIT
q_learning,285,132,08:00,120,105.4175386463905,8.064582133798972,97.35295651259153,3,9.809511475412126,47.69878981887453,62.49169870571333,0.0,0.0,119.99999999999999,1.4210854715202004e-14,7.966619742628679,24.29170879256721,0,231,5,3,WAIT
q_learning,286,132,08:00,120,58.19642919442102,5.003675700536798,53.192753493884226,2,9.915405891732007,18.651111055458873,91.43348305280912,0.0,0.0,120.0,0.0,1.9925971124384787,18.022105689708713,0,237,4,1,WAIT
q_learning,287,132,08:00,120,68.05272694908226,5.35073917692826,62.701987772154,2,7.283397976815569,17.05744953689792,95.65915248628652,0.0,0.0,120.0,0.0,2.0004471665855252,19.402509541127518,0,237,3,1,WAIT
q_learning,288,132,08:00,120,167.02870352469216,10.543232157000663,156.4854713676915,3,4.521493311979147,44.846196658943235,57.73694055610155,12.895369472976071,0.0,120.00000000000001,-1.4210854715202004e-14,6.800180613533129,35.37274801446952,1,186,4,2,WAIT
q_learning,289,132,08:00,120,63.4159650119744,4.824014379576598,58.591950632397804,1,16.74198205988171,0.0,103.2580179401183,0.0,0.0,120.0,0.0,0.0,19.29605751830639,0,163,4,0,WAIT
q_learning,290,132,08:00,120,67.7398752175186,5.034072924255155,62.705802293263446,3,11.179109196942251,20.192520665612868,88.62837013744489,0.0,0.0,120.0,0.0,1.6248520081459954,18.511439688874624,0,234,5,1,WAIT
q_learning,291,132,08:00,120,93.86474684596674,6.58064230576295,87.28410454020378,3,16.14978510777086,26.093259671861286,77.75695522036784,0.0,0.0,119.99999999999999,1.4210854715202004e-14,2.5215884527181043,23.800980770333695,0,262,5,1,WAIT
q_learning,292,132,08:00,120,76.57563333764446,5.926059744099524,70.64957359354494,3,24.650025205437206,37.77581939302371,56.848450880067944,0.7257045214711297,0.0,119.99999999999999,1.4210854715202004e-14,4.051796776951319,19.652442199446774,1,237,7,2,WAIT
q_learning,293,132,08:00,120,72.94145755154162,5.2932770058818175,67.6481805456598,3,20.570072021592708,30.884752304971148,68.54517567343615,0.0,0.0,120.0,0.0,3.122643538891821,18.050464484635448,0,162,7,1,WAIT
q_learning,294,132,08:00,120,79.03731834084077,5.38078128771584,73.65653705312494,3,11.20179608022025,19.00946769949489,82.57188009888841,7.216856121396432,0.0,119.99999999999999,1.4210854715202004e-14,1.9029175813829844,19.620207569480378,1,239,5,1,WAIT
q_learning,295,132,08:00,120,52.34605700671115,4.694337749281645,47.651719257429505,1,14.925818837904863,0.0,95.11129658211591,9.962884579979217,0.0,119.99999999999999,1.4210854715202004e-14,0.0,18.77735099712658,1,161,4,0,WAIT
q_learning,296,132,08:00,120,54.718509572483164,4.4854301336765445,50.23307943880662,1,24.816738800736044,0.0,95.18326119926395,0.0,0.0,120.0,0.0,0.0,17.941720534706178,0,68,6,0,WAIT
q_learning,297,132,08:00,120,65.92023073600227,5.771926661929998,60.14830407407227,2,7.467006960067061,38.26341060162159,67.54067662651039,6.728905811800942,0.0,119.99999999999999,1.4210854715202004e-14,3.8436334866008584,19.244073161119132,1,239,4,1,WAIT
q_learning,298,132,08:00,120,65.9841555286748,6.611823828910999,59.372331699763805,2,6.032515981980927,34.561516525418156,79.40596749260091,0.0,0.0,120.0,0.0,3.714462723603238,22.732832592040758,0,234,3,1,WAIT
q_learning,299,132,08:00,120,101.42097597523475,8.734088113899443,92.68688786133531,3,13.5425631951532,49.79414733332018,56.66328947152662,0.0,0.0,120.0,0.0,6.696176918499525,28.24017553709825,0,68,5,2,WAIT
dqn,0,132,08:00,120,116.07544453985848,6.895468906143758,109.17997563371472,3,21.296827375990645,0.0,93.50407058865656,5.199102035352794,0.0,120.0,0.0,0.0,27.581875624575034,1,230,7,0,WAIT
dqn,1,132,08:00,120,53.528154183423794,5.070777137301832,48.45737704612196,2,8.527306624322247,14.987664138762327,96.48502923691542,0.0,0.0,120.0,0.0,2.4650545668752764,17.81805398233205,0,237,4,2,WAIT
dqn,2,132,08:00,120,82.41755430120672,7.021430485464289,75.39612381574243,4,16.247377036988972,25.59648353104027,74.62887256129994,3.527266870670829,0.0,120.00000000000001,-1.4210854715202004e-14,2.9746807247507188,25.111041217106436,1,170,6,2,WAIT
dqn,3,132,08:00,120,101.3541080161279,9.966738067926872,91.38736994820103,3,21.187071078556144,30.263281206399192,68.54964771504467,0.0,0.0,120.0,0.0,5.057747531844349,34.80920473986314,0,231,6,1,WAIT
dqn,4,132,08:00,120,72.7851190727255,5.406358600370844,67.37876047235466,2,5.629094677922633,8.683934748546648,105.68697057353073,0.0,0.0,120.00000000000001,-1.4210854715202004e-14,0.8738289522399111,20.751605449243463,0,237,3,1,WAIT
dqn,5,132,08:00,120,71.11870760763462,4.886227384704807,66.23248022292981,2,17.896608977199126,17.84909696868401,71.72078737092428,12.533506683192584,0.0,120.0,0.0,1.5032450569745408,18.041664481844688,1,186,5,2,WAIT
dqn,6,132,08:00,120,88.47361290734985,5.975701219908842,82.497911687441,4,41.368484374985684,25.032713554956715,52.67739086937256,0.9214112006850712,0.0,120.00000000000003,-2.842170943040401e-14,2.1036054227975747,21.799199456837794,1,246,11,2,WAIT
dqn,7,132,08:00,120,91.09819486695807,6.262124972153525,84.83606989480454,3,13.554046890113256,5.880483991815971,100.56546911807078,0.0,0.0,120.0,0.0,1.249516314823952,23.79898357379015,0,170,5,1,WAIT
dqn,8,132,08:00,120,77.34052457180745,8.682635885969837,68.6578886858376,3,32.03424222642783,59.641783503899056,28.323974269673123,0.0,0.0,120.0,0.0,10.306270527609799,24.42427301626955,0,236,8,3,WAIT
dqn,9,132,08:00,120,63.39852332063105,5.94333822725734,57.45518509337371,2,6.888270917496345,19.97513435546876,93.13659472703489,0.0,0.0,120.0,0.0,5.18155674214191,18.59179616688745,0,170,3,1,WAIT
dqn,10,132,08:00,120,99.73406044026694,9.14040129718609,90.59365914308086,3,15.66884360644422,31.542529453657632,72.78862693989815,0.0,0.0,120.0,0.0,5.271541753992986,31.29006343475138,0,233,6,1,WAIT
dqn,11,132,08:00,120,73.65449594202727,4.760200604232845,68.89429533779442,2,19.63152954415254,8.904649312353607,89.26853070350194,2.195290439991922,0.0,120.00000000000001,-1.4210854715202004e-14,0.6603347362239406,18.38046768070744,1,137,6,1,WAIT
dqn,12,132,08:00,120,63.89706682447626,5.607820534304056,58.28924629017221,2,25.80534636995292,0.0,94.19465363004709,0.0,0.0,120.0,0.0,0.0,22.431282137216225,0,246,7,0,WAIT
dqn,13,132,08:00,120,60.563960043202925,4.4058948446916695,56.15806519851125,1,1.7729376310056866,0.0,118.22706236899431,0.0,0.0,120.0,0.0,0.0,17.623579378766678,0,230,2,0,WAIT
dqn,14,132,08:00,120,86.43191277455905,6.016110567453017,80.41580220710604,4,15.744665395099332,25.221001924811674,66.67368640557835,12.360646274510657,0.0,120.00000000000001,-1.4210854715202004e-14,2.6370326265785327,21.427409643233535,1,48,6,2,WAIT
dqn,15,132,08:00,120,61.216104536517115,5.042940421894577,56.17316411462254,2,11.513176962896113,0.0,108.48682303710389,0.0,0.0,120.0,0.0,0.0,20.171761687578307,0,233,5,0,WAIT
dqn,16,132,08:00,120,60.72775857374427,6.30182286831222,54.425935705432046,2,13.046703897771918,56.29132989734175,49.67525750116501,0.9867087037213196,0.0,119.99999999999999,1.4210854715202004e-14,9.360816621553724,15.846474851695158,1,237,5,2,WAIT
dqn,17,132,08:00,120,75.65381714086485,6.734805034722465,68.91901210614238,3,16.884697817815717,20.899353184482525,82.21594899770174,0.0,0.0,119.99999999999999,1.4210854715202004e-14,3.252689387129431,23.686530751760426,0,233,6,3,WAIT
dqn,18,132,08:00,120,76.39292400566437,5.081942635532097,71.31098137013227,3,17.33923406052005,8.639178008516707,85.2022569727311,8.819330958232158,0.0,120.00000000000001,-1.4210854715202004e-14,0.8738289522399111,19.453941589888476,1,234,5,1,WAIT
dqn,19,132,08:00,120,76.83004723635659,6.611550977437062,70.21849625891953,3,10.270323840230311,39.22643874117144,70.50323741859822,0.0,0.0,119.99999999999997,2.842170943040401e-14,4.435461641922395,22.010742267825854,0,114,4,2,WAIT
dqn,20,132,08:00,120,113.33777308557018,7.93405261560646,105.40372046996372,4,11.209375770094166,31.542529453657632,77.24809477624821,0.0,0.0,120.0,0.0,5.271541753992986,26.464668708432857,0,161,5,1,WAIT
dqn,21,132,08:00,120,68.29167431407438,4.631418713401349,63.66025560067304,1,12.248401088522634,0.0,94.64928443788143,13.102314473595925,0.0,120.0,0.0,0.0,18.525674853605395,1,161,3,0,WAIT
dqn,22,132,08:00,120,74.7638789011556,6.796108186585307,67.9677707145703,3,22.878777221303366,0.0,94.82891343404968,2.2923093446469522,0.0,120.0,0.0,0.0,27.184432746341226,1,163,8,0,WAIT
dqn,23,132,08:00,120,70.40811613862431,4.731598937766333,65.67651720085797,2,33.6903407836695,9.359867931298773,76.94979128503172,0.0,0.0,120.0,0.0,0.7789661452253094,18.147429605840024,0,68,9,1,WAIT
dqn,24,132,08:00,120,77.3640851257246,6.328741188121004,71.0353439376036,2,7.93514955744638,22.96985078098495,83.05809759802897,6.036902063539699,0.0,119.99999999999999,1.4210854715202004e-14,3.7744897979703804,21.540474954513638,1,141,4,4,WAIT
dqn,25,132,08:00,120,78.66000959212718,5.210978251912644,73.44903134021453,2,15.615040151414378,8.683934748546648,91.9035155220397,3.7975095779992927,0.0,120.00000000000001,-1.4210854715202004e-14,0.8738289522399111,19.970084055410666,1,161,5,1,WAIT
dqn,26,132,08:00,120,74.73230049846306,5.902332748912487,68.82996774955058,4,13.417087835311117,11.55568900552616,81.54435405036047,13.482869108802248,0.0,120.0,0.0,1.269757957711102,22.339573037938845,1,233,6,1,WAIT
dqn,27,132,08:00,120,87.86414666159806,5.503250709282481,82.36089595231557,3,25.53769561673813,22.565414217053515,68.83506670094,3.061823465268361,0.0,120.00000000000001,-1.4210854715202004e-14,2.7857044729242117,19.22729836420571,1,237,7,2,WAIT
dqn,28,132,08:00,120,84.74704201750852,7.798522644664095,76.94851937284443,3,4.873777077992033,13.51806929809395,88.51468121717842,13.093472406735586,0.0,119.99999999999999,1.4210854715202004e-14,2.214263697456449,28.97982688119993,1,262,4,2,WAIT
dqn,29,132,08:00,120,50.08343952291512,5.139968497894184,44.94347102502094,2,10.72197289091495,9.492953289003585,94.29318238474471,5.491891435336754,0.0,120.0,0.0,0.7789661452253094,19.78090784635143,1,68,4,1,WAIT
dqn,30,132,08:00,120,75.36554395660052,5.331608232002767,70.03393572459775,2,13.912808398118315,14.713236180878916,78.39245949960642,12.981495921396345,0.0,120.0,0.0,2.444299961608333,18.882132966402736,1,162,5,2,WAIT
dqn,31,132,08:00,120,72.48726274874586,4.998648756990242,67.48861399175561,3,4.099998860425646,0.0,108.08302375089652,7.8169773886778415,0.0,120.0,0.0,0.0,19.99459502796097,1,238,4,0,WAIT
dqn,32,132,08:00,120,68.02030739128654,5.074702968470827,62.945604422815705,2,13.060943270087746,0.0,97.95331424917403,8.985742480738224,0.0,120.0,0.0,0.0,20.29881187388331,1,246,4,0,WAIT
dqn,33,132,08:00,120,58.87422886145367,4.824868492430885,54.049360369022786,2,2.352959824271164,7.052846765803016,80.84310444862933,29.75108896129649,0.0,120.0,0.0,0.8099048503132977,18.48956911941024,1,107,3,1,WAIT
dqn,34,132,08:00,120,72.11750172885932,5.023323237805727,67.0941784910536,2,7.41183298486168,17.403845323033025,83.14482581908662,12.03949587301868,0.0,120.0,0.0,1.4251367203595948,18.668156230863314,1,48,4,2,WAIT
dqn,35,132,08:00,120,73.14361631621416,5.427893759343616,67.71572255687055,2,28.056654668393627,9.428359729780205,82.51498560182615,0.0,0.0,119.99999999999999,1.4210854715202004e-14,0.7789661452253094,20.932608892149155,0,234,7,1,WAIT
dqn,36,132,08:00,120,85.50432408060747,8.37771960600943,77.12660447459804,4,15.970752767241306,25.86253856788317,70.02089166470547,8.145817000170027,0.0,119.99999999999999,1.4210854715202004e-14,7.198325671848668,26.312552752189056,1,143,7,3,WAIT
dqn,37,132,08:00,120,91.2626444788358,5.507662354328405,85.75498212450739,3,21.505208796214013,0.0,98.49479120378597,0.0,0.0,119.99999999999997,2.842170943040401e-14,0.0,22.03064941731362,0,162,6,0,WAIT
dqn,38,132,08:00,120,67.37861065087478,6.74086715822925,60.63774349264553,2,15.674856436872341,54.09246681725138,50.23267674587629,0.0,0.0,120.00000000000001,-1.4210854715202004e-14,8.993331871954295,17.970136760962703,0,163,5,2,WAIT
dqn,39,132,08:00,120,31.651055617257555,4.0613571587078265,27.589698458549726,1,36.97809517170662,27.159809073841664,55.275573994096206,0.5865217603555095,0.0,120.0,0.0,4.758955495449587,11.48647313938172,1,262,9,2,WAIT
dqn,40,132,08:00,120,98.02388217961656,8.062133620038397,89.96174855957817,3,15.302358165459776,8.253523687373981,96.44411814716624,0.0,0.0,120.0,0.0,3.1402954808806487,29.10823899927294,0,163,5,1,WAIT
dqn,41,132,08:00,120,83.02831656415535,5.1933110198109045,77.83500554434444,3,5.397313127980148,0.0,96.30462728924375,18.298059582776105,0.0,120.00000000000001,-1.4210854715202004e-14,0.0,20.773244079243618,1,143,4,0,WAIT
dqn,42,132,08:00,120,59.31406813474361,5.518618660067701,53.795449474675905,2,22.164023835496547,5.960639271388622,86.03773672957604,5.837600163538795,0.0,120.0,0.0,0.9684356050820897,21.106039035188715,1,141,6,2,WAIT
dqn,43,132,08:00,120,57.91606044841482,5.685651105359565,52.23040934305526,3,28.46978025604758,18.287488199431692,73.24273154452074,0.0,0.0,120.00000000000001,-1.4210854715202004e-14,1.6967008553126803,21.04590356612558,0,68,9,2,WAIT
dqn,44,132,08:00,120,89.15955947382064,7.283750948123737,81.8758085256969,3,21.078109578583224,8.253523687373981,90.6683667340428,0.0,0.0,120.00000000000001,-1.4210854715202004e-14,3.1402954808806487,25.994708311614296,0,236,6,1,WAIT
dqn,45,132,08:00,120,95.35740324375283,6.062833768164682,89.29456947558815,3,8.049242219137021,0.0,111.95075778086297,0.0,0.0,120.0,0.0,0.0,24.251335072658726,0,186,4,0,WAIT
dqn,46,132,08:00,120,58.03591367878732,5.265844688974369,52.77006898981295,1,2.600200859997189,27.6521692176641,43.54277031995416,46.20485960238456,0.0,120.00000000000001,-1.4210854715202004e-14,4.6213657288823615,16.442013027015115,1,199,2,1,WAIT
dqn,47,132,08:00,120,67.09633503763764,5.157596809544151,61.93873822809349,2,23.422230168557316,22.39058496144405,71.6737632207517,2.5134216492469363,0.0,120.0,0.0,2.8745984336803896,17.755788804496213,1,262,7,3,WAIT
dqn,48,132,08:00,120,77.94531019351086,7.887224917348953,70.0580852761619,4,9.16566693053299,24.3475320700611,86.48680099940592,0.0,0.0,120.0,0.0,3.244020712100586,28.304878957295227,0,141,6,3,WAIT
dqn,49,132,08:00,120,65.85232007856045,5.787336679588522,60.06498339897193,3,19.188845097625745,0.0,100.81115490237426,0.0,0.0,120.0,0.0,0.0,23.14934671835409,0,239,6,0,WAIT
dqn,50,132,08:00,120,40.61646232102707,2.2787452728566717,38.3377170481704,2,3.00326757106505,8.49552497511286,80.77749927256522,27.723708181256868,0.0,120.0,0.0,3.1402954808806487,5.974685610546038,1,132,3,1,WAIT
dqn,51,132,08:00,120,68.79086561030125,4.626046638927026,64.16481897137423,2,16.274372266111815,8.620850784223064,79.59642677382496,15.508350175840164,0.0,120.0,0.0,0.8738289522399111,17.63035760346819,1,107,5,1,WAIT
dqn,52,132,08:00,120,67.62391476774553,5.929184556126516,61.69473021161902,4,45.39591691389884,8.620850784223064,65.9832323018781,0.0,0.0,120.0,0.0,0.8738289522399111,22.84290927226615,0,246,13,1,WAIT
dqn,53,132,08:00,120,42.492748506359156,3.7072892748241864,38.78545923153497,1,47.08315534794724,27.159809073841664,32.1236554259063,13.633380152304781,0.0,119.99999999999999,1.4210854715202004e-14,4.758955495449587,10.070201603847158,1,262,10,2,WAIT
dqn,54,132,08:00,120,52.232025881841224,5.374363174275752,46.857662707565474,1,20.024111301984085,8.927620268132918,79.11566395696009,11.932604472922904,0.0,120.0,0.0,0.917734710087371,20.579717987015638,1,142,5,1,WAIT
dqn,55,132,08:00,120,67.91911399927272,5.893026428233528,62.0260875710392,4,17.873829387806758,18.287488199431692,82.33610480864712,1.5025776041144496,0.0,120.00000000000001,-1.4210854715202004e-14,1.6967008553126803,21.875404857621433,1,236,6,2,WAIT
dqn,56,132,08:00,120,83.16743867825099,6.0345518094248,77.13288686882619,3,10.40036125184933,18.315880065181783,89.71207035157475,1.5716883313941281,0.0,119.99999999999999,1.4210854715202004e-14,2.2545195719585736,21.883687665740624,1,230,4,1,WAIT
dqn,57,132,08:00,120,85.99446156305252,6.112621557145008,79.88184000590752,3,7.975433523461511,17.228680345146646,94.79588613139185,0.0,0.0,120.00000000000001,-1.4210854715202004e-14,2.817531381663036,21.632954846916995,0,202,4,3,WAIT
dqn,58,132,08:00,120,69.29979921920038,6.10045195791541,63.19934726128497,3,19.31234024127272,34.45675028606717,61.50588301336501,4.725026459295108,0.0,120.00000000000001,-1.4210854715202004e-14,3.6817909757645557,20.720016855897082,1,186,6,2,WAIT
dqn,59,132,08:00,120,97.0814671955434,6.760923654210979,90.32054354133241,3,20.474532804594347,8.683934748546648,90.84153244685902,0.0,0.0,120.00000000000001,-1.4210854715202004e-14,0.8738289522399111,26.169865664604004,0,161,6,1,WAIT
dqn,60,132,08:00,120,79.17558773385896,6.2313831147865955,72.94420461907237,3,23.617425360193085,16.020648420405212,80.3619262194017,0.0,0.0,120.0,0.0,1.997789518755173,22.927742940391205,0,161,7,1,WAIT
dqn,61,132,08:00,120,56.914342496056975,4.960743402541364,51.953599093515614,2,13.28765430504221,9.031262043181538,97.68108365177625,0.0,0.0,120.0,0.0,0.6603347362239406,19.182638873941514,0,234,5,1,WAIT
dqn,62,132,08:00,120,92.82123758459537,5.728972739308027,87.09226484528733,4,9.163920639745626,5.880483991815971,96.85367783527666,8.101917533161739,0.0,119.99999999999999,1.4210854715202004e-14,1.249516314823952,21.666374642408154,1,263,5,1,WAIT
dqn,63,132,08:00,120,78.42180514573421,4.886122709100661,73.53568243663355,4,26.50783513580596,19.08856681019327,74.40359805400077,0.0,0.0,120.0,0.0,1.7721436768730783,17.772347159529566,0,50,9,2,WAIT
dqn,64,132,08:00,120,68.15808741231268,5.416468004637215,62.741619407675465,2,14.586660050753746,13.467005092317272,91.94633485692897,0.0,0.0,119.99999999999999,1.4210854715202004e-14,2.214263697456449,19.45160832109241,0,237,5,2,WAIT
dqn,65,132,08:00,120,51.142152669997444,4.326425797607777,46.81572687238967,3,32.72526356841419,8.969810001663133,78.30492642992267,0.0,0.0,120.0,0.0,0.6603347362239406,16.645368454207166,0,246,8,1,WAIT
dqn,66,132,08:00,120,59.328559606315125,5.009091230427395,54.31946837588773,2,11.67630221725727,16.387845119167288,81.12067723164915,10.815175431926292,0.0,120.0,0.0,1.9773150474031134,18.059049874306467,1,144,5,1,WAIT
dqn,67,132,08:00,120,76.77932088202641,6.070347650388786,70.70897323163763,3,11.486742556797319,0.0,108.51325744320269,0.0,0.0,120.00000000000001,-1.4210854715202004e-14,0.0,24.281390601555145,0,137,4,0,WAIT
dqn,68,132,08:00,120,68.98860172259813,3.9387946903128026,65.04980703228533,2,29.208886664247363,0.0,90.79111333575264,0.0,0.0,120.0,0.0,0.0,15.75517876125121,0,162,8,0,WAIT
dqn,69,132,08:00,120,58.814839861088956,5.890156648183227,52.92468321290573,3,20.16678502652441,33.76078181980439,62.60703540887408,3.4653977447971016,0.0,119.99999999999999,1.4210854715202004e-14,2.9774343750374856,20.583192217695423,1,186,6,3,WAIT
dqn,70,132,08:00,120,103.45137134848208,8.587160378862624,94.86421096961946,2,10.379561976964442,23.74828768077926,82.23618759156827,3.635962750688009,0.0,119.99999999999997,2.842170943040401e-14,3.9689299578524526,30.379711557598043,1,181,4,1,WAIT
dqn,71,132,08:00,120,60.618984261921305,4.957161609883536,55.66182265203777,2,21.587397020368503,9.428359729780205,84.60898222695434,4.375261022896964,0.0,120.00000000000001,-1.4210854715202004e-14,0.7789661452253094,19.049680294308835,1,163,6,1,WAIT
dqn,72,132,08:00,120,77.02990042220291,7.075889360309826,69.95401106189308,2,17.965028287440745,63.19425015943217,34.74490219842205,4.095819354705029,0.0,119.99999999999999,1.4210854715202004e-14,10.912965533848432,17.39059190739087,1,142,6,3,WAIT
dqn,73,132,08:00,120,66.3008108956754,6.711282475277269,59.589528420398125,3,9.645968378993915,0.0,110.35403162100609,0.0,0.0,120.0,0.0,0.0,26.845129901109075,0,162,4,0,WAIT
dqn,74,132,08:00,120,77.70437414286532,6.289274773443099,71.41509936942222,3,15.064758987785373,15.312869329397486,89.62237168281716,0.0,0.0,120.00000000000003,-2.842170943040401e-14,1.5732410281108398,23.583858065661556,0,186,5,2,WAIT
dqn,75,132,08:00,120,72.5406573729343,4.722989142808485,67.81766823012582,2,21.72640370677511,7.91089203402944,79.04356253722814,11.319141721967313,0.0,120.0,0.0,0.6461705751342853,18.245785996099656,1,230,6,1,WAIT
dqn,76,132,08:00,120,55.493078936875456,5.1626930182949815,50.330385918580475,2,28.292889530739604,0.0,83.3897190986544,8.317391370606018,0.0,120.00000000000001,-1.4210854715202004e-14,0.0,20.650772073179926,1,239,8,0,WAIT
dqn,77,132,08:00,120,75.66342431713962,5.198270179110883,70.46515413802874,3,9.726882066596437,15.062772747173899,82.55600395365207,12.654341232577593,0.0,120.0,0.0,1.5732410281108398,19.219839688332694,1,246,4,2,WAIT
dqn,78,132,08:00,120,77.22906497312066,5.676791008957951,71.55227396416271,2,3.002646462234145,33.578455730768205,65.58899359524885,17.829904211748797,0.0,120.0,0.0,3.8692479138019222,18.83791612202988,1,262,3,3,WAIT
dqn,79,132,08:00,120,69.90702407775125,5.0136727749119325,64.8933513028393,2,30.02884242657182,18.59079159200588,71.3803659814223,0.0,0.0,120.0,0.0,1.4041933469266459,18.650497752721083,0,161,8,1,WAIT
dqn,80,132,08:00,120,73.17826419556874,5.551308375305891,67.62695582026285,3,9.24283549906342,14.838166596101981,84.03805797663134,11.880939928203247,0.0,119.99999999999999,1.4210854715202004e-14,2.4650545668752764,19.740178934348286,1,230,5,2,WAIT
dqn,81,132,08:00,120,68.18388384259886,5.510818336145175,62.67306550645368,2,13.456699807653223,8.988783268383328,87.0358282473889,10.518688676574541,0.0,120.0,0.0,0.917734710087371,21.12553863449333,1,142,5,1,WAIT
dqn,82,132,08:00,120,100.43225783788048,5.4774239492858605,94.95483388859462,4,8.466306241349466,17.09031770936835,94.44337604928218,0.0,0.0,120.0,0.0,1.6085171351232574,20.301178662020185,0,113,6,2,WAIT
dqn,83,132,08:00,120,78.51887885999437,4.809414812214262,73.70946404778012,3,18.911965409448,20.27942695959872,80.80860763095328,0.0,0.0,120.0,0.0,2.143586909951013,17.094072338906035,0,234,7,2,WAIT
dqn,84,132,08:00,120,60.87445266326985,4.903304803030148,55.971147860239704,1,1.377791472791884,0.0,113.30732105935726,5.314887467850852,0.0,120.0,0.0,0.0,19.61321921212059,1,230,2,0,WAIT
dqn,85,132,08:00,120,74.70160701019364,4.808346735846215,69.89326027434743,3,10.748609088397401,8.904649312353607,100.346741599249,0.0,0.0,120.0,0.0,0.6603347362239406,18.57305220716092,0,137,5,1,WAIT
dqn,86,132,08:00,120,101.20656892842784,8.391532498047525,92.81503643038032,2,4.55293231247823,32.813141735225685,74.96223499275514,7.671690959540939,0.0,120.0,0.0,5.483892691328659,28.082237300861436,1,230,3,1,WAIT
dqn,87,132,08:00,120,106.00649442036902,6.043085244982405,99.96340917538662,4,27.434499573001002,29.403494085248965,62.43452347029898,0.7274828714510733,0.0,120.00000000000001,-1.4210854715202004e-14,5.96052288736722,18.2118180925624,1,143,9,2,WAIT
dqn,88,132,08:00,120,59.958876291748616,4.833182221450178,55.12569407029844,2,10.256133420289167,0.0,105.63798509052461,4.105881489186217,0.0,119.99999999999999,1.4210854715202004e-14,0.0,19.332728885800712,1,48,4,0,WAIT
dqn,89,132,08:00,120,87.30994263093406,6.033610028477531,81.27633260245653,3,17.983495148132427,0.0,102.01650485186758,0.0,0.0,120.0,0.0,0.0,24.134440113910124,0,170,7,0,WAIT
dqn,90,132,08:00,120,61.762042588505835,4.767361906928415,56.99468068157742,4,27.377305814388585,19.069636253420104,73.55305793219131,0.0,0.0,120.0,0.0,1.7721436768730783,17.297303950840583,0,48,9,2,WAIT
dqn,91,132,08:00,120,70.66884211112796,5.8558764010877224,64.81296571004023,2,20.37128199923422,18.354818129474044,81.27389987129173,0.0,0.0,120.0,0.0,2.2545195719585736,21.168986032392315,0,137,6,1,WAIT
dqn,92,132,08:00,120,65.8870782916548,5.774479389678135,60.11259890197667,2,21.00752140350212,0.0,98.99247859649788,0.0,0.0,120.0,0.0,0.0,23.09791755871254,0,230,6,0,WAIT
dqn,93,132,08:00,120,64.0732255379291,5.539441466853825,58.53378407107528,2,3.0985417574315974,30.02583416331808,76.06173391458063,10.813890164669687,0.0,120.0,0.0,4.191578744859562,17.966187122555738,1,262,3,3,WAIT
dqn,94,132,08:00,120,78.16214745506161,5.110294771625731,73.05185268343588,2,21.597940300454866,0.0,96.75219110875875,1.649868590786383,0.0,120.0,0.0,0.0,20.441179086502924,1,238,6,0,WAIT
dqn,95,132,08:00,120,133.66795660204852,5.7462853265250295,127.9216712755235,5,27.231613259820804,8.620850784223064,84.14753595595613,0.0,0.0,120.0,0.0,0.8738289522399111,22.111312353860207,0,161,9,1,WAIT
dqn,96,132,08:00,120,116.4565467296546,8.708357180619794,107.7481895490348,4,36.349209259158656,11.54311151032997,72.10767923051137,0.0,0.0,120.0,0.0,1.681745531760856,33.151683190718316,0,202,10,2,WAIT
dqn,97,132,08:00,120,72.54857416363485,6.037768856932241,66.51080530670261,3,11.21769410514806,21.435239467518507,81.57865598606583,5.768410441267605,0.0,120.0,0.0,3.268323103397043,20.88275232433192,1,236,5,3,WAIT
dqn,98,132,08:00,120,81.79896903394902,5.255756687141335,76.54321234680769,3,15.524622303107549,25.562329735821713,78.91304796107075,0.0,0.0,120.0,0.0,2.983566695754762,18.03946005281058,0,234,7,2,WAIT
dqn,99,132,08:00,120,80.76261428686381,6.595585562313597,74.1670287245502,4,8.157101947842666,20.560824591528238,91.28207346062908,0.0,0.0,119.99999999999999,1.4210854715202004e-14,5.18155674214191,21.200785507112478,0,170,5,1,WAIT
dqn,100,132,08:00,120,72.68142901567418,4.8592466968648855,67.8221823188093,2,7.231816098681866,8.743428262747267,90.76839425458718,13.256361383983673,0.0,119.99999999999999,1.4210854715202004e-14,0.8738289522399111,18.56315783521963,1,186,4,1,WAIT
dqn,101,132,08:00,120,113.89307440131914,9.251316163614046,104.64175823770509,4,8.404969693690632,49.553034450435575,50.312776032343784,11.729219823529988,0.0,119.99999999999999,1.4210854715202004e-14,8.19973634980904,28.805528304647147,1,141,5,4,WAIT
dqn,102,132,08:00,120,88.68325267585288,7.078096736967003,81.60515593888589,5,24.778888287222944,25.07375830362011,69.85613762207181,0.29121578708513596,0.0,120.0,0.0,3.484021655167551,24.82836529270046,1,262,8,3,WAIT
dqn,103,132,08:00,120,66.13464164246825,5.041474074482114,61.09316756798614,2,29.31040434654927,8.620850784223064,82.06874486922766,0.0,0.0,120.0,0.0,0.8738289522399111,19.292067345688544,0,163,8,1,WAIT
dqn,104,132,08:00,120,81.44108672471305,5.702875140342155,75.73821158437089,3,29.862574141592557,11.186230202865275,78.95119565554216,0.0,0.0,120.0,0.0,1.8583608472852107,20.95313971408341,0,161,9,2,WAIT
dqn,105,132,08:00,120,62.2041504385847,7.456583211909767,54.74756722667493,2,10.65524058112613,53.594415321015106,48.84848811299399,6.901855984864781,0.0,120.0,0.0,8.84683382546257,20.9794990221765,1,141,4,4,WAIT
dqn,106,132,08:00,120,60.171845782088965,3.8713954127837718,56.300450369305196,1,0.5766893851411555,0.0,103.09139701573945,16.331913599119403,0.0,120.0,0.0,0.0,15.485581651135087,1,48,2,0,WAIT
dqn,107,132,08:00,120,28.50486234602844,4.373138270688687,24.13172407533975,3,26.924539330319632,20.560824591528238,41.340057654717334,31.17457842343481,0.0,120.00000000000001,-1.4210854715202004e-14,5.18155674214191,12.31099634061284,1,216,8,1,WAIT
dqn,108,132,08:00,120,65.62723768298102,5.597660379527145,60.02957730345388,2,28.507100584003553,25.512302629736766,64.92768760138428,1.0529091848754177,0.0,120.00000000000001,-1.4210854715202004e-14,2.8388806550139556,19.551760863094625,1,233,8,1,WAIT
dqn,109,132,08:00,120,78.06178005661508,6.534205248795361,71.52757480781972,5,13.119698249362752,25.166112601465613,81.71418914917163,0.0,0.0,120.0,0.0,2.8511439996430243,23.28567699553842,0,233,6,2,WAIT
dqn,110,132,08:00,120,61.50497560405929,5.521358771207242,55.98361683285205,2,3.9353855095068786,13.51806929809395,95.44879389084753,7.097751301551654,0.0,120.0,0.0,2.214263697456449,19.87117138737252,1,262,3,2,WAIT
dqn,111,132,08:00,120,63.02570562466045,4.599258634672304,58.42644698998815,2,5.240120327271695,0.0,114.7598796727283,0.0,0.0,120.0,0.0,0.0,18.397034538689216,0,75,3,0,WAIT
dqn,112,132,08:00,120,69.76627876576697,7.078721363805176,62.6875574019618,2,10.263868712410371,55.672299181393754,53.741189109949275,0.3226429962466,0.0,120.0,0.0,9.257361181465498,19.057524273755206,1,142,4,2,WAIT
dqn,113,132,08:00,120,91.35286609782499,6.500991609329473,84.85187448849551,3,27.058077919073913,0.0,92.18858180161284,0.7533402793132495,0.0,120.0,0.0,0.0,26.003966437317892,1,230,8,0,WAIT
dqn,114,132,08:00,120,73.95969659063731,7.644887237910219,66.31480935272708,4,17.27192008531718,20.560824591528238,76.52710749872303,5.6401478244315655,0.0,120.00000000000001,-1.4210854715202004e-14,5.18155674214191,25.397992209498966,1,143,6,1,WAIT
dqn,115,132,08:00,120,86.02826550951725,5.723296799019995,80.30496871049726,3,17.922260161287188,18.315880065181783,82.45007803171873,1.3117817418122826,0.0,119.99999999999999,1.4210854715202004e-14,2.2545195719585736,20.638667624121407,1,43,6,1,WAIT
dqn,116,132,08:00,120,84.78950582997827,7.286189394900867,77.5033164350774,2,13.106933511258651,7.951330496328188,77.20742689683516,21.734309095578013,0.0,120.00000000000001,-1.4210854715202004e-14,1.054059405940594,28.090698173662872,1,138,4,1,WAIT
dqn,117,132,08:00,120,111.36305740039602,5.777319242014637,105.58573815838137,4,8.130671300730826,18.59079159200588,93.27853710726328,0.0,0.0,119.99999999999997,2.842170943040401e-14,1.4041933469266459,21.7050836211319,0,230,5,1,WAIT
dqn,118,132,08:00,120,92.09111381244844,6.194246095751244,85.8968677166972,5,26.508730435547033,26.536365994539565,66.95490356991338,0.0,0.0,119.99999999999999,1.4210854715202004e-14,2.6662966645006216,22.11068771850436,0,249,9,3,WAIT
dqn,119,132,08:00,120,76.0436340356231,5.732916141397141,70.31071789422596,2,26.325010882836267,5.880483991815971,84.24222543297618,3.5522796923715845,0.0,120.00000000000001,-1.4210854715202004e-14,1.249516314823952,21.682148250764612,1,170,7,1,WAIT
dqn,120,132,08:00,120,64.63694834197226,5.254923762964257,59.382024579008004,2,7.892320266621007,14.987664138762327,93.81009283965321,3.309922754963466,0.0,120.00000000000001,-1.4210854715202004e-14,2.4650545668752764,18.554640484981753,1,162,3,2,WAIT
dqn,121,132,08:00,120,53.400118505792946,4.7188784255601535,48.68124008023279,2,6.39599587594212,9.428359729780205,94.18032738755088,9.995317006726793,0.0,120.0,0.0,0.7789661452253094,18.096547557015306,1,48,3,1,WAIT
dqn,122,132,08:00,120,101.30935918962518,8.359312136052967,92.95004705357222,2,14.57499446215974,27.6521692176641,77.77283632017617,0.0,0.0,120.0,0.0,4.6213657288823615,28.815882815329502,0,181,4,1,WAIT
dqn,123,132,08:00,120,72.04203504936771,5.244595127938053,66.79743992142966,3,22.166829237361352,7.91089203402944,89.9222787286092,0.0,0.0,120.0,0.0,0.6461705751342853,20.33220993661793,0,237,6,1,WAIT
dqn,124,132,08:00,120,66.4541111197456,5.760020602182908,60.6940905175627,2,25.027929390790124,25.512302629736766,64.58288965883673,4.876878320636379,0.0,120.0,0.0,2.8388806550139556,20.201201753717676,1,170,7,1,WAIT
dqn,125,132,08:00,120,85.2235564108409,5.678063778663686,79.54549263217721,4,15.172209857775693,14.756623306147354,90.07116683607694,0.0,0.0,119.99999999999999,1.4210854715202004e-14,2.444299961608333,20.26795515304641,0,100,6,2,WAIT
dqn,126,132,08:00,120,55.039596242673625,4.438367966378511,50.60122827629512,1,26.938162886221033,0.0,82.17626572835472,10.885571385424242,0.0,120.0,0.0,0.0,17.753471865514044,1,141,7,0,WAIT
dqn,127,132,08:00,120,54.88672782203568,6.07027214010718,48.8164556819285,2,16.563768564264187,54.09246681725138,49.34376461848445,0.0,0.0,120.0,0.0,8.993331871954295,15.287756688474426,0,236,5,2,WAIT
dqn,128,132,08:00,120,84.43634835884205,6.133900021274852,78.3024483375672,4,21.59469913893,17.15837227163029,81.24692858943968,0.0,0.0,119.99999999999997,2.842170943040401e-14,1.6909636476382839,22.844636437461123,0,170,7,2,WAIT
dqn,129,132,08:00,120,81.62446119947414,6.481884898823816,75.14257630065032,3,11.711748665052381,13.467005092317272,92.89437124523262,1.926874997397718,0.0,119.99999999999999,1.4210854715202004e-14,2.214263697456449,23.713275897838813,1,237,4,2,WAIT
dqn,130,132,08:00,120,81.46499995388264,5.608483234739316,75.85651671914333,3,35.67175873167321,25.311424988294064,59.01681628003276,0.0,0.0,120.00000000000003,-2.842170943040401e-14,2.637649783627054,19.796283155330208,0,87,10,2,WAIT
dqn,131,132,08:00,120,68.48782502021531,5.4908366276906575,62.996988392524656,2,14.637629793367305,0.0,86.44234290895139,18.920027297681315,0.0,120.00000000000001,-1.4210854715202004e-14,0.0,21.96334651076263,1,263,5,0,WAIT
dqn,132,132,08:00,120,88.35964012912001,6.012262325697284,82.34737780342273,3,27.677914931355545,8.969810001663133,83.35227506698132,0.0,0.0,120.0,0.0,0.6603347362239406,23.388714566565195,0,231,8,1,WAIT
dqn,133,132,08:00,120,82.90646933759355,5.546700736103865,77.35976860148969,4,15.150181994427538,15.801789894249609,89.04802811132288,0.0,0.0,120.00000000000003,-2.842170943040401e-14,1.478378221096238,20.708424723319226,0,246,6,2,WAIT
dqn,134,132,08:00,120,83.13884149567261,6.047917604689222,77.09092389098339,3,14.2591497007901,27.181282038121836,64.36279822292956,14.196770038158519,0.0,120.00000000000001,-1.4210854715202004e-14,2.0996356176731905,22.09203480108369,1,186,6,3,WAIT
dqn,135,132,08:00,120,72.30727307728804,5.12265425526563,67.18461882202241,3,14.710002643395846,17.935911355535147,87.35408600106899,0.0,0.0,119.99999999999999,1.4210854715202004e-14,1.3206694724478811,19.169947548614637,0,230,5,2,WAIT
dqn,136,132,08:00,120,52.90754765072099,4.996260920313833,47.91128673040716,2,19.37568434625261,14.713236180878916,74.92984601667081,10.981233456197657,0.0,119.99999999999999,1.4210854715202004e-14,2.444299961608333,17.540743719646997,1,236,6,2,WAIT
dqn,137,132,08:00,120,50.55681490840101,5.564612819593822,44.99220208880719,3,17.794742772983213,19.567958895118178,78.1915782681547,4.445720063743906,0.0,120.0,0.0,1.9159285328453874,20.342522745529898,1,170,5,2,WAIT
dqn,138,132,08:00,120,84.87812966349892,5.358253076471416,79.51987658702751,4,12.983206503233902,7.03898120820555,92.79077163936024,7.1870406492002985,0.0,120.0,0.0,1.0780413825534916,20.35497092333217,1,239,5,1,WAIT
dqn,139,132,08:00,120,86.86752126332718,6.363146790499126,80.50437447282805,4,17.47844106701303,15.052496215620152,87.46906271736681,0.0,0.0,120.0,0.0,1.8639642562538918,23.588622905742607,0,170,7,2,WAIT
dqn,140,132,08:00,120,92.04283846378138,7.93081498264287,84.11202348113851,2,9.007335020928135,36.65967708647898,66.67641811185811,7.656569780734756,0.0,119.99999999999999,1.4210854715202004e-14,6.126744487413468,25.59651544315801,1,162,4,1,WAIT
dqn,141,132,08:00,120,59.89903353444274,4.850504867797924,55.04852866664481,1,22.651247453300577,8.927620268132918,88.42113227856652,0.0,0.0,120.00000000000001,-1.4210854715202004e-14,0.917734710087371,18.484284761104327,0,142,6,1,WAIT
dqn,142,132,08:00,120,127.11680285158347,8.784658164961911,118.33214468662156,5,26.065726464444943,37.595429349870585,56.33884418568447,0.0,0.0,120.0,0.0,6.8246488539889825,28.31398380585866,0,230,9,2,WAIT
dqn,143,132,08:00,120,88.64582404717115,6.9162744261054,81.72954962106574,4,13.910198115253454,16.151498503105643,89.93830338164089,0.0,0.0,119.99999999999999,1.4210854715202004e-14,1.899246197158408,25.765851507263193,0,161,6,2,WAIT
dqn,144,132,08:00,120,0.0,0.0,0.0,0,0.018510752381846757,0.0,0.0,119.98148924761816,0.0,120.0,0.0,0.0,0.0,1,132,1,0,WAIT
dqn,145,132,08:00,120,107.8623981631651,7.384646507196716,100.47775165596838,6,29.346944126751914,14.061210982133373,76.5918448911147,0.0,0.0,120.0,0.0,1.8766426653817776,27.661943363405083,0,236,10,2,WAIT
dqn,146,132,08:00,120,81.03015860842113,6.441886452877618,74.5882721555435,3,15.226739538546383,35.87799341848074,63.26215305441995,5.633113988552935,0.0,120.0,0.0,5.160014349941652,20.607531461568822,1,141,6,5,WAIT
dqn,147,132,08:00,120,69.01831044428961,4.572343267269789,64.44596717701982,2,16.51064955562523,9.428359729780205,94.0609907145946,0.0,0.0,120.00000000000003,-2.842170943040401e-14,0.7789661452253094,17.510406923853846,0,143,4,1,WAIT
dqn,148,132,08:00,120,101.78136957031312,9.063612694183522,92.7177568761296,2,5.753949855362442,44.165501840805334,58.69142663793105,11.389121665901172,0.0,120.0,0.0,6.962561917603435,29.29188885913066,1,79,3,2,WAIT
dqn,149,132,08:00,120,96.42665527355675,6.605322814637598,89.82133245891914,4,18.7889676699985,11.607893716757664,89.60313861324383,0.0,0.0,120.0,0.0,1.1314429600130689,25.289848298537326,0,202,8,2,WAIT
dqn,150,132,08:00,120,70.41433030603001,5.39147707647425,65.02285322955576,3,5.836482997251963,24.84907163900678,83.7599038893758,5.554541474365479,0.0,120.00000000000003,-2.842170943040401e-14,2.7944497428014863,18.77145856309551,1,68,4,2,WAIT
dqn,151,132,08:00,120,66.45138365415143,6.0593189825003515,60.39206467165108,3,29.129390314620295,14.756623306147354,69.20072201836756,6.913264360864787,0.0,120.0,0.0,2.444299961608333,21.792975968393073,1,162,8,2,WAIT
dqn,152,132,08:00,120,113.51522051577392,5.607722284271071,107.90749823150284,3,15.523671282517888,8.927620268132918,95.54870844934919,0.0,0.0,120.0,0.0,0.917734710087371,21.513154426996913,0,162,5,1,WAIT
dqn,153,132,08:00,120,73.53613126255811,6.549622099164309,66.9865091633938,3,22.314954236638485,18.59079159200588,79.09425417135563,0.0,0.0,120.0,0.0,1.4041933469266459,24.79429504973059,0,231,7,1,WAIT
dqn,154,132,08:00,120,69.18924434977737,5.319790769241837,63.869453580535534,2,15.028405183787466,23.489010838459254,71.09022824854992,10.392355729203373,0.0,120.00000000000001,-1.4210854715202004e-14,2.787219897716411,18.491943179250935,1,107,5,2,WAIT
dqn,155,132,08:00,120,67.86392467029599,5.116567742883804,62.747356927412184,3,10.950359712021092,9.492953289003585,99.55668699897532,0.0,0.0,120.0,0.0,0.7789661452253094,19.68730482630991,0,246,4,1,WAIT
dqn,156,132,08:00,120,74.65612042194216,5.405346811411315,69.25077361053084,2,15.4656575659325,18.315880065181783,86.21846236888571,0.0,0.0,120.0,0.0,2.2545195719585736,19.366867673686684,0,233,5,1,WAIT
dqn,157,132,08:00,120,72.71772950361851,5.536058221640986,67.18167128197753,3,24.17173201195252,18.04380267984542,77.78446530820206,0.0,0.0,120.0,0.0,1.6527950974652206,20.491437789098725,0,234,8,2,WAIT
dqn,158,132,08:00,120,66.25347285730263,5.379188400754822,60.874284456547805,4,20.382292696939402,14.756623306147354,82.32892940118639,2.5321545957268654,0.0,120.0,0.0,2.444299961608333,19.072453641410956,1,141,7,2,WAIT
dqn,159,132,08:00,120,106.5308253891795,8.424808039481213,98.10601734969828,2,10.104796426616652,35.69304520116822,74.20215837221514,0.0,0.0,120.0,0.0,5.965196240255829,27.734035917669026,0,181,4,1,WAIT
dqn,160,132,08:00,120,70.68976776075598,7.003733024057167,63.686034736698815,2,4.602662723960258,19.97513435546876,78.84725413709481,16.574948783476174,0.0,120.0,0.0,5.18155674214191,22.83337535408676,1,79,3,1,WAIT
dqn,161,132,08:00,120,64.66489581123241,4.529380101503401,60.13551570972901,2,14.223471537506423,8.904649312353607,96.87187915013996,0.0,0.0,120.0,0.0,0.6603347362239406,17.457185669789663,0,162,5,1,WAIT
dqn,162,132,08:00,120,69.3942990402798,5.354337024967154,64.03996201531265,3,15.600151694664461,16.387845119167288,88.01200318616824,0.0,0.0,120.0,0.0,1.9773150474031134,19.440033052465502,0,90,6,1,WAIT
dqn,163,132,08:00,120,76.12232076621446,5.545622586372211,70.57669817984225,2,18.5526407538259,33.578455730768205,67.08849610632954,0.7804074090763322,0.0,119.99999999999999,1.4210854715202004e-14,3.8692479138019222,18.31324243168692,1,262,6,3,WAIT
dqn,164,132,08:00,120,61.82428318710221,4.40368070782531,57.4206024792769,2,15.266197489228958,18.00107204484467,81.32071750176691,5.412012964159459,0.0,120.0,0.0,1.3206694724478811,16.294053358853358,1,186,5,2,WAIT
dqn,165,132,08:00,120,72.98879465451552,4.953703051498432,68.03509160301708,2,7.663842347196292,25.539026908405667,82.46347514293528,4.333655601462766,0.0,120.0,0.0,2.637649783627054,17.177162422366678,1,186,3,2,WAIT
dqn,166,132,08:00,120,61.7114013306492,5.6600393388048955,56.05136199184431,2,13.944443621817445,18.59079159200588,87.46476478617667,0.0,0.0,120.0,0.0,1.4041933469266459,21.235964008292935,0,236,5,1,WAIT
dqn,167,132,08:00,120,84.43445612417858,5.716959655719424,78.71749646845916,4,41.36028751237294,9.359867931298773,66.96142042175201,2.31842413457629,0.0,120.00000000000001,-1.4210854715202004e-14,0.7789661452253094,22.088872477652387,1,238,11,1,WAIT
dqn,168,132,08:00,120,78.50005677879292,5.9685677654070135,72.53148901338591,3,19.745931039500462,2.1795339869774595,98.07453497352206,0.0,0.0,119.99999999999999,1.4210854715202004e-14,0.3524768147877595,23.521794246840294,0,202,7,1,WAIT
dqn,169,132,08:00,120,143.19789949704165,7.647196618737853,135.55070287830378,5,19.60874170643395,0.0,100.39125829356605,0.0,0.0,120.0,0.0,0.0,30.588786474951412,0,161,8,0,WAIT
dqn,170,132,08:00,120,71.32459117037513,5.110125260710018,66.21446590966511,2,5.048999378032175,9.428359729780205,101.5673174071161,3.955323485071517,0.0,119.99999999999999,1.4210854715202004e-14,0.7789661452253094,19.661534897614764,1,164,3,1,WAIT
dqn,171,132,08:00,120,67.9617783636223,6.089861688931005,61.8719166746913,3,25.371639345097215,14.713236180878916,73.75940636854027,6.155718105483601,0.0,120.0,0.0,2.444299961608333,21.915146794115685,1,163,8,2,WAIT
dqn,172,132,08:00,120,81.5395970614796,7.387573847758518,74.15202321372108,5,28.8065938962127,0.0,85.38918776397476,5.80421833981255,0.0,120.00000000000001,-1.4210854715202004e-14,0.0,29.550295391034073,1,230,9,0,WAIT
dqn,173,132,08:00,120,79.72717205233774,7.784351146263195,71.94282090607454,4,14.876093967155386,25.88472453305134,75.27241464872722,3.9667668510660263,0.0,119.99999999999997,2.842170943040401e-14,3.76842562398532,27.368978961067462,1,262,6,3,WAIT
dqn,174,132,08:00,120,70.18884000100572,4.872766817358244,65.31607318364748,2,21.39982949448172,9.359867931298773,81.41014690238052,7.83015567183898,0.0,119.99999999999999,1.4210854715202004e-14,0.7789661452253094,18.712101124207667,1,161,7,1,WAIT
dqn,175,132,08:00,120,73.11572208573224,5.090987133434357,68.02473495229789,2,11.34663718665585,0.0,96.39447573442105,12.25888707892311,0.0,120.00000000000001,-1.4210854715202004e-14,0.0,20.363948533737428,1,162,4,0,WAIT
dqn,176,132,08:00,120,65.18677231489681,4.476679152125771,60.710093162771045,2,45.07696687372176,18.59079159200588,56.332241534272356,0.0,0.0,120.0,0.0,1.4041933469266459,16.502523261576442,0,246,11,1,WAIT
dqn,177,132,08:00,120,57.250001221477206,7.125842556705091,50.12415866477211,2,12.04057523546284,56.29132989734175,51.06044257891752,0.6076522882778761,0.0,119.99999999999999,1.4210854715202004e-14,9.360816621553724,19.142553605266645,1,162,5,2,WAIT
dqn,178,132,08:00,120,85.50868988345397,7.130619566677802,78.37807031677616,3,5.894468435491922,29.592086634709776,70.8503180976253,13.663126832172992,0.0,120.0,0.0,5.84189147836585,22.680586788345355,1,186,4,2,WAIT
dqn,179,132,08:00,120,72.09450007123975,5.697501486457389,66.39699858478237,3,13.514567450618216,25.419107162348826,81.06632538703296,0.0,0.0,120.0,0.0,2.637649783627054,20.1523561622025,0,90,5,2,WAIT
dqn,180,132,08:00,120,81.11238780716556,7.041261621682853,74.07112618548271,5,15.406666369104531,14.713236180878916,89.88009745001655,0.0,0.0,120.0,0.0,2.444299961608333,25.72074652512308,0,166,7,2,WAIT
dqn,181,132,08:00,120,96.60958221544821,7.173683988008424,89.4358982274398,2,4.540149372644225,14.756623306147354,90.71705226369383,9.986175057514586,0.0,120.0,0.0,2.444299961608333,26.25043599042536,1,138,3,2,WAIT
dqn,182,132,08:00,120,71.184744297657,4.469225399938365,66.71551889771864,2,5.004694241180853,0.0,114.99530575881914,0.0,0.0,120.0,0.0,0.0,17.87690159975346,0,68,3,0,WAIT
dqn,183,132,08:00,120,76.55759262359857,4.529813110664415,72.02777951293415,2,18.186859572753384,8.904649312353607,80.61703087867456,12.291460236218441,0.0,119.99999999999999,1.4210854715202004e-14,0.6603347362239406,17.45891770643372,1,246,6,1,WAIT
dqn,184,132,08:00,120,73.32452496048208,5.473522029437383,67.85100293104469,3,9.367703310031498,17.50443711617732,93.12785957379117,0.0,0.0,119.99999999999999,1.4210854715202004e-14,1.716739272990511,20.17734884475902,0,163,4,2,WAIT
dqn,185,132,08:00,120,81.81684720785907,4.983807392484405,76.83303981537466,3,31.581226213294464,18.2114720364587,70.20730175024683,0.0,0.0,120.0,0.0,1.4393008814492498,18.49592868848837,0,170,9,2,WAIT
dqn,186,132,08:00,120,74.39777786315776,6.198765352021972,68.19901251113578,4,11.680458807593594,31.944021822970498,76.37551936943592,0.0,0.0,120.00000000000001,-1.4210854715202004e-14,4.044781928580054,20.75027947950783,0,263,5,3,WAIT
dqn,187,132,08:00,120,87.39636246223739,7.9988479018734875,79.3975145603639,2,20.433038224705587,34.262393845482904,60.83092392238589,4.473644007425605,0.0,119.99999999999999,1.4210854715202004e-14,5.851377440928088,26.144014166565864,1,230,6,1,WAIT
dqn,188,132,08:00,120,95.32181552984312,7.967792558137312,87.3540229717058,2,14.81908356763136,34.39297409936806,61.71779947655736,9.070142856443212,0.0,119.99999999999999,1.4210854715202004e-14,5.747922000839862,26.123248231709383,1,141,5,1,WAIT
dqn,189,132,08:00,120,69.275293838094,4.805743836304655,64.46955000178934,2,8.940255676936216,9.031262043181538,102.02848227988224,0.0,0.0,120.0,0.0,0.6603347362239406,18.56264060899468,0,233,4,1,WAIT
dqn,190,132,08:00,120,60.321910727239256,5.307299987568721,55.01461073967054,2,15.110951748128654,8.927620268132918,82.48386309884498,13.477564884893454,0.0,120.0,0.0,0.917734710087371,20.311465240187513,1,161,5,1,WAIT
dqn,191,132,08:00,120,67.52346480607002,5.017116322337824,62.5063484837322,2,19.243190526113715,0.0,95.88418218041639,4.87262729346989,0.0,120.0,0.0,0.0,20.068465289351295,1,142,6,0,WAIT
dqn,192,132,08:00,120,72.08368477028256,5.106327314742681,66.97735745553987,2,14.367338905986946,9.428359729780205,96.20430136423286,0.0,0.0,120.00000000000001,-1.4210854715202004e-14,0.7789661452253094,19.646343113745417,0,237,5,1,WAIT
dqn,193,132,08:00,120,91.1555969148504,6.772568239400104,84.3830286754503,4,24.207644463825375,38.32707395437574,57.46528158179886,0.0,0.0,119.99999999999997,2.842170943040401e-14,6.62085762359116,20.469415334009256,0,161,8,3,WAIT
dqn,194,132,08:00,120,69.99420837927687,4.922529446499526,65.07167893277735,2,6.4638636546966355,2.1795339869774595,111.3566023583259,0.0,0.0,120.0,0.0,0.3524768147877595,19.337640971210345,0,202,4,1,WAIT
dqn,195,132,08:00,120,74.22377221987577,6.149122659732651,68.07464956014311,3,10.468890302224999,14.88155372137042,83.10723625884563,11.542319717558954,0.0,120.0,0.0,2.4650545668752764,22.131436072055326,1,233,5,2,WAIT
dqn,196,132,08:00,120,58.86243680612771,4.5795014247028325,54.28293538142488,1,36.81068478172546,8.927620268132918,74.26169495014162,0.0,0.0,120.0,0.0,0.917734710087371,17.40027098872396,0,142,9,1,WAIT
dqn,197,132,08:00,120,57.75412750940061,5.797158760268783,51.95696874913183,2,8.90850169669545,6.569441066650219,103.7186998135616,0.8033574230927343,0.0,120.0,0.0,0.6994120758709287,22.489222965204203,1,186,4,1,WAIT
dqn,198,132,08:00,120,101.42208525690451,6.464327253452992,94.95775800345152,4,8.460931176210792,21.67549934326263,89.86356948052658,0.0,0.0,120.0,0.0,3.360185745186017,22.49712326862595,0,142,5,3,WAIT
dqn,199,132,08:00,120,120.55570675987425,7.95806377805015,112.59764298182411,3,13.89478442222096,26.141881374439798,79.96333420333924,0.0,0.0,120.0,0.0,4.368959039754844,27.463296072445754,0,161,5,1,WAIT
dqn,200,132,08:00,120,80.70101747374675,5.486874022923066,75.21414345082368,4,21.164401078971842,20.56382882020879,78.27177010081935,0.0,0.0,119.99999999999999,1.4210854715202004e-14,1.9300926939350425,20.01740339775722,0,170,8,2,WAIT
dqn,201,132,08:00,120,64.72325395807479,4.477475316110786,60.24577864196401,3,12.719061618291638,9.492953289003585,97.78798509270479,0.0,0.0,120.00000000000001,-1.4210854715202004e-14,0.7789661452253094,17.13093511921783,0,142,5,1,WAIT
dqn,202,132,08:00,120,70.85478653475982,5.2754559552700915,65.57933057948973,3,19.04955437101008,9.107156634804204,85.38719505923352,6.456093934952207,0.0,120.0,0.0,0.9973656773476055,20.10445814373276,1,170,6,1,WAIT
dqn,203,132,08:00,120,80.78746021152972,7.902213222166774,72.88524698936294,2,25.657673651410043,34.928853079903526,49.065650525175855,10.347822743510577,0.0,120.0,0.0,5.965196240255829,25.643656648411266,1,170,7,1,WAIT
dqn,204,132,08:00,120,63.17073315872995,4.666166582140211,58.50456657658974,2,19.020119389420223,14.987664138762327,85.99221647181744,0.0,0.0,120.0,0.0,2.4650545668752764,16.199611761685567,0,263,5,2,WAIT
dqn,205,132,08:00,120,64.67399111159136,4.2864046581693716,60.38758645342199,1,4.2907524676834266,8.683934748546648,88.80966532469904,18.21564745907088,0.0,120.0,0.0,0.8738289522399111,16.271789680437575,1,186,2,1,WAIT
dqn,206,132,08:00,120,64.65899055357659,5.937295096075443,58.72169545750114,3,7.158546353928813,13.426087363367305,90.24422039874065,9.171145883963248,0.0,120.00000000000001,-1.4210854715202004e-14,2.214263697456449,21.534916686845325,1,75,4,2,WAIT
dqn,207,132,08:00,120,55.054870640515816,4.456650699285209,50.59821994123061,2,24.161172129754515,0.0,95.8388278702455,0.0,0.0,120.00000000000001,-1.4210854715202004e-14,0.0,17.826602797140836,0,142,6,0,WAIT
dqn,208,132,08:00,120,92.55587652382862,6.108499734569601,86.44737678925901,4,28.435282911748732,16.020648420405212,75.54406866784606,0.0,0.0,120.0,0.0,1.997789518755173,22.43620941952323,0,161,8,1,WAIT
dqn,209,132,08:00,120,72.95645170974771,4.944570886025494,68.01188082372222,2,41.64538164792993,16.422684338718344,61.93193401335172,0.0,0.0,120.0,0.0,1.9773150474031134,17.800968496698864,0,170,9,1,WAIT
dqn,210,132,08:00,120,56.76780056775121,4.402590923827923,52.365209643923286,2,25.10709773477728,0.0,85.34507215427183,9.547830110950883,0.0,120.0,0.0,0.0,17.61036369531169,1,162,7,0,WAIT
dqn,211,132,08:00,120,67.52023884464826,7.542958070842944,59.97728077380532,2,17.356697015141485,52.82185453568333,49.472400620760894,0.3490478284142995,0.0,120.0,0.0,8.780980934618622,21.390851348753152,1,141,6,2,WAIT
dqn,212,132,08:00,120,76.85711882281312,5.582352424430491,71.27476639838262,3,15.949622756478984,0.0,91.32232917610202,12.72804806741901,0.0,120.00000000000001,-1.4210854715202004e-14,0.0,22.329409697721964,1,162,6,0,WAIT
dqn,213,132,08:00,120,74.09490914634567,5.69811625832033,68.39679288802535,3,27.89635306120606,0.0,92.10364693879393,0.0,0.0,119.99999999999999,1.4210854715202004e-14,0.0,22.79246503328132,0,142,7,0,WAIT
dqn,214,132,08:00,120,58.135580258970734,4.531384893290857,53.60419536567988,2,26.321951521884678,8.904649312353607,84.7733991657617,0.0,0.0,119.99999999999999,1.4210854715202004e-14,0.6603347362239406,17.46520483693949,0,163,8,1,WAIT
dqn,215,132,08:00,120,92.55076384296711,5.030473904324716,87.52028993864239,4,10.064277064650053,15.925191619163687,94.01053131618625,0.0,0.0,119.99999999999999,1.4210854715202004e-14,1.4702395865372382,18.65165603076163,0,79,6,2,WAIT
dqn,216,132,08:00,120,74.08697945880674,5.740088747349205,68.34689071145753,4,21.985936495969202,17.565298440553466,80.44876506347734,0.0,0.0,120.0,0.0,1.716739272990511,21.243615716406307,0,234,7,2,WAIT
dqn,217,132,08:00,120,49.52452117587245,4.466182214496686,45.05833896137577,1,13.111323865704296,0.0,106.88867613429571,0.0,0.0,120.0,0.0,0.0,17.864728857986744,0,164,3,0,WAIT
dqn,218,132,08:00,120,83.26716404145674,5.156679981727234,78.1104840597295,4,15.972014707159802,23.87032627893913,73.66224908923776,6.495409924663292,0.0,119.99999999999999,1.4210854715202004e-14,3.125389303099217,17.501330623809718,1,236,6,3,WAIT
dqn,219,132,08:00,120,56.00708523862333,5.797789859814865,50.20929537880847,3,14.579361622083843,15.253375815196867,90.1672625627193,0.0,0.0,120.00000000000001,-1.4210854715202004e-14,1.5732410281108398,21.617918411148622,0,186,6,2,WAIT
dqn,220,132,08:00,120,55.18341312263497,4.958464457109509,50.22494866552546,2,8.788374258073862,9.428359729780205,101.78326601214596,0.0,0.0,120.00000000000003,-2.842170943040401e-14,0.7789661452253094,19.054891683212727,0,68,3,1,WAIT
dqn,221,132,08:00,120,74.37512129685572,5.532485191674215,68.84263610518151,2,10.609290410365974,8.683934748546648,100.70677484108737,0.0,0.0,119.99999999999999,1.4210854715202004e-14,0.8738289522399111,21.256111814456947,0,231,4,1,WAIT
dqn,222,132,08:00,120,63.03615790726201,4.644953781720339,58.39120412554167,2,8.855614716209542,0.0,110.24662874649187,0.8977565372986049,0.0,120.00000000000001,-1.4210854715202004e-14,0.0,18.579815126881357,1,142,4,0,WAIT
dqn,223,132,08:00,120,85.5864277664631,7.174749329315741,78.41167843714736,2,15.118246719604773,19.97513435546876,76.60065081373777,8.30596811118869,0.0,120.0,0.0,5.18155674214191,23.517440575121054,1,162,5,1,WAIT
dqn,224,132,08:00,120,87.44196372844121,5.958654136737196,81.48330959170401,3,5.347389660836736,36.43153536211343,74.33991861586813,3.881156361181695,0.0,119.99999999999999,1.4210854715202004e-14,3.8749351577971938,19.95968138915159,1,162,4,2,WAIT
dqn,225,132,08:00,120,94.1214030955302,5.827414613892924,88.29398848163727,4,20.208900318729526,0.0,99.79109968127048,0.0,0.0,120.0,0.0,0.0,23.309658455571697,0,236,6,0,WAIT
dqn,226,132,08:00,120,83.39459539184267,5.376561903730569,78.0180334881121,4,12.073532765065108,27.622053635187417,80.30441359974746,0.0,0.0,119.99999999999999,1.4210854715202004e-14,2.0645280831505866,19.44171953177169,0,170,6,2,WAIT
dqn,227,132,08:00,120,70.85015862495933,6.106256211393382,64.74390241356595,3,17.652870433816393,0.0,102.18897630561774,0.15815326056586798,0.0,120.0,0.0,0.0,24.425024845573528,1,163,5,0,WAIT
dqn,228,132,08:00,120,31.330063691707267,1.2978891855354775,30.03217450617179,1,3.4661282756149836,20.560824591528238,24.947620237858093,71.02542689499869,0.0,120.0,0.0,5.18155674214191,0.01,1,132,2,1,WAIT
dqn,229,132,08:00,120,72.92846399410655,5.5253431071266075,67.40312088697995,2,7.668096925303049,9.428359729780205,102.90354334491674,0.0,0.0,120.0,0.0,0.7789661452253094,21.322406283281122,0,170,4,1,WAIT
dqn,230,132,08:00,120,68.02387274495571,5.657384707832672,62.36648803712304,2,15.312850633390426,36.29509280391963,66.26365297182596,2.1284035908639822,0.0,120.0,0.0,3.7763911380742874,18.8531476932564,1,186,5,2,WAIT
dqn,231,132,08:00,120,92.19236075208377,6.071251118433659,86.12110963365011,4,27.67601554199356,11.698053460273076,80.62593099773336,0.0,0.0,120.0,0.0,1.9292720512650543,22.35573242246958,0,161,8,2,WAIT
dqn,232,132,08:00,120,50.58591299048225,5.047159721332089,45.53875326915016,2,35.49397555692291,25.512302629736766,58.99372181334032,0.0,0.0,120.0,0.0,2.8388806550139556,17.3497582303144,0,170,9,1,WAIT
dqn,233,132,08:00,120,119.95782315048355,6.51142680270412,113.44639634777943,3,8.886221598998702,6.061328545789135,100.47843379204701,4.574016063165146,0.0,120.0,0.0,0.7590455094643577,25.286661701352124,1,24,4,1,WAIT
dqn,234,132,08:00,120,79.83679389153286,5.513355816762411,74.32343807477045,2,10.37182135215302,27.579574860389208,71.39788514259051,10.650718644867268,0.0,120.00000000000001,-1.4210854715202004e-14,2.321928057014017,19.73149521003563,1,142,4,2,WAIT
dqn,235,132,08:00,120,64.76062373439082,5.760070414715981,59.000553319674836,3,25.400865226983385,25.512302629736766,69.08683214327985,0.0,0.0,120.0,0.0,2.8388806550139556,20.20140100384997,0,233,8,1,WAIT
dqn,236,132,08:00,120,93.98841022792331,7.235459667830375,86.75295056009294,4,8.65822057797774,11.065565213855493,100.05508042911424,0.22113377905252207,0.0,120.0,0.0,1.366816529142354,27.575022142179144,1,141,5,1,WAIT
dqn,237,132,08:00,120,90.81313775202197,5.391177994962917,85.42195975705906,3,14.389358806781454,0.0,105.61064119321856,0.0,0.0,120.00000000000001,-1.4210854715202004e-14,0.0,21.56471197985167,0,48,6,0,WAIT
dqn,238,132,08:00,120,88.13845416275005,5.889588121069803,82.24886604168024,6,36.32909530733218,0.0,82.5446230108353,1.1262816818325092,0.0,119.99999999999999,1.4210854715202004e-14,0.0,23.55835248427921,1,263,10,0,WAIT
dqn,239,132,08:00,120,80.7413904058688,5.807808349892395,74.9335820559764,4,8.585638245368056,0.0,111.41436175463194,0.0,0.0,120.0,0.0,0.0,23.23123339956958,0,163,5,0,WAIT
dqn,240,132,08:00,120,69.0502394436927,6.229374553417224,62.82086489027548,3,16.84166239966637,22.809263665406583,67.58863356105019,12.760440373876847,0.0,119.99999999999999,1.4210854715202004e-14,3.1112251420095616,21.806273071659334,1,233,6,3,WAIT
dqn,241,132,08:00,120,75.58082473502921,5.367861214865912,70.2129635201633,2,10.2386086160444,0.0,109.7613913839556,0.0,0.0,120.0,0.0,0.0,21.47144485946365,0,230,4,0,WAIT
dqn,242,132,08:00,120,86.52273887482714,8.372602333336264,78.15013654149088,2,17.67867847150827,36.755650037702985,65.56567149078876,0.0,0.0,120.00000000000001,-1.4210854715202004e-14,6.142783956295462,27.347625377049596,0,144,5,1,WAIT
dqn,243,132,08:00,120,90.84780492991534,5.677504704929622,85.17030022498572,4,11.826891851322227,8.620850784223064,99.5522573644547,0.0,0.0,120.0,0.0,0.8738289522399111,21.836189867478577,0,161,6,1,WAIT
dqn,244,132,08:00,120,120.10703842615929,10.386117398553822,109.72092102760547,4,8.429890765215145,55.420383807750596,56.149725427034234,0.0,0.0,119.99999999999997,2.842170943040401e-14,8.675218768384383,32.8692508258309,0,141,6,4,WAIT
dqn,245,132,08:00,120,97.40995642773717,8.461780020527911,88.94817640720926,3,18.306288027665506,30.867200342415096,70.8265116299194,0.0,0.0,120.0,0.0,5.271541753992986,28.575578328118656,0,161,7,1,WAIT
dqn,246,132,08:00,120,92.14880664019567,5.7544013680590975,86.39440527213658,4,25.8332627914217,11.613073597053038,82.55366361152525,0.0,0.0,119.99999999999999,1.4210854715202004e-14,1.9292720512650543,21.088333420971335,0,170,8,2,WAIT
dqn,247,132,08:00,120,74.99043662466168,4.67708124141931,70.31335538324237,2,34.95883926611009,8.639178008516707,76.4019827253732,0.0,0.0,120.0,0.0,0.8738289522399111,17.834496013437327,0,163,9,1,WAIT
dqn,248,132,08:00,120,62.77709285918087,6.835146520625443,55.941946338555425,2,18.846507492823182,45.02761276280495,50.269110254875656,5.85676948949623,0.0,120.00000000000001,-1.4210854715202004e-14,7.478369138478088,19.862216944023686,1,236,6,2,WAIT
dqn,249,132,08:00,120,103.85626164729457,6.047585563921873,97.8086760833727,4,22.347052463513062,0.0,95.06245773052822,2.590489805958697,0.0,119.99999999999999,1.4210854715202004e-14,0.0,24.190342255687494,1,236,8,0,WAIT
dqn,250,132,08:00,120,119.45865100560945,6.000112203683725,113.45853880192573,3,22.346229552921592,8.743428262747267,80.53259635369577,8.377745830635376,0.0,120.0,0.0,0.8738289522399111,23.126619862494987,1,186,8,1,WAIT
dqn,251,132,08:00,120,60.577240617077514,6.48413245573124,54.09310816134627,2,1.4672708897471463,0.0,113.03237997234734,5.5003491379055305,0.0,120.00000000000001,-1.4210854715202004e-14,0.0,25.93652982292496,1,236,3,0,WAIT
dqn,252,132,08:00,120,67.974910410139,4.818962863645309,63.15594754649369,2,26.170352110864847,18.315880065181783,75.51376782395336,0.0,0.0,119.99999999999999,1.4210854715202004e-14,2.2545195719585736,17.02133188262266,0,237,7,1,WAIT
dqn,253,132,08:00,120,91.68591879464341,5.767092986560429,85.91882580808299,4,24.756083474647447,15.976426634929792,79.26748989042274,0.0,0.0,119.99999999999997,2.842170943040401e-14,1.4702395865372382,21.598132359704476,0,170,9,2,WAIT
dqn,254,132,08:00,120,98.16321902403512,5.576101563283396,92.58711746075171,3,24.66811401296376,9.492953289003585,81.38445960496612,4.4544730930665395,0.0,120.00000000000001,-1.4210854715202004e-14,0.7789661452253094,21.525440107908278,1,68,7,1,WAIT
dqn,255,132,08:00,120,97.83866355980958,9.1978544952908,88.64080906451878,2,19.799356008169177,38.52534218564017,57.86953446476269,3.8057673414279662,0.0,120.0,0.0,6.8246488539889825,29.966769127174217,1,181,6,2,WAIT
dqn,256,132,08:00,120,81.8137873712919,6.045928173275116,75.76785919801678,5,9.508559170022016,14.713236180878916,91.07777128259454,4.700433366504541,0.0,120.00000000000001,-1.4210854715202004e-14,2.444299961608333,21.739412731492134,1,236,6,2,WAIT
dqn,257,132,08:00,120,112.37223455917977,8.26376963088681,104.10846492829296,4,33.47297743347589,34.63211757522594,51.894904991298176,0.0,0.0,120.0,0.0,5.0541061721743095,28.00097235137292,0,231,11,2,WAIT
dqn,258,132,08:00,120,69.2575745063938,7.595831865518505,61.66174264087529,4,15.859325316311043,17.923884704893062,85.90493262974934,0.31185734904656215,0.0,120.0,0.0,3.919261626105958,26.464065835968064,1,68,7,2,WAIT
dqn,259,132,08:00,120,92.02423027120962,7.319410089198946,84.70482018201068,3,18.778618394868772,13.426087363367305,84.98613961254422,2.809154629219705,0.0,120.0,0.0,2.214263697456449,27.063376659339333,1,239,6,2,WAIT
dqn,260,132,08:00,120,72.16560227639572,7.102290655060993,65.06331162133472,2,14.906139894798939,0.0,105.09386010520106,0.0,0.0,120.0,0.0,0.0,28.409162620243972,0,230,5,0,WAIT
dqn,261,132,08:00,120,48.12239097893914,4.862220736344541,43.2601702425946,2,18.956348391964703,8.927620268132918,92.11603133990238,0.0,0.0,120.0,0.0,0.917734710087371,18.531148235290793,0,163,6,1,WAIT
dqn,262,132,08:00,120,76.70917759754647,6.269185269051265,70.43999232849521,4,28.471630953717014,36.63574567480093,54.892623371482046,0.0,0.0,119.99999999999999,1.4210854715202004e-14,4.3031283665499265,20.77361270965513,0,263,10,3,WAIT
dqn,263,132,08:00,120,77.61024176291056,6.325796935032516,71.28444482787805,3,11.367096587774808,28.43644082293943,80.11357381301576,0.08288877626999636,0.0,120.0,0.0,3.7799300870950767,21.523257653034985,1,141,5,4,WAIT
dqn,264,132,08:00,120,80.7319749389065,6.629674007345658,74.10230093156085,3,8.654993080430943,22.39058496144405,88.95442195812501,0.0,0.0,120.0,0.0,2.8745984336803896,23.64409759570224,0,162,4,3,WAIT
dqn,265,132,08:00,120,60.74765418142318,6.718270635978433,54.029383545444745,1,11.342948204954675,54.09246681725138,41.99856839386608,12.566016583927862,0.0,120.0,0.0,8.993331871954295,17.87975067195944,1,262,4,2,WAIT
dqn,266,132,08:00,120,93.61773380746713,6.495790099601328,87.12194370786581,4,12.983779399093658,8.683934748546648,98.33228585235969,0.0,0.0,120.0,0.0,0.8738289522399111,25.1093314461654,0,164,6,1,WAIT
dqn,267,132,08:00,120,116.11344014729701,8.547641491924193,107.56579865537282,2,13.755038163214088,35.012004815316054,71.23295702146984,0.0,0.0,119.99999999999999,1.4210854715202004e-14,5.851377440928088,28.33918852676868,0,231,5,1,WAIT
dqn,268,132,08:00,120,63.58206302364653,4.6843542418723825,58.89770878177415,1,10.162314306395377,8.969810001663133,82.02984471723178,18.83803097470971,0.0,120.0,0.0,0.6603347362239406,18.07708223126559,1,186,3,1,WAIT
dqn,269,132,08:00,120,79.2477253068698,5.618259594499635,73.62946571237016,4,22.13786089271736,14.742139506956256,83.11999960032641,0.0,0.0,120.00000000000003,-2.842170943040401e-14,1.9491905842513346,20.523847793747205,0,140,7,2,WAIT
dqn,270,132,08:00,120,134.81251926185465,9.230468694749822,125.58205056710483,3,6.933826740405748,14.838166596101981,91.62490736515889,6.603099298333376,0.0,120.0,0.0,2.4650545668752764,34.45682021212401,1,107,4,2,WAIT
dqn,271,132,08:00,120,101.54500725822382,9.155320649696897,92.38968660852692,2,10.534279679980123,51.15157383830829,53.26368085758251,5.05046562412906,0.0,119.99999999999997,2.842170943040401e-14,8.400892030570402,28.22039056821719,1,79,3,3,WAIT
dqn,272,132,08:00,120,74.47878257383111,5.999685936135815,68.47909663769529,3,10.906447712507282,14.756623306147354,75.03498420403342,19.30194477731193,0.0,119.99999999999999,1.4210854715202004e-14,2.444299961608333,21.554443782934925,1,263,4,2,WAIT
dqn,273,132,08:00,120,73.30335146351194,5.407712845164499,67.89563861834745,4,31.314981957389293,5.893351873311025,82.7916661692997,0.0,0.0,120.00000000000003,-2.842170943040401e-14,0.7668336662811481,20.86401771437685,0,246,10,1,WAIT
dqn,274,132,08:00,120,71.94657938927872,5.933320339966604,66.01325904931213,2,46.398961010638146,5.880483991815971,67.72055499754589,0.0,0.0,120.0,0.0,1.249516314823952,22.483765045042468,0,181,11,1,WAIT
dqn,275,132,08:00,120,87.21355465036409,6.310160216249542,80.90339443411455,2,10.315019569959263,15.11713275271778,82.46811202570622,12.099735651616726,0.0,119.99999999999999,1.4210854715202004e-14,2.2468819921715575,22.99375887282661,1,79,4,2,WAIT
dqn,276,132,08:00,120,62.68687814167029,6.403136638634051,56.28374150303624,3,9.709819516617923,27.560601593669013,82.72957888971307,0.0,0.0,120.0,0.0,2.0645280831505866,23.548018471385618,0,231,5,2,WAIT
dqn,277,132,08:00,120,95.15568545746962,5.873516869319056,89.28216858815055,3,23.68236919871288,25.37551598746356,70.94211481382355,0.0,0.0,120.0,0.0,6.054912848381668,17.439154628894556,0,202,7,2,WAIT
dqn,278,132,08:00,120,69.94423366611983,6.107736840806235,63.836496825313596,2,9.75336392659829,31.833949363275735,72.97458014315971,5.438106566966269,0.0,120.0,0.0,4.468783269415022,19.962164093809918,1,262,4,3,WAIT
dqn,279,132,08:00,120,74.16408142838748,5.637488201625674,68.5265932267618,4,25.860107692767674,26.276361143718262,67.86353116351405,0.0,0.0,119.99999999999999,1.4210854715202004e-14,2.3428714304469658,20.207081376055733,0,230,8,3,WAIT
dqn,280,132,08:00,120,66.96488550125855,5.791015421642293,61.17387007961626,2,12.742308454000492,0.0,98.33858363802707,8.919107907972432,0.0,120.0,0.0,0.0,23.164061686569173,1,48,4,0,WAIT
dqn,281,132,08:00,120,59.87398848286669,6.622519922591403,53.25146856027529,1,10.070056346813349,53.04410150100252,42.976053734785665,13.90978841739846,0.0,120.0,0.0,8.818123934171009,17.671955756194603,1,262,3,2,WAIT
dqn,282,132,08:00,120,53.152419746402146,4.327655053761924,48.82476469264022,1,28.099584104427084,9.428359729780205,81.12074363407291,1.3513125317197847,0.0,119.99999999999999,1.4210854715202004e-14,0.7789661452253094,16.531654069822387,1,48,7,1,WAIT
dqn,283,132,08:00,120,75.15401925748681,5.902940827379226,69.25107843010758,3,12.329558926309254,17.565298440553466,74.70096502043832,15.404177612698973,0.0,120.00000000000001,-1.4210854715202004e-14,1.716739272990511,21.89502403652639,1,186,5,2,WAIT
dqn,284,132,08:00,120,76.93174617232297,5.360512080573636,71.57123409174933,4,37.43351930015134,22.701933258619064,59.8645474412296,0.0,0.0,120.0,0.0,3.1112251420095616,18.330823180284984,0,236,10,3,WAIT
dqn,285,132,08:00,120,82.44885629503531,6.182671412669702,76.26618488236561,3,10.966617788553732,8.253523687373981,89.12966232835494,11.650196195717356,0.0,120.00000000000001,-1.4210854715202004e-14,3.1402954808806487,21.590390169798162,1,238,5,1,WAIT
dqn,286,132,08:00,120,65.5301129629653,5.027547690886892,60.502565272078414,3,11.85727048014208,8.927620268132918,97.85898454526503,1.3561247064599655,0.0,119.99999999999999,1.4210854715202004e-14,0.917734710087371,19.192456053460198,1,236,5,1,WAIT
dqn,287,132,08:00,120,58.71400359220067,4.582127700658395,54.13187589154227,2,31.044465500096432,0.0,88.95553449990356,0.0,0.0,120.0,0.0,0.0,18.32851080263358,0,161,8,0,WAIT
dqn,288,132,08:00,120,156.22322289067336,6.992052936533445,149.23116995413992,5,19.109429447386255,23.424005661840646,63.26205493361925,14.20450995715386,0.0,120.00000000000001,-1.4210854715202004e-14,2.5311432908216895,25.437068455312087,1,163,8,2,WAIT
dqn,289,132,08:00,120,63.4159650119744,4.824014379576598,58.591950632397804,1,16.74198205988171,0.0,103.2580179401183,0.0,0.0,120.0,0.0,0.0,19.29605751830639,0,163,4,0,WAIT
dqn,290,132,08:00,120,73.14617946308758,5.63172609445769,67.51445336862989,3,13.473733755263211,14.88155372137042,91.64471252336637,0.0,0.0,120.0,0.0,2.4650545668752764,20.061849810955483,0,161,5,2,WAIT
dqn,291,132,08:00,120,97.48546118988521,6.629908386507103,90.85555280337812,4,11.761597275910827,17.648077575100874,90.26520259293905,0.3251225560492088,0.0,119.99999999999996,4.263256414560601e-14,1.5341636884638516,24.98546985756456,1,161,6,2,WAIT
dqn,292,132,08:00,120,86.8837019861681,6.262011509754717,80.62169047641339,4,13.174291573480843,29.02879713240663,75.38726339973925,2.409647894373279,0.0,120.0,0.0,2.9864972307016133,22.06154880831725,1,186,6,3,WAIT
dqn,293,132,08:00,120,78.23848745972164,5.083650393894318,73.15483706582732,3,17.5989772591862,18.59079159200588,82.88092802158306,0.9293031272248697,0.0,120.0,0.0,1.4041933469266459,18.930408228650624,1,144,6,1,WAIT
dqn,294,132,08:00,120,86.75635154566673,5.311919324329408,81.44443222133732,4,14.025192051833315,15.062772747173899,81.70054081162706,9.211494389365711,0.0,119.99999999999999,1.4210854715202004e-14,1.5732410281108398,19.674436269206794,1,48,7,2,WAIT
dqn,295,132,08:00,120,52.34605700671115,4.694337749281645,47.651719257429505,1,14.925818837904863,0.0,95.11129658211591,9.962884579979217,0.0,119.99999999999999,1.4210854715202004e-14,0.0,18.77735099712658,1,161,4,0,WAIT
dqn,296,132,08:00,120,54.718509572483164,4.703887371736522,50.01462220074664,1,4.572730713896969,8.743428262747267,95.18326119926395,11.500579824091801,0.0,119.99999999999999,1.4210854715202004e-14,0.8738289522399111,17.941720534706178,1,186,2,1,WAIT
dqn,297,132,08:00,120,84.28860179890358,5.78435343704893,78.50424836185465,4,19.727145212356803,25.55609234891321,74.71676243873,0.0,0.0,120.00000000000001,-1.4210854715202004e-14,2.3629098481247963,20.774503900070922,0,162,7,3,WAIT
dqn,298,132,08:00,120,71.80595614791122,5.637709074523565,66.16824707338765,4,32.67244276751036,0.0,87.32755723248962,0.0,0.0,119.99999999999999,1.4210854715202004e-14,0.0,22.55083629809426,0,113,10,0,WAIT
dqn,299,132,08:00,120,104.68109816642794,8.85824537253009,95.82285279389785,2,15.132072706830154,31.542529453657632,73.32539783951222,0.0,0.0,120.0,0.0,5.271541753992986,30.161439736127374,0,261,5,1,WAIT
