algorithm,scenario_id,start_zone,start_time,horizon_minutes,gross_revenue_2h,operating_cost_2h,net_earnings_2h,completed_trips,waiting_minutes,empty_minutes,occupied_minutes,unfinished_occupied_minutes,terminal_unused_minutes,accounted_minutes,time_accounting_error,empty_miles,occupied_miles,unfinished_trip_at_horizon,end_zone,wait_decisions,reposition_decisions,first_action,competition_scenario
wait_only,0,132,08:00,120,161.73701361196458,9.26948486445608,152.4675287475085,3,22.862931373061016,0.0,89.22340464566885,7.913663981270133,0.0,120.0,0.0,0.0,26.484242469874516,1,161,7,0,WAIT,low
wait_only,1,132,08:00,120,81.35330592056951,6.448945382500307,74.9043605380692,2,14.692626072900973,0.0,105.30737392709904,0.0,0.0,120.00000000000001,-1.4210854715202004e-14,0.0,18.425558235715165,0,236,5,0,WAIT,low
wait_only,2,132,08:00,120,126.12474051576514,8.88530958431427,117.23943093145087,5,30.479319162846103,0.0,88.19445720495376,1.32622363220014,0.0,120.0,0.0,0.0,25.386598812326483,1,164,9,0,WAIT,low
wait_only,3,132,08:00,120,149.9494056374016,10.258125601039987,139.69128003636163,7,36.204082499158126,0.0,83.79591750084188,0.0,0.0,120.0,0.0,0.0,29.30893028868568,0,162,12,0,WAIT,low
wait_only,4,132,08:00,120,98.93671194769098,6.4668181515889955,92.46989379610199,2,27.494496961783646,0.0,88.2440999375674,4.261403100648948,0.0,120.0,0.0,0.0,18.476623290254274,1,90,7,0,WAIT,low
wait_only,5,132,08:00,120,120.49307687376478,7.097856576447584,113.3952202973172,3,25.84621523786307,0.0,93.43619596214423,0.7175887999927113,0.0,120.0,0.0,0.0,20.27959021842167,1,237,7,0,WAIT,low
wait_only,6,132,08:00,120,142.52124231412134,8.212262670686846,134.3089796434345,4,47.039275327610156,0.0,57.38345260307244,15.577272069317388,0.0,119.99999999999999,1.4210854715202004e-14,0.0,23.463607630533847,1,170,12,0,WAIT,low
wait_only,7,132,08:00,120,137.48792860771502,9.185426024303563,128.30250258341147,3,17.187883360227982,0.0,102.81211663977203,0.0,0.0,120.00000000000001,-1.4210854715202004e-14,0.0,26.24407435515304,0,234,6,0,WAIT,low
wait_only,8,132,08:00,120,120.21570972799783,9.225909416239327,110.9898003117585,4,65.57735753181413,0.0,54.42264246818586,0.0,0.0,120.0,0.0,0.0,26.35974118925522,0,68,16,0,WAIT,low
wait_only,9,132,08:00,120,115.22262613051848,7.5080072451625774,107.7146188853559,4,15.252142323256988,0.0,89.0838325872382,15.664025089504804,0.0,120.0,0.0,0.0,21.45144927189308,1,158,5,0,WAIT,low
wait_only,10,132,08:00,120,113.26432895286462,8.057637261162926,105.20669169170169,3,52.12929550040839,0.0,67.87070449959162,0.0,0.0,120.00000000000001,-1.4210854715202004e-14,0.0,23.02182074617979,0,74,13,0,WAIT,low
wait_only,11,132,08:00,120,108.63979664356627,5.988518131438052,102.65127851212821,3,31.531751582276648,0.0,88.33051837860033,0.13773003912301363,0.0,119.99999999999999,1.4210854715202004e-14,0.0,17.11005180410872,1,90,9,0,WAIT,low
wait_only,12,132,08:00,120,110.51731203389375,7.780699896504335,102.73661213738941,3,27.5275109702625,0.0,92.47248902973749,0.0,0.0,119.99999999999999,1.4210854715202004e-14,0.0,22.230571132869528,0,236,7,0,WAIT,low
wait_only,13,132,08:00,120,86.78898955536776,6.1679957259622755,80.62099382940549,1,1.7504119457194902,0.0,118.24958805428051,0.0,0.0,120.0,0.0,0.0,17.622844931320788,0,230,2,0,WAIT,low
wait_only,14,132,08:00,120,125.44110016483272,7.936939604324045,117.50416056050868,5,41.22355813115796,0.0,74.95610708059344,3.8203347882486014,0.0,120.0,0.0,0.0,22.6769702980687,1,74,11,0,WAIT,low
wait_only,15,132,08:00,120,87.73240135414005,7.0600662804022205,80.67233507373783,2,11.51550588894642,0.0,108.48449411105358,0.0,0.0,120.0,0.0,0.0,20.171617944006346,0,233,5,0,WAIT,low
wait_only,16,132,08:00,120,145.7385151536356,7.218402942318501,138.5201122113171,6,32.81653848349748,0.0,87.18346151650252,0.0,0.0,120.0,0.0,0.0,20.624008406624284,0,140,11,0,WAIT,low
wait_only,17,132,08:00,120,111.85887199834937,8.178645803861723,103.68022619448764,3,33.431654022386766,0.0,86.56834597761322,0.0,0.0,119.99999999999999,1.4210854715202004e-14,0.0,23.36755943960493,0,237,9,0,WAIT,low
wait_only,18,132,08:00,120,148.0964749994405,10.71224719514197,137.38422780429852,3,16.216085493083245,0.0,100.2329720130771,3.5509424938396563,0.0,120.0,0.0,0.0,30.60642055754849,1,138,6,0,WAIT,low
wait_only,19,132,08:00,120,99.5855687067364,6.89281363124357,92.69275507549283,3,47.12378763853863,0.0,72.60738893322781,0.26882342823356,0.0,120.0,0.0,0.0,19.693753232124486,1,234,12,0,WAIT,low
wait_only,20,132,08:00,120,143.81362985898227,7.7181945407170485,136.09543531826523,6,41.92539001304354,0.0,78.07460998695645,0.0,0.0,119.99999999999999,1.4210854715202004e-14,0.0,22.051984402048706,0,162,13,0,WAIT,low
wait_only,21,132,08:00,120,139.87034643251474,8.726537992861347,131.14380843965338,4,15.209999864003464,0.0,104.79000013599654,0.0,0.0,120.0,0.0,0.0,24.93296569388957,0,238,6,0,WAIT,low
wait_only,22,132,08:00,120,118.80371744218522,9.669814498222518,109.1339029439627,4,17.504506469201218,0.0,102.49549353079878,0.0,0.0,120.0,0.0,0.0,27.628041423492906,0,246,7,0,WAIT,low
wait_only,23,132,08:00,120,88.7110654830466,6.081311408016897,82.6297540750297,1,34.059280583814626,0.0,70.56876399089597,15.3719554252894,0.0,120.0,0.0,0.0,17.37517545147685,1,230,8,0,WAIT,low
wait_only,24,132,08:00,120,107.62137317754089,7.50457229754332,100.11680087999757,2,25.920418374050154,0.0,94.07958162594986,0.0,0.0,120.00000000000001,-1.4210854715202004e-14,0.0,21.44163513583806,0,234,7,0,WAIT,low
wait_only,25,132,08:00,120,112.10204951803665,7.387133814285169,104.71491570375149,2,29.7723676078637,0.0,90.2276323921363,0.0,0.0,120.0,0.0,0.0,21.10609661224334,0,162,8,0,WAIT,low
wait_only,26,132,08:00,120,120.26645202177113,8.268239313089387,111.99821270868175,5,20.05727498713338,0.0,96.7310497921774,3.2116752206892016,0.0,119.99999999999999,1.4210854715202004e-14,0.0,23.6235408945411,1,170,8,0,WAIT,low
wait_only,27,132,08:00,120,117.91564499600653,6.474383214630706,111.44126178137583,2,20.058026445186364,0.0,75.46410654210959,24.47786701270404,0.0,119.99999999999999,1.4210854715202004e-14,0.0,18.49823775608773,1,230,6,0,WAIT,low
wait_only,28,132,08:00,120,137.80340457552973,10.442790824957177,127.36061375057255,4,17.617510953219224,0.0,101.46262065096752,0.9198683958132534,0.0,120.0,0.0,0.0,29.83654521416336,1,163,8,0,WAIT,low
wait_only,29,132,08:00,120,64.1908759349454,6.586685259441347,57.60419067550405,1,13.146918635572854,0.0,87.66913054131913,19.18395082310802,0.0,120.00000000000001,-1.4210854715202004e-14,0.0,18.819100741260993,1,230,4,0,WAIT,low
wait_only,30,132,08:00,120,116.09209602540948,7.07791840942769,109.01417761598178,3,29.954696929376322,0.0,89.83035765386902,0.2149454167546736,0.0,120.00000000000001,-1.4210854715202004e-14,0.0,20.22262402693626,1,237,9,0,WAIT,low
wait_only,31,132,08:00,120,103.86673555351983,6.997715981382022,96.8690195721378,3,2.808129315130709,0.0,108.1203148194473,9.071555865421985,0.0,120.0,0.0,0.0,19.993474232520068,1,238,4,0,WAIT,low
wait_only,32,132,08:00,120,97.7810876907842,6.657063203504178,91.12402448728002,2,10.127688921653872,0.0,101.11294967516294,8.759361403183192,0.0,120.0,0.0,0.0,19.020180581440506,1,68,3,0,WAIT,low
wait_only,33,132,08:00,120,110.41469657393162,7.613138229416033,102.80155834451558,3,11.504586385789947,0.0,108.49541361421004,0.0,0.0,119.99999999999999,1.4210854715202004e-14,0.0,21.75182351261724,0,263,5,0,WAIT,low
wait_only,34,132,08:00,120,113.45149505800633,7.57436069471947,105.87713436328686,3,26.769164267636054,0.0,93.23083573236396,0.0,0.0,120.00000000000001,-1.4210854715202004e-14,0.0,21.641030556341345,0,48,8,0,WAIT,low
wait_only,35,132,08:00,120,103.87232331983697,7.319273100356295,96.55305021948067,2,38.45144304837052,0.0,81.54855695162948,0.0,0.0,120.0,0.0,0.0,20.91220885816084,0,246,10,0,WAIT,low
wait_only,36,132,08:00,120,121.3165882656332,7.359982870640957,113.95660539499224,5,42.888136581836655,0.0,77.11186341816334,0.0,0.0,120.0,0.0,0.0,21.02852248754559,0,246,13,0,WAIT,low
wait_only,37,132,08:00,120,139.6258403335733,8.30576292251898,131.32007741105434,4,12.530079128141754,0.0,102.42856589632494,5.041354975533309,0.0,120.0,0.0,0.0,23.73075120719709,1,237,5,0,WAIT,low
wait_only,38,132,08:00,120,123.10008215845902,6.566534045462284,116.53354811299673,4,34.07089511774276,0.0,85.92910488225725,0.0,0.0,120.0,0.0,0.0,18.761525844177957,0,236,10,0,WAIT,low
wait_only,39,132,08:00,120,86.53362101593208,7.087175524721019,79.44644549121107,2,41.70135011001359,0.0,76.69649035302803,1.602159536958382,0.0,120.0,0.0,0.0,20.249072927774343,1,239,11,0,WAIT,low
wait_only,40,132,08:00,120,100.7904070397274,6.960036858467285,93.83037018126011,5,37.52505787933566,0.0,82.47494212066435,0.0,0.0,120.00000000000001,-1.4210854715202004e-14,0.0,19.88581959562082,0,205,12,0,WAIT,low
wait_only,41,132,08:00,120,122.99240994625156,7.582098958263202,115.41031098798835,3,4.041117245680877,0.0,103.13515631565934,12.82372643865979,0.0,120.00000000000001,-1.4210854715202004e-14,0.0,21.663139880752006,1,230,4,0,WAIT,low
wait_only,42,132,08:00,120,83.68937756528597,7.221561150666601,76.46781641461936,2,24.348462543172097,0.0,91.5873336261075,4.064203830720402,0.0,120.0,0.0,0.0,20.633031859047435,1,162,6,0,WAIT,low
wait_only,43,132,08:00,120,99.48336333932504,7.478149988959196,92.00521335036584,4,39.78447231097476,0.0,76.70532654845918,3.510201140566025,0.0,119.99999999999997,2.842170943040401e-14,0.0,21.366142825597702,1,114,12,0,WAIT,low
wait_only,44,132,08:00,120,135.46321515754323,7.99325938936014,127.4699557681831,6,51.45047234161812,0.0,68.54952765838186,0.0,0.0,119.99999999999999,1.4210854715202004e-14,0.0,22.8378839696004,0,140,15,0,WAIT,low
wait_only,45,132,08:00,120,136.49152119387696,8.490319737030283,128.00120145684667,3,6.976232154602118,0.0,112.34650122899062,0.6772666164072518,0.0,119.99999999999999,1.4210854715202004e-14,0.0,24.258056391515094,1,186,4,0,WAIT,low
wait_only,46,132,08:00,120,148.08382994417428,8.224197716769853,139.85963222740443,5,27.491229166771838,0.0,92.50877083322816,0.0,0.0,120.0,0.0,0.0,23.497707762199582,0,236,9,0,WAIT,low
wait_only,47,132,08:00,120,102.74767092485396,6.729636355489155,96.01803456936481,3,39.750585034316806,0.0,74.27241347197466,5.977001493708528,0.0,119.99999999999999,1.4210854715202004e-14,0.0,19.22753244425473,1,68,10,0,WAIT,low
wait_only,48,132,08:00,120,118.59861206582498,7.265010538513456,111.33360152731153,5,46.01212560492636,0.0,73.98787439507365,0.0,0.0,120.0,0.0,0.0,20.757172967181305,0,246,13,0,WAIT,low
wait_only,49,132,08:00,120,94.68275182400237,8.09456572051181,86.58818610349056,3,16.638459528714453,0.0,100.76732286396384,2.59421760732171,0.0,120.0,0.0,0.0,23.127330630033743,1,239,6,0,WAIT,low
wait_only,50,132,08:00,120,88.27377730702543,4.445962211774004,83.82781509525142,6,45.18447822559933,0.0,74.81552177440068,0.0,0.0,120.0,0.0,0.0,12.702749176497155,0,197,13,0,WAIT,low
wait_only,51,132,08:00,120,88.13718365100375,5.493403648358002,82.64378000264576,1,37.015849202254586,0.0,69.48894775487959,13.49520304286581,0.0,119.99999999999999,1.4210854715202004e-14,0.0,15.695438995308578,1,68,9,0,WAIT,low
wait_only,52,132,08:00,120,120.28172551478008,8.81016936892992,111.47155614585016,6,31.72293083546662,0.0,88.27706916453339,0.0,0.0,120.0,0.0,0.0,25.171912482656914,0,162,11,0,WAIT,low
wait_only,53,132,08:00,120,100.89431472278079,6.78924750334984,94.10506721943095,2,63.04775688477132,0.0,56.95224311522868,0.0,0.0,120.0,0.0,0.0,19.397850009570973,0,164,14,0,WAIT,low
wait_only,54,132,08:00,120,74.88962890716998,7.175593834816137,67.71403507235384,1,26.182742575211275,0.0,79.30584437247354,14.511413052315177,0.0,120.0,0.0,0.0,20.50169667090325,1,163,6,0,WAIT,low
wait_only,55,132,08:00,120,106.65309408067857,8.107393860456893,98.54570022022168,4,37.14003783093839,0.0,82.8599621690616,0.0,0.0,120.0,0.0,0.0,23.16398245844827,0,246,10,0,WAIT,low
wait_only,56,132,08:00,120,114.68158536736549,7.541807372957093,107.13977799440839,4,23.22182002949659,0.0,90.81763314759088,5.960546822912519,0.0,119.99999999999999,1.4210854715202004e-14,0.0,21.548021065591694,1,163,8,0,WAIT,low
wait_only,57,132,08:00,120,123.26606362700849,7.640616142273881,115.62544748473461,3,9.516664005469192,0.0,95.0709951005631,15.412340893967723,0.0,120.00000000000001,-1.4210854715202004e-14,0.0,21.830331835068232,1,170,4,0,WAIT,low
wait_only,58,132,08:00,120,96.54715129606119,7.614621736110604,88.93252955995058,3,45.45085013903063,0.0,74.54914986096938,0.0,0.0,120.0,0.0,0.0,21.756062103173157,0,161,12,0,WAIT,low
wait_only,59,132,08:00,120,142.02842079410522,8.534958274668671,133.49346251943655,5,21.21393827060212,0.0,91.46348727718706,7.32257445221083,0.0,120.0,0.0,0.0,24.38559507048192,1,161,7,0,WAIT,low
wait_only,60,132,08:00,120,136.65777655857113,7.879482233813023,128.7782943247581,4,35.603455325499,0.0,84.396544674501,0.0,0.0,120.0,0.0,0.0,22.512806382322925,0,162,10,0,WAIT,low
wait_only,61,132,08:00,120,82.02801680698666,6.708285618396244,75.31973118859041,2,21.202528641444495,0.0,98.7974713585555,0.0,0.0,120.0,0.0,0.0,19.16653033827498,0,161,6,0,WAIT,low
wait_only,62,132,08:00,120,166.12423338808236,8.208537764411917,157.91569562367044,4,15.670122346127888,0.0,104.32987765387212,0.0,0.0,120.0,0.0,0.0,23.452965041176906,0,50,6,0,WAIT,low
wait_only,63,132,08:00,120,109.77349922936286,6.777236271226262,102.9962629581366,4,32.21238976348053,0.0,77.58448023330757,10.203130003211896,0.0,120.0,0.0,0.0,19.36353220350361,1,163,9,0,WAIT,low
wait_only,64,132,08:00,120,87.13155597051353,6.257103050255705,80.87445292025782,1,31.26133949224702,0.0,81.86095939696473,6.8777011107882515,0.0,120.0,0.0,0.0,17.877437286444874,1,162,8,0,WAIT,low
wait_only,65,132,08:00,120,96.05468333554813,5.325810449270639,90.7288728862775,3,40.973985790535785,0.0,76.64575321650914,2.380260992955087,0.0,120.00000000000001,-1.4210854715202004e-14,0.0,15.216601283630398,1,234,10,0,WAIT,low
wait_only,66,132,08:00,120,53.83389513258702,7.367883785617675,46.46601134696934,2,8.135795765665215,0.0,76.27237328628671,35.59183094804807,0.0,119.99999999999999,1.4210854715202004e-14,0.0,21.051096530336217,1,138,4,0,WAIT,low
wait_only,67,132,08:00,120,116.23602546588086,7.608948523801274,108.62707694207958,3,24.887045342136087,0.0,95.11295465786392,0.0,0.0,120.00000000000001,-1.4210854715202004e-14,0.0,21.739852925146497,0,246,7,0,WAIT,low
wait_only,68,132,08:00,120,99.36085294734738,5.416377228634108,93.94447571871328,2,26.7076948674079,0.0,92.91128120781444,0.381023924777665,0.0,120.0,0.0,0.0,15.475363510383165,1,170,7,0,WAIT,low
wait_only,69,132,08:00,120,87.53375033435198,6.925827535537214,80.60792279881477,3,38.85457646612455,0.0,71.48026910001133,9.665154433864132,0.0,120.0,0.0,0.0,19.78807867296347,1,90,10,0,WAIT,low
wait_only,70,132,08:00,120,136.80750798245657,8.877564741080587,127.92994324137598,5,42.21257088197074,0.0,77.78742911802927,0.0,0.0,120.0,0.0,0.0,25.364470688801678,0,229,12,0,WAIT,low
wait_only,71,132,08:00,120,111.327258980613,7.347268707194782,103.97999027341821,4,24.624722581014083,0.0,95.37527741898592,0.0,0.0,120.0,0.0,0.0,20.99219630627081,0,249,8,0,WAIT,low
wait_only,72,132,08:00,120,168.0702510414252,7.856186752477587,160.2140642889476,6,74.96814985723212,0.0,45.03185014276789,0.0,0.0,120.0,0.0,0.0,22.446247864221682,0,163,19,0,WAIT,low
wait_only,73,132,08:00,120,80.21341594866666,9.034196260464395,71.17921968820227,2,5.570869628754771,0.0,96.51517838252225,17.91395198872297,0.0,120.0,0.0,0.0,25.811989315612557,1,230,3,0,WAIT,low
wait_only,74,132,08:00,120,131.44700585348016,9.008238087799919,122.43876776568024,4,24.993983219491444,0.0,95.00601678050856,0.0,0.0,120.0,0.0,0.0,25.737823107999763,0,163,8,0,WAIT,low
wait_only,75,132,08:00,120,119.02663724093306,6.7053262851664135,112.32131095576665,4,31.378134649068514,0.0,88.62186535093147,0.0,0.0,119.99999999999999,1.4210854715202004e-14,0.0,19.15807510047547,0,234,10,0,WAIT,low
wait_only,76,132,08:00,120,83.69493743942245,7.315769205299877,76.37916823412257,3,26.392600266269085,0.0,84.37842264829347,9.22897708543745,0.0,120.0,0.0,0.0,20.902197729428224,1,239,8,0,WAIT,low
wait_only,77,132,08:00,120,132.1133106942645,7.737039730284643,124.37627096397986,3,10.448945304001029,0.0,104.05242103737416,5.498633658624826,0.0,120.00000000000001,-1.4210854715202004e-14,0.0,22.105827800813266,1,236,4,0,WAIT,low
wait_only,78,132,08:00,120,131.21048753554763,7.282385486008414,123.92810204953922,3,29.414449391777396,0.0,78.75535766148388,11.83019294673872,0.0,120.0,0.0,0.0,20.806815674309757,1,231,8,0,WAIT,low
wait_only,79,132,08:00,120,99.52041989841219,6.044735856827617,93.47568404158457,2,44.088208588657075,0.0,72.47471171991765,3.437079691425282,0.0,120.0,0.0,0.0,17.27067387665034,1,161,11,0,WAIT,low
wait_only,80,132,08:00,120,118.89206248569464,7.286730407124585,111.60533207857006,4,23.820326137991565,0.0,89.21755265879338,6.962121203215048,0.0,120.0,0.0,0.0,20.819229734641674,1,41,8,0,WAIT,low
wait_only,81,132,08:00,120,152.7313154039248,10.123306044531613,142.6080093593932,3,6.282381469757583,0.0,113.71761853024242,0.0,0.0,120.0,0.0,0.0,28.92373155580461,0,138,4,0,WAIT,low
wait_only,82,132,08:00,120,125.63525014164057,6.783958479415694,118.85129166222488,4,16.53393206594518,0.0,98.39120780660696,5.074860127447849,0.0,119.99999999999999,1.4210854715202004e-14,0.0,19.38273851261627,1,137,6,0,WAIT,low
wait_only,83,132,08:00,120,149.6305871102069,6.176787022906968,143.45380008729992,5,15.311829901256427,0.0,93.30701580226014,11.38115429648343,0.0,120.0,0.0,0.0,17.64796292259134,1,236,7,0,WAIT,low
wait_only,84,132,08:00,120,87.24026899934387,6.858009155058787,80.38225984428509,1,0.9554385637391117,0.0,113.34466204156867,5.699899394692224,0.0,120.0,0.0,0.0,19.594311871596535,1,230,2,0,WAIT,low
wait_only,85,132,08:00,120,104.9984683599427,6.232960649040396,98.76550771090231,3,20.143592033945097,0.0,95.13663333184316,4.7197746342117455,0.0,120.0,0.0,0.0,17.808458997258278,1,113,7,0,WAIT,low
wait_only,86,132,08:00,120,150.12270807786,9.163936165927524,140.9587719119325,5,31.693913762800758,0.0,77.74141130221916,10.564674934980061,0.0,119.99999999999999,1.4210854715202004e-14,0.0,26.182674759792924,1,68,9,0,WAIT,low
wait_only,87,132,08:00,120,136.74685278123945,7.2431701513255495,129.5036826299139,5,42.94742636739632,0.0,77.0525736326037,0.0,0.0,120.00000000000001,-1.4210854715202004e-14,0.0,20.694771860930143,0,162,13,0,WAIT,low
wait_only,88,132,08:00,120,90.83395502559709,7.047933389303493,83.7860216362936,2,7.3938149580448655,0.0,112.60618504195511,0.0,0.0,119.99999999999999,1.4210854715202004e-14,0.0,20.136952540867124,0,68,4,0,WAIT,low
wait_only,89,132,08:00,120,108.25987326963245,8.08751163330059,100.17236163633186,2,12.05478656736642,0.0,91.40606551868392,16.539147913949662,0.0,120.0,0.0,0.0,23.107176095144542,1,161,5,0,WAIT,low
wait_only,90,132,08:00,120,92.77373884381086,6.282856398849013,86.49088244496184,4,41.268137879290855,0.0,78.73186212070915,0.0,0.0,120.0,0.0,0.0,17.951018282425757,0,246,12,0,WAIT,low
wait_only,91,132,08:00,120,110.85141860940075,7.1051628960595545,103.7462557133412,3,28.996423285213005,0.0,83.97298096996883,7.0305957448181715,0.0,120.00000000000001,-1.4210854715202004e-14,0.0,20.300465417313017,1,236,7,0,WAIT,low
wait_only,92,132,08:00,120,94.35000212195945,8.08630166087084,86.2637004610886,2,20.713777800699972,0.0,99.28622219930003,0.0,0.0,120.0,0.0,0.0,23.103719031059544,0,230,6,0,WAIT,low
wait_only,93,132,08:00,120,103.95119209738424,6.500352363330333,97.4508397340539,3,34.91655889393596,0.0,85.08344110606404,0.0,0.0,120.0,0.0,0.0,18.572435323800953,0,246,9,0,WAIT,low
wait_only,94,132,08:00,120,98.72173058797782,7.3811003471537,91.34063024082411,2,12.958392860587708,0.0,86.7543809820701,20.28722615734219,0.0,120.0,0.0,0.0,21.08885813472486,1,237,4,0,WAIT,low
wait_only,95,132,08:00,120,203.38130621659172,8.329155760294782,195.05215045629694,7,43.10512977449786,0.0,72.84614489868892,4.048725326813198,0.0,119.99999999999999,1.4210854715202004e-14,0.0,23.797587886556524,1,90,14,0,WAIT,low
wait_only,96,132,08:00,120,155.34030661630382,10.381187825072788,144.95911879123102,3,32.43938400849977,0.0,71.04714168256113,16.513474308939095,0.0,120.0,0.0,0.0,29.660536643065107,1,170,9,0,WAIT,low
wait_only,97,132,08:00,120,125.67517484774451,7.894896463565853,117.78027838417866,6,25.913009446525635,0.0,94.08699055347437,0.0,0.0,120.0,0.0,0.0,22.556847038759578,0,263,11,0,WAIT,low
wait_only,98,132,08:00,120,151.63030782267907,7.057177985322093,144.573129837357,5,18.898575777417214,0.0,101.10142422258278,0.0,0.0,120.0,0.0,0.0,20.16336567234884,0,170,8,0,WAIT,low
wait_only,99,132,08:00,120,93.65884656374041,6.177241491504861,87.48160507223555,3,7.242423664879132,0.0,106.44751061609361,6.31006571902725,0.0,119.99999999999999,1.4210854715202004e-14,0.0,17.6492614042996,1,231,4,0,WAIT,low
wait_only,100,132,08:00,120,104.18149311220913,6.497337903495357,97.68415520871378,2,13.529383558279008,0.0,90.79930993254769,15.671306509173306,0.0,120.0,0.0,0.0,18.563822581415305,1,68,5,0,WAIT,low
wait_only,101,132,08:00,120,156.2077406132666,9.840229339245319,146.36751127402127,7,22.553538915343548,0.0,86.05890677717989,11.387554307476577,0.0,120.00000000000001,-1.4210854715202004e-14,0.0,28.114940969272343,1,162,11,0,WAIT,low
wait_only,102,132,08:00,120,132.48745378848284,8.44095682240978,124.04649696607306,6,43.416689524090856,0.0,71.26037500764849,5.322935468260653,0.0,120.0,0.0,0.0,24.117019492599372,1,234,13,0,WAIT,low
wait_only,103,132,08:00,120,90.20321461987918,6.4370801624371925,83.76613445744198,2,20.835215833604593,0.0,91.36969383610793,7.795090330287479,0.0,120.0,0.0,0.0,18.39165760696341,1,161,6,0,WAIT,low
wait_only,104,132,08:00,120,137.47550269776013,8.048052997160818,129.4274497005993,5,18.235785542007136,0.0,101.76421445799286,0.0,0.0,120.0,0.0,0.0,22.994437134745194,0,162,7,0,WAIT,low
wait_only,105,132,08:00,120,139.40993486613095,9.102512736131612,130.30742212999934,5,40.47960373839303,0.0,79.52039626160698,0.0,0.0,120.0,0.0,0.0,26.007179246090327,0,141,12,0,WAIT,low
wait_only,106,132,08:00,120,86.22032418036126,5.420518062437765,80.7998061179235,1,0.39741058297801307,0.0,103.09255480135823,16.510034615663756,0.0,120.0,0.0,0.0,15.487194464107901,1,48,2,0,WAIT,low
wait_only,107,132,08:00,120,80.01863511711441,5.902575997901955,74.11605911921245,6,38.613352001278514,0.0,81.38664799872147,0.0,0.0,119.99999999999999,1.4210854715202004e-14,0.0,16.864502851148444,0,131,11,0,WAIT,low
wait_only,108,132,08:00,120,106.24037280995799,6.9516658777627995,99.2887069321952,3,18.011373600823674,0.0,93.90471955474159,8.083906844434736,0.0,120.0,0.0,0.0,19.86190250789371,1,238,5,0,WAIT,low
wait_only,109,132,08:00,120,100.9592392809046,7.456195676941605,93.503043603963,4,21.426492874498468,0.0,81.56408965218954,17.009417473312013,0.0,120.00000000000001,-1.4210854715202004e-14,0.0,21.30341621983316,1,161,8,0,WAIT,low
wait_only,110,132,08:00,120,114.82542835874796,7.421077288015289,107.40435107073267,3,5.7796603230791295,0.0,109.22087299761964,4.999466679301236,0.0,120.0,0.0,0.0,21.20307796575797,1,236,4,0,WAIT,low
wait_only,111,132,08:00,120,90.33943164727566,6.43937141169094,83.90006023558472,2,5.168770622396354,0.0,114.83122937760365,0.0,0.0,120.0,0.0,0.0,18.39820403340269,0,75,3,0,WAIT,low
wait_only,112,132,08:00,120,161.17712986855955,12.320593019928864,148.8565368486307,2,9.480601686394659,0.0,90.46559635123577,20.053801962369562,0.0,120.0,0.0,0.0,35.201694342653894,1,132,4,0,WAIT,low
wait_only,113,132,08:00,120,130.84062103458626,9.102799190042887,121.73782184454338,3,24.877397055791974,0.0,92.19655145573739,2.926051488470634,0.0,120.0,0.0,0.0,26.007997685836823,1,230,8,0,WAIT,low
wait_only,114,132,08:00,120,190.81098399484472,9.210068514632788,181.60091548021194,4,8.613781647676404,0.0,111.38621835232361,0.0,0.0,120.00000000000001,-1.4210854715202004e-14,0.0,26.314481470379395,0,48,5,0,WAIT,low
wait_only,115,132,08:00,120,113.565868509089,6.960844120055402,106.6050243890336,2,34.10429377955378,0.0,80.67569815349567,5.220008066950555,0.0,120.0,0.0,0.0,19.88812605730115,1,142,9,0,WAIT,low
wait_only,116,132,08:00,120,106.56617787861197,8.191097396301478,98.3750804823105,3,42.890120322465805,0.0,77.1098796775342,0.0,0.0,120.0,0.0,0.0,23.403135418004226,0,162,11,0,WAIT,low
wait_only,117,132,08:00,120,185.82945592857172,8.854306516989183,176.97514941158255,6,11.053636541353828,0.0,106.77970451916,2.1666589394861546,0.0,119.99999999999999,1.4210854715202004e-14,0.0,25.298018619969096,1,234,7,0,WAIT,low
wait_only,118,132,08:00,120,117.73734364000572,7.0772041001628105,110.6601395398429,4,62.42765893420042,0.0,57.57234106579958,0.0,0.0,120.0,0.0,0.0,20.22058314332232,0,144,16,0,WAIT,low
wait_only,119,132,08:00,120,120.55691260370115,7.3975749457810505,113.1593376579201,3,17.943164323465997,0.0,102.05683567653398,0.0,0.0,119.99999999999997,2.842170943040401e-14,0.0,21.135928416517288,0,140,6,0,WAIT,low
wait_only,120,132,08:00,120,86.91196382886852,6.901269659941629,80.01069416892689,3,8.11799740459913,0.0,97.78229395379385,14.099708641606995,0.0,119.99999999999999,1.4210854715202004e-14,0.0,19.717913314118945,1,68,5,0,WAIT,low
wait_only,121,132,08:00,120,69.33956609578345,6.660803647188596,62.67876244859486,2,6.49141783511199,0.0,106.06487835234445,7.443703812543561,0.0,120.0,0.0,0.0,19.03086756339599,1,100,3,0,WAIT,low
wait_only,122,132,08:00,120,119.17054620648943,7.309201633168659,111.86134457332078,4,32.64544901134079,0.0,56.00144234575609,31.353108642903123,0.0,120.0,0.0,0.0,20.88343323762474,1,230,9,0,WAIT,low
wait_only,123,132,08:00,120,52.196532347553486,6.509963317221984,45.686569030331505,5,59.84324906654615,0.0,60.15675093345385,0.0,0.0,120.0,0.0,0.0,18.59989519206281,0,76,15,0,WAIT,low
wait_only,124,132,08:00,120,130.68759129692666,7.665452491151859,123.0221388057748,4,35.616751957350715,0.0,84.38324804264929,0.0,0.0,120.0,0.0,0.0,21.901292831862456,0,68,10,0,WAIT,low
wait_only,125,132,08:00,120,107.08943648576141,6.45755910838144,100.63187737737996,3,31.311704045109952,0.0,80.51764776608876,8.17064818880128,0.0,119.99999999999999,1.4210854715202004e-14,0.0,18.45016888108983,1,100,9,0,WAIT,low
wait_only,126,132,08:00,120,86.61309556305812,6.827697415773916,79.78539814728421,2,22.977929306957815,0.0,90.50503003979891,6.517040653243271,0.0,120.0,0.0,0.0,19.50770690221119,1,262,6,0,WAIT,low
wait_only,127,132,08:00,120,95.59571826424454,5.87321805489463,89.7225002093499,3,50.70691738373847,0.0,62.543907292903185,6.749175323358344,0.0,120.0,0.0,0.0,16.78062301398466,1,234,12,0,WAIT,low
wait_only,128,132,08:00,120,116.03695799880657,7.992957701553617,108.04400029725295,3,31.810270948825888,0.0,81.82188349018466,6.367845560989451,0.0,120.0,0.0,0.0,22.837022004438907,1,231,8,0,WAIT,low
wait_only,129,132,08:00,120,116.72842554756608,8.153349286151052,108.57507626141502,4,12.612058137665743,0.0,107.38794186233426,0.0,0.0,120.0,0.0,0.0,23.29528367471729,0,234,5,0,WAIT,low
wait_only,130,132,08:00,120,95.74634912461337,6.461330616770453,89.28501850784292,2,59.7105330745182,0.0,60.289466925481804,0.0,0.0,120.0,0.0,0.0,18.46094461934415,0,246,14,0,WAIT,low
wait_only,131,132,08:00,120,116.21413959205935,8.234676371092347,107.979463220967,3,13.680201138707657,0.0,103.75149294128093,2.5683059200114116,0.0,120.0,0.0,0.0,23.527646774549563,1,142,5,0,WAIT,low
wait_only,132,132,08:00,120,132.0238077408604,7.674441191806243,124.34936654905417,4,31.877820467391945,0.0,88.12217953260806,0.0,0.0,120.0,0.0,0.0,21.926974833732125,0,107,9,0,WAIT,low
wait_only,133,132,08:00,120,82.66777034875363,6.722403264669408,75.94536708408422,2,46.60941805412737,0.0,73.39058194587264,0.0,0.0,120.0,0.0,0.0,19.206866470484027,0,246,11,0,WAIT,low
wait_only,134,132,08:00,120,140.86964652021692,9.460150176477393,131.40949634373953,5,30.147844405227346,0.0,86.62322860864577,3.2289269861268792,0.0,120.0,0.0,0.0,27.02900050422112,1,142,10,0,WAIT,low
wait_only,135,132,08:00,120,102.08608989578232,6.6085883146008895,95.47750158118143,3,26.116777147628696,0.0,90.33537204748349,3.5478508048878155,0.0,120.0,0.0,0.0,18.88168089885969,1,162,7,0,WAIT,low
wait_only,136,132,08:00,120,80.75581497681382,5.863744965875546,74.89207001093828,2,8.95464014274842,0.0,65.78340433695371,45.261955520297875,0.0,120.0,0.0,0.0,16.753557045358704,1,230,4,0,WAIT,low
wait_only,137,132,08:00,120,96.90241205706127,8.773702749993113,88.12870930706816,5,28.35747920851284,0.0,91.64252079148717,0.0,0.0,120.00000000000001,-1.4210854715202004e-14,0.0,25.06772214283747,0,43,9,0,WAIT,low
wait_only,138,132,08:00,120,111.59874011559783,6.722747201154184,104.87599291444366,3,29.669676294015794,0.0,82.73291558910971,7.59740811687449,0.0,119.99999999999999,1.4210854715202004e-14,0.0,19.20784914615481,1,246,8,0,WAIT,low
wait_only,139,132,08:00,120,140.34420117662054,8.290198561436576,132.05400261518398,5,18.20601687232245,0.0,99.85296464028683,1.941018487390707,0.0,119.99999999999999,1.4210854715202004e-14,0.0,23.686281604104504,1,140,8,0,WAIT,low
wait_only,140,132,08:00,120,125.73688916807545,6.9765542213258644,118.76033494674958,4,23.155225490150187,0.0,96.8447745098498,0.0,0.0,119.99999999999999,1.4210854715202004e-14,0.0,19.933012060931045,0,161,8,0,WAIT,low
wait_only,141,132,08:00,120,97.56793180987265,6.824294624167532,90.74363718570511,2,25.537484901928313,0.0,94.46251509807169,0.0,0.0,120.0,0.0,0.0,19.497984640478663,0,170,7,0,WAIT,low
wait_only,142,132,08:00,120,119.58568345197871,6.580074762141417,113.00560868983729,3,80.80835632652004,0.0,30.45002932178076,8.741614351699212,0.0,120.00000000000001,-1.4210854715202004e-14,0.0,18.800213606118337,1,140,19,0,WAIT,low
wait_only,143,132,08:00,120,121.5266495034905,8.595675496010822,112.93097400747968,3,34.55592422316937,0.0,85.44407577683063,0.0,0.0,120.0,0.0,0.0,24.559072845745206,0,163,9,0,WAIT,low
wait_only,144,132,08:00,120,0.0,0.0,0.0,0,0.012864777941714433,0.0,0.0,119.98713522205828,0.0,120.0,0.0,0.0,0.0,1,132,1,0,WAIT,low
wait_only,145,132,08:00,120,140.71983598759772,9.609642187257704,131.11019380034003,5,25.147660051553352,0.0,82.25966008184261,12.592679866604058,0.0,120.00000000000001,-1.4210854715202004e-14,0.0,27.456120535022013,1,48,9,0,WAIT,low
wait_only,146,132,08:00,120,130.86770797873345,7.743866245005789,123.12384173372766,4,42.640651205349194,0.0,70.42360236812318,6.935746426527615,0.0,119.99999999999999,1.4210854715202004e-14,0.0,22.125332128587967,1,140,11,0,WAIT,low
wait_only,147,132,08:00,120,93.77243936149728,5.915532166282741,87.85690719521453,2,15.74193317090323,0.0,104.25806682909676,0.0,0.0,120.0,0.0,0.0,16.901520475093548,0,161,5,0,WAIT,low
wait_only,148,132,08:00,120,147.11565525208616,8.45430183530073,138.66135341678543,5,33.428344290264306,0.0,73.03031151418222,13.541344195553478,0.0,120.0,0.0,0.0,24.155148100859233,1,100,10,0,WAIT,low
wait_only,149,132,08:00,120,134.23006752472108,8.386010004999413,125.84405751972167,4,28.692006520904354,0.0,85.88574424767302,5.422249231422626,0.0,120.0,0.0,0.0,23.96002858571261,1,162,9,0,WAIT,low
highest_demand,0,132,08:00,120,161.73701361196458,9.83817620518566,151.89883740677894,3,10.297474277017294,20.479121077313867,89.22340464566885,0.0,0.0,120.00000000000001,-1.4210854715202004e-14,1.6248324020845133,26.484242469874516,0,186,5,1,WAIT,low
highest_demand,1,132,08:00,120,65.8122619002876,6.1776107019101945,59.6346511983774,1,6.391864366382695,20.339773576080233,83.32131603804382,9.947046019493257,0.0,120.0,0.0,1.6248324020845133,16.02548388908747,1,186,2,1,WAIT,low
highest_demand,2,132,08:00,120,65.06690573389906,8.446789732337779,56.620116001561286,2,8.987251496180642,65.07733851004974,35.60043738789925,10.334972605870377,0.0,120.00000000000001,-1.4210854715202004e-14,9.683358194119219,14.45032675541729,1,186,4,2,WAIT,low
highest_demand,3,132,08:00,120,112.19139544785916,10.655222750918597,101.53617269694057,3,11.798365169052378,50.920142698715765,57.28149213223187,0.0,0.0,120.0,0.0,5.285255420460823,25.158238153592315,0,161,5,2,WAIT,low
highest_demand,4,132,08:00,120,104.25570136805591,7.5636186737563476,96.69208269429956,2,5.673743800732839,8.683929606310135,105.64232659295703,0.0,0.0,120.0,0.0,0.8738289522399111,20.73651011563537,0,237,3,1,WAIT,low
highest_demand,5,132,08:00,120,94.4935889291655,8.373435889044314,86.12015304012118,1,5.5910218805271095,48.22124332177903,66.18773479769386,0.0,0.0,120.0,0.0,7.144587592508339,16.779514947618278,0,138,2,2,WAIT,low
highest_demand,6,132,08:00,120,44.65599668481548,8.514898118746919,36.14109856606856,1,16.00989498858708,77.2853647137152,26.704740297697715,0.0,0.0,119.99999999999999,1.4210854715202004e-14,12.968544924691761,11.35973541458515,0,138,4,2,WAIT,low
highest_demand,7,132,08:00,120,59.78663654006272,7.289094525721419,52.497542014341306,2,4.478955547062774,39.114452462124184,69.28396688115116,7.1226251096618824,0.0,120.0,0.0,6.4842724623458805,14.341711896858172,1,161,3,1,WAIT,low
highest_demand,8,132,08:00,120,106.3402013828407,10.822321777004309,95.5178796058364,3,7.425820097504505,69.94308138757431,42.18939590153899,0.44170261338220485,0.0,120.0,0.0,6.880570047944592,24.040349314924867,1,186,4,3,WAIT,low
highest_demand,9,132,08:00,120,86.66924217804605,8.70304748678188,77.96619469126416,2,3.5304434439794026,46.41307498606334,67.37463657280146,2.6818449971558067,0.0,120.00000000000001,-1.4210854715202004e-14,6.99327340444752,17.87257655778643,1,138,3,2,WAIT,low
highest_demand,10,132,08:00,120,110.43822198142632,10.071518651389459,100.36670333003687,2,2.412107884505741,53.373445692424426,57.48777714497492,6.726669278094917,0.0,120.00000000000001,-1.4210854715202004e-14,6.630012615887113,22.145754959511343,1,138,3,2,WAIT,low
highest_demand,11,132,08:00,120,84.4453082531088,8.066645437125235,76.37866281598357,1,6.60778779173938,36.816934994171646,73.07396712965028,3.5013100844386855,0.0,120.0,0.0,6.116372474856479,16.93118591692991,1,138,3,1,WAIT,low
highest_demand,12,132,08:00,120,96.09621538358664,8.626177789202421,87.47003759438422,2,8.959400969300292,32.8010594781396,78.2395395525601,0.0,0.0,120.0,0.0,3.8810620735341774,20.765160181329883,0,163,4,1,WAIT,low
highest_demand,13,132,08:00,120,86.78898955536776,6.1679957259622755,80.62099382940549,1,1.7504119457194902,0.0,118.24958805428051,0.0,0.0,120.0,0.0,0.0,17.622844931320788,0,230,2,0,WAIT,low
highest_demand,14,132,08:00,120,38.87651641861627,8.336748623401729,30.53976779521454,1,1.5530004240580086,78.11605489192229,36.81164259910619,3.5193020849135053,0.0,120.0,0.0,12.968544924691761,10.850736856456036,1,138,2,2,WAIT,low
highest_demand,15,132,08:00,120,72.96670761029478,7.124640346843144,65.84206726345164,1,1.945072089662979,20.116220691432012,85.21296768760548,12.725739531299538,0.0,120.00000000000001,-1.4210854715202004e-14,2.1314733431879076,18.224641933506792,1,186,2,1,WAIT,low
highest_demand,16,132,08:00,120,82.5533305943881,8.210787779400638,74.34254281498747,2,8.526897512991901,57.519948330590054,53.95315415641805,0.0,0.0,120.00000000000001,-1.4210854715202004e-14,7.93928879740436,15.520104858026038,0,138,3,2,WAIT,low
highest_demand,17,132,08:00,120,90.01301861077859,8.947365137570543,81.06565347320804,2,6.478299886834577,38.14859249445462,75.37310761871079,0.0,0.0,119.99999999999999,1.4210854715202004e-14,3.8224614145894416,21.741438978469258,0,48,3,2,WAIT,low
highest_demand,18,132,08:00,120,109.91673043041138,7.540910141976914,102.37582028843447,3,6.473128597408257,26.591465881012226,83.74939828773483,3.186007233844691,0.0,120.0,0.0,2.248504524565812,19.296953023939658,1,234,4,2,WAIT,low
highest_demand,19,132,08:00,120,78.94532625929303,9.450751527179191,69.49457473211383,1,3.2280292479149466,66.2664718919884,50.31891661371596,0.18658224638068077,0.0,120.0,0.0,8.720513642282624,18.281633578229354,1,138,2,2,WAIT,low
highest_demand,20,132,08:00,120,90.71988748389592,9.937235128123332,80.78265235577258,2,3.3218323851510343,78.86419047152141,31.856994710963853,5.956982432363702,0.0,120.0,0.0,10.343308712789401,18.048791653277263,1,138,3,2,WAIT,low
highest_demand,21,132,08:00,120,92.82731475598864,7.287231793752059,85.54008296223658,2,4.800067956738939,39.114452462124184,75.91583464782616,0.16964493331072106,0.0,120.0,0.0,6.4842724623458805,14.336389805517147,1,233,3,1,WAIT,low
highest_demand,22,132,08:00,120,84.94745448952001,10.07284124334121,74.8746132461788,2,0.5249706016849304,32.562777993327536,82.84945610684692,4.062795298140614,0.0,119.99999999999999,1.4210854715202004e-14,3.8810620735341774,24.89848433601214,1,234,3,1,WAIT,low
highest_demand,23,132,08:00,120,121.12618128066751,7.525658933453915,113.6005223472136,2,8.603773931989384,18.551341946362943,92.84488412164768,0.0,0.0,120.0,0.0,1.4041933469266459,20.09768932008454,0,237,4,1,WAIT,low
highest_demand,24,132,08:00,120,104.70630483629378,7.997383453072905,96.70892138322088,2,7.178079917904848,36.672382232376876,74.73871408658003,1.4108237631382536,0.0,120.00000000000001,-1.4210854715202004e-14,3.2114103103802227,19.638256698399505,1,90,3,1,WAIT,low
highest_demand,25,132,08:00,120,96.71189509067761,7.293135057051523,89.41876003362609,2,5.539768757897977,15.169981244810977,82.59889083087182,16.691359166419232,0.0,120.00000000000001,-1.4210854715202004e-14,1.5732410281108398,19.264287706322083,1,186,3,2,WAIT,low
highest_demand,26,132,08:00,120,87.71527561461826,9.286738937390876,78.42853667722738,2,4.689505806819428,52.32910533590067,57.28173514449958,5.699653712780318,0.0,119.99999999999999,1.4210854715202004e-14,8.08677720721078,18.44676261390601,1,138,3,2,WAIT,low
highest_demand,27,132,08:00,120,99.07338580780218,8.56275273238011,90.51063307542208,1,3.090585224100286,56.89124214335685,55.294707856344345,4.723464776198512,0.0,120.0,0.0,7.858948034671782,16.606059772128532,1,138,2,2,WAIT,low
highest_demand,28,132,08:00,120,102.8266827470278,10.853219247280391,91.97346349974741,2,6.140762865404251,32.562777993327536,77.48736717580101,3.8090919654671893,0.0,119.99999999999999,1.4210854715202004e-14,3.8810620735341774,27.12813577583837,1,230,4,1,WAIT,low
highest_demand,29,132,08:00,120,64.1908759349454,7.078152930865673,57.112723004079726,1,5.373601981241769,18.815118315533724,87.66913054131913,8.14214916190538,0.0,120.00000000000001,-1.4210854715202004e-14,1.4041933469266459,18.819100741260993,1,186,2,1,WAIT,low
highest_demand,30,132,08:00,120,102.0413616527965,7.59057049689816,94.45079115589833,2,11.930233130104822,38.14859249445462,69.92117437544056,0.0,0.0,120.0,0.0,3.8224614145894416,17.864882862262444,0,48,4,2,WAIT,low
highest_demand,31,132,08:00,120,74.52106810445254,7.548378110992861,66.97268999345968,1,0.6398723452523996,27.53349240256558,85.31488925515885,6.511745997023169,0.0,120.0,0.0,4.54089199937273,17.02590260346402,1,138,2,1,WAIT,low
highest_demand,32,132,08:00,120,83.39104703289965,7.0112462195940015,76.37980081330565,1,2.821787782331158,17.174299712684448,90.03795113854216,9.965961366442244,0.0,120.0,0.0,2.0004471665855252,18.031684889397336,1,186,2,1,WAIT,low
highest_demand,33,132,08:00,120,99.09764616381689,7.045488844991283,92.0521573188256,2,6.226182977573055,17.952292988229097,92.58124738363173,3.2402766505661162,0.0,120.0,0.0,1.3746755723259012,18.755292556220624,1,161,3,1,WAIT,low
highest_demand,34,132,08:00,120,106.12845568722008,8.265307328993329,97.86314835822675,2,6.6272386523888835,25.70539333304748,87.66736801456364,0.0,0.0,120.0,0.0,3.0080238219487234,20.607139975175073,0,170,4,1,WAIT,low
highest_demand,35,132,08:00,120,104.3835328325948,7.78654994893322,96.59698288366158,2,16.898611622200242,18.687093303484296,84.41429507431545,0.0,0.0,119.99999999999999,1.4210854715202004e-14,1.4041933469266459,20.843092221453983,0,48,5,1,WAIT,low
highest_demand,36,132,08:00,120,110.05594041614556,12.18658851905087,97.86935189709469,3,6.113632726181136,45.67730808303758,62.41856040927392,5.7904987815073525,0.0,120.0,0.0,9.32408623112543,25.494738109019917,1,186,4,3,WAIT,low
highest_demand,37,132,08:00,120,96.31753571479396,7.467127096932154,88.8504086178618,2,2.807177116632384,35.74864492515867,77.39437040830495,4.0498075499039885,0.0,120.0,0.0,3.404640513512171,17.930008334865413,1,186,3,2,WAIT,low
highest_demand,38,132,08:00,120,65.17305442722954,6.274751202480623,58.89830322474892,2,8.613452882376649,59.593573539438054,51.7929735781853,0.0,0.0,120.0,0.0,8.109104864430394,9.81875571408567,0,186,3,2,WAIT,low
highest_demand,39,132,08:00,120,62.794110294252576,7.025989546944705,55.76812074730787,2,8.404340487029824,47.26972338831146,64.32593612465871,0.0,0.0,120.0,0.0,7.295114667971179,12.779141180442263,0,249,3,2,WAIT,low
highest_demand,40,132,08:00,120,130.37185870128417,11.607197636208706,118.76466106507546,2,3.190048387219031,28.19526516887784,88.61468644390314,0.0,0.0,120.0,0.0,5.6758114027845075,27.487610414954656,0,236,3,2,WAIT,low
highest_demand,41,132,08:00,120,96.52612072645138,8.436712740238688,88.08940798621269,1,2.4764055272524206,37.31456036852962,77.2451858795581,2.96384822465987,0.0,120.0,0.0,6.154010038398844,17.95088350514027,1,138,2,1,WAIT,low
highest_demand,42,132,08:00,120,67.95876742454655,8.531049697454268,59.427717727092286,1,4.285452507250234,29.36469255473864,83.54008455080043,2.8097703872106905,0.0,119.99999999999999,1.4210854715202004e-14,4.842898079773846,19.53152962723835,1,138,2,1,WAIT,low
highest_demand,43,132,08:00,120,58.756336880216026,9.092516683395434,49.663820196820595,1,1.5101268517559108,57.86843352282588,60.6214396254182,0.0,0.0,120.0,0.0,7.888465809272526,18.090153286143,0,138,2,2,WAIT,low
highest_demand,44,132,08:00,120,115.4865407578427,8.96818586220338,106.51835489563932,3,25.04939852741601,38.36164453342014,55.68364815348862,0.9053087856752313,0.0,120.0,0.0,3.3650427062738313,22.258345471450113,1,162,8,3,WAIT,low
highest_demand,45,132,08:00,120,127.39611730625151,8.534143096734242,118.86197420951727,2,5.298599686774777,18.815118315533724,95.1280413761591,0.7582406215323942,0.0,120.0,0.0,1.4041933469266459,22.97907264374262,1,186,3,1,WAIT,low
highest_demand,46,132,08:00,120,111.65359885448633,8.43273549836915,103.22086335611718,3,9.743247143891406,34.676950830389785,66.63017715252145,8.949624873197351,0.0,120.0,0.0,4.224905776993381,19.86862421834705,1,170,4,2,WAIT,low
highest_demand,47,132,08:00,120,96.09134652830303,7.22753029594815,88.86381623235488,2,3.328254328351526,36.01207743619489,71.64571594921036,9.013952286243224,0.0,120.0,0.0,2.8965563100992013,17.75353024975266,1,186,3,2,WAIT,low
highest_demand,48,132,08:00,120,105.89523745016204,8.13058237538954,97.7646550747725,3,4.244269637501377,47.544731489078146,62.1781933128854,6.032805560535067,0.0,119.99999999999999,1.4210854715202004e-14,3.7784741196357237,19.451761238620108,1,48,4,3,WAIT,low
highest_demand,49,132,08:00,120,74.0825009651788,8.608670470590997,65.4738304945878,1,5.983749346557747,25.70539333304748,87.63887315545668,0.6719841649380953,0.0,120.0,0.0,3.0080238219487234,21.588177522596986,1,186,2,1,WAIT,low
highest_demand,50,132,08:00,120,58.11548146388209,3.189158605845835,54.92632285803626,2,2.07200089904398,8.253518800007585,80.06146078254707,29.61301951840136,0.0,120.0,0.0,3.1402954808806487,5.971586250107452,1,132,3,1,WAIT,low
highest_demand,51,132,08:00,120,88.13718365100375,7.895688994998102,80.24149465600566,1,5.077469835039242,41.315237472763656,69.48894775487959,4.118344937317502,0.0,119.99999999999999,1.4210854715202004e-14,6.863672418971716,15.695438995308578,1,138,2,1,WAIT,low
highest_demand,52,132,08:00,120,99.36485174876007,8.900472519461779,90.46437922929829,3,4.1721201529920595,37.17242676598711,78.65545308102082,0.0,0.0,120.0,0.0,3.6252795686700385,21.804641915506473,0,161,4,2,WAIT,low
highest_demand,53,132,08:00,120,88.33979833020071,9.226772290953708,79.113026039247,1,11.179257922791109,59.266417727647834,43.806182144681344,5.748142204879713,0.0,120.0,0.0,8.109104864430394,18.25310168115163,1,138,3,2,WAIT,low
highest_demand,54,132,08:00,120,74.88962890716998,8.240817179093584,66.6488117280764,1,10.183489070143956,28.74239981138608,79.30584437247354,1.7682667459964279,0.0,120.00000000000001,-1.4210854715202004e-14,3.0434952693641324,20.50169667090325,1,186,3,1,WAIT,low
highest_demand,55,132,08:00,120,70.94505476189323,7.687222051998664,63.257832709894565,2,5.052878513022973,36.626625840069266,75.48709862601335,2.8333970208944095,0.0,120.0,0.0,2.778868919252547,19.184622657886496,1,186,3,2,WAIT,low
highest_demand,56,132,08:00,120,94.94909706946743,7.478520921942273,87.47057614752515,2,5.3495999311562175,34.08466466158614,76.57912257308817,3.9866128341694633,0.0,119.99999999999999,1.4210854715202004e-14,3.046146030250041,18.321056603870744,1,107,3,2,WAIT,low
highest_demand,57,132,08:00,120,86.90544682425393,8.18238719558367,78.72305962867026,1,3.1921833348108857,38.62934276858749,67.41839876318755,10.760075133414077,0.0,120.00000000000001,-1.4210854715202004e-14,4.683447922503583,18.694801207735477,1,186,2,1,WAIT,low
highest_demand,58,132,08:00,120,76.31243301344479,9.514908442034965,66.79752457140982,1,3.832735481604997,66.2664718919884,48.986654632505996,0.9141379939005958,0.0,120.0,0.0,8.720513642282624,18.46493904924585,1,138,2,2,WAIT,low
highest_demand,59,132,08:00,120,66.13134037636183,9.06053438424853,57.07080599211331,2,1.7743486782434417,79.14232150462237,35.32597288719349,3.7573569299406984,0.0,120.0,0.0,13.324489230864472,12.562751866988476,1,138,3,2,WAIT,low
highest_demand,60,132,08:00,120,64.06560017249359,8.64032973248048,55.42527044001311,2,2.5368597363858347,70.4234897545473,47.03965050906685,0.0,0.0,120.0,0.0,11.836867451772338,12.849788926743315,0,138,3,2,WAIT,low
highest_demand,61,132,08:00,120,81.5111359593002,7.238918117460197,74.27221784184,2,3.6703214012061927,18.090190695605926,97.77698262920003,0.46250527398784413,0.0,120.0,0.0,1.5032254509130585,19.179397741830364,1,186,3,2,WAIT,low
highest_demand,62,132,08:00,120,80.58499162486356,7.060974909700667,73.5240167151629,2,2.745865191876061,49.660624788551125,67.59351001957282,0.0,0.0,120.0,0.0,7.489171989532641,12.68504203818355,0,237,3,2,WAIT,low
highest_demand,63,132,08:00,120,115.30711215593347,7.0537547574771695,108.2533573984563,3,8.771216637176561,29.26285482038263,77.63866644577713,4.327262096663688,0.0,120.00000000000001,-1.4210854715202004e-14,2.2851475322469716,17.868437489116374,1,164,4,2,WAIT,low
highest_demand,64,132,08:00,120,87.13155597051353,7.039787463233565,80.09176850727997,1,2.69604356119292,27.088996191892498,81.86095939696473,8.354000849949855,0.0,120.0,0.0,2.236241179936743,17.877437286444874,1,186,2,1,WAIT,low
highest_demand,65,132,08:00,120,73.66497396369806,7.86278518226546,65.8021887814326,1,2.9311087632073636,57.17685898343408,57.52366050431699,2.3683717490415575,0.0,120.0,0.0,7.858948034671782,14.606152486086678,1,138,2,2,WAIT,low
highest_demand,66,132,08:00,120,53.83389513258702,9.637379147438732,44.19651598514828,2,3.0821219076592,39.31709157646294,76.27237328628671,1.328413229591149,0.0,120.0,0.0,6.4842724623458805,21.051096530336217,1,186,3,1,WAIT,low
highest_demand,67,132,08:00,120,78.65348193996861,7.931968199247287,70.72151374072132,1,3.757346188135529,38.7455553754329,67.13619548313147,10.360902953300098,0.0,120.0,0.0,3.5030919442708086,19.15967433929287,1,186,2,1,WAIT,low
highest_demand,68,132,08:00,120,98.79283478463542,5.922967669773974,92.86986711486145,2,11.015977371474492,17.952292988229097,91.0317296402964,0.0,0.0,120.0,0.0,1.3746755723259012,15.548089198456882,0,164,4,1,WAIT,low
highest_demand,69,132,08:00,120,87.13634699898611,7.868380055381871,79.26796694360424,2,3.077554901858871,39.06990166068713,76.89066767198057,0.9618757654734509,0.0,120.00000000000001,-1.4210854715202004e-14,3.029025749011159,19.452060123508474,1,186,3,2,WAIT,low
highest_demand,70,132,08:00,120,113.22344000401324,8.705241097971482,104.51819890604176,3,6.062739266628383,37.216287161432575,70.99755296906723,5.723420602871812,0.0,120.0,0.0,3.1821821815245723,21.689935241251092,1,186,4,2,WAIT,low
highest_demand,71,132,08:00,120,88.68158986951336,7.419220070941546,81.26236979857181,2,3.3118232949648716,28.30208356239588,88.38609314263924,0.0,0.0,119.99999999999999,1.4210854715202004e-14,2.1831594921519555,19.01461213910961,0,48,3,2,WAIT,low
highest_demand,72,132,08:00,120,123.42164743127971,9.06034666945435,114.36130076182536,5,7.422551943638352,69.75097374121299,42.82647431514866,0.0,0.0,120.0,0.0,6.5731961691067795,19.313508600762795,0,186,6,5,WAIT,low
highest_demand,73,132,08:00,120,80.21341594866666,9.52566393188872,70.68775201677795,2,4.58441230804211,18.815118315533724,96.51517838252225,0.0852909939019213,0.0,120.00000000000001,-1.4210854715202004e-14,1.4041933469266459,25.811989315612557,1,186,3,1,WAIT,low
highest_demand,74,132,08:00,120,91.59248276664438,8.918437964098617,82.67404480254577,2,5.2591459847839275,39.13221516984952,75.60863884536656,0.0,0.0,120.0,0.0,4.580474149405106,20.900777176590946,0,186,3,2,WAIT,low
highest_demand,75,132,08:00,120,91.19899953535153,8.498924378841059,82.70007515651048,1,4.396912142009597,47.22797892601708,65.99794840223016,2.377160529743165,0.0,120.00000000000001,-1.4210854715202004e-14,7.130443037480166,17.152198044922862,1,138,2,2,WAIT,low
highest_demand,76,132,08:00,120,71.8621956276729,8.657022293683157,63.20517333398975,1,4.877388110573962,38.62934276858749,73.34891679024128,3.144352330597272,0.0,120.0,0.0,4.683447922503583,20.050901488019726,1,186,2,1,WAIT,low
highest_demand,77,132,08:00,120,85.04294084057166,8.623273357580963,76.41966748299069,1,1.902603253941415,41.315237472763656,72.44538103594198,4.336778237352959,0.0,120.00000000000001,-1.4210854715202004e-14,6.863672418971716,17.77425145983104,1,138,2,1,WAIT,low
highest_demand,78,132,08:00,120,94.41437031575008,8.997361122084106,85.41700919366598,1,1.3563996849595856,57.62225531975898,54.75369352380181,6.267651471479624,0.0,119.99999999999999,1.4210854715202004e-14,7.888465809272526,17.81828025382492,1,138,2,2,WAIT,low
highest_demand,79,132,08:00,120,85.3803749850253,8.802198890073,76.5781760949523,1,1.2507333621708279,57.9078721598362,57.68834626806901,3.1530482099239663,0.0,120.00000000000001,-1.4210854715202004e-14,7.888465809272526,17.260673876650337,1,138,2,2,WAIT,low
highest_demand,80,132,08:00,120,96.20612569446466,7.1428114283315285,89.06331426613313,2,2.70188789951281,29.307240666896227,85.71355603143006,2.2773154021608946,0.0,120.0,0.0,2.295172264313744,18.112860388062053,1,162,3,2,WAIT,low
highest_demand,81,132,08:00,120,84.02392447665362,8.515234011406505,75.50869046524711,1,0.7825690643214721,27.53349240256558,80.76814428099195,10.915794252120989,0.0,119.99999999999999,1.4210854715202004e-14,4.54089199937273,19.78834803321729,1,138,2,1,WAIT,low
highest_demand,82,132,08:00,120,115.95162183253996,7.618715993916722,108.33290583862323,3,2.8842412207535593,32.27811937847768,79.5784818347188,5.25915756604995,0.0,119.99999999999999,1.4210854715202004e-14,2.917076985473446,18.850682997145764,1,186,4,3,WAIT,low
highest_demand,83,132,08:00,120,111.38401735162034,6.770664455381604,104.61335289623874,3,2.924441317450791,26.467196324106,79.2071866845098,11.401175673933409,0.0,120.0,0.0,2.5596495937411112,16.78510599306348,1,186,4,3,WAIT,low
highest_demand,84,132,08:00,120,87.24026899934387,6.858009155058787,80.38225984428509,1,0.9554385637391117,0.0,113.34466204156867,5.699899394692224,0.0,120.0,0.0,0.0,19.594311871596535,1,230,2,0,WAIT,low
highest_demand,85,132,08:00,120,94.6952706761656,7.119685873249872,87.57558480291573,2,6.401842177974501,26.293316603345787,87.3048412186797,0.0,0.0,119.99999999999999,1.4210854715202004e-14,2.4914716388761717,17.850487998980608,0,237,4,2,WAIT,low
highest_demand,86,132,08:00,120,126.67697003264341,8.489793325378127,118.18717670726528,3,6.111452287989283,40.4115056697002,71.92832617335787,1.5487158689526268,0.0,119.99999999999997,2.842170943040401e-14,3.2496648041690266,21.006887554054195,1,137,4,2,WAIT,low
highest_demand,87,132,08:00,120,120.74373409815897,7.843023860439124,112.90071023771985,3,7.973250189917749,44.99187324937634,63.64176305140108,3.3931135093048255,0.0,119.99999999999999,1.4210854715202004e-14,3.994231828706373,18.414407772548266,1,48,4,3,WAIT,low
highest_demand,88,132,08:00,120,75.57864098030744,6.702952685379949,68.87568829492749,1,3.854430721306491,7.326588211051423,99.25398170032271,9.56499936731936,0.0,119.99999999999999,1.4210854715202004e-14,0.9815114870710372,18.169781899728818,1,239,2,1,WAIT,low
highest_demand,89,132,08:00,120,90.20841256627709,8.892487053841688,81.3159255124354,2,4.758552951947268,32.8010594781396,82.44038756991313,0.0,0.0,120.0,0.0,3.8810620735341774,21.526043794584936,0,249,3,1,WAIT,low
highest_demand,90,132,08:00,120,94.39860061327404,7.608542593741482,86.79005801953257,4,10.720642870262713,35.97480064961205,73.30455648012524,0.0,0.0,120.0,0.0,3.5353388781364252,18.203354246839243,0,48,6,3,WAIT,low
highest_demand,91,132,08:00,120,87.1519694985692,7.184012505313074,79.96795699325612,1,1.4899823605087932,26.94938031552546,58.30172049639797,33.258916827567774,0.0,120.0,0.0,2.236241179936743,18.28950883524347,1,186,2,1,WAIT,low
highest_demand,92,132,08:00,120,78.28720565313242,7.775451156674474,70.51175449645794,1,12.807027865259476,8.672341735027278,91.1319764566432,7.3886539430700395,0.0,120.0,0.0,1.037069125234125,21.178505608121515,1,236,4,1,WAIT,low
highest_demand,93,132,08:00,120,90.52186845551073,6.97244823550535,83.54942022000537,2,5.499898316565796,38.43141406554297,76.06868761789126,0.0,0.0,120.00000000000003,-2.842170943040401e-14,2.9995079744104145,16.921772698462014,0,186,3,2,WAIT,low
highest_demand,94,132,08:00,120,47.13921617723733,8.632494152401732,38.5067220248356,1,2.2334927773490674,78.11605489192229,37.515310137139544,2.1351421935890897,0.0,119.99999999999999,1.4210854715202004e-14,12.968544924691761,11.695724082170331,1,138,2,2,WAIT,low
highest_demand,95,132,08:00,120,164.40337814630337,8.103451466111947,156.29992668019142,3,3.914330354992163,34.179290808136685,76.66030688681762,5.246071950053519,0.0,119.99999999999999,1.4210854715202004e-14,2.9604818322126625,20.192236642392903,1,186,4,2,WAIT,low
highest_demand,96,132,08:00,120,156.1301414296184,11.421484998853678,144.7086564307647,3,22.44473630101811,28.533602235543036,69.02166146343887,0.0,0.0,120.00000000000003,-2.842170943040401e-14,3.0434952693641324,29.58931901307495,0,107,7,1,WAIT,low
highest_demand,97,132,08:00,120,90.31179491123851,7.97035174536581,82.3414431658727,2,5.480349899833395,45.92908677427483,64.0445446477764,4.5460186781153595,0.0,119.99999999999999,1.4210854715202004e-14,4.312996794584106,18.45943676360392,1,107,4,2,WAIT,low
highest_demand,98,132,08:00,120,113.80771749720168,7.710856728405048,106.09686076879663,2,0.5816515815563493,41.27809631911923,78.1402520993244,0.0,0.0,119.99999999999997,2.842170943040401e-14,4.196664408615842,17.834354815398584,0,236,3,2,WAIT,low
highest_demand,99,132,08:00,120,94.56502848046763,8.894197416894743,85.67083106357289,3,3.550480037070887,29.304235501611835,87.14528446131729,0.0,0.0,120.00000000000001,-1.4210854715202004e-14,6.055385694381822,19.356606925317447,0,234,4,2,WAIT,low
highest_demand,100,132,08:00,120,85.13221900786661,6.322713548870954,78.80950545899566,1,2.3106012192773773,17.952292988229097,79.75885259116163,19.97825320133191,0.0,120.00000000000001,-1.4210854715202004e-14,1.3746755723259012,16.690220281591113,1,186,2,1,WAIT,low
highest_demand,101,132,08:00,120,126.96768169488573,10.404778912070274,116.56290278281546,4,11.852675994820187,64.03157250832368,38.45799493271055,5.657756564145572,0.0,119.99999999999999,1.4210854715202004e-14,6.930551590180829,22.797388158591378,1,162,6,3,WAIT,low
highest_demand,102,132,08:00,120,36.706714182269536,8.487918638049036,28.218795544220498,1,3.525009624762918,77.83043805184505,33.42517786781109,5.219374455580933,0.0,119.99999999999999,1.4210854715202004e-14,12.968544924691761,11.282651184019771,1,138,2,2,WAIT,low
highest_demand,103,132,08:00,120,94.83229728335495,7.75102874267529,87.08126854067966,2,7.018149600668327,27.399718881325086,82.20964988405339,3.3724816339531998,0.0,120.0,0.0,2.866424934993318,19.279371472650368,1,236,3,2,WAIT,low
highest_demand,104,132,08:00,120,90.87447692451723,9.448046557170882,81.42643036734634,2,2.364821095478109,58.395014725794454,59.24016417872743,0.0,0.0,120.0,0.0,7.9688065720051044,19.025612162768844,0,138,3,2,WAIT,low
highest_demand,105,132,08:00,120,88.62222291759478,10.521444914819917,78.10077800277486,2,2.7284066087286907,56.89124214335685,55.69302335351311,4.687327894401335,0.0,119.99999999999999,1.4210854715202004e-14,7.858948034671782,22.20232315052798,1,138,3,2,WAIT,low
highest_demand,106,132,08:00,120,86.22032418036126,6.132487281835131,80.08783689852613,1,1.275424851221827,15.334183558090318,103.09255480135823,0.29783678932963653,0.0,120.00000000000001,-1.4210854715202004e-14,2.0341977697067604,15.487194464107901,1,239,2,2,WAIT,low
highest_demand,107,132,08:00,120,91.85478803275188,10.36069104184332,81.49409699090856,3,8.782575521483633,29.312793571932676,72.93203844017376,8.972592466409935,0.0,120.0,0.0,8.321852223022558,21.28012218224407,1,138,5,2,WAIT,low
highest_demand,108,132,08:00,120,74.41873464832805,7.684475371341858,66.7342592769862,1,8.337377236609882,37.04349080580259,67.24454295154749,7.37458900604004,0.0,120.0,0.0,6.154010038398844,15.801633879720752,1,138,2,1,WAIT,low
highest_demand,109,132,08:00,120,80.57431794361759,7.77319484323751,72.80112310038008,3,5.746490083644828,41.64697596862102,51.46697547351093,21.139558474223207,0.0,119.99999999999999,1.4210854715202004e-14,3.7419302020792578,18.46719792145649,1,186,4,2,WAIT,low
highest_demand,110,132,08:00,120,77.0263415210074,6.989771575411842,70.03656994559556,1,0.24026458863436792,20.116220691432012,86.23762884143098,13.40588587850263,0.0,119.99999999999999,1.4210854715202004e-14,2.1314733431879076,17.839302586560216,1,186,2,1,WAIT,low
highest_demand,111,132,08:00,120,83.17355129299469,6.687486939018687,76.486064353976,2,7.883598654139737,8.672341735027278,103.444059610833,0.0,0.0,120.0,0.0,1.037069125234125,18.070036414819267,0,237,4,1,WAIT,low
highest_demand,112,132,08:00,120,119.34429425684964,7.803165462213988,111.54112879463565,4,9.690735390203352,50.39227796958214,51.826547304770806,8.090439335443676,0.0,119.99999999999997,2.842170943040401e-14,4.709719417886796,17.585039045581745,1,186,6,4,WAIT,low
highest_demand,113,132,08:00,120,81.0658739183281,9.060520771609674,72.00535314671842,1,1.228623642927038,32.562777993327536,61.00314690589643,25.205451457848994,0.0,120.0,0.0,3.8810620735341774,22.006140131064896,1,186,2,1,WAIT,low
highest_demand,114,132,08:00,120,94.13832889573372,12.343831264891604,81.79449763084212,2,3.241153311318758,57.87537278486009,58.036292189121575,0.8471817146995733,0.0,119.99999999999999,1.4210854715202004e-14,11.335566780540754,23.93252254772098,1,138,3,2,WAIT,low
highest_demand,115,132,08:00,120,109.45358163740903,7.655170482199899,101.79841115520914,2,4.227358946894953,35.92296707669426,71.45528421238055,8.394389764030251,0.0,120.00000000000001,-1.4210854715202004e-14,2.8965563100992013,18.975359353329086,1,186,3,2,WAIT,low
highest_demand,116,132,08:00,120,89.40860284401509,8.62235402223596,80.78624882177914,2,11.126685588218201,38.7455553754329,66.8733961767684,3.254362859580496,0.0,119.99999999999999,1.4210854715202004e-14,3.5030919442708086,21.132205262117647,1,249,4,1,WAIT,low
highest_demand,117,132,08:00,120,82.83903275856505,7.832887610515627,75.00614514804943,1,1.8852580422307499,78.11605489192229,39.13257150913079,0.8661155567161671,0.0,119.99999999999999,1.4210854715202004e-14,12.968544924691761,9.411133962495747,1,138,2,2,WAIT,low
highest_demand,118,132,08:00,120,105.66253981750921,9.813223822151773,95.84931599535744,3,10.322813176251461,52.880754564512024,55.386845580565556,1.409586678670962,0.0,120.0,0.0,8.15973730351301,19.878045045492055,1,138,5,2,WAIT,low
highest_demand,119,132,08:00,120,74.7630920417366,6.934742646932961,67.82834939480364,3,14.100586075088946,45.600504100625024,60.298909824286035,0.0,0.0,120.0,0.0,7.183684538216809,12.629865881591654,0,90,6,2,WAIT,low
highest_demand,120,132,08:00,120,88.28452478354025,7.049761130785421,81.23476365275482,2,6.838423513512221,20.339773576080233,92.82180291040754,0.0,0.0,120.0,0.0,1.6248324020845133,18.517342257302403,0,163,4,1,WAIT,low
highest_demand,121,132,08:00,120,62.0011985908381,6.820425681950592,55.180772908887505,1,1.3850700485748786,18.687093303484296,86.76032845845074,13.167508189490093,0.0,120.00000000000001,-1.4210854715202004e-14,1.4041933469266459,18.08273717293219,1,186,2,1,WAIT,low
highest_demand,122,132,08:00,120,116.85806706090327,9.05534238823312,107.80272467267015,3,7.365380251943716,51.980329265555426,54.005606189184824,6.6486842933160375,0.0,120.00000000000001,-1.4210854715202004e-14,5.0214074497865395,20.850999373736663,1,162,4,2,WAIT,low
highest_demand,123,132,08:00,120,90.75702064654848,10.531791795505486,80.225228851043,3,7.4298145560215225,36.89692983290334,75.67325561107513,0.0,0.0,120.0,0.0,6.488442685701497,23.602391015742747,0,170,4,3,WAIT,low
highest_demand,124,132,08:00,120,81.83262370260006,9.556785749317417,72.27583795328265,1,3.1000905612638463,66.2664718919884,50.63343754674775,0.0,0.0,120.0,0.0,8.720513642282624,18.584588498624285,0,138,2,2,WAIT,low
highest_demand,125,132,08:00,120,104.1265949083546,7.762664663898348,96.36393024445626,2,12.443633561054222,28.533602235543036,79.02276420340274,0.0,0.0,120.0,0.0,3.0434952693641324,19.13554662748829,0,163,4,1,WAIT,low
highest_demand,126,132,08:00,120,78.87298245871821,7.802738176247056,71.07024428247115,1,9.50947037766662,27.53349240256558,82.23179399640941,0.7252432233583761,0.0,119.99999999999999,1.4210854715202004e-14,4.54089199937273,17.75264564704743,1,138,3,1,WAIT,low
highest_demand,127,132,08:00,120,84.5300423410624,6.687220452058961,77.84282188900343,2,5.733660015554901,45.61185000897352,61.3266278286295,7.3278621468420795,0.0,120.0,0.0,3.711485282057265,15.394858866682622,1,186,3,2,WAIT,low
highest_demand,128,132,08:00,120,114.89782069065919,8.40220678618318,106.495613904476,3,10.923678748011525,34.98080485004098,69.55539960028315,4.54011680166434,0.0,120.0,0.0,3.196686923465129,20.809618179915393,1,79,4,3,WAIT,low
highest_demand,129,132,08:00,120,82.0947052639349,8.475280948535431,73.61942431539947,1,1.0191529725484287,32.562777993327536,66.6055442119671,19.812524822156945,0.0,120.0,0.0,3.8810620735341774,20.33402635085277,1,186,2,1,WAIT,low
highest_demand,130,132,08:00,120,128.07013424066184,9.43325567399421,118.63687856666763,3,5.625779393970731,53.56891442442273,59.37391348491465,1.431392696691887,0.0,120.0,0.0,6.428762138438729,20.523396930116164,1,138,4,3,WAIT,low
highest_demand,131,132,08:00,120,91.60298177222967,8.369506525449774,83.23347524677989,2,7.956774705512803,25.51865792301724,80.07863084687948,6.445936524590479,0.0,120.0,0.0,3.0080238219487234,20.904851965050636,1,249,4,1,WAIT,low
highest_demand,132,132,08:00,120,79.90554399511912,8.683305527446173,71.22223846767295,1,3.328751882696916,37.04349080580259,70.52825014892285,9.099507162577638,0.0,119.99999999999999,1.4210854715202004e-14,6.154010038398844,18.655434325733083,1,138,2,1,WAIT,low
highest_demand,133,132,08:00,120,78.71437913335824,7.926171385072028,70.78820774828621,2,4.616047227455131,35.57561269339109,78.14445870995063,1.6638813692031533,0.0,120.0,0.0,2.9615431263667045,19.684660830981947,1,186,3,2,WAIT,low
highest_demand,134,132,08:00,120,106.15676476749194,9.997806021092863,96.15895874639907,2,3.215112083973293,66.71954302496694,50.06534489105977,0.0,0.0,120.0,0.0,8.548780939434984,20.01637912083034,0,138,3,3,WAIT,low
highest_demand,135,132,08:00,120,82.69476996657068,8.38331084798389,74.31145911858678,1,3.9190036995537163,36.816934994171646,71.81452848746598,7.449532818808649,0.0,119.99999999999999,1.4210854715202004e-14,6.116372474856479,17.83594423366892,1,138,2,1,WAIT,low
highest_demand,136,132,08:00,120,93.60293706893624,7.839134395816026,85.76380267312021,2,4.4488329427208,37.317436743336096,78.23373031394311,0.0,0.0,120.0,0.0,4.080564394598257,18.31696245059039,0,236,3,2,WAIT,low
highest_demand,137,132,08:00,120,63.9959718556987,8.53805123842013,55.45792061727857,2,7.215463209037332,34.46310028284707,66.93807376405996,11.383362744055631,0.0,120.0,0.0,3.8509341426993235,20.543497967072472,1,186,3,2,WAIT,low
highest_demand,138,132,08:00,120,115.32038908912257,7.932797439360813,107.38759164976176,3,4.080549434314275,35.00881050333126,80.91064006235445,0.0,0.0,119.99999999999999,1.4210854715202004e-14,3.3751227389114264,19.29001280211947,0,234,4,2,WAIT,low
highest_demand,139,132,08:00,120,100.48912724172754,8.638838407401831,91.85028883432571,2,11.87895017997053,36.75034472023076,69.69900792514149,1.6716971746572398,0.0,120.00000000000001,-1.4210854715202004e-14,3.2114103103802227,21.47098513933929,1,113,5,1,WAIT,low
highest_demand,140,132,08:00,120,105.7705060659917,7.264948304336206,98.5055577616555,3,15.462072958449191,29.043125916545474,75.49480112500534,0.0,0.0,120.0,0.0,2.2851475322469716,18.471847622999334,0,170,6,2,WAIT,low
highest_demand,141,132,08:00,120,85.78703867696551,7.533700084286478,78.25333859267903,1,2.77286761962688,28.74239981138608,88.48473256898704,0.0,0.0,120.0,0.0,3.0434952693641324,18.48136211431152,0,186,2,1,WAIT,low
highest_demand,142,132,08:00,120,114.7987046772612,10.473052567835456,104.32565210942575,4,8.56201277685769,80.30611484101198,24.58481127554338,6.54706110658698,0.0,120.00000000000001,-1.4210854715202004e-14,10.396872162731846,19.52613517394089,1,138,5,5,WAIT,low
highest_demand,143,132,08:00,120,106.02483152209055,9.396243452829735,96.62858806926081,2,2.212836563775018,44.33377623855097,73.16310101648,0.2902861811940056,0.0,120.0,0.0,4.412217168875369,22.43419269635245,1,186,3,2,WAIT,low
highest_demand,144,132,08:00,120,0.0,0.0,0.0,0,0.012864777941714433,0.0,0.0,119.98713522205828,0.0,120.0,0.0,0.0,0.0,1,132,1,0,WAIT,low
highest_demand,145,132,08:00,120,89.07702528689974,11.424409970510062,77.65261531638967,1,3.0678546099823856,71.68589232881575,42.52501365451458,2.7212394066872747,0.0,120.0,0.0,10.365334535880057,22.275836808434413,1,138,2,2,WAIT,low
highest_demand,146,132,08:00,120,80.26382765383863,9.22315138768587,71.04067626615276,2,2.3708576677269195,59.03381577434125,54.694609560778986,3.900716997152827,0.0,119.99999999999999,1.4210854715202004e-14,8.214892340844493,18.13696876682942,1,138,3,2,WAIT,low
highest_demand,147,132,08:00,120,102.6063574032067,6.780652778955497,95.8257046242512,2,3.8720031933420858,18.687093303484296,97.44090350317359,0.0,0.0,119.99999999999997,2.842170943040401e-14,1.4041933469266459,17.96910030723192,0,113,3,1,WAIT,low
highest_demand,148,132,08:00,120,141.80986455030444,9.738107791026927,132.07175675927752,4,5.11411907760932,59.98661561945322,54.899265302937486,0.0,0.0,120.00000000000003,-2.842170943040401e-14,6.014676575587953,21.80848854163184,0,142,5,4,WAIT,low
highest_demand,149,132,08:00,120,47.32727619289092,8.646598568135285,38.68067762475563,1,1.7527561237890372,77.83043805184505,34.83446048292375,5.5823453414421635,0.0,120.0,0.0,12.968544924691761,11.736022412837627,1,138,2,2,WAIT,low
highest_income,0,132,08:00,120,161.73701361196458,10.422461241834874,151.31455237012972,3,9.394119659167764,21.3824756951634,89.22340464566885,0.0,0.0,120.00000000000001,-1.4210854715202004e-14,3.2942182210822684,26.484242469874516,0,226,4,2,WAIT,low
highest_income,1,132,08:00,120,65.8122619002876,7.560215749888375,58.252046150399224,1,2.8741210189042175,33.80456294305196,83.32131603804382,0.0,0.0,120.0,0.0,5.57513253916503,16.02548388908747,0,138,2,1,WAIT,low
highest_income,2,132,08:00,120,42.12013782329546,8.754056049396825,33.366081773898635,1,3.078977118902445,56.50928892485943,15.542195285180494,44.869538671057626,0.0,120.0,0.0,14.02903538538622,10.982553327176136,1,132,2,2,WAIT,low
highest_income,3,132,08:00,120,156.8340982735681,13.88395838000148,142.95013989356661,2,3.168820065375378,48.68374531334833,50.04219012079563,18.10524450048065,0.0,119.99999999999999,1.4210854715202004e-14,9.909480637255754,29.7589718770342,1,132,3,2,WAIT,low
highest_income,4,132,08:00,120,83.79906621081886,7.905816164815771,75.89325004600309,1,7.942550997792936,30.633933783155136,81.42351521905194,0.0,0.0,120.0,0.0,5.052224497764085,17.535821687423834,0,195,3,1,WAIT,low
highest_income,5,132,08:00,120,94.4935889291655,8.013560597866164,86.48002833129934,1,14.739202705851461,36.816934994171646,66.18773479769386,2.256127502283036,0.0,120.00000000000001,-1.4210854715202004e-14,6.116372474856479,16.779514947618278,1,138,4,1,WAIT,low
highest_income,6,132,08:00,120,44.65599668481548,8.88606977998998,35.769926904825496,1,9.118711556910915,56.50928892485943,26.704740297697715,27.667259220531946,0.0,120.0,0.0,14.02903538538622,11.35973541458515,1,132,3,2,WAIT,low
highest_income,7,132,08:00,120,51.78883722059472,9.428209951516816,42.36062726907791,1,3.2923361369385398,57.21253272589051,52.849425331836315,6.645705805334629,0.0,119.99999999999999,1.4210854715202004e-14,14.02903538538622,12.908707333233256,1,132,2,2,WAIT,low
highest_income,8,132,08:00,120,131.7328772177662,13.63313256764743,118.09974465011877,2,11.187259824843279,53.864450125220806,54.94829004993592,0.0,0.0,120.0,0.0,8.84153325324248,30.11027408289303,0,226,4,3,WAIT,low
highest_income,9,132,08:00,120,73.86169452504407,9.532418654930588,64.32927587011349,1,5.776707288311105,53.06993971998115,48.55369674795172,12.59965624375603,0.0,120.0,0.0,10.573074713731224,16.66240715749903,1,93,2,2,WAIT,low
highest_income,10,132,08:00,120,141.24329554790046,13.086110468030288,128.15718507987017,2,7.502791528574702,49.02730129984679,61.162686589729105,2.307220581849407,0.0,120.0,0.0,7.807982073913954,29.580904977601158,1,4,3,2,WAIT,low
highest_income,11,132,08:00,120,84.4453082531088,8.066645437125235,76.37866281598357,1,6.60778779173938,36.816934994171646,73.07396712965028,3.5013100844386855,0.0,120.0,0.0,6.116372474856479,16.93118591692991,1,138,3,1,WAIT,low
highest_income,12,132,08:00,120,71.7825606924193,8.94876027227326,62.833800420146034,1,3.5385804240354024,33.63589275272784,77.2395395525601,5.585987270676654,0.0,120.0,0.0,5.547315032160212,20.020571460049105,1,138,2,1,WAIT,low
highest_income,13,132,08:00,120,86.78898955536776,6.1679957259622755,80.62099382940549,1,1.7504119457194902,0.0,118.24958805428051,0.0,0.0,120.0,0.0,0.0,17.622844931320788,0,230,2,0,WAIT,low
highest_income,14,132,08:00,120,97.29738728523421,9.095869226149098,88.20151805908512,2,27.30885107020767,41.16934827485739,46.84326724788616,4.678533407048789,0.0,120.00000000000001,-1.4210854715202004e-14,6.824926708865075,19.163271080132347,1,93,7,1,WAIT,low
highest_income,15,132,08:00,120,72.96670761029478,7.706754582236151,65.25995302805862,1,4.89558428375921,23.00872960516973,85.21296768760548,6.882718423465576,0.0,120.0,0.0,3.794656872882214,18.224641933506792,1,195,2,1,WAIT,low
highest_income,16,132,08:00,120,73.39770076065398,7.518279047767921,65.87942171288606,1,18.421378521574542,43.31588950430636,37.95559139046978,20.307140583649314,0.0,120.0,0.0,7.239163253180994,14.241634026155925,1,93,5,1,WAIT,low
highest_income,17,132,08:00,120,83.04575049042221,9.888421810673412,73.1573286797488,1,7.23049155947458,44.29164126071658,65.3126447663228,3.1652224134860347,0.0,120.0,0.0,7.35814036437716,20.89449338040402,1,93,3,1,WAIT,low
highest_income,18,132,08:00,120,86.86453629129173,9.993456295052237,76.87107999623949,1,9.257809709312955,57.114446996340504,53.62774329434654,0.0,0.0,120.0,0.0,11.225838024067258,17.326894247510563,0,93,3,2,WAIT,low
highest_income,19,132,08:00,120,78.94532625929303,8.844427298902332,70.1008989603907,1,21.66167317796067,42.15399692506749,50.31891661371596,5.865413283255876,0.0,119.99999999999999,1.4210854715202004e-14,6.988158704348737,18.281633578229354,1,93,6,1,WAIT,low
highest_income,20,132,08:00,120,78.29086016270325,12.515672812267788,65.77518735043546,1,2.6172165916937296,83.80145672933574,27.838267969787584,5.743058709182947,0.0,120.0,0.0,18.569927384758948,17.189137793149015,1,132,2,3,WAIT,low
highest_income,21,132,08:00,120,70.51196489659463,9.21779803794464,61.294166858649994,1,2.718502496723655,57.21253272589051,54.369414183077126,5.699550594308704,0.0,120.0,0.0,14.02903538538622,12.307530437312753,1,132,2,2,WAIT,low
highest_income,22,132,08:00,120,73.19947627257753,11.879715219847832,61.319761052729696,1,0.14313207702447545,49.10292337258858,66.52530553466318,4.228639015723772,0.0,120.0,0.0,9.909480637255754,24.03256284802377,1,93,2,2,WAIT,low
highest_income,23,132,08:00,120,88.7110654830466,8.141766967126536,80.56929851592005,1,3.688210322205896,35.436344331764445,70.56876399089597,10.306681355133676,0.0,119.99999999999999,1.4210854715202004e-14,5.8870158831703945,17.37517545147685,1,138,2,1,WAIT,low
highest_income,24,132,08:00,120,92.44937614934213,9.131509715753335,83.31786643358879,1,8.81698730826087,41.08201127600023,70.1010014157389,0.0,0.0,120.0,0.0,6.824926708865075,19.265101050430168,0,93,3,1,WAIT,low
highest_income,25,132,08:00,120,88.82734220516436,8.333882842925659,80.4934593622387,1,8.884173892810466,30.633933783155136,78.57587681353424,1.9060155105001684,0.0,120.0,0.0,5.052224497764085,18.75886933916637,1,195,3,1,WAIT,low
highest_income,26,132,08:00,120,78.52234361382251,9.887674187682492,68.63466942614002,1,10.593835641673344,56.24007417743276,50.54579815300556,2.6202920278883255,0.0,120.0,0.0,11.080887213444068,17.16961046564877,1,93,3,2,WAIT,low
highest_income,27,132,08:00,120,99.07338580780218,8.345828058858334,90.72755774894385,1,20.26103646874199,43.668107498009746,55.294707856344345,0.7761481769039165,0.0,120.0,0.0,7.239163253180994,16.606059772128532,1,93,5,1,WAIT,low
highest_income,28,132,08:00,120,85.29328266440264,12.599912475134559,72.69337018926808,1,5.318652323682445,49.10292337258858,65.57842430372898,0.0,0.0,120.0,0.0,9.909480637255754,26.090269291700128,0,93,2,2,WAIT,low
highest_income,29,132,08:00,120,64.1908759349454,8.147948356996983,56.04292757794841,1,5.098001589255453,27.23286786942542,87.66913054131913,0.0,0.0,120.0,0.0,4.460751707301817,18.819100741260993,0,207,2,1,WAIT,low
highest_income,30,132,08:00,120,85.1017589640579,8.30455409887401,76.79720486518389,1,15.727801574722232,44.29164126071658,59.98055716456118,0.0,0.0,120.0,0.0,7.35814036437716,16.369157060977155,0,93,5,1,WAIT,low
highest_income,31,132,08:00,120,74.52106810445254,7.548378110992861,66.97268999345968,1,0.6398723452523996,27.53349240256558,85.31488925515885,6.511745997023169,0.0,120.0,0.0,4.54089199937273,17.02590260346402,1,138,2,1,WAIT,low
highest_income,32,132,08:00,120,83.39104703289965,7.3199786400001186,76.07106839289953,1,2.583192710062785,25.661307697026736,90.03795113854216,1.7175484543683268,0.0,120.0,0.0,2.8825397963172876,18.031684889397336,1,68,2,2,WAIT,low
highest_income,33,132,08:00,120,83.64821350021352,8.21999509045715,75.42821840975637,1,2.0956333067147623,35.171797950226974,79.86701442460566,2.8655543184525953,0.0,119.99999999999999,1.4210854715202004e-14,5.800620334703995,17.68507992374501,1,138,2,1,WAIT,low
highest_income,34,132,08:00,120,82.77390821688812,8.737896050604833,74.03601216628329,1,1.704493906505602,34.32247986892295,76.78582476164463,7.187201462926808,0.0,119.99999999999999,1.4210854715202004e-14,5.660548685821679,19.304868601620704,1,138,2,1,WAIT,low
highest_income,35,132,08:00,120,83.47744641316308,8.79367992189238,74.6837664912707,1,9.723350560751058,35.69565343448948,74.58099600475947,0.0,0.0,120.0,0.0,5.8870158831703945,19.23778389366498,0,138,3,1,WAIT,low
highest_income,36,132,08:00,120,110.05594041614556,13.044915389392207,97.01102502675336,3,6.667931426273865,50.25879216776439,62.41856040927392,0.6547159966878127,0.0,119.99999999999999,1.4210854715202004e-14,11.776448717814965,25.494738109019917,1,138,4,3,WAIT,low
highest_income,37,132,08:00,120,79.27397589985081,8.022030718133264,71.25194518171755,1,2.186329493289938,37.04349080580259,69.00917899448919,11.761000706418287,0.0,120.0,0.0,6.154010038398844,16.766077727696196,1,138,2,1,WAIT,low
highest_income,38,132,08:00,120,100.78456778710938,8.37087268892563,92.41369509818375,2,12.785592013150769,43.575469610492426,63.638938376356805,0.0,0.0,120.0,0.0,7.239163253180994,16.677615858035097,0,93,4,1,WAIT,low
highest_income,39,132,08:00,120,45.374471207498,8.929388845321752,36.445082362176244,1,2.6629048239914104,57.21253272589051,54.724655267907394,5.399907182210669,0.0,119.99999999999999,1.4210854715202004e-14,14.02903538538622,11.483504172675929,1,132,2,2,WAIT,low
highest_income,40,132,08:00,120,130.37185870128417,11.170101644647525,119.20175705663664,2,13.149313699658757,18.235999856438113,88.61468644390314,0.0,0.0,120.0,0.0,4.426965712609704,27.487610414954656,0,43,5,2,WAIT,low
highest_income,41,132,08:00,120,96.52612072645138,8.436712740238688,88.08940798621269,1,2.4764055272524206,37.31456036852962,77.2451858795581,2.96384822465987,0.0,120.0,0.0,6.154010038398844,17.95088350514027,1,138,2,1,WAIT,low
highest_income,42,132,08:00,120,67.95876742454655,8.531049697454268,59.427717727092286,1,4.285452507250234,29.36469255473864,83.54008455080043,2.8097703872106905,0.0,119.99999999999999,1.4210854715202004e-14,4.842898079773846,19.53152962723835,1,138,2,1,WAIT,low
highest_income,43,132,08:00,120,58.756336880216026,9.918767171043125,48.8375697091729,1,8.230839337933329,51.14772103664846,60.6214396254182,0.0,0.0,120.0,0.0,10.249181488265936,18.090153286143,0,93,3,2,WAIT,low
highest_income,44,132,08:00,120,74.10846510711394,8.990320947653359,65.11814415946058,1,28.532277781783826,38.83650491971571,41.84897334002012,10.78224395848035,0.0,120.0,0.0,6.490546598814233,19.196084680195362,1,93,7,1,WAIT,low
highest_income,45,132,08:00,120,136.49152119387696,8.490319737030283,128.00120145684667,3,6.976232154602118,0.0,112.34650122899062,0.6772666164072518,0.0,119.99999999999999,1.4210854715202004e-14,0.0,24.258056391515094,1,186,4,0,WAIT,low
highest_income,46,132,08:00,120,83.16330805301882,8.14197805954154,75.02132999347728,1,3.928916815433162,40.83728476026366,43.57504210472065,31.658756319582537,0.0,120.00000000000001,-1.4210854715202004e-14,6.824926708865075,16.437867746967896,1,93,2,1,WAIT,low
highest_income,47,132,08:00,120,76.09761265332601,9.243510318723306,66.8541023346027,1,15.600553300117424,52.49967548612012,51.899771213762456,0.0,0.0,120.0,0.0,10.47853807995202,15.931491402114567,0,93,4,2,WAIT,low
highest_income,48,132,08:00,120,162.41011891184957,10.885481538943132,151.52463737290643,2,3.1334949398907157,43.668107498009746,66.31857386423496,6.87982369786458,0.0,120.00000000000001,-1.4210854715202004e-14,7.239163253180994,23.862212572370815,1,132,3,1,WAIT,low
highest_income,49,132,08:00,120,74.0825009651788,9.082679848075205,64.9998211171036,1,5.91029863946197,26.45082820508135,87.63887315545668,0.0,0.0,120.0,0.0,4.362336329046457,21.588177522596986,0,207,2,1,WAIT,low
highest_income,50,132,08:00,120,58.11548146388209,3.189158605845835,54.92632285803626,2,2.07200089904398,8.253518800007585,80.06146078254707,29.61301951840136,0.0,120.0,0.0,3.1402954808806487,5.971586250107452,1,132,3,1,WAIT,low
highest_income,51,132,08:00,120,88.13718365100375,7.895688994998102,80.24149465600566,1,5.077469835039242,41.315237472763656,69.48894775487959,4.118344937317502,0.0,119.99999999999999,1.4210854715202004e-14,6.863672418971716,15.695438995308578,1,138,2,1,WAIT,low
highest_income,52,132,08:00,120,66.81182829690322,10.343019821334696,56.46880847556852,1,25.90208818526002,52.427292549046015,39.999520647168374,1.6710986185255905,0.0,119.99999999999999,1.4210854715202004e-14,10.516175643494385,19.03530956031904,1,93,7,2,WAIT,low
highest_income,53,132,08:00,120,88.33979833020071,8.936467654811835,79.40333067538887,1,21.47434027429974,43.91241050419127,43.806182144681344,10.807067076827636,0.0,119.99999999999999,1.4210854715202004e-14,7.279663046882188,18.25310168115163,1,93,5,1,WAIT,low
highest_income,54,132,08:00,120,74.88962890716998,9.099144049434921,65.79048485773505,1,7.370271731413567,33.32388389611289,79.30584437247354,0.0,0.0,120.0,0.0,5.495857756053667,20.50169667090325,0,138,3,1,WAIT,low
highest_income,55,132,08:00,120,58.48905856249041,9.762855308252252,48.72620325423816,1,5.342900893822715,51.14772103664846,63.50937806952882,0.0,0.0,120.0,0.0,10.249181488265936,17.644690821026213,0,93,2,2,WAIT,low
highest_income,56,132,08:00,120,80.16485480859424,8.34018022686181,71.82467458173244,1,6.077418937005687,42.06457108435003,70.26644915130636,1.5915608273379291,0.0,120.0,0.0,6.988158704348737,16.84092765811358,1,93,2,1,WAIT,low
highest_income,57,132,08:00,120,86.90544682425393,9.942414088303568,76.96303273595036,1,4.6668151937319236,47.914786043080525,67.41839876318755,0.0,0.0,120.0,0.0,9.712096187417577,18.694801207735477,0,93,2,2,WAIT,low
highest_income,58,132,08:00,120,76.31243301344479,8.908584213758104,67.40384879968668,1,11.892680866796532,42.15399692506749,48.986654632505996,16.966667575629984,0.0,120.0,0.0,6.988158704348737,18.46493904924585,1,93,4,1,WAIT,low
highest_income,59,132,08:00,120,55.379132307807794,8.878282159931313,46.50085014787648,1,2.5559404751993005,56.50928892485943,29.796828803946447,31.137941795994806,0.0,119.99999999999999,1.4210854715202004e-14,14.02903538538622,11.337485071560392,1,132,2,2,WAIT,low
highest_income,60,132,08:00,120,49.91452148387485,8.886282093535833,41.02823939033902,1,0.7712784399434912,56.50928892485943,25.78591940176565,36.93351323343143,0.0,120.0,0.0,14.02903538538622,11.36034202471616,1,132,2,2,WAIT,low
highest_income,61,132,08:00,120,73.40349716382963,7.316958356497951,66.08653880733168,1,6.884909353989436,21.70198994249608,91.41310070351449,0.0,0.0,120.0,0.0,2.6985797370704905,18.207015567209368,0,145,3,2,WAIT,low
highest_income,62,132,08:00,120,135.13727298212274,9.4678662399875,125.66940674213524,2,2.7613427221267988,35.171797950226974,80.68283925768141,1.3840200699648193,0.0,120.0,0.0,5.800620334703995,21.250426065260296,1,138,3,1,WAIT,low
highest_income,63,132,08:00,120,88.39761570259134,9.289879925394452,79.1077357771969,1,3.6790664567327944,52.60658149426864,56.43501475209529,7.279337296903265,0.0,120.0,0.0,10.47853807995202,16.06397599260356,1,93,2,2,WAIT,low
highest_income,64,132,08:00,120,87.13155597051353,8.119621659294955,79.01193431121858,1,3.0362444609701678,32.26656284316143,81.86095939696473,2.8362332989036787,0.0,120.00000000000001,-1.4210854715202004e-14,5.321481740112142,17.877437286444874,1,138,2,1,WAIT,low
highest_income,65,132,08:00,120,73.66497396369806,7.645860508743684,66.01911345495438,1,18.80823199767326,43.668107498009746,57.52366050431699,0.0,0.0,120.0,0.0,7.239163253180994,14.606152486086678,0,93,5,1,WAIT,low
highest_income,66,132,08:00,120,96.50291484283393,10.84276963332113,85.6601452095128,3,3.6145931510274476,31.315847401619507,84.94868866562142,0.12087078173162524,0.0,120.0,0.0,8.724331210191083,22.25501059929787,1,93,4,2,WAIT,low
highest_income,67,132,08:00,120,78.65348193996861,8.977577328337485,69.67590461163113,1,13.794563199809462,39.06924131705906,67.13619548313147,0.0,0.0,120.0,0.0,6.490546598814233,19.15967433929287,0,93,4,1,WAIT,low
highest_income,68,132,08:00,120,87.00251254873235,7.301193117556683,79.70131943117568,1,1.8207348885204875,35.171797950226974,83.00746716125253,0.0,0.0,120.0,0.0,5.800620334703995,15.059931429743672,0,138,2,1,WAIT,low
highest_income,69,132,08:00,120,71.56883957173937,10.043133658108296,61.52570591363108,1,7.58721310036653,51.11614980078293,49.26411432500187,12.032522773848669,0.0,120.0,0.0,10.249181488265936,18.445486106329202,1,93,3,2,WAIT,low
highest_income,70,132,08:00,120,85.7829144963302,8.872178069993799,76.91073642633641,1,4.281368476554842,39.988745020748375,42.15513172059384,33.57475478210293,0.0,119.99999999999999,1.4210854715202004e-14,6.683114598541168,18.665965601441115,1,93,2,1,WAIT,low
highest_income,71,132,08:00,120,83.07409494595501,8.184381815985684,74.88971312996932,1,0.7114881497068689,35.69565343448948,81.13819062141813,2.4546677943855286,0.0,120.0,0.0,5.8870158831703945,17.49693216250299,1,138,2,1,WAIT,low
highest_income,72,132,08:00,120,89.6970902282477,12.444540847530849,77.25254938071686,1,3.169968271077226,93.24697381148103,19.87575783916767,3.7073000782740735,0.0,120.0,0.0,20.183045423785064,15.372785569160222,1,132,2,3,WAIT,low
highest_income,73,132,08:00,120,80.21341594866666,9.034196260464395,71.17921968820227,2,5.570869628754771,0.0,96.51517838252225,17.91395198872297,0.0,120.0,0.0,0.0,25.811989315612557,1,230,3,0,WAIT,low
highest_income,74,132,08:00,120,78.37450279685868,10.490732040944856,67.88377075591382,1,9.220228051879866,49.10292337258858,61.67684857553155,0.0,0.0,120.0,0.0,9.909480637255754,20.06403947972955,0,93,3,2,WAIT,low
highest_income,75,132,08:00,120,91.19899953535153,8.17708750374549,83.02191203160604,1,9.771480628327417,37.38598946472993,65.99794840223016,6.84458150471248,0.0,119.99999999999999,1.4210854715202004e-14,6.210909108635681,17.152198044922862,1,138,3,1,WAIT,low
highest_income,76,132,08:00,120,71.8621956276729,8.890291224619615,62.97190440305329,1,14.44767387156222,32.203409338196515,73.34891679024128,0.0,0.0,120.00000000000001,-1.4210854715202004e-14,5.3499305823220356,20.050901488019726,0,138,4,1,WAIT,low
highest_income,77,132,08:00,120,85.04294084057166,8.623273357580963,76.41966748299069,1,1.902603253941415,41.315237472763656,72.44538103594198,4.336778237352959,0.0,120.00000000000001,-1.4210854715202004e-14,6.863672418971716,17.77425145983104,1,138,2,1,WAIT,low
highest_income,78,132,08:00,120,94.41437031575008,9.823611609731799,84.59075870601828,1,3.310439361948892,51.22305580893145,54.75369352380181,10.712811305317842,0.0,120.0,0.0,10.249181488265936,17.81828025382492,1,93,2,2,WAIT,low
highest_income,79,132,08:00,120,85.3803749850253,9.628449377720695,75.7519256073046,1,4.3767582641334135,51.22305580893145,57.68834626806901,6.711839658866111,0.0,119.99999999999999,1.4210854715202004e-14,10.249181488265936,17.260673876650337,1,93,2,2,WAIT,low
highest_income,80,132,08:00,120,77.97312976099204,8.453932969420384,69.51919679157166,1,8.000088073067989,43.81925435023871,62.859889723234474,5.320767853458818,0.0,119.99999999999999,1.4210854715202004e-14,7.279663046882188,16.874431151461767,1,93,3,1,WAIT,low
highest_income,81,132,08:00,120,84.02392447665362,8.515234011406505,75.50869046524711,1,0.7825690643214721,27.53349240256558,80.76814428099195,10.915794252120989,0.0,119.99999999999999,1.4210854715202004e-14,4.54089199937273,19.78834803321729,1,138,2,1,WAIT,low
highest_income,82,132,08:00,120,85.5030549355979,9.551716921875208,75.95133801372269,1,9.721052282857464,52.49967548612012,45.952218076646986,11.827054154375432,0.0,120.0,0.0,10.47853807995202,16.812081696834294,1,93,3,2,WAIT,low
highest_income,83,132,08:00,120,92.02195302859297,9.213386201528877,82.8085668270641,1,3.695263155217643,57.114446996340504,59.19028984844185,0.0,0.0,120.0,0.0,11.225838024067258,15.098122551729537,0,93,2,2,WAIT,low
highest_income,84,132,08:00,120,87.24026899934387,6.858009155058787,80.38225984428509,1,0.9554385637391117,0.0,113.34466204156867,5.699899394692224,0.0,120.0,0.0,0.0,19.594311871596535,1,230,2,0,WAIT,low
highest_income,85,132,08:00,120,73.5264432482114,9.406387761775996,64.1200554864354,1,0.5384744598587035,52.528311699055664,61.2451732132054,5.688040627880227,0.0,119.99999999999999,1.4210854715202004e-14,10.47853807995202,16.396855525122255,1,93,2,2,WAIT,low
highest_income,86,132,08:00,120,156.57914723631882,11.295968302231445,145.28317893408737,2,6.60100931821266,43.55822201257482,65.28850715766505,4.552261511547471,0.0,120.0,0.0,7.279663046882188,24.994532102350515,1,132,4,1,WAIT,low
highest_income,87,132,08:00,120,90.06782286795854,9.289018743735948,80.77880412422259,1,8.257714101928961,52.767750935337226,40.042174945632915,18.932360017100905,0.0,120.0,0.0,10.573074713731224,15.966978839800056,1,93,3,2,WAIT,low
highest_income,88,132,08:00,120,75.57864098030744,7.1638834641833125,68.41475751612413,1,3.913298570847827,16.83271972882946,99.25398170032271,0.0,0.0,120.0,0.0,2.298456569366361,18.169781899728818,0,202,2,2,WAIT,low
highest_income,89,132,08:00,120,77.87828116310033,9.01067166756135,68.86760949553897,1,2.9383979422673114,33.63589275272784,77.04316460129337,6.382544703711474,0.0,120.0,0.0,5.547315032160212,20.19746116087222,1,138,2,1,WAIT,low
highest_income,90,132,08:00,120,78.62268415991623,9.338894151160765,69.28379000875546,2,7.030198600288935,52.528311699055664,57.89890705913315,2.5425826415222588,0.0,120.00000000000001,-1.4210854715202004e-14,10.47853807995202,16.20401663765017,1,93,3,2,WAIT,low
highest_income,91,132,08:00,120,87.1519694985692,8.847183638857272,78.30478585971193,1,9.950936795617356,42.15399692506749,58.30172049639797,9.593345782917183,0.0,119.99999999999999,1.4210854715202004e-14,6.988158704348737,18.28950883524347,1,93,3,1,WAIT,low
highest_income,92,132,08:00,120,78.28720565313242,8.634679793036689,69.65252586009572,1,7.549330853812046,21.318692689544747,91.1319764566432,0.0,0.0,120.0,0.0,3.492008086269026,21.178505608121515,0,207,3,1,WAIT,low
highest_income,93,132,08:00,120,82.14976871834203,8.01744505368766,74.13232366465436,1,1.036974780614486,43.89433760149426,75.06868761789126,0.0,0.0,120.0,0.0,7.239163253180994,15.667822614498032,0,93,2,1,WAIT,low
highest_income,94,132,08:00,120,98.72173058797782,8.603303177347858,90.11842741062996,2,7.616198620581031,21.318692689544747,86.7543809820701,4.310727707804119,0.0,120.0,0.0,3.492008086269026,21.08885813472486,1,207,3,1,WAIT,low
highest_income,95,132,08:00,120,149.89057528782473,10.552124819830485,139.33845046799425,2,5.697927679743687,57.114446996340504,57.1876253239158,0.0,0.0,120.0,0.0,11.225838024067258,18.92309003259128,0,93,3,2,WAIT,low
highest_income,96,132,08:00,120,150.453805511984,12.608295081423096,137.8455104305609,2,15.56449408286344,44.29164126071658,56.837205139331324,3.3066595170886472,0.0,119.99999999999999,1.4210854715202004e-14,7.35814036437716,28.66555986826026,1,93,5,1,WAIT,low
highest_income,97,132,08:00,120,139.4995420424925,12.094454819201424,127.40508722329108,2,2.7404899462476355,45.24305827041562,72.01645178333673,0.0,0.0,119.99999999999999,1.4210854715202004e-14,7.475551339859686,27.08003385785867,0,202,3,2,WAIT,low
highest_income,98,132,08:00,120,122.25466513012032,9.422764105259281,112.83190102486104,2,1.722457077491283,43.575469610492426,72.215272203789,2.4868011082272687,0.0,119.99999999999997,2.842170943040401e-14,7.239163253180994,19.683019904702665,1,70,3,1,WAIT,low
highest_income,99,132,08:00,120,94.56502848046763,8.894197416894743,85.67083106357289,3,3.550480037070887,29.304235501611835,87.14528446131729,0.0,0.0,120.00000000000001,-1.4210854715202004e-14,6.055385694381822,19.356606925317447,0,234,4,2,WAIT,low
highest_income,100,132,08:00,120,85.13221900786661,7.871794215703287,77.26042479216332,1,2.469145597631356,35.171797950226974,79.75885259116163,2.600203860980045,0.0,120.0,0.0,5.800620334703995,16.690220281591113,1,138,2,1,WAIT,low
highest_income,101,132,08:00,120,137.22113489355027,12.806526866141537,124.41460802740873,2,6.6704932915055695,62.70041439660629,44.555235591123214,6.073856720764908,0.0,119.99999999999999,1.4210854715202004e-14,10.671412322434177,25.91866443797022,1,138,4,2,WAIT,low
highest_income,102,132,08:00,120,36.706714182269536,8.859090299292097,27.847623882977437,1,2.707707147638776,57.17594527557425,33.42517786781109,26.69116970897589,0.0,120.00000000000001,-1.4210854715202004e-14,14.02903538538622,11.282651184019771,1,132,2,2,WAIT,low
highest_income,103,132,08:00,120,76.10855975128787,8.498012779697174,67.6105469715907,1,3.1618408986866484,41.315237472763656,62.54233842590007,12.980583202649626,0.0,120.0,0.0,6.863672418971716,17.416364094448785,1,138,2,1,WAIT,low
highest_income,104,132,08:00,120,80.8106683001359,9.917004988618732,70.89366331151717,1,4.554828667979238,51.11614980078293,49.10888607828613,15.220135452951695,0.0,120.0,0.0,10.249181488265936,18.08511847921616,1,93,2,2,WAIT,low
highest_income,105,132,08:00,120,78.74578870801398,10.785545410401237,67.96024329761273,1,3.7313065209622573,56.13316816928424,45.31080617963582,14.824719130117685,0.0,120.0,0.0,11.080887213444068,19.73495681627375,1,93,2,2,WAIT,low
highest_income,106,132,08:00,120,86.22032418036126,5.81483443745873,80.40548974290253,1,2.8631604779034245,8.430876627403084,103.09255480135823,5.613408093335266,0.0,120.0,0.0,1.126618214345614,15.487194464107901,1,68,2,1,WAIT,low
highest_income,107,132,08:00,120,91.85478803275188,10.36069104184332,81.49409699090856,3,8.782575521483633,29.312793571932676,72.93203844017376,8.972592466409935,0.0,120.0,0.0,8.321852223022558,21.28012218224407,1,138,5,2,WAIT,low
highest_income,108,132,08:00,120,74.41873464832805,7.684475371341858,66.7342592769862,1,8.337377236609882,37.04349080580259,67.24454295154749,7.37458900604004,0.0,120.0,0.0,6.154010038398844,15.801633879720752,1,138,2,1,WAIT,low
highest_income,109,132,08:00,120,66.35125762902788,8.721733962607088,57.629523666420795,2,14.151776257170523,43.668107498009746,46.463423935821396,15.716692308998333,0.0,120.0,0.0,7.239163253180994,17.68007663998212,1,93,5,1,WAIT,low
highest_income,110,132,08:00,120,77.0263415210074,7.571885810804849,69.45445571020255,1,0.29951420267060347,23.00872960516973,86.23762884143098,10.454127350728683,0.0,119.99999999999999,1.4210854715202004e-14,3.794656872882214,17.839302586560216,1,195,2,1,WAIT,low
highest_income,111,132,08:00,120,75.82753792629882,7.254635884301144,68.57290204199768,1,1.9593826662226075,21.318692689544747,96.28512674512226,0.43679789911038824,0.0,120.0,0.0,3.492008086269026,17.235523011734244,1,207,2,1,WAIT,low
highest_income,112,132,08:00,120,154.26112714956435,12.112223807420044,142.1489033421443,2,6.060696065703157,50.716362069215826,53.78413853453969,9.438803330541305,0.0,119.99999999999997,2.842170943040401e-14,10.249181488265936,24.357172247219907,1,230,3,2,WAIT,low
highest_income,113,132,08:00,120,81.0658739183281,11.170467268912226,69.89540664941586,1,9.893929721514995,49.10292337258858,61.00314690589643,0.0,0.0,120.0,0.0,9.909480637255754,22.006140131064896,0,93,3,2,WAIT,low
highest_income,114,132,08:00,120,94.13832889573372,12.343831264891604,81.79449763084212,2,3.241153311318758,57.87537278486009,58.036292189121575,0.8471817146995733,0.0,119.99999999999999,1.4210854715202004e-14,11.335566780540754,23.93252254772098,1,138,3,2,WAIT,low
highest_income,115,132,08:00,120,95.46289839709758,8.861960614472988,86.60093778262458,1,12.165165792399776,42.06457108435003,65.7702631232502,0.0,0.0,120.0,0.0,6.988158704348737,18.331728765574088,0,93,4,1,WAIT,low
highest_income,116,132,08:00,120,73.75574141226136,9.292313868953173,64.46342754330819,1,21.036019735873108,39.06924131705906,59.894738947067836,0.0,0.0,120.0,0.0,6.490546598814233,20.058921598194836,0,93,6,1,WAIT,low
highest_income,117,132,08:00,120,133.882275811387,10.446962479677559,123.43531333170944,2,5.5942010484803,51.22305580893145,56.90722684847158,6.275516294116642,0.0,119.99999999999997,2.842170943040401e-14,10.249181488265936,19.599282739384236,1,93,3,2,WAIT,low
highest_income,118,132,08:00,120,165.3911423336429,12.021000826909257,153.37014150673366,2,10.186679103959026,55.80627201259041,54.007048883450565,0.0,0.0,120.0,0.0,11.080887213444068,23.264829434868098,0,164,4,2,WAIT,low
highest_income,119,132,08:00,120,61.62681533638984,8.596930579352893,53.029884757036946,1,6.479311657875218,57.21253272589051,49.16253273486586,7.145622881368411,0.0,120.0,0.0,14.02903538538622,10.533623412764907,1,132,3,2,WAIT,low
highest_income,120,132,08:00,120,77.05394195803459,8.005180870797265,69.04876108723732,1,1.1537107003850111,33.80456294305196,81.58789390557467,3.453832450988344,0.0,119.99999999999999,1.4210854715202004e-14,5.57513253916503,17.29681280597001,1,138,2,1,WAIT,low
highest_income,121,132,08:00,120,62.0011985908381,7.890221108081902,54.1109774827562,1,2.9062102137339663,27.04756538135947,86.76032845845074,3.2858959464558097,0.0,119.99999999999999,1.4210854715202004e-14,4.460751707301817,18.08273717293219,1,207,2,1,WAIT,low
highest_income,122,132,08:00,120,82.72230739332016,8.373537611418964,74.3487697819012,1,18.31112072998774,40.83728476026366,37.72956416937366,23.12203034037495,0.0,120.0,0.0,6.824926708865075,17.099466466617685,1,93,5,1,WAIT,low
highest_income,123,132,08:00,120,82.15483923102835,10.871016305803497,71.28382292522485,2,5.250787924554627,42.39979943757974,72.33291350358465,0.016499134280991257,0.0,120.0,0.0,7.880136479212401,23.179910108797593,1,145,3,3,WAIT,low
highest_income,124,132,08:00,120,81.83262370260006,8.950461521040557,72.88216218155951,1,27.21256552818476,42.15399692506749,50.63343754674775,0.0,0.0,120.0,0.0,6.988158704348737,18.584588498624285,0,93,7,1,WAIT,low
highest_income,125,132,08:00,120,78.46874644638223,8.682596127745398,69.78615031863683,1,10.72980591612636,44.29164126071658,64.97855282315705,0.0,0.0,119.99999999999999,1.4210854715202004e-14,7.35814036437716,17.449277143466837,0,93,3,1,WAIT,low
highest_income,126,132,08:00,120,78.87298245871821,7.802738176247056,71.07024428247115,1,9.50947037766662,27.53349240256558,82.23179399640941,0.7252432233583761,0.0,119.99999999999999,1.4210854715202004e-14,4.54089199937273,17.75264564704743,1,138,3,1,WAIT,low
highest_income,127,132,08:00,120,107.7760228617887,10.230364119015515,97.54565874277318,2,16.139057759178392,59.269598717458834,44.59134352336278,0.0,0.0,120.0,0.0,11.641828651977729,17.58778311663803,0,93,5,2,WAIT,low
highest_income,128,132,08:00,120,78.7488797673826,10.582072617164943,68.16680715021766,1,9.69819410261719,57.114446996340504,53.187358901042295,0.0,0.0,120.0,0.0,11.225838024067258,19.008655167832583,0,93,3,2,WAIT,low
highest_income,129,132,08:00,120,82.0947052639349,10.585227445837983,71.50947781809691,1,2.775110115955249,49.10292337258858,66.6055442119671,1.516422299489065,0.0,119.99999999999999,1.4210854715202004e-14,9.909480637255754,20.33402635085277,1,93,2,2,WAIT,low
highest_income,130,132,08:00,120,80.5376092051128,9.608356404865045,70.92925280024775,1,1.4811874363433628,52.49967548612012,44.662107206003995,21.357029871532532,0.0,120.00000000000001,-1.4210854715202004e-14,10.47853807995202,16.973908791090963,1,93,2,2,WAIT,low
highest_income,131,132,08:00,120,83.00354104567135,10.205743842826227,72.79779720284513,1,0.5152310230703717,49.78452281460173,69.7002461623279,0.0,0.0,120.0,0.0,10.022714290917222,19.13655383144343,0,93,2,2,WAIT,low
highest_income,132,132,08:00,120,79.90554399511912,8.683305527446173,71.22223846767295,1,3.328751882696916,37.04349080580259,70.52825014892285,9.099507162577638,0.0,119.99999999999999,1.4210854715202004e-14,6.154010038398844,18.655434325733083,1,138,2,1,WAIT,low
highest_income,133,132,08:00,120,63.52575648472714,10.040416412651517,53.48534007207562,1,6.114485624907609,51.14772103664846,62.737793338443936,0.0,0.0,120.0,0.0,10.249181488265936,18.437722547881258,0,93,3,2,WAIT,low
highest_income,134,132,08:00,120,92.42631425865002,10.215655965547551,82.21065829310247,1,4.835847150509019,52.202086335759425,40.420852365212355,22.541214148519202,0.0,120.0,0.0,10.47853807995202,18.709050393040982,1,93,2,2,WAIT,low
highest_income,135,132,08:00,120,82.69476996657068,8.38331084798389,74.31145911858678,1,3.9190036995537163,36.816934994171646,71.81452848746598,7.449532818808649,0.0,119.99999999999999,1.4210854715202004e-14,6.116372474856479,17.83594423366892,1,138,2,1,WAIT,low
highest_income,136,132,08:00,120,69.16414041839228,8.27822393729801,60.88591648109427,1,1.4045600078893123,44.29164126071658,64.10190019961391,10.201898531780202,0.0,120.0,0.0,7.35814036437716,16.293928027902872,1,93,2,1,WAIT,low
highest_income,137,132,08:00,120,58.79754261656294,10.23351883722501,48.56402377933793,1,1.7081339594741087,49.78452281460173,61.26988103769214,7.23746218823203,0.0,120.0,0.0,10.022714290917222,19.215910958297094,1,93,2,2,WAIT,low
highest_income,138,132,08:00,120,93.79142839529709,9.887669195564538,83.90375919973255,1,2.9863395419911876,52.75486751068661,64.2587929473222,0.0,0.0,120.0,0.0,10.516175643494385,17.734307772404296,0,93,2,2,WAIT,low
highest_income,139,132,08:00,120,86.49793724456175,9.377555680352074,77.12038156420968,1,8.82288253102664,41.16934827485739,53.11964221755738,16.888126976558596,0.0,120.0,0.0,6.824926708865075,19.96808952071228,1,93,3,1,WAIT,low
highest_income,140,132,08:00,120,116.98547486266477,12.193532793675612,104.79194206898916,2,1.2516661763367947,52.0887285202961,63.77755146464794,2.882053838719145,0.0,119.99999999999999,1.4210854715202004e-14,10.47853807995202,24.360127044835437,1,132,3,2,WAIT,low
highest_income,141,132,08:00,120,85.78703867696551,7.90476874948107,77.88226992748444,1,6.632720668880993,24.882546762131966,88.48473256898704,0.0,0.0,120.0,0.0,4.103691455634394,18.48136211431152,0,207,3,1,WAIT,low
highest_income,142,132,08:00,120,86.21040074242826,12.010054512975266,74.200346229453,1,4.538801861373367,86.22270945203152,1.0,28.238488686595105,0.0,120.0,0.0,17.479908283556718,16.8345331820869,1,132,2,2,WAIT,low
highest_income,143,132,08:00,120,95.99105853266232,11.132394902530873,84.85866363013145,1,6.323859418331174,49.78452281460173,63.891617767067096,0.0,0.0,120.0,0.0,10.022714290917222,21.78412828774242,0,93,3,2,WAIT,low
highest_income,144,132,08:00,120,0.0,0.0,0.0,0,0.012864777941714433,0.0,0.0,119.98713522205828,0.0,120.0,0.0,0.0,0.0,1,132,1,0,WAIT,low
highest_income,145,132,08:00,120,89.07702528689974,11.264861105991557,77.81216418090818,1,23.90993511105851,48.797103128811656,42.52501365451458,4.767948105615261,0.0,120.00000000000001,-1.4210854715202004e-14,9.909480637255754,22.275836808434413,1,93,6,2,WAIT,low
highest_income,146,132,08:00,120,75.51273518871636,8.416196630015815,67.09653855870054,1,15.144264099925012,43.668107498009746,49.488600162262124,11.699028239803113,0.0,120.0,0.0,7.239163253180994,16.80711283257848,1,93,4,1,WAIT,low
highest_income,147,132,08:00,120,87.90794528410692,7.344533494072463,80.56341179003445,1,5.605267529356826,27.04756538135947,86.10975657502529,1.2374105142584142,0.0,120.0,0.0,4.460751707301817,16.523629704333793,1,207,2,1,WAIT,low
highest_income,148,132,08:00,120,116.76867450399581,10.352224144459692,106.41645035953611,2,10.553555774458523,51.52555396686268,57.9208902586788,0.0,0.0,120.0,0.0,10.516175643494385,19.06160762639045,0,95,4,2,WAIT,low
highest_income,149,132,08:00,120,108.97112288957737,9.541508525069005,99.42961436450837,2,9.734484540042978,35.69565343448948,70.29423429357735,4.275627731890211,0.0,120.00000000000001,-1.4210854715202004e-14,5.8870158831703945,21.374437045598196,1,138,4,1,WAIT,low
greedy_net_earnings,0,132,08:00,120,161.73701361196458,9.880403944537576,151.856609667427,3,17.468941284445943,10.656165903631408,89.22340464566885,2.651488166253813,0.0,120.00000000000001,-1.4210854715202004e-14,1.7454830859471333,26.484242469874516,1,145,6,1,WAIT,low
greedy_net_earnings,1,132,08:00,120,65.8122619002876,7.528281803145645,58.28398009714195,1,3.4273496923809272,33.25133426957525,83.32131603804382,0.0,0.0,120.0,0.0,5.483892691328659,16.02548388908747,0,199,2,1,WAIT,low
greedy_net_earnings,2,132,08:00,120,187.97475778120253,14.623456319468225,173.3513014617343,4,19.499358439505983,43.23033828337266,56.83643811941373,0.43386515770764333,0.0,120.00000000000001,-1.4210854715202004e-14,6.866852638909416,34.9144511309998,1,138,7,3,WAIT,low
greedy_net_earnings,3,132,08:00,120,124.17469716888519,11.53274353884558,112.64195363003961,5,13.280278982263061,33.00978178841174,59.28101316222611,14.42892606709907,0.0,119.99999999999999,1.4210854715202004e-14,5.483892691328659,27.466803133944428,1,199,6,1,WAIT,low
greedy_net_earnings,4,132,08:00,120,83.79906621081886,7.905816164815771,75.89325004600309,1,7.942550997792936,30.633933783155136,81.42351521905194,0.0,0.0,120.0,0.0,5.052224497764085,17.535821687423834,0,195,3,1,WAIT,low
greedy_net_earnings,5,132,08:00,120,94.4935889291655,7.690866132380805,86.80272279678469,1,19.914427886894572,31.26713696900328,66.18773479769386,2.6307003464082896,0.0,120.0,0.0,5.194388287755453,16.779514947618278,1,195,5,1,WAIT,low
greedy_net_earnings,6,132,08:00,120,118.55905584870439,8.643362615537974,109.91569323316642,3,31.926194449118288,16.364329411356707,71.70947613952501,0.0,0.0,120.0,0.0,2.9949994007710856,21.700322357908842,0,145,9,2,WAIT,low
greedy_net_earnings,7,132,08:00,120,137.48792860771502,9.185426024303563,128.30250258341147,3,17.187883360227982,0.0,102.81211663977203,0.0,0.0,120.00000000000001,-1.4210854715202004e-14,0.0,26.24407435515304,0,234,6,0,WAIT,low
greedy_net_earnings,8,132,08:00,120,146.51382880542837,12.723017453552675,133.7908113518757,3,23.200671612403525,31.76477641897683,64.73257642491339,0.3019755437062628,0.0,120.00000000000001,-1.4210854715202004e-14,5.308684753545373,31.042793685176562,1,237,7,1,WAIT,low
greedy_net_earnings,9,132,08:00,120,73.86169452504407,7.981816889828071,65.879877635216,1,5.492791551253636,37.05452422594416,48.55369674795172,28.8989874748505,0.0,120.00000000000001,-1.4210854715202004e-14,6.142783956295462,16.66240715749903,1,199,2,1,WAIT,low
greedy_net_earnings,10,132,08:00,120,142.94821538488918,13.20808334772391,129.74013203716527,3,8.419621565300178,38.79846529015545,72.78191314454436,0.0,0.0,119.99999999999999,1.4210854715202004e-14,6.444980281326928,31.292400712169965,0,145,4,2,WAIT,low
greedy_net_earnings,11,132,08:00,120,84.4453082531088,7.743950971639876,76.70135728146893,1,8.228682610062158,31.26713696900328,73.07396712965028,7.430213291284289,0.0,120.00000000000001,-1.4210854715202004e-14,5.194388287755453,16.93118591692991,1,195,3,1,WAIT,low
greedy_net_earnings,12,132,08:00,120,89.35886561579909,8.75000167159315,80.60886394420594,2,10.329368392664447,24.882546762131966,79.42876723578391,5.359317609419662,0.0,119.99999999999999,1.4210854715202004e-14,4.103691455634394,20.89631332034604,1,207,4,1,WAIT,low
greedy_net_earnings,13,132,08:00,120,86.78898955536776,6.1679957259622755,80.62099382940549,1,1.7504119457194902,0.0,118.24958805428051,0.0,0.0,120.0,0.0,0.0,17.622844931320788,0,230,2,0,WAIT,low
greedy_net_earnings,14,132,08:00,120,135.00205430482,10.873298782743406,124.1287555220766,3,14.654423697092245,19.94006348582088,85.40551281708689,0.0,0.0,120.00000000000001,-1.4210854715202004e-14,3.5760800802611454,27.490487870434308,0,231,5,2,WAIT,low
greedy_net_earnings,15,132,08:00,120,87.73240135414005,7.4707697649691,80.26163158917095,2,4.259570052448607,7.255935836497811,108.48449411105358,0.0,0.0,120.0,0.0,1.173438527333942,20.171617944006346,0,145,3,1,WAIT,low
greedy_net_earnings,16,132,08:00,120,148.47039059639246,10.370595954533318,138.09979464185915,4,11.147058452190041,25.128880735696207,83.72406081211376,0.0,0.0,120.00000000000001,-1.4210854715202004e-14,4.174643937092938,25.455630218716543,0,164,6,1,WAIT,low
greedy_net_earnings,17,132,08:00,120,83.04575049042221,9.171112346882285,73.87463814353993,1,3.308260424335967,31.95513390973077,65.3126447663228,19.423960899610464,0.0,120.00000000000001,-1.4210854715202004e-14,5.308684753545373,20.89449338040402,1,199,2,1,WAIT,low
greedy_net_earnings,18,132,08:00,120,86.86453629129173,7.8326915608461265,79.0318447304456,1,4.909375254585784,30.47604740444225,53.62774329434654,30.986834046625432,0.0,120.0,0.0,5.052224497764085,17.326894247510563,1,195,2,1,WAIT,low
greedy_net_earnings,19,132,08:00,120,153.6940015736536,12.656895704002173,141.0371058696514,3,9.39932916736236,31.79901377309872,78.80165705953893,0.0,0.0,120.0,0.0,5.271541753992986,30.891017400298935,0,238,4,1,WAIT,low
greedy_net_earnings,20,132,08:00,120,183.9557507535601,11.516988762294226,172.43876199126586,5,12.691103948322239,19.964859785669134,87.34403626600863,0.0,0.0,120.0,0.0,3.309712455982072,29.595969722001428,0,163,6,1,WAIT,low
greedy_net_earnings,21,132,08:00,120,139.87034643251474,8.726537992861347,131.14380843965338,4,15.209999864003464,0.0,104.79000013599654,0.0,0.0,120.0,0.0,0.0,24.93296569388957,0,238,6,0,WAIT,low
greedy_net_earnings,22,132,08:00,120,118.80371744218522,9.981095650957066,108.82262179122816,4,9.326540745949087,8.177965723252129,102.49549353079878,0.0,0.0,120.0,0.0,0.8893747220987105,27.628041423492906,0,68,5,1,WAIT,low
greedy_net_earnings,23,132,08:00,120,88.7110654830466,6.081311408016897,82.6297540750297,1,34.059280583814626,0.0,70.56876399089597,15.3719554252894,0.0,120.0,0.0,0.0,17.37517545147685,1,230,8,0,WAIT,low
greedy_net_earnings,24,132,08:00,120,92.44937614934213,8.360263372759384,84.08911277658274,1,3.8494749961363586,27.81788099465722,70.1010014157389,18.231642593467527,0.0,120.00000000000001,-1.4210854715202004e-14,4.6213657288823615,19.265101050430168,1,199,2,1,WAIT,low
greedy_net_earnings,25,132,08:00,120,88.82734220516436,8.333882842925659,80.4934593622387,1,8.884173892810466,30.633933783155136,78.57587681353424,1.9060155105001684,0.0,120.0,0.0,5.052224497764085,18.75886933916637,1,195,3,1,WAIT,low
greedy_net_earnings,26,132,08:00,120,108.23471373714092,9.466301671629452,98.76841206551147,4,8.957510384609545,27.552889003619903,83.48960061177054,0.0,0.0,119.99999999999999,1.4210854715202004e-14,4.577342788887638,22.469233415767935,0,181,5,1,WAIT,low
greedy_net_earnings,27,132,08:00,120,117.91564499600653,6.474383214630706,111.44126178137583,2,20.058026445186364,0.0,75.46410654210959,24.47786701270404,0.0,119.99999999999999,1.4210854715202004e-14,0.0,18.49823775608773,1,230,6,0,WAIT,low
greedy_net_earnings,28,132,08:00,120,121.43478132817454,11.504250792943854,109.93053053523069,3,1.314901333029018,23.424928516117703,88.5604939472675,6.699676203585781,0.0,120.0,0.0,3.8632974317055897,29.005990548133987,1,207,4,1,WAIT,low
greedy_net_earnings,29,132,08:00,120,64.1908759349454,6.586685259441347,57.60419067550405,1,13.146918635572854,0.0,87.66913054131913,19.18395082310802,0.0,120.00000000000001,-1.4210854715202004e-14,0.0,18.819100741260993,1,230,4,0,WAIT,low
greedy_net_earnings,30,132,08:00,120,85.1017589640579,7.587244635082885,77.51451432897501,1,12.145958349739487,31.95513390973077,59.98055716456118,15.91835057596856,0.0,120.0,0.0,5.308684753545373,16.369157060977155,1,199,4,1,WAIT,low
greedy_net_earnings,31,132,08:00,120,74.52106810445254,8.148615879413326,66.37245222503921,2,1.9371193136320635,28.651941043903363,89.41093964246457,0.0,0.0,120.0,0.0,4.366653260809558,18.91510639465709,0,83,3,2,WAIT,low
greedy_net_earnings,32,132,08:00,120,97.7810876907842,6.657063203504178,91.12402448728002,2,10.127688921653872,0.0,101.11294967516294,8.759361403183192,0.0,120.0,0.0,0.0,19.020180581440506,1,68,3,0,WAIT,low
greedy_net_earnings,33,132,08:00,120,83.64821350021352,7.695152054089796,75.95306144612371,1,4.311889664090237,26.07933533881795,79.86701442460566,9.741760572486157,0.0,120.0,0.0,4.301068802225837,17.68507992374501,1,207,2,1,WAIT,low
greedy_net_earnings,34,132,08:00,120,113.45149505800633,7.57436069471947,105.87713436328686,3,26.769164267636054,0.0,93.23083573236396,0.0,0.0,120.00000000000001,-1.4210854715202004e-14,0.0,21.641030556341345,0,48,8,0,WAIT,low
greedy_net_earnings,35,132,08:00,120,103.87232331983697,9.199628758610645,94.67269456122632,2,5.875868382915142,32.575574665455385,81.54855695162948,0.0,0.0,120.0,0.0,5.372444737869574,20.91220885816084,0,195,3,1,WAIT,low
greedy_net_earnings,36,132,08:00,120,110.05594041614556,12.55765718424546,97.4982832319001,3,8.568664976675016,41.81745503378347,62.41856040927392,7.1953195802675936,0.0,120.0,0.0,10.384282417395692,25.494738109019917,1,207,5,3,WAIT,low
greedy_net_earnings,37,132,08:00,120,130.9400939740221,8.240598702185359,122.69949527183672,3,12.485989092950652,8.899425744060883,98.61458516298848,0.0,0.0,120.00000000000001,-1.4210854715202004e-14,1.4577285349515015,22.0868391855781,0,145,5,1,WAIT,low
greedy_net_earnings,38,132,08:00,120,100.78456778710938,7.885147654637113,92.89942013247227,2,7.688780040529847,35.22182204478431,63.638938376356805,13.450459538329042,0.0,120.00000000000001,-1.4210854715202004e-14,5.851377440928088,16.677615858035097,1,199,3,1,WAIT,low
greedy_net_earnings,39,132,08:00,120,86.53362101593208,7.087175524721019,79.44644549121107,2,41.70135011001359,0.0,76.69649035302803,1.602159536958382,0.0,120.0,0.0,0.0,20.249072927774343,1,239,11,0,WAIT,low
greedy_net_earnings,40,132,08:00,120,79.39194412173703,5.634519966056619,73.75742415568041,4,31.562657452201925,10.720507275805357,64.75875331374806,12.958081958244676,0.0,120.00000000000001,-1.4210854715202004e-14,2.1479166666666667,13.950711807780817,1,138,9,1,WAIT,low
greedy_net_earnings,41,132,08:00,120,122.99240994625156,7.582098958263202,115.41031098798835,3,4.041117245680877,0.0,103.13515631565934,12.82372643865979,0.0,120.00000000000001,-1.4210854715202004e-14,0.0,21.663139880752006,1,230,4,0,WAIT,low
greedy_net_earnings,42,132,08:00,120,67.95876742454655,8.05823819972758,59.90052922481897,1,6.793899506902845,21.173632433069844,83.54008455080043,8.492383509226883,0.0,120.0,0.0,3.492008086269026,19.53152962723835,1,207,2,1,WAIT,low
greedy_net_earnings,43,132,08:00,120,92.34518412176152,8.533051677009583,83.81213244475194,3,19.338375356681468,24.32636984910596,75.70532654845918,0.6299282457533621,0.0,119.99999999999997,2.842170943040401e-14,4.011965376803933,20.368182271794876,1,195,7,1,WAIT,low
greedy_net_earnings,44,132,08:00,120,84.25035489884321,8.586607342083468,75.66374755675974,2,24.685007998593505,27.81788099465722,44.49988645638603,22.997224550363242,0.0,119.99999999999999,1.4210854715202004e-14,4.6213657288823615,19.911798105641832,1,199,7,1,WAIT,low
greedy_net_earnings,45,132,08:00,120,136.49152119387696,8.490319737030283,128.00120145684667,3,6.976232154602118,0.0,112.34650122899062,0.6772666164072518,0.0,119.99999999999999,1.4210854715202004e-14,0.0,24.258056391515094,1,186,4,0,WAIT,low
greedy_net_earnings,46,132,08:00,120,148.08382994417428,8.224197716769853,139.85963222740443,5,27.491229166771838,0.0,92.50877083322816,0.0,0.0,120.0,0.0,0.0,23.497707762199582,0,236,9,0,WAIT,low
greedy_net_earnings,47,132,08:00,120,102.74767092485396,8.497914929706585,94.24975599514738,3,12.036069715901167,30.633933783155136,74.27241347197466,3.0575830289690344,0.0,120.0,0.0,5.052224497764085,19.22753244425473,1,195,4,1,WAIT,low
greedy_net_earnings,48,132,08:00,120,88.7394691055056,8.113972497695453,80.62549660781015,2,3.5000371574942712,27.61146419409083,52.14298414500705,36.74551450340785,0.0,120.0,0.0,4.577342788887638,18.605435775956515,1,195,3,1,WAIT,low
greedy_net_earnings,49,132,08:00,120,94.68275182400237,8.09456572051181,86.58818610349056,3,16.638459528714453,0.0,100.76732286396384,2.59421760732171,0.0,120.0,0.0,0.0,23.127330630033743,1,239,6,0,WAIT,low
greedy_net_earnings,50,132,08:00,120,105.87096987022919,3.308724078188791,102.5622457920404,3,12.795958455263976,8.681389471643916,77.87796198740104,20.64469008569108,0.0,120.00000000000001,-1.4210854715202004e-14,3.1402954808806487,6.31320188537304,1,132,5,1,WAIT,low
greedy_net_earnings,51,132,08:00,120,88.13718365100375,7.261682222575431,80.87550142842832,1,13.633674358214186,30.411395263253077,69.48894775487959,6.465982623653133,0.0,119.99999999999999,1.4210854715202004e-14,5.052224497764085,15.695438995308578,1,195,4,1,WAIT,low
greedy_net_earnings,52,132,08:00,120,102.24007921115066,9.617275950380693,92.62280326076997,4,16.44068406499904,25.312763910976702,74.93234590261247,3.3142061214118,0.0,120.00000000000001,-1.4210854715202004e-14,4.174643937092938,23.303287349709045,1,199,6,1,WAIT,low
greedy_net_earnings,53,132,08:00,120,88.33979833020071,8.3079480303681,80.03185029983261,1,17.05490386171517,33.07995788701999,43.806182144681344,26.05895610658351,0.0,120.00000000000001,-1.4210854715202004e-14,5.483892691328659,18.25310168115163,1,199,4,1,WAIT,low
greedy_net_earnings,54,132,08:00,120,74.88962890716998,8.611885844288174,66.2777430628818,1,15.81160886539449,24.882546762131966,79.30584437247354,0.0,0.0,120.0,0.0,4.103691455634394,20.50169667090325,0,207,4,1,WAIT,low
greedy_net_earnings,55,132,08:00,120,72.18300754040705,9.090073472373952,63.092934068033095,2,6.613640934460803,31.95513390973077,64.50937806952882,16.921847086279598,0.0,120.0,0.0,5.308684753545373,20.662953738951636,1,199,3,1,WAIT,low
greedy_net_earnings,56,132,08:00,120,127.92989390240439,11.230669806542005,116.69922409586238,2,4.846468300231361,31.731555080019145,82.23634169448884,1.1856349252606435,0.0,120.0,0.0,5.271541753992986,26.81608626469846,1,170,3,1,WAIT,low
greedy_net_earnings,57,132,08:00,120,108.26006563936399,7.92586964601368,100.3341959933503,2,6.599345541771328,10.656165903631408,87.11248257345147,15.632005981145795,0.0,120.0,0.0,1.7454830859471333,20.89985875980624,1,145,3,1,WAIT,low
greedy_net_earnings,58,132,08:00,120,76.31243301344479,8.307768281133592,68.0046647323112,1,10.861859272397833,31.79901377309872,48.986654632505996,28.352472321997453,0.0,120.0,0.0,5.271541753992986,18.46493904924585,1,199,3,1,WAIT,low
greedy_net_earnings,59,132,08:00,120,130.18647675277026,10.73813147563818,119.44834527713208,3,9.451194140169926,33.921579211839706,76.62722664799035,0.0,0.0,119.99999999999999,1.4210854715202004e-14,5.870882043706313,24.809493600974204,0,199,5,2,WAIT,low
greedy_net_earnings,60,132,08:00,120,120.37462350504558,9.570876486406075,110.8037470186395,3,16.37553740052971,30.59071026985726,71.11883399331397,1.9149183362990527,0.0,120.0,0.0,5.353207770458345,21.992153619273303,1,207,6,2,WAIT,low
greedy_net_earnings,61,132,08:00,120,81.5111359593002,7.238918117460197,74.27221784184,2,3.6703214012061927,18.090190695605926,97.77698262920003,0.46250527398784413,0.0,120.0,0.0,1.5032254509130585,19.179397741830364,1,186,3,2,WAIT,low
greedy_net_earnings,62,132,08:00,120,135.13727298212274,8.943023203620147,126.1942497785026,2,2.8594575433054303,26.07933533881795,80.68283925768141,10.378367860195198,0.0,119.99999999999999,1.4210854715202004e-14,4.301068802225837,21.250426065260296,1,207,3,1,WAIT,low
greedy_net_earnings,63,132,08:00,120,88.39761570259134,7.766752168005959,80.63086353458537,1,6.592473506391169,36.957770882104015,56.43501475209529,20.014740859409528,0.0,120.0,0.0,6.126744487413468,16.06397599260356,1,199,3,1,WAIT,low
greedy_net_earnings,64,132,08:00,120,87.13155597051353,7.6092571513526615,79.52229881916087,1,8.10129760695392,23.424928516117703,81.86095939696473,6.612814479963646,0.0,120.0,0.0,3.8632974317055897,17.877437286444874,1,207,3,1,WAIT,low
greedy_net_earnings,65,132,08:00,120,73.66497396369806,7.645860508743684,66.01911345495438,1,18.900869885190573,43.575469610492426,57.52366050431699,0.0,0.0,120.0,0.0,7.239163253180994,14.606152486086678,0,93,5,1,WAIT,low
greedy_net_earnings,66,132,08:00,120,53.83389513258702,7.367883785617675,46.46601134696934,2,8.135795765665215,0.0,76.27237328628671,35.59183094804807,0.0,119.99999999999999,1.4210854715202004e-14,0.0,21.051096530336217,1,138,4,0,WAIT,low
greedy_net_earnings,67,132,08:00,120,116.23602546588086,7.920229676535823,108.31579578934503,3,16.70907961888396,8.177965723252129,95.11295465786392,0.0,0.0,120.00000000000001,-1.4210854715202004e-14,0.8893747220987105,21.739852925146497,0,68,5,1,WAIT,low
greedy_net_earnings,68,132,08:00,120,87.00251254873235,6.776350081189328,80.22616246754302,1,10.490468542161203,26.07933533881795,83.00746716125253,0.42272895776829955,0.0,119.99999999999999,1.4210854715202004e-14,4.301068802225837,15.059931429743672,1,207,3,1,WAIT,low
greedy_net_earnings,69,132,08:00,120,87.53375033435198,6.925827535537214,80.60792279881477,3,38.85457646612455,0.0,71.48026910001133,9.665154433864132,0.0,120.0,0.0,0.0,19.78807867296347,1,90,10,0,WAIT,low
greedy_net_earnings,70,132,08:00,120,97.96435248369268,9.012692073070747,88.95166041062193,2,4.258256460844989,33.00978178841174,59.80754439213979,22.924417358603478,0.0,120.0,0.0,5.483892691328659,20.266656088873475,1,199,3,1,WAIT,low
greedy_net_earnings,71,132,08:00,120,100.9909703120589,7.639082848968927,93.35188746308998,4,18.143742014935068,8.944442359829832,91.97869730217046,0.9331183230646474,0.0,120.00000000000001,-1.4210854715202004e-14,0.8429103207506001,20.98304067630348,1,68,6,1,WAIT,low
greedy_net_earnings,72,132,08:00,120,161.24009535358283,12.31702489725583,148.923070456327,3,13.854947351056179,51.61069661181905,54.53435603712477,0.0,0.0,120.0,0.0,8.678012788706049,26.513486917739186,0,195,5,2,WAIT,low
greedy_net_earnings,73,132,08:00,120,80.21341594866666,9.034196260464395,71.17921968820227,2,5.570869628754771,0.0,96.51517838252225,17.91395198872297,0.0,120.0,0.0,0.0,25.811989315612557,1,230,3,0,WAIT,low
greedy_net_earnings,74,132,08:00,120,106.54022363276911,9.25175525594903,97.28846837682008,2,5.37980032815654,25.312763910976702,80.43018838321103,8.877247377655735,0.0,120.00000000000001,-1.4210854715202004e-14,4.174643937092938,22.25894250847572,1,199,3,1,WAIT,low
greedy_net_earnings,75,132,08:00,120,91.19899953535153,7.923082731220707,83.27591680413083,1,20.984513828736347,33.01753776903348,65.99794840223016,0.0,0.0,120.0,0.0,5.485181187136304,17.152198044922862,0,195,5,1,WAIT,low
greedy_net_earnings,76,132,08:00,120,83.69493743942245,7.315769205299877,76.37916823412257,3,26.392600266269085,0.0,84.37842264829347,9.22897708543745,0.0,120.0,0.0,0.0,20.902197729428224,1,239,8,0,WAIT,low
greedy_net_earnings,77,132,08:00,120,109.84111218794159,8.895834647476963,100.94527754046463,2,6.404176984173816,30.411395263253077,83.18442775257311,0.0,0.0,120.0,0.0,5.052224497764085,20.36444592359867,0,65,3,1,WAIT,low
greedy_net_earnings,78,132,08:00,120,108.59982604073522,8.479769434689366,100.12005660604586,2,14.542311595464598,32.33893120261042,62.50131326519777,10.617443936727213,0.0,120.0,0.0,5.372444737869574,18.855467932671477,1,195,5,1,WAIT,low
greedy_net_earnings,79,132,08:00,120,99.52041989841219,7.964098298792647,91.55632159961954,2,14.273954010507104,33.25133426957525,72.47471171991765,0.0,0.0,120.0,0.0,5.483892691328659,17.27067387665034,0,199,5,1,WAIT,low
greedy_net_earnings,80,132,08:00,120,77.97312976099204,7.825413344976648,70.14771641601538,1,3.2956353621437398,33.00978178841174,62.859889723234474,20.83469312621004,0.0,120.0,0.0,5.483892691328659,16.874431151461767,1,199,2,1,WAIT,low
greedy_net_earnings,81,132,08:00,120,97.65088445075777,8.833041688334365,88.81784276242341,2,8.063523171226283,24.882546762131966,87.05393006664175,0.0,0.0,120.0,0.0,4.103691455634394,21.133570511035224,0,207,4,1,WAIT,low
greedy_net_earnings,82,132,08:00,120,101.70067813048708,8.029033067828305,93.67164506265877,2,8.553682033464785,31.731555080019145,59.5774490209553,20.13731386556077,0.0,120.0,0.0,5.271541753992986,17.668552725516456,1,199,4,1,WAIT,low
greedy_net_earnings,83,132,08:00,120,92.02195302859297,7.052621467322767,84.96933156127021,1,2.9887384167128084,30.47604740444225,59.19028984844185,27.34492433040309,0.0,120.0,0.0,5.052224497764085,15.098122551729537,1,195,2,1,WAIT,low
greedy_net_earnings,84,132,08:00,120,87.24026899934387,6.858009155058787,80.38225984428509,1,0.9554385637391117,0.0,113.34466204156867,5.699899394692224,0.0,120.0,0.0,0.0,19.594311871596535,1,230,2,0,WAIT,low
greedy_net_earnings,85,132,08:00,120,73.5264432482114,7.883260004387503,65.64318324382388,1,0.9321546705670813,36.87936835866003,61.2451732132054,20.94330375756749,0.0,120.0,0.0,6.126744487413468,16.396855525122255,1,199,2,1,WAIT,low
greedy_net_earnings,86,132,08:00,120,144.9984083217779,11.747596825267689,133.2508114965102,2,3.1665683502522577,32.81314173522569,74.98567222805697,9.034617686465083,0.0,120.0,0.0,5.483892691328659,28.08066966657902,1,230,3,1,WAIT,low
greedy_net_earnings,87,132,08:00,120,142.1796773829674,10.825791789397284,131.35388559357014,2,10.780156842904393,37.05452422594416,66.82698161027187,5.338337320879589,0.0,120.00000000000001,-1.4210854715202004e-14,6.142783956295462,24.78804972769678,1,162,4,1,WAIT,low
greedy_net_earnings,88,132,08:00,120,90.83395502559709,7.047933389303493,83.7860216362936,2,7.3938149580448655,0.0,112.60618504195511,0.0,0.0,119.99999999999999,1.4210854715202004e-14,0.0,20.136952540867124,0,68,4,0,WAIT,low
greedy_net_earnings,89,132,08:00,120,124.16823808375484,9.32910655369799,114.83913153005685,3,7.372719391556362,10.656165903631408,101.97111470481224,0.0,0.0,120.0,0.0,1.7454830859471333,24.909107067475695,0,112,5,1,WAIT,low
greedy_net_earnings,90,132,08:00,120,78.62268415991623,7.815766393772272,70.80691776614395,2,3.92427041133306,36.87936835866003,57.89890705913315,21.297454170873763,0.0,120.00000000000001,-1.4210854715202004e-14,6.126744487413468,16.20401663765017,1,199,3,1,WAIT,low
greedy_net_earnings,91,132,08:00,120,87.1519694985692,8.24636770623276,78.90560179233644,1,2.1522475660721376,31.79901377309872,58.30172049639797,27.747018164431182,0.0,120.0,0.0,5.271541753992986,18.28950883524347,1,199,2,1,WAIT,low
greedy_net_earnings,92,132,08:00,120,78.28720565313242,8.634679793036689,69.65252586009572,1,7.549330853812046,21.318692689544747,91.1319764566432,0.0,0.0,120.0,0.0,3.492008086269026,21.178505608121515,0,207,3,1,WAIT,low
greedy_net_earnings,93,132,08:00,120,82.14976871834203,6.989111995853354,75.16065672248868,1,2.8678395187859023,26.07933533881795,75.06868761789126,15.984137524504902,0.0,120.00000000000001,-1.4210854715202004e-14,4.301068802225837,15.667822614498032,1,207,2,1,WAIT,low
greedy_net_earnings,94,132,08:00,120,136.16725367230435,8.171030046426164,127.99622362587819,3,16.549995821661867,5.833049760632471,97.61695441770566,0.0,0.0,120.0,0.0,1.249516314823952,22.09628381782224,0,234,6,1,WAIT,low
greedy_net_earnings,95,132,08:00,120,174.79444693807432,9.831330125071236,164.96311681300307,3,6.78848671296723,30.47604740444225,82.7354658825905,0.0,0.0,119.99999999999999,1.4210854715202004e-14,5.052224497764085,23.037290145296588,0,89,4,1,WAIT,low
greedy_net_earnings,96,132,08:00,120,150.453805511984,11.890985617631971,138.56281989435203,2,14.034572017060372,31.95513390973077,56.837205139331324,17.173088933877537,0.0,120.0,0.0,5.308684753545373,28.66555986826026,1,199,5,1,WAIT,low
greedy_net_earnings,97,132,08:00,120,90.1449496027948,7.80541063978558,82.33953896300922,2,10.677482641904211,19.922506165576753,63.86808145644868,25.531929736070367,0.0,120.0,0.0,3.309712455982072,18.991460800548158,1,199,5,1,WAIT,low
greedy_net_earnings,98,132,08:00,120,122.25466513012032,9.422764105259281,112.83190102486104,2,1.722457077491283,43.575469610492426,72.215272203789,2.4868011082272687,0.0,119.99999999999997,2.842170943040401e-14,7.239163253180994,19.683019904702665,1,70,3,1,WAIT,low
greedy_net_earnings,99,132,08:00,120,112.55145650363366,6.923361477565282,105.62809502606838,4,6.04097657954455,17.80285637951053,96.15616704094491,0.0,0.0,119.99999999999999,1.4210854715202004e-14,1.716739272990511,18.064293520053155,0,186,5,2,WAIT,low
greedy_net_earnings,100,132,08:00,120,85.13221900786661,7.346951179335932,77.78526782853068,1,5.237824651544607,26.07933533881795,79.75885259116163,8.923987418475832,0.0,120.00000000000001,-1.4210854715202004e-14,4.301068802225837,16.690220281591113,1,207,2,1,WAIT,low
greedy_net_earnings,101,132,08:00,120,170.8410182064937,13.494263590599894,157.3467546158938,6,16.352707667642775,27.87701953644663,72.8615781973804,2.908694598530218,0.0,120.00000000000003,-2.842170943040401e-14,4.6213657288823615,33.93367310140305,1,229,9,1,WAIT,low
greedy_net_earnings,102,132,08:00,120,99.14879056485105,9.420093274089897,89.72869729076116,2,4.537170935103821,28.76372437053811,73.46869900519721,13.230405689160861,0.0,120.0,0.0,3.9175659746878977,22.99698623699752,1,195,3,2,WAIT,low
greedy_net_earnings,103,132,08:00,120,76.10855975128787,7.8640060072745035,68.24455374401337,1,3.7668867292615293,30.411395263253077,62.54233842590007,23.279379581585317,0.0,120.0,0.0,5.052224497764085,17.416364094448785,1,195,2,1,WAIT,low
greedy_net_earnings,104,132,08:00,120,98.91062435865213,8.5391185091242,90.37150584952792,2,2.5220572797504355,29.70882785159901,66.44386352165655,21.32525134699401,0.0,120.0,0.0,4.9355074495075595,19.461974005133015,1,199,3,1,WAIT,low
greedy_net_earnings,105,132,08:00,120,88.62222291759478,10.30452024129814,78.31770267629665,2,18.219950630446345,43.575469610492426,55.69302335351311,2.511556405548106,0.0,119.99999999999999,1.4210854715202004e-14,7.239163253180994,22.20232315052798,1,93,6,1,WAIT,low
greedy_net_earnings,106,132,08:00,120,86.22032418036126,5.420518062437765,80.7998061179235,1,0.39741058297801307,0.0,103.09255480135823,16.510034615663756,0.0,120.0,0.0,0.0,15.487194464107901,1,48,2,0,WAIT,low
greedy_net_earnings,107,132,08:00,120,104.25111341213477,9.767089970186788,94.48402344194798,3,9.22439556931987,25.079028521569274,85.69657590911086,0.0,0.0,120.0,0.0,5.77289459982338,22.133076743567443,0,164,4,1,WAIT,low
greedy_net_earnings,108,132,08:00,120,89.68904399380142,7.618892952602193,82.07015104119922,2,8.406181987084567,21.173632433069844,78.31887306511685,12.101312514728747,0.0,120.00000000000001,-1.4210854715202004e-14,3.492008086269026,18.276257492594382,1,207,3,1,WAIT,low
greedy_net_earnings,109,132,08:00,120,79.81078056369813,8.748196374353034,71.0625841893451,3,9.916908940248385,30.47604740444225,54.007542200400835,25.599501454908534,0.0,120.0,0.0,5.052224497764085,19.942622286101727,1,195,5,1,WAIT,low
greedy_net_earnings,110,132,08:00,120,88.14515954511634,7.465629999325545,80.6795295457908,2,13.59143175013195,8.899425744060883,95.48572368682682,2.023418818980346,0.0,119.99999999999999,1.4210854715202004e-14,1.4577285349515015,19.872642891692916,1,145,5,1,WAIT,low
greedy_net_earnings,111,132,08:00,120,90.33943164727566,6.43937141169094,83.90006023558472,2,5.168770622396354,0.0,114.83122937760365,0.0,0.0,120.0,0.0,0.0,18.39820403340269,0,75,3,0,WAIT,low
greedy_net_earnings,112,132,08:00,120,161.17712986855955,12.320593019928864,148.8565368486307,2,9.480601686394659,0.0,90.46559635123577,20.053801962369562,0.0,120.0,0.0,0.0,35.201694342653894,1,132,4,0,WAIT,low
greedy_net_earnings,113,132,08:00,120,130.84062103458626,9.102799190042887,121.73782184454338,3,24.877397055791974,0.0,92.19655145573739,2.926051488470634,0.0,120.0,0.0,0.0,26.007997685836823,1,230,8,0,WAIT,low
greedy_net_earnings,114,132,08:00,120,84.81675339881419,8.678143080264409,76.13861031854978,3,3.804306634454212,8.681389471643916,107.51430389390187,0.0,0.0,120.0,0.0,3.1402954808806487,21.65439903416052,0,48,4,1,WAIT,low
greedy_net_earnings,115,132,08:00,120,95.46289839709758,8.261144681848474,87.2017537152491,1,4.654438203157956,31.731555080019145,65.7702631232502,17.843743593572697,0.0,120.0,0.0,5.271541753992986,18.331728765574088,1,199,2,1,WAIT,low
greedy_net_earnings,116,132,08:00,120,81.46841978078596,9.15326009046932,72.31515969031665,2,8.70537177101473,25.128880735696207,64.03511325351086,22.130634239778217,0.0,120.00000000000001,-1.4210854715202004e-14,4.174643937092938,21.977527749962263,1,199,4,1,WAIT,low
greedy_net_earnings,117,132,08:00,120,179.0095129781136,9.511708622543509,169.4978043555701,3,8.170009698717688,23.50395413334978,86.8181095374854,1.5079266304471304,0.0,120.0,0.0,4.163845783623038,23.012464566501272,1,195,5,2,WAIT,low
greedy_net_earnings,118,132,08:00,120,107.07921200803148,8.861868610677293,98.21734339735418,3,21.17451517933894,36.256415628973635,54.15767689368565,8.411392298001786,0.0,120.00000000000001,-1.4210854715202004e-14,5.802746515595712,19.516878086339414,1,195,7,2,WAIT,low
greedy_net_earnings,119,132,08:00,120,120.55691260370115,7.3975749457810505,113.1593376579201,3,17.943164323465997,0.0,102.05683567653398,0.0,0.0,119.99999999999997,2.842170943040401e-14,0.0,21.135928416517288,0,140,6,0,WAIT,low
greedy_net_earnings,120,132,08:00,120,77.05394195803459,7.49976087925258,69.55418107878201,1,1.4150994279881663,25.048588189178787,81.58789390557467,11.948418477258372,0.0,120.0,0.0,4.131075420465934,17.29681280597001,1,207,2,1,WAIT,low
greedy_net_earnings,121,132,08:00,120,69.33956609578345,6.886963348485596,62.45260274729786,2,2.7369690752124995,8.126519562540434,106.06487835234445,3.0716330099026123,0.0,120.0,0.0,0.6461705751342853,19.03086756339599,1,186,3,1,WAIT,low
greedy_net_earnings,122,132,08:00,120,167.04064715388103,12.240686699634846,154.7999604542462,5,21.503848184228417,31.79901377309872,66.69713804267286,0.0,0.0,120.0,0.0,5.271541753992986,29.701848816392285,0,229,8,1,WAIT,low
greedy_net_earnings,123,132,08:00,120,99.26634332451931,12.312402259984186,86.95394106453513,3,9.073733606520037,28.223742629005063,82.7025237644749,0.0,0.0,120.0,0.0,6.2331498470948015,28.94514232428859,0,162,4,1,WAIT,low
greedy_net_earnings,124,132,08:00,120,132.20649266674985,11.53696425194341,120.66952841480645,2,6.706661888464152,31.79901377309872,81.49432433843714,0.0,0.0,120.00000000000001,-1.4210854715202004e-14,5.271541753992986,27.69121325155961,0,162,3,1,WAIT,low
greedy_net_earnings,125,132,08:00,120,78.46874644638223,7.965286663954274,70.50345978242795,1,6.080170627778051,31.95513390973077,64.97855282315705,16.98614263933412,0.0,119.99999999999999,1.4210854715202004e-14,5.308684753545373,17.449277143466837,1,199,2,1,WAIT,low
greedy_net_earnings,126,132,08:00,120,78.87298245871821,7.322660500102886,71.55032195861533,1,15.421788262764977,19.216551872830298,82.23179399640941,3.1298658679953206,0.0,120.0,0.0,3.169241496103676,17.75264564704743,1,207,4,1,WAIT,low
greedy_net_earnings,127,132,08:00,120,124.32226877504505,10.402738655427116,113.91953011961793,2,11.113402602390256,32.81314173522569,68.7515613098602,7.321894352523842,0.0,119.99999999999999,1.4210854715202004e-14,5.483892691328659,24.23821775274882,1,239,4,1,WAIT,low
greedy_net_earnings,128,132,08:00,120,78.84213442397231,9.36224051140342,69.47989391256888,2,11.279384140176829,39.2921273417877,69.42848851803546,0.0,0.0,120.0,0.0,6.277628224472159,20.471630379537622,0,195,4,2,WAIT,low
greedy_net_earnings,129,132,08:00,120,102.17332720766225,9.825968654486747,92.34735855317551,2,4.248359301574007,31.9637540054736,83.75874063442896,0.029146058523423335,0.0,120.0,0.0,5.271541753992986,22.802654401683434,1,199,3,1,WAIT,low
greedy_net_earnings,130,132,08:00,120,146.03405184551798,11.823131292706298,134.21092055281167,3,16.060994211500145,46.313860673739796,57.625145114760066,0.0,0.0,120.0,0.0,7.132996135765117,26.64737898625287,0,249,6,2,WAIT,low
greedy_net_earnings,131,132,08:00,120,101.6867355905436,9.134470928307586,92.55226466223601,2,4.149660585183932,30.633933783155136,85.21640563166093,0.0,0.0,120.0,0.0,5.052224497764085,21.046263868829016,0,195,3,1,WAIT,low
greedy_net_earnings,132,132,08:00,120,101.12723175871324,8.54967418793539,92.57755757077784,2,9.144249458953054,28.050102970408737,77.88216445272637,4.923483117911815,0.0,119.99999999999997,2.842170943040401e-14,4.626092698216579,19.80154783874168,1,207,4,1,WAIT,low
greedy_net_earnings,133,132,08:00,120,82.66777034875363,7.033684417403957,75.63408593134967,2,38.535254841414336,8.074163212713028,73.39058194587264,0.0,0.0,120.0,0.0,0.8893747220987105,19.206866470484027,0,68,10,1,WAIT,low
greedy_net_earnings,134,132,08:00,120,101.66599476496444,9.894930098213408,91.77106466675103,3,26.529200190527373,43.668107498009746,49.80269231146288,0.0,0.0,120.0,0.0,7.239163253180994,21.03206559885731,0,93,8,1,WAIT,low
greedy_net_earnings,135,132,08:00,120,82.69476996657068,8.06061638249853,74.63415358407215,1,5.180950031671141,31.26713696900328,71.81452848746598,11.737384511859602,0.0,120.0,0.0,5.194388287755453,17.83594423366892,1,195,2,1,WAIT,low
greedy_net_earnings,136,132,08:00,120,69.16414041839228,7.560914473506886,61.603225944885395,1,0.4838263646154434,31.95513390973077,64.10190019961391,23.459139526039877,0.0,120.0,0.0,5.308684753545373,16.293928027902872,1,199,2,1,WAIT,low
greedy_net_earnings,137,132,08:00,120,78.59334476405239,9.700922235147097,68.89242252890529,3,11.440903590406933,28.021441206537496,80.53765520305556,0.0,0.0,120.0,0.0,4.6213657288823615,23.09555494296649,0,199,4,1,WAIT,low
greedy_net_earnings,138,132,08:00,120,102.29799162233579,8.609139738086617,93.68885188424917,2,5.993430731058681,37.2588005272339,75.23569582907582,1.512072912631595,0.0,120.0,0.0,6.14481398678563,18.452728122033275,1,199,3,1,WAIT,low
greedy_net_earnings,139,132,08:00,120,86.49793724456175,8.606309337358123,77.89162790720363,1,6.549834198283017,27.87701953644663,53.11964221755738,32.45350404771297,0.0,119.99999999999999,1.4210854715202004e-14,4.6213657288823615,19.96808952071228,1,199,3,1,WAIT,low
greedy_net_earnings,140,132,08:00,120,90.01580444362013,8.013961109861178,82.00184333375896,2,10.941618802438656,33.00978178841174,49.68711567134785,26.36148373780175,0.0,119.99999999999999,1.4210854715202004e-14,5.483892691328659,17.41313905113185,1,199,5,1,WAIT,low
greedy_net_earnings,141,132,08:00,120,85.78703867696551,7.90476874948107,77.88226992748444,1,6.632720668880993,24.882546762131966,88.48473256898704,0.0,0.0,120.0,0.0,4.103691455634394,18.48136211431152,0,207,3,1,WAIT,low
greedy_net_earnings,142,132,08:00,120,142.2540090452214,11.463760921462184,130.79024812375923,3,16.880581203572078,54.134151994954195,41.39126676709983,7.594000034373892,0.0,120.0,0.0,9.18329991823002,23.57030271451908,1,195,6,2,WAIT,low
greedy_net_earnings,143,132,08:00,120,115.82258397883112,9.68212597640509,106.14045800242603,2,6.904915654278923,25.048588189178787,80.22687869005878,7.819617466483507,0.0,120.0,0.0,4.131075420465934,23.532141654977185,1,207,3,1,WAIT,low
greedy_net_earnings,144,132,08:00,120,0.0,0.0,0.0,0,0.012864777941714433,0.0,0.0,119.98713522205828,0.0,120.0,0.0,0.0,0.0,1,132,1,0,WAIT,low
greedy_net_earnings,145,132,08:00,120,122.98082809855262,10.885998236492647,112.09482986205998,4,17.936073138006616,30.633933783155136,69.31944407739049,2.1105490014477795,0.0,120.00000000000001,-1.4210854715202004e-14,5.052224497764085,26.050627606500626,1,195,7,1,WAIT,low
greedy_net_earnings,146,132,08:00,120,102.85033417820333,8.546321000909565,94.30401317729377,3,22.410120004991743,23.424928516117703,65.503447105117,8.661504373773539,0.0,119.99999999999999,1.4210854715202004e-14,3.8632974317055897,20.554762570893168,1,207,7,1,WAIT,low
greedy_net_earnings,147,132,08:00,120,93.77243936149728,6.526451246364238,87.24598811513304,2,4.948770188518644,10.79316298238459,104.25806682909676,0.0,0.0,120.0,0.0,1.7454830859471333,16.901520475093548,0,145,3,1,WAIT,low
greedy_net_earnings,148,132,08:00,120,143.04388312731223,10.192159196490445,132.85172393082178,4,13.779679018767489,30.47604740444225,75.74427357679025,0.0,0.0,119.99999999999999,1.4210854715202004e-14,5.052224497764085,24.068230349351474,0,65,6,1,WAIT,low
greedy_net_earnings,149,132,08:00,120,114.59085109034707,8.493250338210396,106.09760075213667,3,18.36218034068918,14.777492120462302,80.27301572091409,6.587311817934449,0.0,120.00000000000001,-1.4210854715202004e-14,2.092426635574552,22.17400290216944,1,186,7,2,WAIT,low
finite_horizon_value_iteration,0,132,08:00,120,161.73701361196458,9.26948486445608,152.4675287475085,3,22.862931373061016,0.0,89.22340464566885,7.913663981270133,0.0,120.0,0.0,0.0,26.484242469874516,1,161,7,0,WAIT,low
finite_horizon_value_iteration,1,132,08:00,120,76.78444779427734,7.100804257858578,69.68364353641876,2,8.51744378491417,14.987664138762327,96.49489207632351,0.0,0.0,120.0,0.0,2.4650545668752764,17.82295759843495,0,237,4,2,WAIT,low
finite_horizon_value_iteration,2,132,08:00,120,100.40728658827436,9.527319324842487,90.87996726343187,3,48.1526019529648,15.069141226371523,56.77825682066368,0.0,0.0,120.0,0.0,4.362165605095542,22.858746751597277,0,68,12,1,WAIT,low
finite_horizon_value_iteration,3,132,08:00,120,136.15198163032377,12.984301285732561,123.16768034459122,3,29.805060549786276,23.941394052056328,66.25354539815739,0.0,0.0,119.99999999999999,1.4210854715202004e-14,3.9689299578524526,33.12907371566915,0,162,9,1,WAIT,low
finite_horizon_value_iteration,4,132,08:00,120,104.25570136805591,7.5636186737563476,96.69208269429956,2,5.673743800732839,8.683929606310135,105.64232659295703,0.0,0.0,120.0,0.0,0.8738289522399111,20.73651011563537,0,237,3,1,WAIT,low
finite_horizon_value_iteration,5,132,08:00,120,120.49307687376478,7.097856576447584,113.3952202973172,3,25.84621523786307,0.0,93.43619596214423,0.7175887999927113,0.0,120.0,0.0,0.0,20.27959021842167,1,237,7,0,WAIT,low
finite_horizon_value_iteration,6,132,08:00,120,142.52124231412134,8.212262670686846,134.3089796434345,4,47.039275327610156,0.0,57.38345260307244,15.577272069317388,0.0,119.99999999999999,1.4210854715202004e-14,0.0,23.463607630533847,1,170,12,0,WAIT,low
finite_horizon_value_iteration,7,132,08:00,120,135.76799446134783,9.507470662953384,126.26052379839444,3,6.918468948909082,8.988777945629199,104.09275310546172,0.0,0.0,120.0,0.0,0.917734710087371,26.24646718406516,0,140,4,1,WAIT,low
finite_horizon_value_iteration,8,132,08:00,120,135.25469694806068,11.09078276140032,124.16391418666036,3,19.67795301421722,24.554639733247818,67.79186132140879,7.975545931126177,0.0,120.0,0.0,4.103691455634394,27.584259291223667,1,48,6,1,WAIT,low
finite_horizon_value_iteration,9,132,08:00,120,115.22262613051848,7.5080072451625774,107.7146188853559,4,15.252142323256988,0.0,89.0838325872382,15.664025089504804,0.0,120.0,0.0,0.0,21.45144927189308,1,158,5,0,WAIT,low
finite_horizon_value_iteration,10,132,08:00,120,142.94821538488918,12.797379863157031,130.15083552173215,3,15.67555740179799,31.54252945365764,72.78191314454436,0.0,0.0,120.0,0.0,5.271541753992986,31.292400712169965,0,233,6,1,WAIT,low
finite_horizon_value_iteration,11,132,08:00,120,108.63979664356627,5.988518131438052,102.65127851212821,3,31.531751582276648,0.0,88.33051837860033,0.13773003912301363,0.0,119.99999999999999,1.4210854715202004e-14,0.0,17.11005180410872,1,90,9,0,WAIT,low
finite_horizon_value_iteration,12,132,08:00,120,89.35886561579909,7.634916810651693,81.7239488051474,2,28.35744218697004,8.988777945629199,79.42876723578391,3.225012631616849,0.0,120.0,0.0,0.917734710087371,20.89631332034604,1,142,7,1,WAIT,low
finite_horizon_value_iteration,13,132,08:00,120,86.78898955536776,6.1679957259622755,80.62099382940549,1,1.7504119457194902,0.0,118.24958805428051,0.0,0.0,120.0,0.0,0.0,17.622844931320788,0,230,2,0,WAIT,low
finite_horizon_value_iteration,14,132,08:00,120,164.52177906931803,12.974906215964415,151.54687285335362,3,7.800355063155051,27.87701953644663,84.32262540039832,0.0,0.0,120.0,0.0,4.6213657288823615,32.44979488815883,0,261,4,1,WAIT,low
finite_horizon_value_iteration,15,132,08:00,120,87.73240135414005,7.0600662804022205,80.67233507373783,2,11.51550588894642,0.0,108.48449411105358,0.0,0.0,120.0,0.0,0.0,20.171617944006346,0,233,5,0,WAIT,low
finite_horizon_value_iteration,16,132,08:00,120,137.80734968512735,9.325610655042542,128.4817390300848,5,17.529641415246175,27.608022057773752,69.34521447658692,5.517122050393169,0.0,120.00000000000001,-1.4210854715202004e-14,4.591591495831102,22.053010375719026,1,262,7,2,WAIT,low
finite_horizon_value_iteration,17,132,08:00,120,89.38752950158931,7.637779831671986,81.74974966991732,2,19.26895561318701,8.927614981596776,81.12623070368977,10.677198701526436,0.0,120.0,0.0,0.917734710087371,20.90449338040402,1,142,5,1,WAIT,low
finite_horizon_value_iteration,18,132,08:00,120,148.0964749994405,10.71224719514197,137.38422780429852,3,16.216085493083245,0.0,100.2329720130771,3.5509424938396563,0.0,120.0,0.0,0.0,30.60642055754849,1,138,6,0,WAIT,low
finite_horizon_value_iteration,19,132,08:00,120,149.28649463297995,11.222138101332808,138.06435653164715,3,19.826650874273057,23.3041971349899,75.60403295442643,1.2651190363106366,0.0,120.00000000000003,-2.842170943040401e-14,3.8632974317055897,28.19995428638815,1,162,6,1,WAIT,low
finite_horizon_value_iteration,20,132,08:00,120,143.95403339837796,9.117034743524542,134.8369986548534,3,19.833631043620343,28.05122857745919,57.50912413687088,14.606016242049577,0.0,120.0,0.0,4.350297396724794,21.698373299059618,1,83,6,2,WAIT,low
finite_horizon_value_iteration,21,132,08:00,120,139.87034643251474,8.726537992861347,131.14380843965338,4,15.209999864003464,0.0,104.79000013599654,0.0,0.0,120.0,0.0,0.0,24.93296569388957,0,238,6,0,WAIT,low
finite_horizon_value_iteration,22,132,08:00,120,107.5923481336037,9.807927230556372,97.78442090304733,4,9.642868573332832,8.988777945629199,96.92581935987141,4.44253412116656,0.0,120.0,0.0,0.917734710087371,27.10491452007369,1,239,5,1,WAIT,low
finite_horizon_value_iteration,23,132,08:00,120,88.7110654830466,6.081311408016897,82.6297540750297,1,34.059280583814626,0.0,70.56876399089597,15.3719554252894,0.0,120.0,0.0,0.0,17.37517545147685,1,230,8,0,WAIT,low
finite_horizon_value_iteration,24,132,08:00,120,107.62137317754089,7.50457229754332,100.11680087999757,2,25.920418374050154,0.0,94.07958162594986,0.0,0.0,120.00000000000001,-1.4210854715202004e-14,0.0,21.44163513583806,0,234,7,0,WAIT,low
finite_horizon_value_iteration,25,132,08:00,120,112.6762944488688,7.2978719620392845,105.37842248682952,2,13.872812134685745,8.683929606310135,91.95019803918768,5.493060219816442,0.0,120.0,0.0,0.8738289522399111,19.97723379644376,1,161,5,1,WAIT,low
finite_horizon_value_iteration,26,132,08:00,120,106.84775857539002,7.886084324379848,98.96167425101017,4,15.033070953270494,7.747251246260961,84.45028004412013,12.769397756348397,0.0,119.99999999999999,1.4210854715202004e-14,0.738242347952829,21.793427150275306,1,162,7,1,WAIT,low
finite_horizon_value_iteration,27,132,08:00,120,117.91564499600653,6.474383214630706,111.44126178137583,2,20.058026445186364,0.0,75.46410654210959,24.47786701270404,0.0,119.99999999999999,1.4210854715202004e-14,0.0,18.49823775608773,1,230,6,0,WAIT,low
finite_horizon_value_iteration,28,132,08:00,120,137.80340457552973,10.442790824957177,127.36061375057255,4,17.617510953219224,0.0,101.46262065096752,0.9198683958132534,0.0,120.0,0.0,0.0,29.83654521416336,1,163,8,0,WAIT,low
finite_horizon_value_iteration,29,132,08:00,120,64.1908759349454,6.586685259441347,57.60419067550405,1,13.146918635572854,0.0,87.66913054131913,19.18395082310802,0.0,120.00000000000001,-1.4210854715202004e-14,0.0,18.819100741260993,1,230,4,0,WAIT,low
finite_horizon_value_iteration,30,132,08:00,120,111.9999223185009,7.345345884943463,104.65457643355742,3,23.1084932717691,8.927614981596776,84.14384231078463,3.820049435849498,0.0,120.00000000000001,-1.4210854715202004e-14,0.917734710087371,20.068967818322523,1,236,8,1,WAIT,low
finite_horizon_value_iteration,31,132,08:00,120,103.86673555351983,6.997715981382022,96.8690195721378,3,2.808129315130709,0.0,108.1203148194473,9.071555865421985,0.0,120.0,0.0,0.0,19.993474232520068,1,238,4,0,WAIT,low
finite_horizon_value_iteration,32,132,08:00,120,97.7810876907842,6.657063203504178,91.12402448728002,2,10.127688921653872,0.0,101.11294967516294,8.759361403183192,0.0,120.0,0.0,0.0,19.020180581440506,1,68,3,0,WAIT,low
finite_horizon_value_iteration,33,132,08:00,120,84.40193363622002,6.754721819008096,77.64721181721193,2,1.6225425439538244,7.05284258942362,80.86701442460566,30.457600442016897,0.0,120.0,0.0,0.8099048503132977,18.48930034685269,1,107,3,1,WAIT,low
finite_horizon_value_iteration,34,132,08:00,120,115.12579264700005,8.238563612538336,106.88722903446171,3,12.693120879116183,8.988777945629199,98.31810117525463,0.0,0.0,120.0,0.0,0.917734710087371,22.62101846859359,0,151,6,1,WAIT,low
finite_horizon_value_iteration,35,132,08:00,120,125.14379101783922,8.295438272255254,116.84835274558397,3,20.111681223309425,10.166252714481294,89.72206606220928,0.0,0.0,120.0,0.0,1.111820073635345,22.589432132808238,0,234,7,1,WAIT,low
finite_horizon_value_iteration,36,132,08:00,120,122.59715199665774,11.724968069833734,110.87218392682401,4,14.088288575383661,25.862523253248277,69.79646947265955,10.252718698708506,0.0,120.0,0.0,7.198325671848668,26.301583099104864,1,143,7,3,WAIT,low
finite_horizon_value_iteration,37,132,08:00,120,139.6258403335733,8.30576292251898,131.32007741105434,4,12.530079128141754,0.0,102.42856589632494,5.041354975533309,0.0,120.0,0.0,0.0,23.73075120719709,1,237,5,0,WAIT,low
finite_horizon_value_iteration,38,132,08:00,120,123.10008215845902,6.566534045462284,116.53354811299673,4,34.07089511774276,0.0,85.92910488225725,0.0,0.0,120.0,0.0,0.0,18.761525844177957,0,236,10,0,WAIT,low
finite_horizon_value_iteration,39,132,08:00,120,45.374471207498,4.456557170624958,40.91791403687304,1,41.21358376984958,5.9109453452193845,54.724655267907394,18.15081561702364,0.0,119.99999999999999,1.4210854715202004e-14,1.249516314823952,11.483504172675929,1,199,9,1,WAIT,low
finite_horizon_value_iteration,40,132,08:00,120,140.6347883680043,11.290263509290366,129.34452485871395,3,15.190347903657564,8.253518800007585,96.55613329633486,0.0,0.0,120.00000000000001,-1.4210854715202004e-14,3.1402954808806487,29.11760025994897,0,163,6,1,WAIT,low
finite_horizon_value_iteration,41,132,08:00,120,122.99240994625156,7.582098958263202,115.41031098798835,3,4.041117245680877,0.0,103.13515631565934,12.82372643865979,0.0,120.00000000000001,-1.4210854715202004e-14,0.0,21.663139880752006,1,230,4,0,WAIT,low
finite_horizon_value_iteration,42,132,08:00,120,83.68937756528597,7.221561150666601,76.46781641461936,2,24.348462543172097,0.0,91.5873336261075,4.064203830720402,0.0,120.0,0.0,0.0,20.633031859047435,1,162,6,0,WAIT,low
finite_horizon_value_iteration,43,132,08:00,120,99.48336333932504,7.478149988959196,92.00521335036584,4,39.78447231097476,0.0,76.70532654845918,3.510201140566025,0.0,119.99999999999997,2.842170943040401e-14,0.0,21.366142825597702,1,114,12,0,WAIT,low
finite_horizon_value_iteration,44,132,08:00,120,74.10846510711394,8.247765301982572,65.86069980513138,1,19.06494593980073,26.1418813744398,41.84897334002012,32.94419934573935,0.0,120.0,0.0,4.368959039754844,19.196084680195362,1,199,5,1,WAIT,low
finite_horizon_value_iteration,45,132,08:00,120,136.49152119387696,8.490319737030283,128.00120145684667,3,6.976232154602118,0.0,112.34650122899062,0.6772666164072518,0.0,119.99999999999999,1.4210854715202004e-14,0.0,24.258056391515094,1,186,4,0,WAIT,low
finite_horizon_value_iteration,46,132,08:00,120,159.22074460740498,11.132858011156912,148.08788659624807,2,2.2498306121328784,27.652169217664103,90.09800017020302,0.0,0.0,120.0,0.0,4.6213657288823615,27.186800017280248,0,79,3,1,WAIT,low
finite_horizon_value_iteration,47,132,08:00,120,122.79909689872994,7.568179687422003,115.23091721130794,4,22.212930138096674,8.683929606310135,89.10314025559319,0.0,0.0,120.0,0.0,0.8738289522399111,20.74954158325153,0,137,7,1,WAIT,low
finite_horizon_value_iteration,48,132,08:00,120,127.43465120373384,8.76317161586997,118.67147958786387,5,11.839956014643974,15.973847351042473,80.83795603328966,11.348240601023917,0.0,120.00000000000003,-2.842170943040401e-14,2.2213145641192886,22.816318624080626,1,236,7,2,WAIT,low
finite_horizon_value_iteration,49,132,08:00,120,94.68275182400237,8.09456572051181,86.58818610349056,3,16.638459528714453,0.0,100.76732286396384,2.59421760732171,0.0,120.0,0.0,0.0,23.127330630033743,1,239,6,0,WAIT,low
finite_horizon_value_iteration,50,132,08:00,120,82.82159424784929,8.643122991908132,74.17847125594116,2,8.693081163963235,8.495519944444162,102.81139889159262,0.0,0.0,120.00000000000001,-1.4210854715202004e-14,3.1402954808806487,21.554341638856872,0,230,4,1,WAIT,low
finite_horizon_value_iteration,51,132,08:00,120,116.43928232889192,7.347919939574542,109.09136238931738,3,15.81637383290423,8.683929606310135,95.49969656078565,0.0,0.0,120.00000000000001,-1.4210854715202004e-14,0.8738289522399111,20.120228017973066,0,68,6,1,WAIT,low
finite_horizon_value_iteration,52,132,08:00,120,120.28172551478008,8.81016936892992,111.47155614585016,6,31.72293083546662,0.0,88.27706916453339,0.0,0.0,120.0,0.0,0.0,25.171912482656914,0,162,11,0,WAIT,low
finite_horizon_value_iteration,53,132,08:00,120,88.33979833020071,7.834461985566147,80.50533634463456,1,18.52393653179905,24.919488514646144,43.806182144681344,32.75039280887347,0.0,120.0,0.0,4.131075420465934,18.25310168115163,1,207,4,1,WAIT,low
finite_horizon_value_iteration,54,132,08:00,120,74.88962890716998,7.496800983346717,67.39282792382326,1,18.464266131707145,8.927614981596776,79.30584437247354,13.302274514222532,0.0,120.0,0.0,0.917734710087371,20.50169667090325,1,142,5,1,WAIT,low
finite_horizon_value_iteration,55,132,08:00,120,91.65623103435357,8.311060062651588,83.34517097170198,3,38.067493740327066,8.927614981596776,73.00489127807616,0.0,0.0,120.0,0.0,0.917734710087371,22.828151183202884,0,246,10,1,WAIT,low
finite_horizon_value_iteration,56,132,08:00,120,114.68158536736549,7.541807372957093,107.13977799440839,4,23.22182002949659,0.0,90.81763314759088,5.960546822912519,0.0,119.99999999999999,1.4210854715202004e-14,0.0,21.548021065591694,1,163,8,0,WAIT,low
finite_horizon_value_iteration,57,132,08:00,120,123.26606362700849,7.640616142273881,115.62544748473461,3,9.516664005469192,0.0,95.0709951005631,15.412340893967723,0.0,120.00000000000001,-1.4210854715202004e-14,0.0,21.830331835068232,1,170,4,0,WAIT,low
finite_horizon_value_iteration,58,132,08:00,120,108.96790935012804,10.310409486034974,98.65749986409307,3,15.408106174737306,23.3041971349899,81.2876966902728,0.0,0.0,120.0,0.0,3.8632974317055897,25.595015385537202,0,161,6,1,WAIT,low
finite_horizon_value_iteration,59,132,08:00,120,142.02842079410522,8.534958274668671,133.49346251943655,5,21.21393827060212,0.0,91.46348727718706,7.32257445221083,0.0,120.0,0.0,0.0,24.38559507048192,1,161,7,0,WAIT,low
finite_horizon_value_iteration,60,132,08:00,120,127.1742039297841,8.679330657236758,118.49487327254734,4,15.002450270630064,14.987664138762327,80.70555076818913,9.304334822418468,0.0,119.99999999999999,1.4210854715202004e-14,2.4650545668752764,22.333033025229753,1,236,6,2,WAIT,low
finite_horizon_value_iteration,61,132,08:00,120,82.02801680698666,6.708285618396244,75.31973118859041,2,21.202528641444495,0.0,98.7974713585555,0.0,0.0,120.0,0.0,0.0,19.16653033827498,0,161,6,0,WAIT,low
finite_horizon_value_iteration,62,132,08:00,120,166.12423338808236,8.208537764411917,157.91569562367044,4,15.670122346127888,0.0,104.32987765387212,0.0,0.0,120.0,0.0,0.0,23.452965041176906,0,50,6,0,WAIT,low
finite_horizon_value_iteration,63,132,08:00,120,109.77349922936286,6.777236271226262,102.9962629581366,4,32.21238976348053,0.0,77.58448023330757,10.203130003211896,0.0,120.0,0.0,0.0,19.36353220350361,1,163,9,0,WAIT,low
finite_horizon_value_iteration,64,132,08:00,120,87.13155597051353,6.257103050255705,80.87445292025782,1,31.26133949224702,0.0,81.86095939696473,6.8777011107882515,0.0,120.0,0.0,0.0,17.877437286444874,1,162,8,0,WAIT,low
finite_horizon_value_iteration,65,132,08:00,120,106.78773069220122,5.892693711996257,100.89503698020496,3,22.534387030050375,7.747251246260961,79.32192183805458,10.396439885634095,0.0,120.00000000000001,-1.4210854715202004e-14,0.738242347952829,16.098025400607906,1,161,6,1,WAIT,low
finite_horizon_value_iteration,66,132,08:00,120,106.91734622055469,10.426024174800904,96.49132204575379,3,5.987106333166515,5.9109453452193845,104.32272810505641,3.7792202165576754,0.0,119.99999999999999,1.4210854715202004e-14,1.249516314823952,28.53912418460721,1,237,4,1,WAIT,low
finite_horizon_value_iteration,67,132,08:00,120,116.23602546588086,7.608948523801274,108.62707694207958,3,24.887045342136087,0.0,95.11295465786392,0.0,0.0,120.00000000000001,-1.4210854715202004e-14,0.0,21.739852925146497,0,246,7,0,WAIT,low
finite_horizon_value_iteration,68,132,08:00,120,99.36085294734738,5.416377228634108,93.94447571871328,2,26.7076948674079,0.0,92.91128120781444,0.381023924777665,0.0,120.0,0.0,0.0,15.475363510383165,1,170,7,0,WAIT,low
finite_horizon_value_iteration,69,132,08:00,120,87.53375033435198,6.925827535537214,80.60792279881477,3,38.85457646612455,0.0,71.48026910001133,9.665154433864132,0.0,120.0,0.0,0.0,19.78807867296347,1,90,10,0,WAIT,low
finite_horizon_value_iteration,70,132,08:00,120,148.22718272470638,12.02223071429496,136.20495201041143,2,8.708744718195721,23.748287680779267,82.20929248032672,5.333675120698288,0.0,120.0,0.0,3.9689299578524526,30.380300654418868,1,181,4,1,WAIT,low
finite_horizon_value_iteration,71,132,08:00,120,111.327258980613,7.347268707194782,103.97999027341821,4,24.624722581014083,0.0,95.37527741898592,0.0,0.0,120.0,0.0,0.0,20.99219630627081,0,249,8,0,WAIT,low
finite_horizon_value_iteration,72,132,08:00,120,159.61896130428852,10.739776903065318,148.8791844012232,6,18.097764131234435,34.3448466984599,67.55738917030567,0.0,0.0,120.0,0.0,5.787742087132601,24.897334778768304,0,7,8,2,WAIT,low
finite_horizon_value_iteration,73,132,08:00,120,80.21341594866666,9.034196260464395,71.17921968820227,2,5.570869628754771,0.0,96.51517838252225,17.91395198872297,0.0,120.0,0.0,0.0,25.811989315612557,1,230,3,0,WAIT,low
finite_horizon_value_iteration,74,132,08:00,120,131.44700585348016,9.008238087799919,122.43876776568024,4,24.993983219491444,0.0,95.00601678050856,0.0,0.0,120.0,0.0,0.0,25.737823107999763,0,163,8,0,WAIT,low
finite_horizon_value_iteration,75,132,08:00,120,108.69988490123863,6.889758696138034,101.8101262051006,3,20.538996296598413,7.9108873495541365,91.55011635384744,0.0,0.0,120.0,0.0,0.6461705751342853,19.038854270974383,0,164,7,1,WAIT,low
finite_horizon_value_iteration,76,132,08:00,120,83.69493743942245,7.315769205299877,76.37916823412257,3,26.392600266269085,0.0,84.37842264829347,9.22897708543745,0.0,120.0,0.0,0.0,20.902197729428224,1,239,8,0,WAIT,low
finite_horizon_value_iteration,77,132,08:00,120,132.1133106942645,7.737039730284643,124.37627096397986,3,10.448945304001029,0.0,104.05242103737416,5.498633658624826,0.0,120.00000000000001,-1.4210854715202004e-14,0.0,22.105827800813266,1,236,4,0,WAIT,low
finite_horizon_value_iteration,78,132,08:00,120,119.04106728082957,7.431583017727701,111.60948426310186,3,15.52491347147207,10.166252714481294,85.36842918793296,8.940404626113676,0.0,120.0,0.0,1.111820073635345,20.121274262729518,1,164,6,1,WAIT,low
finite_horizon_value_iteration,79,132,08:00,120,99.52041989841219,6.044735856827617,93.47568404158457,2,44.088208588657075,0.0,72.47471171991765,3.437079691425282,0.0,120.0,0.0,0.0,17.27067387665034,1,161,11,0,WAIT,low
finite_horizon_value_iteration,80,132,08:00,120,125.51678090159285,8.342138776821471,117.17464212477138,4,8.523338665740535,14.83816659610198,96.63849473815748,0.0,0.0,120.0,0.0,2.4650545668752764,21.369627652614646,0,237,6,2,WAIT,low
finite_horizon_value_iteration,81,132,08:00,120,152.7313154039248,10.123306044531613,142.6080093593932,3,6.282381469757583,0.0,113.71761853024242,0.0,0.0,120.0,0.0,0.0,28.92373155580461,0,138,4,0,WAIT,low
finite_horizon_value_iteration,82,132,08:00,120,125.63525014164057,6.783958479415694,118.85129166222488,4,16.53393206594518,0.0,98.39120780660696,5.074860127447849,0.0,119.99999999999999,1.4210854715202004e-14,0.0,19.38273851261627,1,137,6,0,WAIT,low
finite_horizon_value_iteration,83,132,08:00,120,149.6305871102069,6.176787022906968,143.45380008729992,5,15.311829901256427,0.0,93.30701580226014,11.38115429648343,0.0,120.0,0.0,0.0,17.64796292259134,1,236,7,0,WAIT,low
finite_horizon_value_iteration,84,132,08:00,120,87.24026899934387,6.858009155058787,80.38225984428509,1,0.9554385637391117,0.0,113.34466204156867,5.699899394692224,0.0,120.0,0.0,0.0,19.594311871596535,1,230,2,0,WAIT,low
finite_horizon_value_iteration,85,132,08:00,120,104.9984683599427,6.232960649040396,98.76550771090231,3,20.143592033945097,0.0,95.13663333184316,4.7197746342117455,0.0,120.0,0.0,0.0,17.808458997258278,1,113,7,0,WAIT,low
finite_horizon_value_iteration,86,132,08:00,120,144.9984083217779,11.747596825267689,133.2508114965102,2,3.1665683502522577,32.81314173522569,74.98567222805697,9.034617686465083,0.0,120.0,0.0,5.483892691328659,28.08066966657902,1,230,3,1,WAIT,low
finite_horizon_value_iteration,87,132,08:00,120,130.90330963969882,8.397588000277867,122.50572163942095,3,25.71299342639869,7.9277052496020515,86.35930132399925,0.0,0.0,119.99999999999999,1.4210854715202004e-14,0.6461705751342853,23.346937997088194,0,239,7,1,WAIT,low
finite_horizon_value_iteration,88,132,08:00,120,90.83395502559709,7.047933389303493,83.7860216362936,2,7.3938149580448655,0.0,112.60618504195511,0.0,0.0,119.99999999999999,1.4210854715202004e-14,0.0,20.136952540867124,0,68,4,0,WAIT,low
finite_horizon_value_iteration,89,132,08:00,120,108.25987326963245,8.08751163330059,100.17236163633186,2,12.05478656736642,0.0,91.40606551868392,16.539147913949662,0.0,120.0,0.0,0.0,23.107176095144542,1,161,5,0,WAIT,low
finite_horizon_value_iteration,90,132,08:00,120,103.2692187534116,6.986203129961848,96.28301562344974,5,16.29126839444326,10.166252714481294,81.77106949925643,11.771409391819034,0.0,120.00000000000001,-1.4210854715202004e-14,1.111820073635345,18.848760297684226,1,163,7,1,WAIT,low
finite_horizon_value_iteration,91,132,08:00,120,110.85141860940075,7.1051628960595545,103.7462557133412,3,28.996423285213005,0.0,83.97298096996883,7.0305957448181715,0.0,120.00000000000001,-1.4210854715202004e-14,0.0,20.300465417313017,1,236,7,0,WAIT,low
finite_horizon_value_iteration,92,132,08:00,120,94.35000212195945,8.08630166087084,86.2637004610886,2,20.713777800699972,0.0,99.28622219930003,0.0,0.0,120.0,0.0,0.0,23.103719031059544,0,230,6,0,WAIT,low
finite_horizon_value_iteration,93,132,08:00,120,112.22880833783785,7.0385238582046625,105.19028447963319,4,15.579454495771522,10.235901568111533,94.18464393611694,0.0,0.0,120.0,0.0,1.111820073635345,18.99824809266369,0,142,6,1,WAIT,low
finite_horizon_value_iteration,94,132,08:00,120,98.72173058797782,7.3811003471537,91.34063024082411,2,12.958392860587708,0.0,86.7543809820701,20.28722615734219,0.0,120.0,0.0,0.0,21.08885813472486,1,237,4,0,WAIT,low
finite_horizon_value_iteration,95,132,08:00,120,203.38130621659172,8.329155760294782,195.05215045629694,7,43.10512977449786,0.0,72.84614489868892,4.048725326813198,0.0,119.99999999999999,1.4210854715202004e-14,0.0,23.797587886556524,1,90,14,0,WAIT,low
finite_horizon_value_iteration,96,132,08:00,120,187.05487850211873,11.540609852407082,175.51426864971165,4,32.52107177829399,8.927614981596776,78.55131324010924,0.0,0.0,120.0,0.0,0.917734710087371,32.05543629679001,0,163,9,1,WAIT,low
finite_horizon_value_iteration,97,132,08:00,120,90.1449496027948,7.146599877263335,82.99834972553145,2,19.74467927119528,8.65495076661221,63.86808145644868,27.732288505743853,0.0,120.00000000000001,-1.4210854715202004e-14,1.4273959916327998,18.991460800548158,1,8,6,1,WAIT,low
finite_horizon_value_iteration,98,132,08:00,120,132.5151893479193,6.542921350694152,125.97226799722513,4,23.33332745632704,7.968776083255511,88.69789646041745,0.0,0.0,120.0,0.0,0.6461705751342853,18.047890426849005,0,246,8,1,WAIT,low
finite_horizon_value_iteration,99,132,08:00,120,115.61251327139277,9.212058486444842,106.40045478494793,4,7.940854003345813,20.560812416330474,91.49833358032372,0.0,0.0,120.0,0.0,5.18155674214191,21.138610361986213,0,170,6,1,WAIT,low
finite_horizon_value_iteration,100,132,08:00,120,104.18149311220913,6.497337903495357,97.68415520871378,2,13.529383558279008,0.0,90.79930993254769,15.671306509173306,0.0,120.0,0.0,0.0,18.563822581415305,1,68,5,0,WAIT,low
finite_horizon_value_iteration,101,132,08:00,120,144.02870683352535,12.708468624762405,131.32023820876293,3,24.255760036019417,27.652169217664103,68.0920707463165,0.0,0.0,120.00000000000001,-1.4210854715202004e-14,4.6213657288823615,31.688544627581656,0,144,8,1,WAIT,low
finite_horizon_value_iteration,102,132,08:00,120,127.15187930929493,9.138163538747673,118.01371577054725,5,39.286096400755284,11.555451126042191,69.15845247320252,0.0,0.0,120.0,0.0,1.269745182208421,24.839293499927788,0,162,12,1,WAIT,low
finite_horizon_value_iteration,103,132,08:00,120,90.20321461987918,6.4370801624371925,83.76613445744198,2,20.835215833604593,0.0,91.36969383610793,7.795090330287479,0.0,120.0,0.0,0.0,18.39165760696341,1,161,6,0,WAIT,low
finite_horizon_value_iteration,104,132,08:00,120,137.47550269776013,8.048052997160818,129.4274497005993,5,18.235785542007136,0.0,101.76421445799286,0.0,0.0,120.0,0.0,0.0,22.994437134745194,0,162,7,0,WAIT,low
finite_horizon_value_iteration,105,132,08:00,120,141.22225005084812,9.356780603639907,131.8654694472082,5,34.45839128485312,6.142726240886159,78.9363527088252,0.46252976543550517,0.0,119.99999999999999,1.4210854715202004e-14,0.8083894255210982,25.925269442021495,1,141,11,1,WAIT,low
finite_horizon_value_iteration,106,132,08:00,120,86.22032418036126,5.420518062437765,80.7998061179235,1,0.39741058297801307,0.0,103.09255480135823,16.510034615663756,0.0,120.0,0.0,0.0,15.487194464107901,1,48,2,0,WAIT,low
finite_horizon_value_iteration,107,132,08:00,120,89.1596900327078,10.17852586516541,78.98116416754239,3,22.75905994475568,20.746681943530227,76.49425811171409,0.0,0.0,120.0,0.0,5.18155674214191,23.899945729759263,0,68,7,2,WAIT,low
finite_horizon_value_iteration,108,132,08:00,120,106.24037280995799,6.9516658777627995,99.2887069321952,3,18.011373600823674,0.0,93.90471955474159,8.083906844434736,0.0,120.0,0.0,0.0,19.86190250789371,1,238,5,0,WAIT,low
finite_horizon_value_iteration,109,132,08:00,120,100.9592392809046,7.456195676941605,93.503043603963,4,21.426492874498468,0.0,81.56408965218954,17.009417473312013,0.0,120.00000000000001,-1.4210854715202004e-14,0.0,21.30341621983316,1,161,8,0,WAIT,low
finite_horizon_value_iteration,110,132,08:00,120,114.82542835874796,7.421077288015289,107.40435107073267,3,5.7796603230791295,0.0,109.22087299761964,4.999466679301236,0.0,120.0,0.0,0.0,21.20307796575797,1,236,4,0,WAIT,low
finite_horizon_value_iteration,111,132,08:00,120,90.33943164727566,6.43937141169094,83.90006023558472,2,5.168770622396354,0.0,114.83122937760365,0.0,0.0,120.0,0.0,0.0,18.39820403340269,0,75,3,0,WAIT,low
finite_horizon_value_iteration,112,132,08:00,120,161.17712986855955,12.320593019928864,148.8565368486307,2,9.480601686394659,0.0,90.46559635123577,20.053801962369562,0.0,120.0,0.0,0.0,35.201694342653894,1,132,4,0,WAIT,low
finite_horizon_value_iteration,113,132,08:00,120,130.84062103458626,9.102799190042887,121.73782184454338,3,24.877397055791974,0.0,92.19655145573739,2.926051488470634,0.0,120.0,0.0,0.0,26.007997685836823,1,230,8,0,WAIT,low
finite_horizon_value_iteration,114,132,08:00,120,73.73478011173418,8.781188880444471,64.9535912312897,2,3.333813718659972,20.746681943530227,95.9195043378098,0.0,0.0,120.0,0.0,5.18155674214191,19.907554344842296,0,48,3,2,WAIT,low
finite_horizon_value_iteration,115,132,08:00,120,113.565868509089,6.960844120055402,106.6050243890336,2,34.10429377955378,0.0,80.67569815349567,5.220008066950555,0.0,120.0,0.0,0.0,19.88812605730115,1,142,9,0,WAIT,low
finite_horizon_value_iteration,116,132,08:00,120,106.56617787861197,8.191097396301478,98.3750804823105,3,42.890120322465805,0.0,77.1098796775342,0.0,0.0,120.0,0.0,0.0,23.403135418004226,0,162,11,0,WAIT,low
finite_horizon_value_iteration,117,132,08:00,120,185.82945592857172,8.854306516989183,176.97514941158255,6,11.053636541353828,0.0,106.77970451916,2.1666589394861546,0.0,119.99999999999999,1.4210854715202004e-14,0.0,25.298018619969096,1,234,7,0,WAIT,low
finite_horizon_value_iteration,118,132,08:00,120,111.32035558793827,7.513317477065114,103.80703811087315,3,46.19665716208282,11.555451126042191,58.385825690881106,3.8620660209938933,0.0,120.00000000000001,-1.4210854715202004e-14,1.269745182208421,20.196876180834764,1,113,12,1,WAIT,low
finite_horizon_value_iteration,119,132,08:00,120,120.55691260370115,7.3975749457810505,113.1593376579201,3,17.943164323465997,0.0,102.05683567653398,0.0,0.0,119.99999999999997,2.842170943040401e-14,0.0,21.135928416517288,0,140,6,0,WAIT,low
finite_horizon_value_iteration,120,132,08:00,120,92.6426104430445,7.363435304463865,85.27917513858064,2,5.408334748989212,14.987664138762327,93.80986272230628,5.794138389942177,0.0,119.99999999999999,1.4210854715202004e-14,2.4650545668752764,18.573332017307195,1,162,3,2,WAIT,low
finite_horizon_value_iteration,121,132,08:00,120,69.33956609578345,6.660803647188596,62.67876244859486,2,6.49141783511199,0.0,106.06487835234445,7.443703812543561,0.0,120.0,0.0,0.0,19.03086756339599,1,100,3,0,WAIT,low
finite_horizon_value_iteration,122,132,08:00,120,135.67063974822287,10.780585238589675,124.89005450963319,2,12.109954732461672,27.652169217664103,80.23787604987422,0.0,0.0,120.0,0.0,4.6213657288823615,26.180306381373853,0,161,4,1,WAIT,low
finite_horizon_value_iteration,123,132,08:00,120,99.68100532046941,10.29035382447011,89.3906514959993,3,18.976783716322444,20.560812416330474,80.46240386734706,0.0,0.0,119.99999999999999,1.4210854715202004e-14,5.18155674214191,24.21945418491555,0,161,6,1,WAIT,low
finite_horizon_value_iteration,124,132,08:00,120,109.56232548088622,8.940893337176773,100.62143214370944,2,26.86434896304085,23.3041971349899,66.15298924306872,3.6784646589005376,0.0,120.0,0.0,3.8632974317055897,21.68211210308519,1,145,7,1,WAIT,low
finite_horizon_value_iteration,125,132,08:00,120,105.46630051410571,6.981746435039286,98.48455407906643,3,23.66540041021325,8.927614981596776,81.46369260916195,5.943291999028034,0.0,120.00000000000001,-1.4210854715202004e-14,0.917734710087371,19.03011224716773,1,162,8,1,WAIT,low
finite_horizon_value_iteration,126,132,08:00,120,86.61309556305812,6.827697415773916,79.78539814728421,2,22.977929306957815,0.0,90.50503003979891,6.517040653243271,0.0,120.0,0.0,0.0,19.50770690221119,1,262,6,0,WAIT,low
finite_horizon_value_iteration,127,132,08:00,120,124.32226877504505,10.402738655427116,113.91953011961793,2,11.113402602390256,32.81314173522569,68.7515613098602,7.321894352523842,0.0,119.99999999999999,1.4210854715202004e-14,5.483892691328659,24.23821775274882,1,239,4,1,WAIT,low
finite_horizon_value_iteration,128,132,08:00,120,116.03695799880657,7.992957701553617,108.04400029725295,3,31.810270948825888,0.0,81.82188349018466,6.367845560989451,0.0,120.0,0.0,0.0,22.837022004438907,1,231,8,0,WAIT,low
finite_horizon_value_iteration,129,132,08:00,120,116.72842554756608,8.153349286151052,108.57507626141502,4,12.612058137665743,0.0,107.38794186233426,0.0,0.0,120.0,0.0,0.0,23.29528367471729,0,234,5,0,WAIT,low
finite_horizon_value_iteration,130,132,08:00,120,108.25502828314733,7.134800903988147,101.12022737915918,3,34.36927659094487,10.166252714481294,74.7936671709638,0.6708035236100471,0.0,120.00000000000001,-1.4210854715202004e-14,1.111820073635345,19.273325366330788,1,163,9,1,WAIT,low
finite_horizon_value_iteration,131,132,08:00,120,116.21413959205935,8.234676371092347,107.979463220967,3,13.680201138707657,0.0,103.75149294128093,2.5683059200114116,0.0,120.0,0.0,0.0,23.527646774549563,1,142,5,0,WAIT,low
finite_horizon_value_iteration,132,132,08:00,120,132.0238077408604,7.674441191806243,124.34936654905417,4,31.877820467391945,0.0,88.12217953260806,0.0,0.0,120.0,0.0,0.0,21.926974833732125,0,107,9,0,WAIT,low
finite_horizon_value_iteration,133,132,08:00,120,82.66777034875363,6.722403264669408,75.94536708408422,2,46.60941805412737,0.0,73.39058194587264,0.0,0.0,120.0,0.0,0.0,19.206866470484027,0,246,11,0,WAIT,low
finite_horizon_value_iteration,134,132,08:00,120,140.86964652021692,9.460150176477393,131.40949634373953,5,30.147844405227346,0.0,86.62322860864577,3.2289269861268792,0.0,120.0,0.0,0.0,27.02900050422112,1,142,10,0,WAIT,low
finite_horizon_value_iteration,135,132,08:00,120,102.08608989578232,6.6085883146008895,95.47750158118143,3,26.116777147628696,0.0,90.33537204748349,3.5478508048878155,0.0,120.0,0.0,0.0,18.88168089885969,1,162,7,0,WAIT,low
finite_horizon_value_iteration,136,132,08:00,120,80.75581497681382,5.863744965875546,74.89207001093828,2,8.95464014274842,0.0,65.78340433695371,45.261955520297875,0.0,120.0,0.0,0.0,16.753557045358704,1,230,4,0,WAIT,low
finite_horizon_value_iteration,137,132,08:00,120,96.90241205706127,8.773702749993113,88.12870930706816,5,28.35747920851284,0.0,91.64252079148717,0.0,0.0,120.00000000000001,-1.4210854715202004e-14,0.0,25.06772214283747,0,43,9,0,WAIT,low
finite_horizon_value_iteration,138,132,08:00,120,121.54626225639022,7.509716790215036,114.03654546617518,4,8.909701964586139,7.038977040036715,92.74905360797939,11.302267387397762,0.0,120.0,0.0,1.0780413825534916,20.378292303775183,1,239,5,1,WAIT,low
finite_horizon_value_iteration,139,132,08:00,120,140.34420117662054,8.290198561436576,132.05400261518398,5,18.20601687232245,0.0,99.85296464028683,1.941018487390707,0.0,119.99999999999999,1.4210854715202004e-14,0.0,23.686281604104504,1,140,8,0,WAIT,low
finite_horizon_value_iteration,140,132,08:00,120,138.48326143530267,9.4586134222934,129.02464801300926,4,18.492256968635623,23.493117362714187,78.01462566865015,0.0,0.0,119.99999999999997,2.842170943040401e-14,3.8924505585080764,23.132159219473067,0,236,8,3,WAIT,low
finite_horizon_value_iteration,141,132,08:00,120,97.56793180987265,6.824294624167532,90.74363718570511,2,25.537484901928313,0.0,94.46251509807169,0.0,0.0,120.0,0.0,0.0,19.497984640478663,0,170,7,0,WAIT,low
finite_horizon_value_iteration,142,132,08:00,120,158.49426123393644,10.912389746827811,147.58187148710863,5,41.22106770306641,38.62044944556061,40.15848285137296,0.0,0.0,119.99999999999997,2.842170943040401e-14,6.662866323644243,24.51539009586379,0,234,12,2,WAIT,low
finite_horizon_value_iteration,143,132,08:00,120,127.018395483018,9.940866583940632,117.07752889907736,4,9.099842901500704,14.987664138762327,88.7246977496616,7.187795210075365,0.0,120.0,0.0,2.4650545668752764,25.93742138724082,1,236,5,2,WAIT,low
finite_horizon_value_iteration,144,132,08:00,120,0.0,0.0,0.0,0,0.012864777941714433,0.0,0.0,119.98713522205828,0.0,120.0,0.0,0.0,0.0,1,132,1,0,WAIT,low
finite_horizon_value_iteration,145,132,08:00,120,138.58585009057248,10.123854400737754,128.46199568983474,5,14.319325202448857,18.919831174421667,72.39244157189715,14.368402051232351,0.0,120.00000000000003,-2.842170943040401e-14,1.9856490258752562,26.939649261946904,1,48,7,2,WAIT,low
finite_horizon_value_iteration,146,132,08:00,120,130.86770797873345,7.743866245005789,123.12384173372766,4,42.640651205349194,0.0,70.42360236812318,6.935746426527615,0.0,119.99999999999999,1.4210854715202004e-14,0.0,22.125332128587967,1,140,11,0,WAIT,low
finite_horizon_value_iteration,147,132,08:00,120,93.77243936149728,5.915532166282741,87.85690719521453,2,15.74193317090323,0.0,104.25806682909676,0.0,0.0,120.0,0.0,0.0,16.901520475093548,0,161,5,0,WAIT,low
finite_horizon_value_iteration,148,132,08:00,120,172.64002682468546,10.268398465239223,162.37162835944625,6,20.936022779638545,15.922713091133101,83.14126412922838,0.0,0.0,120.00000000000003,-2.842170943040401e-14,2.2213145641192886,27.116966765135636,0,161,8,2,WAIT,low
finite_horizon_value_iteration,149,132,08:00,120,134.23006752472108,8.386010004999413,125.84405751972167,4,28.692006520904354,0.0,85.88574424767302,5.422249231422626,0.0,120.0,0.0,0.0,23.96002858571261,1,162,9,0,WAIT,low
q_learning,0,132,08:00,120,161.73701361196458,9.504103816236311,152.23290979572826,3,17.040522420913447,8.999525166245299,89.22340464566885,4.736547767172411,0.0,120.00000000000001,-1.4210854715202004e-14,0.6703398622292307,26.484242469874516,1,162,6,1,WAIT,low
q_learning,1,132,08:00,120,65.8122619002876,6.1776107019101945,59.6346511983774,1,6.391864366382695,20.339773576080233,83.32131603804382,9.947046019493257,0.0,120.0,0.0,1.6248324020845133,16.02548388908747,1,186,2,1,WAIT,low
q_learning,2,132,08:00,120,92.36029892772297,9.707093477217342,82.65320545050562,2,8.905684336130841,34.99052355528667,49.70481023923752,26.398981869344965,0.0,120.0,0.0,5.800620334703995,21.933932457345556,1,138,4,1,WAIT,low
q_learning,3,132,08:00,120,137.809473120773,14.444433929795535,123.36503919097746,2,27.17811428759093,45.72227428453614,47.099611427872915,0.0,0.0,119.99999999999999,1.4210854715202004e-14,8.185247543509922,33.084563684477324,0,230,8,2,WAIT,low
q_learning,4,132,08:00,120,104.25570136805591,7.5636186737563476,96.69208269429956,2,5.673743800732839,8.683929606310135,105.64232659295703,0.0,0.0,120.0,0.0,0.8738289522399111,20.73651011563537,0,237,3,1,WAIT,low
q_learning,5,132,08:00,120,94.4935889291655,7.1183603839496765,87.37522854521582,1,19.168260135868138,34.64400506643799,66.18773479769386,0.0,0.0,120.0,0.0,3.5586575779522294,16.779514947618278,0,236,5,1,WAIT,low
q_learning,6,132,08:00,120,128.5714199142332,9.583025764704388,118.9883941495288,4,14.555859626895689,45.511591937070044,59.932548436034274,0.0,0.0,120.0,0.0,4.747314307814983,22.632759305626127,0,229,6,3,WAIT,low
q_learning,7,132,08:00,120,88.0440376566229,7.26669665264144,80.77734100398146,3,17.804117398512098,23.070864797787067,79.12501780370083,0.0,0.0,120.0,0.0,3.8246163214391435,16.93737411467926,0,234,6,1,WAIT,low
q_learning,8,132,08:00,120,99.81376223219458,10.787572438749626,89.02618979344496,2,29.564641755011237,44.0277949030208,32.598123089318335,13.809440252649622,0.0,119.99999999999999,1.4210854715202004e-14,7.35814036437716,23.46349517490749,1,93,8,1,WAIT,low
q_learning,9,132,08:00,120,97.34086994379709,7.79224141772855,89.54862852606854,3,8.849721727367637,36.23703856945323,73.4490708948664,1.4641688083127349,0.0,120.0,0.0,3.6891301452492584,18.574416762546598,1,90,5,2,WAIT,low
q_learning,10,132,08:00,120,81.94855363605801,8.62710916189061,73.3214444741674,1,7.867596495615635,37.41053506290781,40.17182426049404,34.55004418098251,0.0,120.0,0.0,6.521058068816938,18.12782525087052,1,138,3,2,WAIT,low
q_learning,11,132,08:00,120,97.70713749135604,7.381700500556039,90.3254369908,2,15.464128488244654,23.918041344793494,76.88996411062699,3.727866056334875,0.0,120.00000000000001,-1.4210854715202004e-14,2.6882084891783906,18.40236436955315,1,113,5,2,WAIT,low
q_learning,12,132,08:00,120,108.2216280983256,8.862754761525933,99.35887333679966,3,15.915914443024556,14.861819532346983,89.22226602462844,0.0,0.0,119.99999999999997,2.842170943040401e-14,2.444299961608333,22.877856499894335,0,239,5,2,WAIT,low
q_learning,13,132,08:00,120,86.78898955536776,6.1679957259622755,80.62099382940549,1,1.7504119457194902,0.0,118.24958805428051,0.0,0.0,120.0,0.0,0.0,17.622844931320788,0,230,2,0,WAIT,low
q_learning,14,132,08:00,120,48.889298570897694,7.12322220742792,41.76607636346977,2,5.600736845779182,56.37134994790662,47.63491599798526,10.392997208328921,0.0,119.99999999999999,1.4210854715202004e-14,8.36008243849444,11.991981011299622,1,249,3,2,WAIT,low
q_learning,15,132,08:00,120,87.73240135414005,7.0600662804022205,80.67233507373783,2,5.341582820017889,0.0,108.48449411105358,0.0,6.173923068928531,120.0,0.0,0.0,20.171617944006346,0,233,3,1,WAIT,low
q_learning,16,132,08:00,120,73.39770076065398,7.469884723667787,65.92781603698619,1,4.261305213286472,40.88001042456622,37.95559139046978,36.90309297167752,0.0,120.0,0.0,7.10089375575204,14.241634026155925,1,138,2,2,WAIT,low
q_learning,17,132,08:00,120,109.69260364777702,9.41136427289196,100.28123937488506,3,11.402811291930313,25.44356469179535,83.15362401627434,0.0,0.0,120.0,0.0,2.767071999739535,24.122540208523212,0,68,5,1,WAIT,low
q_learning,18,132,08:00,120,105.09198402821356,7.740003126581236,97.35198090163232,2,6.0157694320621165,25.059546034117048,71.79672891176648,17.127955622054372,0.0,120.00000000000001,-1.4210854715202004e-14,2.714523495868643,19.399771151506314,1,186,3,1,WAIT,low
q_learning,19,132,08:00,120,147.5154928844887,12.730717709040835,134.78477517544786,2,13.838695195278168,33.020087000005404,73.14121780471643,0.0,0.0,120.0,0.0,5.473967481603665,30.89951168708444,0,68,5,1,WAIT,low
q_learning,20,132,08:00,120,133.7336981866118,11.837211542394169,121.89648664421763,2,13.58594009097996,48.94100041610934,57.47305949291071,0.0,0.0,120.0,0.0,7.787908833151004,26.032695573689473,0,161,4,3,WAIT,low
q_learning,21,132,08:00,120,108.96406032468855,7.475018319660465,101.48904200502808,3,10.24809993047941,32.10162219916383,77.65027787035676,0.0,0.0,120.0,0.0,4.484931451601602,16.8722637474283,0,186,5,2,WAIT,low
q_learning,22,132,08:00,120,83.24572056572505,10.052725014838144,73.1929955508869,2,0.45249130822342876,32.17262522639688,78.09174829114502,9.283135174234673,0.0,120.0,0.0,3.9151357231353243,24.8069357478308,1,236,3,1,WAIT,low
q_learning,23,132,08:00,120,107.23713916046397,7.712197225962038,99.52494193450192,2,6.758248471662128,30.545649316353014,80.22424333524236,2.471858876742502,0.0,120.00000000000001,-1.4210854715202004e-14,3.096014561543284,18.93883465549111,1,249,3,1,WAIT,low
q_learning,24,132,08:00,120,107.62137317754089,7.9489831113162674,99.67239006622462,2,3.7089034173529387,11.719754870265689,94.07958162594986,10.491760086431526,0.0,120.00000000000001,-1.4210854715202004e-14,1.269745182208421,21.44163513583806,1,79,3,1,WAIT,low
q_learning,25,132,08:00,120,96.71189509067761,7.3345074622300865,89.37738762844752,2,6.52605736434082,15.091766667382842,82.59889083087182,15.783285137404519,0.0,120.00000000000001,-1.4210854715202004e-14,1.6914479000495946,19.264287706322083,1,249,3,2,WAIT,low
q_learning,26,132,08:00,120,93.1464360422154,8.031707081319475,85.11472896089592,3,7.0093472614472185,28.73246846863071,66.40169496839928,17.856489301522785,0.0,120.0,0.0,2.885433921608798,20.062300596446843,1,237,4,1,WAIT,low
q_learning,27,132,08:00,120,117.91564499600653,8.03564631218634,109.87999868382019,2,13.427499832955442,27.04756538135947,75.46410654210959,4.060828243575486,0.0,119.99999999999999,1.4210854715202004e-14,4.460751707301817,18.49823775608773,1,207,5,1,WAIT,low
q_learning,28,132,08:00,120,96.46545510621628,11.13594823408785,85.32950687212843,2,0.926522559835815,39.09785552717583,72.22498622327385,7.750635689714514,0.0,120.00000000000001,-1.4210854715202004e-14,4.810266901446065,27.006728053090654,1,262,3,2,WAIT,low
q_learning,29,132,08:00,120,64.1908759349454,6.586685259441347,57.60419067550405,1,13.146918635572854,0.0,87.66913054131913,19.18395082310802,0.0,120.00000000000001,-1.4210854715202004e-14,0.0,18.819100741260993,1,230,4,0,WAIT,low
q_learning,30,132,08:00,120,107.37803334686728,7.798452752106897,99.57958059476039,2,10.453582083174389,31.11760133152933,78.42881658529629,0.0,0.0,120.0,0.0,3.3722157839848723,18.909077793463403,0,162,4,2,WAIT,low
q_learning,31,132,08:00,120,100.19905150424874,6.994317068810736,93.20473443543801,2,2.344345908100601,6.231925085666558,105.9979993334449,5.425729672787938,0.0,119.99999999999999,1.4210854715202004e-14,0.8023858489694058,19.181377204775558,1,239,3,1,WAIT,low
q_learning,32,132,08:00,120,83.39104703289965,7.0112462195940015,76.37980081330565,1,2.821787782331158,17.174299712684448,90.03795113854216,9.965961366442244,0.0,120.0,0.0,2.0004471665855252,18.031684889397336,1,186,2,1,WAIT,low
q_learning,33,132,08:00,120,91.33228814707543,7.090972627536087,84.24131551953934,2,2.986904983538491,16.507579788418806,83.90626334120185,16.599251886840847,0.0,120.0,0.0,1.9773061539794832,18.28261563898077,1,107,3,1,WAIT,low
q_learning,34,132,08:00,120,99.37359319925531,7.559793342917597,91.81379985633771,2,12.473244375210783,10.106531466955765,83.28682179229195,14.133402365541514,0.0,120.0,0.0,0.9555268575192819,20.643882693673856,1,237,5,1,WAIT,low
q_learning,35,132,08:00,120,83.47744641316308,8.294487460338377,75.1829589528247,1,18.371438613881068,27.04756538135947,74.58099600475947,0.0,0.0,120.0,0.0,4.460751707301817,19.23778389366498,0,207,5,1,WAIT,low
q_learning,36,132,08:00,120,140.64101376999156,12.632129439357207,128.00888433063434,5,13.767864723532833,26.290299071260137,75.22263758826197,4.719198616945064,0.0,120.00000000000001,-1.4210854715202004e-14,7.277956639108903,28.81384175905455,1,79,7,3,WAIT,low
q_learning,37,132,08:00,120,91.3401281877104,7.969695411036169,83.37043277667424,2,3.7004832901057387,40.511520420669854,74.4495864073661,1.3384098818583112,0.0,120.0,0.0,4.651046560527554,18.119511756718644,1,107,3,2,WAIT,low
q_learning,38,132,08:00,120,115.73902376894226,7.415895728231915,108.32312804071034,3,22.04526154589733,27.031260561514202,70.92347789258848,0.0,0.0,120.00000000000001,-1.4210854715202004e-14,3.1246376840927876,18.06363582514126,0,75,7,1,WAIT,low
q_learning,39,132,08:00,120,79.69873753500838,6.973260110020334,72.72547742498804,3,17.152302055577657,23.070864797787067,79.77683314663528,0.0,0.0,120.0,0.0,3.8246163214391435,16.098983992904667,0,79,6,1,WAIT,low
q_learning,40,132,08:00,120,53.90760454958139,4.08619426445964,49.82141028512175,3,24.547325466325386,31.91319833789499,28.316011735953246,35.223464459826374,0.0,120.0,0.0,5.641141271372369,6.033699484226602,1,10,8,3,WAIT,low
q_learning,41,132,08:00,120,96.52612072645138,7.311819457632997,89.21430126881839,1,4.240585488969998,27.76197413963511,77.2451858795581,10.752254491836794,0.0,120.0,0.0,2.9400292309540106,17.95088350514027,1,236,2,1,WAIT,low
q_learning,42,132,08:00,120,83.68937756528597,7.221561150666601,76.46781641461936,2,24.348462543172097,0.0,91.5873336261075,4.064203830720402,0.0,120.0,0.0,0.0,20.633031859047435,1,162,6,0,WAIT,low
q_learning,43,132,08:00,120,76.16272982950929,8.346514112633937,67.81621571687535,2,13.949442245136218,34.55474349442407,71.4958142604397,0.0,0.0,120.0,0.0,3.565956558533825,20.28122662042028,0,162,5,1,WAIT,low
q_learning,44,132,08:00,120,135.55182579272267,12.10707637352358,123.44474941919908,2,19.712574951012357,32.009886983689974,68.27753806529766,0.0,0.0,120.0,0.0,5.618475354578797,28.973171426917148,0,161,6,2,WAIT,low
q_learning,45,132,08:00,120,136.49152119387696,8.490319737030283,128.00120145684667,3,6.976232154602118,0.0,112.34650122899062,0.6772666164072518,0.0,119.99999999999999,1.4210854715202004e-14,0.0,24.258056391515094,1,186,4,0,WAIT,low
q_learning,46,132,08:00,120,83.16330805301882,8.010451525655263,75.15285652736355,1,1.462020468191859,42.74199883713285,43.57504210472065,32.22093858995464,0.0,120.0,0.0,6.449136612047146,16.437867746967896,1,70,2,2,WAIT,low
q_learning,47,132,08:00,120,105.48594155011345,7.756458229381904,97.72948332073155,3,22.085757668367147,25.320618775528356,72.59362355610449,0.0,0.0,120.0,0.0,2.9617818096681594,19.199527417137283,0,236,7,2,WAIT,low
q_learning,48,132,08:00,120,140.82248025014317,11.072648088749204,129.74983216139395,2,2.835308063309782,35.44782758019229,66.8439712146588,14.872893141839128,0.0,119.99999999999999,1.4210854715202004e-14,5.8764307758315235,25.759706620594777,1,230,3,1,WAIT,low
q_learning,49,132,08:00,120,82.67529520088311,8.199889673874873,74.47540552700823,2,15.64113144554666,9.375032643018152,94.9838359114352,0.0,0.0,120.0,0.0,1.1873894851737312,22.240866725897337,0,48,5,1,WAIT,low
q_learning,50,132,08:00,120,14.868951217821847,3.2314311987845468,11.6375200190373,1,1.1871113187420856,29.876389732276472,14.330986705399349,74.6055122435821,0.0,120.0,0.0,6.591924564241296,2.6407360037145535,1,132,2,2,WAIT,low
q_learning,51,132,08:00,120,116.43928232889192,7.347919939574542,109.09136238931738,3,15.81637383290423,8.683929606310135,95.49969656078565,0.0,0.0,120.00000000000001,-1.4210854715202004e-14,0.8738289522399111,20.120228017973066,0,68,6,1,WAIT,low
q_learning,52,132,08:00,120,66.81182829690322,8.89269882414742,57.9191294727558,1,3.3262283933360552,38.12957710513106,39.999520647168374,38.54467385436452,0.0,120.00000000000001,-1.4210854715202004e-14,6.372401365816446,19.03530956031904,1,70,2,1,WAIT,low
q_learning,53,132,08:00,120,88.33979833020071,8.399892512494619,79.93990581770609,1,13.222081346859547,34.66460887851025,43.806182144681344,28.307127629948866,0.0,120.0,0.0,5.746591211690139,18.25310168115163,1,70,3,1,WAIT,low
q_learning,54,132,08:00,120,74.88962890716998,7.87300242877983,67.01662647839015,1,18.511710752689638,18.651094815068852,79.30584437247354,3.5313500597679592,0.0,120.0,0.0,1.992595982753407,20.50169667090325,1,236,5,1,WAIT,low
q_learning,55,132,08:00,120,67.06900695722803,8.358796322201215,58.71021063502681,2,5.485470759403622,41.47997379520302,70.85331365252244,2.181241792870921,0.0,120.00000000000001,-1.4210854715202004e-14,4.461087736844565,19.42118746944462,1,262,3,2,WAIT,low
q_learning,56,132,08:00,120,110.0668472790055,8.294690051713674,101.77215722729183,3,8.767540402162403,25.45799151474848,85.7744680830891,0.0,0.0,119.99999999999999,1.4210854715202004e-14,2.838871761590325,20.860242671877316,0,144,4,1,WAIT,low
q_learning,57,132,08:00,120,102.96800467203478,8.0343976330939,94.93360703894088,2,8.14302181605103,29.693021701634166,77.21550236783908,4.948454114475723,0.0,120.0,0.0,3.3783921158480945,19.57702969299162,1,230,3,1,WAIT,low
q_learning,58,132,08:00,120,76.31243301344479,8.307768281133592,68.0046647323112,1,10.861859272397833,31.79901377309872,48.986654632505996,28.352472321997453,0.0,120.0,0.0,5.271541753992986,18.46493904924585,1,199,3,1,WAIT,low
q_learning,59,132,08:00,120,134.01580871304563,8.356500572576177,125.65930814046945,4,18.985982133212154,7.697479868893061,79.33333996335531,13.983198034539484,0.0,120.00000000000001,-1.4210854715202004e-14,0.720141162606,23.155574759040224,1,161,6,1,WAIT,low
q_learning,60,132,08:00,120,119.08310545617596,8.108124576615639,110.97498087956032,3,14.658660323240642,20.339773576080233,73.4118346717592,11.589731428919919,0.0,119.99999999999999,1.4210854715202004e-14,1.6248324020845133,21.541237816817315,1,186,5,1,WAIT,low
q_learning,61,132,08:00,120,73.40349716382963,7.0914311967397134,66.31206596708991,1,8.097764895761498,18.599350166207206,91.41310070351449,1.88978423451681,0.0,120.0,0.0,2.054216423475528,18.207015567209368,1,79,3,2,WAIT,low
q_learning,62,132,08:00,120,113.46097586937245,9.221282552276278,104.23969331709617,2,4.818227785947247,25.284751134864365,81.43129921273038,8.465721866458011,0.0,120.0,0.0,7.115965605095542,19.230555972836683,1,229,3,2,WAIT,low
q_learning,63,132,08:00,120,107.50754056214348,7.696421772926587,99.81111878921689,3,10.13285289892405,34.215362083276425,75.65178501779953,0.0,0.0,120.0,0.0,3.771208497489917,18.21856799658605,0,162,4,1,WAIT,low
q_learning,64,132,08:00,120,87.13155597051353,7.046184900441206,80.08537107007233,1,2.7819967165410926,18.449897480506277,81.86095939696473,16.907146405987902,0.0,120.0,0.0,2.2545195719585736,17.877437286444874,1,262,2,1,WAIT,low
q_learning,65,132,08:00,120,108.95084278541823,6.208342459295193,102.74250032612304,3,17.353555867269257,8.883581071493037,86.01031011854408,7.752552942693612,0.0,119.99999999999999,1.4210854715202004e-14,0.8429103207506001,16.89521099152138,1,48,6,1,WAIT,low
q_learning,66,132,08:00,120,53.83389513258702,7.367883785617675,46.46601134696934,2,8.135795765665215,0.0,76.27237328628671,35.59183094804807,0.0,119.99999999999999,1.4210854715202004e-14,0.0,21.051096530336217,1,138,4,0,WAIT,low
q_learning,67,132,08:00,120,93.2123767853044,8.380804398897892,84.8315723864065,2,11.820976871089854,30.303243180621678,77.87577994828847,0.0,0.0,120.0,0.0,3.521370336292639,20.42378508912991,0,237,4,2,WAIT,low
q_learning,68,132,08:00,120,105.3185249185017,6.621359058530309,98.69716585997139,2,5.616345381706423,16.507579788418806,97.87607482987477,0.0,0.0,120.0,0.0,1.9773061539794832,16.94086258467854,0,68,3,1,WAIT,low
q_learning,69,132,08:00,120,71.56883957173937,8.584133293757313,62.98470627798206,1,3.0324953254714924,36.67947233610448,49.26411432500187,31.02391801342216,0.0,120.0,0.0,6.080609018691693,18.445486106329202,1,70,2,1,WAIT,low
q_learning,70,132,08:00,120,98.34960559941409,9.273724462498077,89.07588113691601,2,11.718361929546083,57.06374147871144,51.21789659174248,0.0,0.0,120.0,0.0,6.471771908161718,20.02458369897565,0,229,5,3,WAIT,low
q_learning,71,132,08:00,120,88.68158986951336,7.146581920112688,81.53500794940066,2,12.92681355387646,18.687093303484296,88.38609314263924,0.0,0.0,120.0,0.0,1.4041933469266459,19.01461213910961,0,230,5,1,WAIT,low
q_learning,72,132,08:00,120,140.07005148313735,12.54549517220421,127.52455631093314,3,15.718294288750593,52.386340982674085,45.31295401071205,6.582410717863283,0.0,120.00000000000001,-1.4210854715202004e-14,10.033463046882188,25.810808873701273,1,237,6,2,WAIT,low
q_learning,73,132,08:00,120,80.21341594866666,9.034196260464395,71.17921968820227,2,5.570869628754771,0.0,96.51517838252225,17.91395198872297,0.0,120.0,0.0,0.0,25.811989315612557,1,230,3,0,WAIT,low
q_learning,74,132,08:00,120,94.96759999384548,8.87665027703669,86.0909497168088,2,8.761339720373234,32.17262522639688,79.06603505322988,0.0,0.0,120.0,0.0,3.9151357231353243,21.446722211255224,0,75,4,1,WAIT,low
q_learning,75,132,08:00,120,103.59696582869086,8.16640644093993,95.43055938775092,2,11.68532975104393,27.098392802187306,81.21627744676876,0.0,0.0,120.0,0.0,2.7476728047419563,20.584917026514987,0,231,4,1,WAIT,low
q_learning,76,132,08:00,120,71.8621956276729,8.200252761353736,63.661942866319166,1,16.958061508124562,29.693021701634166,73.34891679024128,0.0,0.0,120.0,0.0,3.3783921158480945,20.050901488019726,0,162,5,1,WAIT,low
q_learning,77,132,08:00,120,132.1133106942645,7.737039730284643,124.37627096397986,3,10.448945304001029,0.0,104.05242103737416,5.498633658624826,0.0,120.00000000000001,-1.4210854715202004e-14,0.0,22.105827800813266,1,236,4,0,WAIT,low
q_learning,78,132,08:00,120,120.18889979805357,8.272962912350826,111.91593688570275,3,8.889299151021346,34.628204055369025,76.48249679360963,0.0,0.0,120.0,0.0,3.565956558533825,20.071080333897108,0,75,5,1,WAIT,low
q_learning,79,132,08:00,120,110.66109279184059,8.047555827825736,102.61353696401486,3,4.969296757641876,34.628204055369025,80.4024991869891,0.0,0.0,120.0,0.0,3.565956558533825,19.42706009239685,0,162,4,1,WAIT,low
q_learning,80,132,08:00,120,112.81993101794758,7.551756422109166,105.26817459583842,4,6.831382764661531,19.13969347809115,94.02892375724733,0.0,0.0,120.0,0.0,1.6752393894159918,19.901207530895917,0,230,5,1,WAIT,low
q_learning,81,132,08:00,120,102.15120991519652,7.799668838317198,94.35154107687931,3,4.047812742219297,14.846839132448778,94.57070111816819,6.534647007163727,0.0,119.99999999999999,1.4210854715202004e-14,1.9491905842513346,20.33557752522638,1,236,4,2,WAIT,low
q_learning,82,132,08:00,120,101.52594731000882,8.350568427115043,93.17537888289377,2,5.608319543430398,47.31965175474194,63.98854775848585,3.0834809433417973,0.0,119.99999999999999,1.4210854715202004e-14,4.9382773791836945,18.92048955543072,1,162,3,2,WAIT,low
q_learning,83,132,08:00,120,111.03566926864187,7.079982139724928,103.95568712891694,3,5.234490716690429,42.47725660675826,68.13257135353156,4.155681323019763,0.0,120.00000000000001,-1.4210854715202004e-14,4.074631167503847,16.15388923171023,1,236,4,2,WAIT,low
q_learning,84,132,08:00,120,87.24026899934387,6.858009155058787,80.38225984428509,1,0.9554385637391117,0.0,113.34466204156867,5.699899394692224,0.0,120.0,0.0,0.0,19.594311871596535,1,230,2,0,WAIT,low
q_learning,85,132,08:00,120,90.35494942450296,7.360242034955367,82.9947073895476,2,14.2286521133679,23.347106182892784,80.59566082009798,1.8285808836413366,0.0,120.0,0.0,2.756328774380701,18.272934182634636,1,229,5,2,WAIT,low
q_learning,86,132,08:00,120,87.61206076397094,8.80586988643412,78.80619087753682,1,0.7581539833789309,38.68114734447586,38.1828442413869,42.377854430758305,0.0,120.0,0.0,6.733409006152611,18.426219240802016,1,138,2,2,WAIT,low
q_learning,87,132,08:00,120,90.06782286795854,7.762260781952508,82.30556208600603,1,9.411587721117344,37.163280238601736,40.042174945632915,33.382957094648006,0.0,120.0,0.0,6.210909108635681,15.966978839800056,1,138,3,1,WAIT,low
q_learning,88,132,08:00,120,90.83395502559709,7.047933389303493,83.7860216362936,2,7.3938149580448655,0.0,112.60618504195511,0.0,0.0,119.99999999999999,1.4210854715202004e-14,0.0,20.136952540867124,0,68,4,0,WAIT,low
q_learning,89,132,08:00,120,127.44690541401536,8.742119974031622,118.70478543998374,3,7.740099313659985,8.999525166245299,103.26037552009473,0.0,0.0,120.00000000000001,-1.4210854715202004e-14,0.6703398622292307,24.307145777861116,0,164,5,1,WAIT,low
q_learning,90,132,08:00,120,85.94659155932062,7.140019259150043,78.80657230017059,3,7.357705104893339,17.162296211367835,76.90129734061186,18.578701343126966,0.0,120.0,0.0,1.9479393488596028,18.452115677283384,1,68,4,1,WAIT,low
q_learning,91,132,08:00,120,87.1519694985692,7.184012505313074,79.96795699325612,1,1.4899823605087932,26.94938031552546,58.30172049639797,33.258916827567774,0.0,120.0,0.0,2.236241179936743,18.28950883524347,1,186,2,1,WAIT,low
q_learning,92,132,08:00,120,94.35000212195945,8.08630166087084,86.2637004610886,2,20.713777800699972,0.0,99.28622219930003,0.0,0.0,120.0,0.0,0.0,23.103719031059544,0,230,6,0,WAIT,low
q_learning,93,132,08:00,120,114.86704887223281,7.10269815633034,107.76435071590248,3,14.76530274608138,17.057439436241665,86.40874162307891,1.7685161945980354,0.0,119.99999999999999,1.4210854715202004e-14,2.0004471665855252,18.292976137215447,1,230,5,1,WAIT,low
q_learning,94,132,08:00,120,79.50362324823242,7.3352683792792535,72.16835486895316,3,11.80605919166122,40.20180131585492,67.99213949248384,0.0,0.0,119.99999999999999,1.4210854715202004e-14,6.718721608348526,14.23918804673506,0,87,5,1,WAIT,low
q_learning,95,132,08:00,120,192.64764168751068,9.262974594087364,183.38466709342333,5,9.081566088114677,42.47725660675826,68.44117730512704,0.0,0.0,119.99999999999997,2.842170943040401e-14,4.074631167503847,22.391010529888625,0,186,6,2,WAIT,low
q_learning,96,132,08:00,120,159.06733454109644,12.265590061054725,146.80174448004172,3,10.765426429590097,37.381924038348096,71.85264953206179,0.0,0.0,119.99999999999999,1.4210854715202004e-14,4.180605209505971,30.86393782207896,0,229,5,3,WAIT,low
q_learning,97,132,08:00,120,76.08659567127276,7.728069422542257,68.3585262487305,1,6.179977718010278,28.913686105371003,53.74714231218185,31.159193864436872,0.0,120.0,0.0,4.793221093392962,17.286977256727774,1,70,3,1,WAIT,low
q_learning,98,132,08:00,120,113.38732722124894,7.569468665641904,105.81785855560703,2,1.2605460588859336,27.031260561514202,77.89099528578724,13.817198093812621,0.0,120.0,0.0,3.1246376840927876,18.502415646312652,1,163,3,1,WAIT,low
q_learning,99,132,08:00,120,115.61251327139277,9.212058486444842,106.40045478494793,4,7.940854003345813,20.560812416330474,91.49833358032372,0.0,0.0,120.0,0.0,5.18155674214191,21.138610361986213,0,170,6,1,WAIT,low
q_learning,100,132,08:00,120,96.96597851147655,6.752851717130363,90.21312679434618,2,8.373791693643804,16.507579788418806,88.26786796186558,6.850760556071819,0.0,120.00000000000001,-1.4210854715202004e-14,1.9773061539794832,17.316555894964413,1,107,4,1,WAIT,low
q_learning,101,132,08:00,120,117.31694228091406,9.692660456595217,107.62428182431884,4,22.08298857328233,35.028249492496954,57.37503887596971,5.513723058251003,0.0,120.0,0.0,3.8140408920338054,23.87927469823824,1,246,8,1,WAIT,low
q_learning,102,132,08:00,120,140.20287117171227,12.755166037713291,127.44770513399898,3,10.454472271778169,38.93534018597222,68.74578383610493,1.864403706144671,0.0,120.0,0.0,6.507064431780156,29.936267104543532,1,162,4,1,WAIT,low
q_learning,103,132,08:00,120,113.26483890033211,8.227184695824711,105.03765420450739,3,11.796793385080596,25.00638450411831,83.1968221108011,0.0,0.0,120.0,0.0,2.714523495868643,20.791718492201962,0,229,5,1,WAIT,low
q_learning,104,132,08:00,120,80.8106683001359,8.458004624267748,72.35266367586816,1,1.88410301302322,36.67947233610448,49.10888607828613,32.327538572586164,0.0,120.0,0.0,6.080609018691693,18.08511847921616,1,70,2,1,WAIT,low
q_learning,105,132,08:00,120,108.46665370754931,10.201462472021694,98.26519123552762,3,15.149708361598469,41.43355740956901,63.416734228832524,0.0,0.0,120.0,0.0,5.2995112661329,23.8475243682148,0,137,5,1,WAIT,low
q_learning,106,132,08:00,120,86.22032418036126,5.420518062437765,80.7998061179235,1,0.39741058297801307,0.0,103.09255480135823,16.510034615663756,0.0,120.0,0.0,0.0,15.487194464107901,1,48,2,0,WAIT,low
q_learning,107,132,08:00,120,121.1360749194585,12.722253662425679,108.41382125703282,3,14.9972686122187,29.29422704610182,71.24645444605132,4.462049895628155,0.0,120.0,0.0,8.321852223022558,28.027443955336526,1,162,6,2,WAIT,low
q_learning,108,132,08:00,120,87.43041186484295,7.250386412360598,80.18002545248235,2,11.581803330519001,33.31906543440121,71.35434380352446,3.7447874315553236,0.0,120.0,0.0,3.841141710214256,16.87424803938745,1,137,3,1,WAIT,low
q_learning,109,132,08:00,120,137.7762694551748,11.342694519102904,126.43357493607189,5,15.072048191580762,35.44782758019229,68.55959750850315,0.9205267197237816,0.0,119.99999999999999,1.4210854715202004e-14,5.8764307758315235,26.531267850176775,1,229,7,1,WAIT,low
q_learning,110,132,08:00,120,114.82542835874796,7.421077288015289,107.40435107073267,3,5.7796603230791295,0.0,109.22087299761964,4.999466679301236,0.0,120.0,0.0,0.0,21.20307796575797,1,236,4,0,WAIT,low
q_learning,111,132,08:00,120,90.33943164727566,6.43937141169094,83.90006023558472,2,5.168770622396354,0.0,114.83122937760365,0.0,0.0,120.0,0.0,0.0,18.39820403340269,0,75,3,0,WAIT,low
q_learning,112,132,08:00,120,156.31869770314063,10.622060136488592,145.69663756665204,3,14.823354663614332,44.25600658932042,60.920638747065254,0.0,0.0,120.0,0.0,6.547331013332853,23.801412233777416,0,234,6,2,WAIT,low
q_learning,113,132,08:00,120,113.0605244555812,10.347928253440905,102.7125962021403,2,5.199628097335497,32.17262522639688,82.62774667626763,0.0,0.0,120.00000000000001,-1.4210854715202004e-14,3.9151357231353243,25.65037357241012,0,234,3,1,WAIT,low
q_learning,114,132,08:00,120,118.75551286021206,11.084490210921322,107.67102264929075,4,21.161310714500974,20.560812416330474,78.27787686916855,0.0,0.0,120.0,0.0,5.18155674214191,26.488415289061876,0,161,7,1,WAIT,low
q_learning,115,132,08:00,120,114.64768350939475,8.353382367224135,106.29430114217061,2,5.698361978642083,24.500679190864382,76.53516581707478,13.265793013418758,0.0,120.00000000000001,-1.4210854715202004e-14,3.0629089974796715,20.803897766017858,1,229,3,2,WAIT,low
q_learning,116,132,08:00,120,96.68315803992674,9.25958907508792,87.42356896483882,2,10.2225497156027,37.31133721486388,72.46611306953344,0.0,0.0,120.00000000000001,-1.4210854715202004e-14,4.10572252592439,22.3502462600411,0,87,4,1,WAIT,low
q_learning,117,132,08:00,120,123.31287332637945,7.159998783653587,116.15287454272585,4,8.905584607427642,40.20180131585492,70.89261407671742,0.0,0.0,119.99999999999999,1.4210854715202004e-14,6.718721608348526,13.738417773518867,0,186,5,1,WAIT,low
q_learning,118,132,08:00,120,111.12341640557347,8.988190921793938,102.13522548377952,3,14.923059186270967,43.963381360558316,61.113559453170744,0.0,0.0,120.00000000000003,-2.842170943040401e-14,4.7194061560123615,20.96113933482746,0,229,6,2,WAIT,low
q_learning,119,132,08:00,120,61.62681533638984,6.1773561562511565,55.44945918013868,1,8.825370682513341,25.284751134864365,49.16253273486586,36.727345447756434,0.0,120.0,0.0,7.115965605095542,10.533623412764907,1,138,3,2,WAIT,low
q_learning,120,132,08:00,120,88.28452478354025,7.049761130785421,81.23476365275482,2,6.838423513512221,20.339773576080233,92.82180291040754,0.0,0.0,120.0,0.0,1.6248324020845133,18.517342257302403,0,163,4,1,WAIT,low
q_learning,121,132,08:00,120,71.04291791234729,6.942794611958238,64.10012330038906,2,19.866594088080472,9.942949614160836,90.19045629775869,0.0,0.0,120.0,0.0,0.7582778451411744,19.07827818902522,0,161,6,1,WAIT,low
q_learning,122,132,08:00,120,144.07217686499206,9.754334186427299,134.31784267856477,3,6.867038489417156,57.432964493493095,48.80397483438855,6.896022182701188,0.0,120.0,0.0,7.50908217516466,20.36044407177048,1,195,4,2,WAIT,low
q_learning,123,132,08:00,120,103.12967411495042,12.680012055910613,90.44966205903981,4,10.987893011084763,28.453240628869533,80.5588663600457,0.0,0.0,120.0,0.0,6.2331498470948015,29.99545602693552,0,164,5,1,WAIT,low
q_learning,124,132,08:00,120,81.83262370260006,8.420494593079782,73.41212910952028,1,2.108405596709397,33.020087000005404,50.63343754674775,34.23806985653745,0.0,120.0,0.0,5.473967481603665,18.584588498624285,1,70,2,1,WAIT,low
q_learning,125,132,08:00,120,105.11826335956957,7.864406730899275,97.25385662867029,3,10.754612109479698,32.0810303960013,73.06309009821199,4.1012673963070085,0.0,120.0,0.0,3.70237866866112,18.767354848193953,1,262,5,2,WAIT,low
q_learning,126,132,08:00,120,88.07554366790491,6.802099467952662,81.27344419995225,2,13.68907548751006,8.009510434049798,88.6645416898122,9.636872388627935,0.0,119.99999999999999,1.4210854715202004e-14,1.054059405940594,18.380510502495586,1,263,4,1,WAIT,low
q_learning,127,132,08:00,120,132.39969440207545,10.811441325299706,121.58825307677574,2,10.515014280419303,33.359079853907204,76.1259058656735,0.0,0.0,120.0,0.0,5.57513253916503,25.31469981883413,0,68,4,1,WAIT,low
q_learning,128,132,08:00,120,106.8975599666654,8.734870074340236,98.16268989232516,3,13.564144123304983,25.059546034117048,80.37631672967119,0.999993112906779,0.0,120.0,0.0,2.714523495868643,22.242248145103463,1,249,5,1,WAIT,low
q_learning,129,132,08:00,120,93.06179689228547,8.797385758662951,84.26441113362252,2,2.4770368905804445,32.17262522639688,82.58181593417456,2.768521948848104,0.0,119.99999999999999,1.4210854715202004e-14,3.9151357231353243,21.220252158758825,1,229,3,1,WAIT,low
q_learning,130,132,08:00,120,117.16774154029163,8.160656270701299,109.00708526959033,4,22.581327244233815,34.71765539019082,62.70101736557536,0.0,0.0,120.0,0.0,3.5586575779522294,19.757503195480055,0,74,7,1,WAIT,low
q_learning,131,132,08:00,120,83.00354104567135,8.394845268957308,74.60869577671404,1,5.746051260490402,41.9041967477935,69.7002461623279,2.6495058293881897,0.0,119.99999999999999,1.4210854715202004e-14,4.848718365577454,19.13655383144343,1,79,3,1,WAIT,low
q_learning,132,132,08:00,120,88.55164051481628,8.151423638887735,80.40021687592855,2,11.307449007488767,33.31906543440121,75.37348555811002,0.0,0.0,120.0,0.0,3.841141710214256,19.448640115179277,0,114,4,1,WAIT,low
q_learning,133,132,08:00,120,79.08752312974022,8.341869677198703,70.74565345254152,2,5.883911636740864,34.55474349442407,79.56134486883505,0.0,0.0,119.99999999999999,1.4210854715202004e-14,3.565956558533825,20.267956804891046,0,229,3,1,WAIT,low
q_learning,134,132,08:00,120,98.59324297742019,9.091650152561124,89.50159282485906,2,1.8726028214856236,62.61018837816309,48.544158859495994,6.973049940855304,0.0,120.00000000000001,-1.4210854715202004e-14,5.732998763098327,20.243144529933456,1,246,3,2,WAIT,low
q_learning,135,132,08:00,120,108.35466276215357,8.255685713379574,100.09897704877399,4,8.801489702718778,17.162296211367835,90.7143644891626,3.3218495967507806,0.0,120.0,0.0,1.9479393488596028,21.639734117939184,1,237,5,1,WAIT,low
q_learning,136,132,08:00,120,75.79897844968055,7.374129774766447,68.4248486749141,2,13.849886074420516,31.11760133152933,75.03251259405016,0.0,0.0,120.0,0.0,3.3722157839848723,17.69672642963355,0,236,5,2,WAIT,low
q_learning,137,132,08:00,120,63.9959718556987,8.687443439930366,55.308528415768336,2,8.180345760206322,37.23841279328293,66.93807376405996,7.64316768245078,0.0,120.0,0.0,4.277769004157144,20.543497967072472,1,79,3,2,WAIT,low
q_learning,138,132,08:00,120,101.98472349978094,8.135389221471513,93.84933427830943,2,2.528715157992649,41.41348883752677,69.66534506836675,6.392450936113832,0.0,120.0,0.0,4.609636426250879,18.634332777953446,1,262,3,2,WAIT,low
q_learning,139,132,08:00,120,141.85793434124963,8.791383200863178,133.06655114038645,3,13.481132338356918,35.27827421623311,71.24059344540998,0.0,0.0,120.00000000000001,-1.4210854715202004e-14,5.130148196039655,19.988089520712283,0,207,6,2,WAIT,low
q_learning,140,132,08:00,120,97.27962571093559,8.342472778850993,88.9371529320846,3,9.872486348422225,53.46661465956781,56.66089899200996,0.0,0.0,120.0,0.0,6.045959477032123,17.78967703397072,0,262,5,3,WAIT,low
q_learning,141,132,08:00,120,95.0648693972125,7.786068618288507,87.278800778924,2,12.046446861042918,14.861819532346983,93.09173360661009,0.0,0.0,120.0,0.0,2.444299961608333,19.80161037635883,0,237,4,2,WAIT,low
q_learning,142,132,08:00,120,131.58118991791866,10.731975674300365,120.84921424361829,5,20.392924894658716,54.55920304510357,42.709229513499764,2.338642546737944,0.0,120.0,0.0,9.3218048331451,21.340982807713093,1,170,8,2,WAIT,low
q_learning,143,132,08:00,120,117.03575658763694,9.204259716486327,107.83149687115062,3,6.87703851016719,25.51865792301724,83.79739188891378,3.806911677901766,0.0,119.99999999999999,1.4210854715202004e-14,3.0080238219487234,23.289861082297932,1,186,4,1,WAIT,low
q_learning,144,132,08:00,120,0.0,0.0,0.0,0,0.012864777941714433,0.0,0.0,119.98713522205828,0.0,120.0,0.0,0.0,0.0,1,132,1,0,WAIT,low
q_learning,145,132,08:00,120,118.78590085607023,13.344722272516048,105.44117858355418,2,8.674626357787357,44.18706299717158,63.04081804994233,4.097492595098714,0.0,119.99999999999999,1.4210854715202004e-14,7.384758027035707,30.74301989443872,1,102,4,1,WAIT,low
q_learning,146,132,08:00,120,116.24948656100794,12.054716996385846,104.19476956462209,2,5.660876514561613,35.44782758019229,78.8912959052461,0.0,0.0,120.0,0.0,5.8764307758315235,28.565617785270895,0,233,3,1,WAIT,low
q_learning,147,132,08:00,120,87.90794528410692,6.048667642316238,81.85927764179068,1,23.947293810813868,9.942949614160836,86.10975657502529,0.0,0.0,120.0,0.0,0.7582778451411744,16.523629704333793,0,161,6,1,WAIT,low
q_learning,148,132,08:00,120,161.9754490796984,13.81018175764222,148.16526732205617,3,4.9060284256650615,35.44782758019229,76.63192328352113,3.014220710621501,0.0,119.99999999999999,1.4210854715202004e-14,5.8764307758315235,33.58123138886053,1,161,4,1,WAIT,low
q_learning,149,132,08:00,120,89.73260057660431,7.74215913936619,81.99044143723812,4,18.35839917631768,40.20180131585492,60.599371455241865,0.8404280525855228,0.0,119.99999999999999,1.4210854715202004e-14,6.718721608348526,15.401733075554874,1,48,7,1,WAIT,low
dqn,0,132,08:00,120,168.38023882152757,10.136840490716185,158.24339833081137,4,8.684293768801206,12.796122591322748,98.51958363987606,0.0,0.0,120.00000000000001,-1.4210854715202004e-14,2.096008616124154,26.86639278592209,0,237,5,2,WAIT,low
dqn,1,132,08:00,120,73.31413537875332,6.712328322230512,66.6018070565228,2,14.127265885570027,12.734640371915892,93.13809374251409,0.0,0.0,120.0,0.0,2.096008616124154,17.082072304534453,0,237,5,2,WAIT,low
dqn,2,132,08:00,120,132.94933476543483,9.187135689399312,123.76219907603551,4,22.130238341749738,8.883581071493037,78.96417077971286,10.022009807044356,0.0,119.99999999999999,1.4210854715202004e-14,0.8429103207506001,25.406048791818865,1,231,7,1,WAIT,low
dqn,3,132,08:00,120,111.32864476065205,10.591860160711004,100.73678459994105,6,18.66882080355767,27.19024147257563,66.50905185232399,7.6318858715426785,0.0,119.99999999999997,2.842170943040401e-14,3.0129456740194285,27.249511928012012,1,237,8,3,WAIT,low
dqn,4,132,08:00,120,104.25570136805591,7.5636186737563476,96.69208269429956,2,5.673743800732839,8.683929606310135,105.64232659295703,0.0,0.0,120.0,0.0,0.8738289522399111,20.73651011563537,0,237,3,1,WAIT,low
dqn,5,132,08:00,120,114.2616279857266,7.986750504519308,106.2748774812073,3,13.633538362057056,21.748618864054794,84.61784277388816,0.0,0.0,120.0,0.0,2.756323746286612,20.06296340948284,0,237,5,3,WAIT,low
dqn,6,132,08:00,120,133.3782086576831,8.418127208930999,124.9600814487521,4,47.00697677948132,8.683929606310135,55.70768233577959,8.60141127842897,0.0,120.00000000000001,-1.4210854715202004e-14,0.8738289522399111,23.17796307327723,1,162,11,1,WAIT,low
dqn,7,132,08:00,120,135.76799446134783,9.507470662953384,126.26052379839444,3,6.918468948909082,8.988777945629199,104.09275310546172,0.0,0.0,120.0,0.0,0.917734710087371,26.24646718406516,0,140,4,1,WAIT,low
dqn,8,132,08:00,120,155.5085562414845,12.892270745600952,142.61628549588357,3,8.35587913395662,32.8847352887089,78.75938557733448,0.0,0.0,120.0,0.0,5.495857756053667,31.33920151709191,0,100,4,1,WAIT,low
dqn,9,132,08:00,120,109.67285095907089,7.441260003784866,102.23159095528602,4,10.836681639841888,7.9277052496020515,85.65542349639283,15.580189614163245,0.0,120.00000000000001,-1.4210854715202004e-14,0.6461705751342853,20.61457229282248,1,233,6,1,WAIT,low
dqn,10,132,08:00,120,114.5349980151838,8.309111629875106,106.2258863853087,3,11.602821166349539,6.725824567332371,80.30251462194322,21.368839644374873,0.0,120.0,0.0,0.7044231211215812,23.035895821378723,1,170,4,1,WAIT,low
dqn,11,132,08:00,120,105.51444412498131,6.664713653326001,98.8497304716553,2,18.185483920204277,8.904151745316087,89.2566904480575,3.6536738864221405,0.0,120.0,0.0,0.6603151301624585,18.381723879340406,1,137,6,1,WAIT,low
dqn,12,132,08:00,120,102.23111012450707,7.864088758711367,94.36702136579571,3,23.436589365901767,8.927614981596776,85.42222876259497,2.213566889906474,0.0,119.99999999999999,1.4210854715202004e-14,0.917734710087371,21.551090314802252,1,239,7,1,WAIT,low
dqn,13,132,08:00,120,86.78898955536776,6.1679957259622755,80.62099382940549,1,1.7504119457194902,0.0,118.24958805428051,0.0,0.0,120.0,0.0,0.0,17.622844931320788,0,230,2,0,WAIT,low
dqn,14,132,08:00,120,125.44110016483272,7.936939604324045,117.50416056050868,5,41.22355813115796,0.0,74.95610708059344,3.8203347882486014,0.0,120.0,0.0,0.0,22.6769702980687,1,74,11,0,WAIT,low
dqn,15,132,08:00,120,87.73240135414005,7.0600662804022205,80.67233507373783,2,11.51550588894642,0.0,108.48449411105358,0.0,0.0,120.0,0.0,0.0,20.171617944006346,0,233,5,0,WAIT,low
dqn,16,132,08:00,120,144.88520428897812,7.80496908492008,137.08023520405803,6,23.777278218938417,6.741473561660252,89.48124821940131,0.0,0.0,119.99999999999997,2.842170943040401e-14,0.8951311783107404,21.404780492889483,0,107,10,1,WAIT,low
dqn,17,132,08:00,120,89.38752950158931,7.637779831671986,81.74974966991732,2,19.26895561318701,8.927614981596776,81.12623070368977,10.677198701526436,0.0,120.0,0.0,0.917734710087371,20.90449338040402,1,142,5,1,WAIT,low
dqn,18,132,08:00,120,131.79019169156487,8.490062650914572,123.3001290406503,4,5.8305200642599955,27.396674052144974,86.77280588359503,0.0,0.0,120.0,0.0,2.922437746831264,21.334884112924655,0,162,5,3,WAIT,low
dqn,19,132,08:00,120,116.81948483609094,8.862150878476204,107.95733395761474,4,15.120499149262002,18.354807260574322,82.05691340264684,4.467780187516837,0.0,120.0,0.0,2.2545195719585736,23.065911509402014,1,75,6,1,WAIT,low
dqn,20,132,08:00,120,154.6463984941959,10.41218540049581,144.23421309370008,4,22.356408368448403,23.748287680779267,73.89530395077233,0.0,0.0,120.0,0.0,3.9689299578524526,25.7801711864213,0,161,7,1,WAIT,low
dqn,21,132,08:00,120,139.87034643251474,8.726537992861347,131.14380843965338,4,15.209999864003464,0.0,104.79000013599654,0.0,0.0,120.0,0.0,0.0,24.93296569388957,0,238,6,0,WAIT,low
dqn,22,132,08:00,120,107.5923481336037,9.807927230556372,97.78442090304733,4,9.642868573332832,8.988777945629199,96.92581935987141,4.44253412116656,0.0,120.0,0.0,0.917734710087371,27.10491452007369,1,239,5,1,WAIT,low
dqn,23,132,08:00,120,88.7110654830466,6.3539495588457555,82.35711592420084,1,24.228198870029097,9.492947667702593,70.56876399089597,15.710089471372328,0.0,120.0,0.0,0.7789661452253094,17.37517545147685,1,48,6,1,WAIT,low
dqn,24,132,08:00,120,119.96364982742074,8.130407805166225,111.83324202225451,3,9.828665452238212,8.944442359829832,101.22689218793197,0.0,0.0,120.00000000000001,-1.4210854715202004e-14,0.8429103207506001,22.386826265438618,0,246,5,1,WAIT,low
dqn,25,132,08:00,120,96.71189509067761,7.293135057051523,89.41876003362609,2,5.539768757897977,15.169981244810977,82.59889083087182,16.691359166419232,0.0,120.00000000000001,-1.4210854715202004e-14,1.5732410281108398,19.264287706322083,1,186,3,2,WAIT,low
dqn,26,132,08:00,120,102.49539692290408,8.072560494540996,94.42283642836308,4,5.680525884514971,17.50297639379401,75.29836128633454,21.51813643535648,0.0,120.0,0.0,1.716739272990511,21.347719282840902,1,186,5,2,WAIT,low
dqn,27,132,08:00,120,117.91564499600653,6.747021365459564,111.16862363054697,2,27.98975636896535,9.492947667702593,75.46410654210959,7.05318942122247,0.0,120.0,0.0,0.7789661452253094,18.49823775608773,1,48,8,1,WAIT,low
dqn,28,132,08:00,120,137.80340457552973,10.442790824957177,127.36061375057255,4,17.617510953219224,0.0,101.46262065096752,0.9198683958132534,0.0,120.0,0.0,0.0,29.83654521416336,1,163,8,0,WAIT,low
dqn,29,132,08:00,120,79.79084193461156,7.503720482181188,72.28712145243037,3,9.080172450017967,9.492947667702593,101.42687988227944,0.0,0.0,120.0,0.0,0.7789661452253094,20.66023523243523,0,48,5,1,WAIT,low
dqn,30,132,08:00,120,111.9999223185009,7.345345884943463,104.65457643355742,3,23.1084932717691,8.927614981596776,84.14384231078463,3.820049435849498,0.0,120.00000000000001,-1.4210854715202004e-14,0.917734710087371,20.068967818322523,1,236,8,1,WAIT,low
dqn,31,132,08:00,120,103.86673555351983,6.997715981382022,96.8690195721378,3,2.808129315130709,0.0,108.1203148194473,9.071555865421985,0.0,120.0,0.0,0.0,19.993474232520068,1,238,4,0,WAIT,low
dqn,32,132,08:00,120,97.7810876907842,6.657063203504178,91.12402448728002,2,10.127688921653872,0.0,101.11294967516294,8.759361403183192,0.0,120.0,0.0,0.0,19.020180581440506,1,68,3,0,WAIT,low
dqn,33,132,08:00,120,84.40193363622002,6.754721819008096,77.64721181721193,2,1.6225425439538244,7.05284258942362,80.86701442460566,30.457600442016897,0.0,120.0,0.0,0.8099048503132977,18.48930034685269,1,107,3,1,WAIT,low
dqn,34,132,08:00,120,115.12579264700005,8.238563612538336,106.88722903446171,3,12.693120879116183,8.988777945629199,98.31810117525463,0.0,0.0,120.0,0.0,0.917734710087371,22.62101846859359,0,151,6,1,WAIT,low
dqn,35,132,08:00,120,125.14379101783922,8.295438272255254,116.84835274558397,3,20.111681223309425,10.166252714481294,89.72206606220928,0.0,0.0,120.0,0.0,1.111820073635345,22.589432132808238,0,234,7,1,WAIT,low
dqn,36,132,08:00,120,122.59715199665774,11.724968069833734,110.87218392682401,4,14.088288575383661,25.862523253248277,69.79646947265955,10.252718698708506,0.0,120.0,0.0,7.198325671848668,26.301583099104864,1,143,7,3,WAIT,low
dqn,37,132,08:00,120,139.6258403335733,8.30576292251898,131.32007741105434,4,12.530079128141754,0.0,102.42856589632494,5.041354975533309,0.0,120.0,0.0,0.0,23.73075120719709,1,237,5,0,WAIT,low
dqn,38,132,08:00,120,123.10008215845902,6.566534045462284,116.53354811299673,4,34.07089511774276,0.0,85.92910488225725,0.0,0.0,120.0,0.0,0.0,18.761525844177957,0,236,10,0,WAIT,low
dqn,39,132,08:00,120,61.71734054402839,6.270360028556807,55.44698051547158,2,31.586800490950253,23.190387360813606,65.22281214823616,0.0,0.0,120.00000000000001,-1.4210854715202004e-14,3.8246163214391435,14.09069804586602,0,239,8,1,WAIT,low
dqn,40,132,08:00,120,140.6347883680043,11.290263509290366,129.34452485871395,3,15.190347903657564,8.253518800007585,96.55613329633486,0.0,0.0,120.00000000000001,-1.4210854715202004e-14,3.1402954808806487,29.11760025994897,0,163,6,1,WAIT,low
dqn,41,132,08:00,120,122.99240994625156,7.582098958263202,115.41031098798835,3,4.041117245680877,0.0,103.13515631565934,12.82372643865979,0.0,120.00000000000001,-1.4210854715202004e-14,0.0,21.663139880752006,1,230,4,0,WAIT,low
dqn,42,132,08:00,120,83.68937756528597,7.221561150666601,76.46781641461936,2,24.348462543172097,0.0,91.5873336261075,4.064203830720402,0.0,120.0,0.0,0.0,20.633031859047435,1,162,6,0,WAIT,low
dqn,43,132,08:00,120,99.48336333932504,7.478149988959196,92.00521335036584,4,39.78447231097476,0.0,76.70532654845918,3.510201140566025,0.0,119.99999999999997,2.842170943040401e-14,0.0,21.366142825597702,1,114,12,0,WAIT,low
dqn,44,132,08:00,120,135.46321515754323,7.99325938936014,127.4699557681831,6,51.45047234161812,0.0,68.54952765838186,0.0,0.0,119.99999999999999,1.4210854715202004e-14,0.0,22.8378839696004,0,140,15,0,WAIT,low
dqn,45,132,08:00,120,136.49152119387696,8.490319737030283,128.00120145684667,3,6.976232154602118,0.0,112.34650122899062,0.6772666164072518,0.0,119.99999999999999,1.4210854715202004e-14,0.0,24.258056391515094,1,186,4,0,WAIT,low
dqn,46,132,08:00,120,124.01448096493993,8.531899649396614,115.48258131554331,3,22.07589152937885,25.271686424024733,71.5663353231367,1.086086723459701,0.0,119.99999999999999,1.4210854715202004e-14,3.475628417355619,20.901227723777566,1,141,7,3,WAIT,low
dqn,47,132,08:00,120,96.09134652830303,6.444845882970291,89.64650064533275,2,34.40468444664699,8.923081244302397,71.64571594921036,5.026518359840253,0.0,120.0,0.0,0.6603151301624585,17.75353024975266,1,162,9,1,WAIT,low
dqn,48,132,08:00,120,127.14070556083675,8.086702420900428,119.05400313993633,4,12.773877753227884,11.580017070854602,89.32064241893593,6.325462756981594,0.0,120.00000000000001,-1.4210854715202004e-14,1.269745182208421,21.835118877507085,1,141,6,1,WAIT,low
dqn,49,132,08:00,120,94.68275182400237,8.09456572051181,86.58818610349056,3,16.638459528714453,0.0,100.76732286396384,2.59421760732171,0.0,120.0,0.0,0.0,23.127330630033743,1,239,6,0,WAIT,low
dqn,50,132,08:00,120,58.11548146388209,3.189158605845835,54.92632285803626,2,2.07200089904398,8.253518800007585,80.06146078254707,29.61301951840136,0.0,120.0,0.0,3.1402954808806487,5.971586250107452,1,132,3,1,WAIT,low
dqn,51,132,08:00,120,109.79305048481798,6.250784672832229,103.54226581198576,2,17.555920170551197,8.620845679342043,93.82323415010676,0.0,0.0,120.0,0.0,0.8738289522399111,16.98555582728075,0,163,5,1,WAIT,low
dqn,52,132,08:00,120,119.4343754442431,9.405720668813796,110.0286547754293,5,20.840697594204364,6.790804989415673,91.22949341696912,1.1390039994108605,0.0,120.00000000000001,-1.4210854715202004e-14,0.8951311783107404,25.978356446871537,1,163,8,1,WAIT,low
dqn,53,132,08:00,120,107.39458461197663,7.852826540212401,99.54175807176422,2,20.65798515484023,20.234942991262127,58.95951290856632,20.147558945331326,0.0,120.0,0.0,1.6248324020845133,20.811814855665205,1,231,5,1,WAIT,low
dqn,54,132,08:00,120,74.88962890716998,7.496800983346717,67.39282792382326,1,18.464266131707145,8.927614981596776,79.30584437247354,13.302274514222532,0.0,120.0,0.0,0.917734710087371,20.50169667090325,1,142,5,1,WAIT,low
dqn,55,132,08:00,120,91.65623103435357,8.311060062651588,83.34517097170198,3,38.067493740327066,8.927614981596776,73.00489127807616,0.0,0.0,120.0,0.0,0.917734710087371,22.828151183202884,0,246,10,1,WAIT,low
dqn,56,132,08:00,120,114.68158536736549,7.541807372957093,107.13977799440839,4,23.22182002949659,0.0,90.81763314759088,5.960546822912519,0.0,119.99999999999999,1.4210854715202004e-14,0.0,21.548021065591694,1,163,8,0,WAIT,low
dqn,57,132,08:00,120,131.44628524148237,8.42203116558476,123.02425407589762,3,8.669584603621932,12.796122591322748,98.53429280505533,0.0,0.0,120.0,0.0,2.096008616124154,21.96693757126088,0,162,4,2,WAIT,low
dqn,58,132,08:00,120,91.09999326048055,8.137248729931333,82.96274453054922,3,20.869881448386174,25.145612249989995,63.09296177006432,10.891544531559504,0.0,120.0,0.0,3.149650750269314,20.09963133524878,1,236,7,2,WAIT,low
dqn,59,132,08:00,120,142.02842079410522,8.534958274668671,133.49346251943655,5,21.21393827060212,0.0,91.46348727718706,7.32257445221083,0.0,120.0,0.0,0.0,24.38559507048192,1,161,7,0,WAIT,low
dqn,60,132,08:00,120,131.08706970408042,8.808922306142255,122.27814739793817,4,17.719347652467107,12.734640371915892,81.45365518660275,8.092356789014246,0.0,120.0,0.0,2.096008616124154,23.072340829996584,1,263,7,2,WAIT,low
dqn,61,132,08:00,120,81.5111359593002,6.943899505197487,74.56723645410271,2,13.192259969423205,9.03075740137676,97.77698262920003,0.0,0.0,120.0,0.0,0.6603151301624585,19.179397741830364,0,234,5,1,WAIT,low
dqn,62,132,08:00,120,161.0499182052848,8.605335633749545,152.44458257153525,4,8.57946005355885,8.743423085281362,102.67711686115979,0.0,0.0,120.0,0.0,0.8738289522399111,23.712844287044504,0,249,5,1,WAIT,low
dqn,63,132,08:00,120,120.93700912969165,7.707555291341701,113.22945383834994,4,7.425879312996108,27.64602560366341,84.9280950833405,0.0,0.0,120.00000000000001,-1.4210854715202004e-14,3.724759351368702,18.296827195321878,0,229,5,5,WAIT,low
dqn,64,132,08:00,120,87.13155597051353,6.257103050255705,80.87445292025782,1,31.26133949224702,0.0,81.86095939696473,6.8777011107882515,0.0,120.0,0.0,0.0,17.877437286444874,1,162,8,0,WAIT,low
dqn,65,132,08:00,120,106.79901964165374,5.817773512818848,100.9812461288349,3,20.47458006037634,8.883581071493037,80.04957984074105,10.592259027389574,0.0,120.0,0.0,0.8429103207506001,15.779299715874682,1,161,6,1,WAIT,low
dqn,66,132,08:00,120,75.50325973328788,9.426298438357296,66.07696129493058,3,5.114804735215417,23.190387360813606,91.69480790397098,0.0,0.0,120.0,0.0,3.8246163214391435,23.10766493101028,0,161,4,1,WAIT,low
dqn,67,132,08:00,120,116.57944294312385,8.693956197132186,107.88548674599167,4,19.83648631182298,9.492947667702593,90.67056602047442,0.0,0.0,120.0,0.0,0.7789661452253094,24.060908703723793,0,143,7,1,WAIT,low
dqn,68,132,08:00,120,99.36085294734738,5.416377228634108,93.94447571871328,2,26.7076948674079,0.0,92.91128120781444,0.381023924777665,0.0,120.0,0.0,0.0,15.475363510383165,1,170,7,0,WAIT,low
dqn,69,132,08:00,120,87.53375033435198,7.170621762092039,80.36312857225994,3,27.29304006344601,6.48605163850084,71.48026910001133,14.74063919804182,0.0,120.0,0.0,0.6994120758709287,19.78807867296347,1,186,8,1,WAIT,low
dqn,70,132,08:00,120,134.99819099569976,9.007661990841447,125.99052900485832,4,14.813110243787548,23.82694454173118,81.35994521448127,0.0,0.0,120.0,0.0,3.3827892769626473,22.353387839727205,0,230,6,3,WAIT,low
dqn,71,132,08:00,120,100.9909703120589,7.639082848968927,93.35188746308998,4,18.143742014935068,8.944442359829832,91.97869730217046,0.9331183230646474,0.0,120.00000000000001,-1.4210854715202004e-14,0.8429103207506001,20.98304067630348,1,68,6,1,WAIT,low
dqn,72,132,08:00,120,161.24009535358283,11.199082863173745,150.0410124904091,3,24.772026354077017,32.11060867180468,54.53435603712477,8.583008936993522,0.0,119.99999999999999,1.4210854715202004e-14,5.483892691328659,26.513486917739186,1,144,7,1,WAIT,low
dqn,73,132,08:00,120,80.21341594866666,9.034196260464395,71.17921968820227,2,5.570869628754771,0.0,96.51517838252225,17.91395198872297,0.0,120.0,0.0,0.0,25.811989315612557,1,230,3,0,WAIT,low
dqn,74,132,08:00,120,129.75208980626428,9.31243137070195,120.43965843556234,4,19.21350384210127,6.790804989415673,92.93179435073642,1.0638968177466381,0.0,120.0,0.0,0.8951311783107404,25.7118155951234,1,239,7,1,WAIT,low
dqn,75,132,08:00,120,103.85516715101951,6.883972201708145,96.97119494931137,2,14.529454518507494,17.40383501725673,79.04454654239021,9.02216392184556,0.0,120.0,0.0,1.4251367203595948,18.24335528452082,1,48,5,2,WAIT,low
dqn,76,132,08:00,120,83.69493743942245,7.315769205299877,76.37916823412257,3,26.392600266269085,0.0,84.37842264829347,9.22897708543745,0.0,120.0,0.0,0.0,20.902197729428224,1,239,8,0,WAIT,low
dqn,77,132,08:00,120,111.84316550027543,7.331820713360244,104.51134478691519,3,5.809923407641712,15.062763827675738,87.13819430395895,11.989118460723603,0.0,120.0,0.0,1.5732410281108398,19.37481815291843,1,230,4,2,WAIT,low
dqn,78,132,08:00,120,119.65547976916919,7.654770223323003,112.00070954584619,3,14.921593230406017,16.58181409728286,82.47129058204072,6.025302090270401,0.0,120.0,0.0,1.7632036743386217,20.107568392298532,1,137,6,1,WAIT,low
dqn,79,132,08:00,120,122.06165973903359,7.333935440420077,114.72772429861351,3,26.33616898889209,12.734640371915892,80.92919063919203,0.0,0.0,120.00000000000001,-1.4210854715202004e-14,2.096008616124154,18.858092642218924,0,233,8,2,WAIT,low
dqn,80,132,08:00,120,125.51678090159285,8.342138776821471,117.17464212477138,4,8.523338665740535,14.83816659610198,96.63849473815748,0.0,0.0,120.0,0.0,2.4650545668752764,21.369627652614646,0,237,6,2,WAIT,low
dqn,81,132,08:00,120,97.65088445075777,7.717956827392908,89.93292762336486,2,12.380964405979626,8.927614981596776,87.05393006664175,11.637490545781844,0.0,120.0,0.0,0.917734710087371,21.133570511035224,1,142,5,1,WAIT,low
dqn,82,132,08:00,120,137.71464281984916,7.618867778454124,130.09577504139503,4,7.4390657937369,17.806662315795435,94.75427189046766,0.0,0.0,120.0,0.0,1.5032254509130585,20.264968201813016,0,163,5,2,WAIT,low
dqn,83,132,08:00,120,126.68373683438296,7.050585581221937,119.63315125316102,4,4.512857191749226,27.596325517327873,87.89081729092291,0.0,0.0,120.0,0.0,2.891519115341953,17.253011116720728,0,246,5,3,WAIT,low
dqn,84,132,08:00,120,87.24026899934387,6.858009155058787,80.38225984428509,1,0.9554385637391117,0.0,113.34466204156867,5.699899394692224,0.0,120.0,0.0,0.0,19.594311871596535,1,230,2,0,WAIT,low
dqn,85,132,08:00,120,94.6952706761656,6.72797315287647,87.96729752328913,2,14.54931531542872,16.543960753749918,87.3048412186797,1.6018827121416592,0.0,119.99999999999999,1.4210854715202004e-14,1.3722924378093087,17.850487998980608,1,170,5,2,WAIT,low
dqn,86,132,08:00,120,132.5069149849353,8.823579491866179,123.68333549306911,3,19.875396646004006,20.234942991262127,69.01681679947401,10.872843563259835,0.0,119.99999999999999,1.4210854715202004e-14,1.6248324020845133,23.585394717533145,1,148,6,1,WAIT,low
dqn,87,132,08:00,120,135.19351687201276,7.573674064707891,127.61984280730488,4,27.112387993563487,7.863762005947312,74.53065773034561,10.493192270143581,0.0,119.99999999999999,1.4210854715202004e-14,0.6461705751342853,20.992898181173974,1,107,8,1,WAIT,low
dqn,88,132,08:00,120,90.83395502559709,7.047933389303493,83.7860216362936,2,7.3938149580448655,0.0,112.60618504195511,0.0,0.0,119.99999999999999,1.4210854715202004e-14,0.0,20.136952540867124,0,68,4,0,WAIT,low
dqn,89,132,08:00,120,123.74159794007925,9.262071586180012,114.47952635389923,3,6.650459926812814,12.796122591322748,100.55341748186444,0.0,0.0,120.0,0.0,2.096008616124154,24.36705305867588,0,262,4,2,WAIT,low
dqn,90,132,08:00,120,104.84381399947324,7.310107949876436,97.5337060495968,5,17.249910585904434,19.07040445979738,83.6796849542982,0.0,0.0,120.00000000000001,-1.4210854715202004e-14,1.7721352037978035,19.113887510134873,0,186,7,2,WAIT,low
dqn,91,132,08:00,120,101.22181096213595,8.1965187923989,93.02529216973704,2,20.320587899954734,18.354807260574322,81.32460483947094,0.0,0.0,120.0,0.0,2.2545195719585736,21.164105549181137,0,137,6,1,WAIT,low
dqn,92,132,08:00,120,94.35000212195945,8.08630166087084,86.2637004610886,2,20.713777800699972,0.0,99.28622219930003,0.0,0.0,120.0,0.0,0.0,23.103719031059544,0,230,6,0,WAIT,low
dqn,93,132,08:00,120,112.22880833783785,7.0385238582046625,105.19028447963319,4,15.579454495771522,10.235901568111533,94.18464393611694,0.0,0.0,120.0,0.0,1.111820073635345,18.99824809266369,0,142,6,1,WAIT,low
dqn,94,132,08:00,120,98.72173058797782,7.3811003471537,91.34063024082411,2,12.958392860587708,0.0,86.7543809820701,20.28722615734219,0.0,120.0,0.0,0.0,21.08885813472486,1,237,4,0,WAIT,low
dqn,95,132,08:00,120,218.149647766313,9.358378279488234,208.79126948682477,8,22.639103284177914,9.768302086005006,87.5925946298171,0.0,0.0,120.00000000000003,-2.842170943040401e-14,1.2056984738407528,25.53252518183992,0,186,10,1,WAIT,low
dqn,96,132,08:00,120,187.05487850211873,11.540609852407082,175.51426864971165,4,32.52107177829399,8.927614981596776,78.55131324010924,0.0,0.0,120.0,0.0,0.917734710087371,32.05543629679001,0,163,9,1,WAIT,low
dqn,97,132,08:00,120,121.83437926163505,8.393693101387148,113.4406861602479,6,16.917157516260946,10.972085605136867,89.85810396259392,2.252652916008273,0.0,120.0,0.0,1.3241256623769873,22.65785462730058,1,236,9,1,WAIT,low
dqn,98,132,08:00,120,134.04005910607378,6.91695909914625,127.12310000692753,4,13.10805448224441,16.712199168536873,90.17974634921872,0.0,0.0,120.0,0.0,1.5199995273741964,18.242740755900805,0,234,6,2,WAIT,low
dqn,99,132,08:00,120,94.56502848046763,8.894197416894743,85.67083106357289,3,3.550480037070887,29.304235501611835,87.14528446131729,0.0,0.0,120.00000000000001,-1.4210854715202004e-14,6.055385694381822,19.356606925317447,0,234,4,2,WAIT,low
dqn,100,132,08:00,120,113.7591011144051,7.064966758679492,106.69413435572561,3,7.0763431114623865,8.743423085281362,103.521267093159,0.6589667100972605,0.0,120.00000000000001,-1.4210854715202004e-14,0.8738289522399111,19.311790358272923,1,170,4,1,WAIT,low
dqn,101,132,08:00,120,141.85182878663304,9.855164604580956,131.9966641820521,7,31.16956197111079,14.381282570094083,72.51964238653908,1.929513072256043,0.0,120.0,0.0,1.6071084859575908,26.550504669988005,1,137,12,2,WAIT,low
dqn,102,132,08:00,120,127.15187930929493,9.138163538747673,118.01371577054725,5,39.286096400755284,11.555451126042191,69.15845247320252,0.0,0.0,120.0,0.0,1.269745182208421,24.839293499927788,0,162,12,1,WAIT,low
dqn,103,132,08:00,120,102.31342527045476,7.945410749873671,94.36801452058108,3,8.961652378213222,17.609623624971242,93.1091203115632,0.3196036852523463,0.0,120.00000000000001,-1.4210854715202004e-14,1.791563662327282,20.90960990874035,1,237,4,2,WAIT,low
dqn,104,132,08:00,120,137.47550269776013,8.048052997160818,129.4274497005993,5,18.235785542007136,0.0,101.76421445799286,0.0,0.0,120.0,0.0,0.0,22.994437134745194,0,162,7,0,WAIT,low
dqn,105,132,08:00,120,141.22225005084812,9.356780603639907,131.8654694472082,5,34.45839128485312,6.142726240886159,78.9363527088252,0.46252976543550517,0.0,119.99999999999999,1.4210854715202004e-14,0.8083894255210982,25.925269442021495,1,141,11,1,WAIT,low
dqn,106,132,08:00,120,86.22032418036126,5.420518062437765,80.7998061179235,1,0.39741058297801307,0.0,103.09255480135823,16.510034615663756,0.0,120.0,0.0,0.0,15.487194464107901,1,48,2,0,WAIT,low
dqn,107,132,08:00,120,61.04135841984515,7.875099218816891,53.16625920102826,3,16.81705672652325,44.82221731638113,57.131018873823265,1.2297070832723591,0.0,120.0,0.0,8.944840692759193,13.555442789574784,1,37,6,2,WAIT,low
dqn,108,132,08:00,120,106.24037280995799,6.9516658777627995,99.2887069321952,3,18.011373600823674,0.0,93.90471955474159,8.083906844434736,0.0,120.0,0.0,0.0,19.86190250789371,1,238,5,0,WAIT,low
dqn,109,132,08:00,120,102.81195805636463,8.293130170904364,94.51882788546027,5,11.625000063232209,19.9345548004863,80.32134043863523,8.119104697646264,0.0,120.0,0.0,2.317518547476098,21.37713908367923,1,48,7,2,WAIT,low
dqn,110,132,08:00,120,114.82542835874796,7.421077288015289,107.40435107073267,3,5.7796603230791295,0.0,109.22087299761964,4.999466679301236,0.0,120.0,0.0,0.0,21.20307796575797,1,236,4,0,WAIT,low
dqn,111,132,08:00,120,90.33943164727566,6.43937141169094,83.90006023558472,2,5.168770622396354,0.0,114.83122937760365,0.0,0.0,120.0,0.0,0.0,18.39820403340269,0,75,3,0,WAIT,low
dqn,112,132,08:00,120,161.17712986855955,12.320593019928864,148.8565368486307,2,9.480601686394659,0.0,90.46559635123577,20.053801962369562,0.0,120.0,0.0,0.0,35.201694342653894,1,132,4,0,WAIT,low
dqn,113,132,08:00,120,130.84062103458626,9.375437340871745,121.46518369371452,3,18.310500876560013,9.492947667702593,92.19655145573739,0.0,0.0,120.0,0.0,0.7789661452253094,26.007997685836823,0,48,7,1,WAIT,low
dqn,114,132,08:00,120,118.75551286021206,11.084490210921322,107.67102264929075,4,21.161310714500974,20.560812416330474,78.27787686916855,0.0,0.0,120.0,0.0,5.18155674214191,26.488415289061876,0,161,7,1,WAIT,low
dqn,115,132,08:00,120,122.85683723589972,7.187344708612033,115.66949252728769,3,24.12079127089379,7.433186520677166,88.44602220842906,0.0,0.0,120.00000000000001,-1.4210854715202004e-14,0.7651594727839823,19.770111123250395,0,48,8,1,WAIT,low
dqn,116,132,08:00,120,128.70100195252905,10.81683917192518,117.88416278060387,3,6.837757806639062,6.741473561660252,81.5536491924241,24.86711943927658,0.0,120.0,0.0,0.8951311783107404,30.010123598618343,1,138,4,1,WAIT,low
dqn,117,132,08:00,120,185.82945592857172,8.854306516989183,176.97514941158255,6,11.053636541353828,0.0,106.77970451916,2.1666589394861546,0.0,119.99999999999999,1.4210854715202004e-14,0.0,25.298018619969096,1,234,7,0,WAIT,low
dqn,118,132,08:00,120,137.5978266507952,7.920610910135916,129.6772157406593,5,42.349782485973904,11.580017070854602,66.07020044317149,0.0,0.0,120.0,0.0,1.269745182208421,21.360571703894195,0,113,12,1,WAIT,low
dqn,119,132,08:00,120,120.55691260370115,7.3975749457810505,113.1593376579201,3,17.943164323465997,0.0,102.05683567653398,0.0,0.0,119.99999999999997,2.842170943040401e-14,0.0,21.135928416517288,0,140,6,0,WAIT,low
dqn,120,132,08:00,120,77.05394195803459,6.787487497732958,70.26645446030163,1,6.559428480199001,12.734640371915892,81.58789390557467,19.118037242310436,0.0,120.0,0.0,2.096008616124154,17.29681280597001,1,141,3,2,WAIT,low
dqn,121,132,08:00,120,69.33956609578345,6.660803647188596,62.67876244859486,2,6.49141783511199,0.0,106.06487835234445,7.443703812543561,0.0,120.0,0.0,0.0,19.03086756339599,1,100,3,0,WAIT,low
dqn,122,132,08:00,120,127.47906132972244,8.869509925807098,118.60955140391535,6,23.22362374768859,18.354807260574322,68.1644952056236,10.257073786113494,0.0,120.0,0.0,2.2545195719585736,23.086937358918846,1,142,9,1,WAIT,low
dqn,123,132,08:00,120,90.75702064654848,10.30549201081649,80.45152863573199,3,7.750267320486893,29.591569817707235,75.67325561107513,6.984907250730728,0.0,119.99999999999999,1.4210854715202004e-14,5.8418718723043686,23.602391015742747,1,164,4,2,WAIT,low
dqn,124,132,08:00,120,116.33863779752167,8.459283268962166,107.8793545285595,4,21.50277121330955,18.354807260574322,79.2097321679714,0.9326893581447564,0.0,120.00000000000003,-2.842170943040401e-14,2.2545195719585736,21.914861196504756,1,161,7,1,WAIT,low
dqn,125,132,08:00,120,105.46630051410571,6.981746435039286,98.48455407906643,3,23.66540041021325,8.927614981596776,81.46369260916195,5.943291999028034,0.0,120.00000000000001,-1.4210854715202004e-14,0.917734710087371,19.03011224716773,1,162,8,1,WAIT,low
dqn,126,132,08:00,120,86.61309556305812,6.827697415773916,79.78539814728421,2,22.977929306957815,0.0,90.50503003979891,6.517040653243271,0.0,120.0,0.0,0.0,19.50770690221119,1,262,6,0,WAIT,low
dqn,127,132,08:00,120,102.14582861407752,6.91725063461074,95.22857797946678,3,25.696036920262898,29.118524062755164,65.18543901698195,0.0,0.0,120.0,0.0,2.4677427228351134,17.29583051890986,0,233,8,2,WAIT,low
dqn,128,132,08:00,120,102.75873905766193,7.829583147239977,94.92915591042195,3,13.567446949350316,17.12820004384205,75.11546381114128,14.188889195666349,0.0,120.0,0.0,1.9059097754587193,20.464327788084077,1,113,5,2,WAIT,low
dqn,129,132,08:00,120,116.72842554756608,8.153349286151052,108.57507626141502,4,12.612058137665743,0.0,107.38794186233426,0.0,0.0,120.0,0.0,0.0,23.29528367471729,0,234,5,0,WAIT,low
dqn,130,132,08:00,120,126.93665866320137,7.032733279452985,119.90392538374839,5,34.23003300062673,8.923081244302397,76.84688575507089,0.0,0.0,120.00000000000001,-1.4210854715202004e-14,0.6603151301624585,19.433208525417506,0,164,10,1,WAIT,low
dqn,131,132,08:00,120,110.95057821721508,8.231957442591574,102.7186207746235,3,6.857536368297163,8.683929606310135,99.48458028532957,4.973953740063138,0.0,120.0,0.0,0.8738289522399111,22.646049455164583,1,48,4,1,WAIT,low
dqn,132,132,08:00,120,112.02804506843496,7.8104012857961305,104.21764378263883,3,11.70404123423096,15.455360432128366,78.88216445272637,13.958433880914313,0.0,120.00000000000001,-1.4210854715202004e-14,1.3597272060333871,20.95570503909842,1,186,5,2,WAIT,low
dqn,133,132,08:00,120,82.66777034875363,6.722403264669408,75.94536708408422,2,46.60941805412737,0.0,73.39058194587264,0.0,0.0,120.0,0.0,0.0,19.206866470484027,0,246,11,0,WAIT,low
dqn,134,132,08:00,120,130.29136589868804,9.062064290580684,121.22930160810736,5,23.69329009425875,17.535039108451194,78.77167079729008,0.0,0.0,120.00000000000003,-2.842170943040401e-14,1.5341440824023695,24.357468176399593,0,234,8,2,WAIT,low
dqn,135,132,08:00,120,103.48572088373453,7.172953444047214,96.31276743968732,3,8.461407795808853,17.934909146692846,87.3426590568881,6.261024000610206,0.0,120.0,0.0,1.320630260324917,19.17352243695284,1,230,4,2,WAIT,low
dqn,136,132,08:00,120,80.75581497681382,5.863744965875546,74.89207001093828,2,8.95464014274842,0.0,65.78340433695371,45.261955520297875,0.0,120.0,0.0,0.0,16.753557045358704,1,230,4,0,WAIT,low
dqn,137,132,08:00,120,96.90241205706127,8.773702749993113,88.12870930706816,5,28.35747920851284,0.0,91.64252079148717,0.0,0.0,120.00000000000001,-1.4210854715202004e-14,0.0,25.06772214283747,0,43,9,0,WAIT,low
dqn,138,132,08:00,120,128.38560647643567,7.885865306650931,120.49974116978474,4,11.620358599247036,7.671941119613243,98.00342799813917,2.704272283000549,0.0,120.0,0.0,1.0719124264451367,21.45913130684324,1,237,5,1,WAIT,low
dqn,139,132,08:00,120,140.34420117662054,8.290198561436576,132.05400261518398,5,18.20601687232245,0.0,99.85296464028683,1.941018487390707,0.0,119.99999999999999,1.4210854715202004e-14,0.0,23.686281604104504,1,140,8,0,WAIT,low
dqn,140,132,08:00,120,115.76285739536841,7.929272589033729,107.83358480633468,4,19.140132804176254,23.732663223511473,66.96651819582388,10.160685776488407,0.0,120.00000000000001,-1.4210854715202004e-14,3.1253696970377347,19.529694843058635,1,237,8,3,WAIT,low
dqn,141,132,08:00,120,85.78703867696551,6.789683888539612,78.9973547884259,1,22.15586547107255,8.927614981596776,88.48473256898704,0.4317869783436379,0.0,120.0,0.0,0.917734710087371,18.48136211431152,1,142,6,1,WAIT,low
dqn,142,132,08:00,120,172.38664556760634,11.611319936022433,160.7753256315839,5,36.222254802883995,31.71494535805461,52.0627998390614,0.0,0.0,120.0,0.0,5.57513253916503,27.60006727804192,0,239,11,1,WAIT,low
dqn,143,132,08:00,120,128.50689968862918,9.89437429632938,118.6125253922998,4,10.426032602068338,12.734640371915892,90.76474730267894,6.074579723336825,0.0,120.0,0.0,2.096008616124154,26.173632230531226,1,236,5,2,WAIT,low
dqn,144,132,08:00,120,0.0,0.0,0.0,0,0.012864777941714433,0.0,0.0,119.98713522205828,0.0,120.0,0.0,0.0,0.0,1,132,1,0,WAIT,low
dqn,145,132,08:00,120,138.58585009057248,10.123854400737754,128.46199568983474,5,14.319325202448857,18.919831174421667,72.39244157189715,14.368402051232351,0.0,120.00000000000003,-2.842170943040401e-14,1.9856490258752562,26.939649261946904,1,48,7,2,WAIT,low
dqn,146,132,08:00,120,130.86770797873345,8.08281870678452,122.78488927194893,4,31.51147385600975,5.9122947439726605,70.42360236812318,12.152629031894406,0.0,120.0,0.0,0.9684356050820897,22.125332128587967,1,141,9,2,WAIT,low
dqn,147,132,08:00,120,93.77243936149728,5.915532166282741,87.85690719521453,2,15.74193317090323,0.0,104.25806682909676,0.0,0.0,120.0,0.0,0.0,16.901520475093548,0,161,5,0,WAIT,low
dqn,148,132,08:00,120,152.2710220165762,9.084500582381601,143.18652143419462,5,12.012690148077466,18.9427812699413,71.16371008369971,17.880818498281542,0.0,120.00000000000003,-2.842170943040401e-14,2.211950122192401,23.743765827469318,1,79,6,2,WAIT,low
dqn,149,132,08:00,120,132.55607895880377,8.72905415296947,123.8270248058343,4,26.717365181409196,9.492947667702593,83.7896871508882,0.0,0.0,119.99999999999999,1.4210854715202004e-14,0.7789661452253094,24.161188577544603,0,238,9,1,WAIT,low
wait_only,0,132,08:00,120,166.31760979904737,9.653831645538537,156.66377815350884,3,21.19776888266535,0.0,93.52669962428361,5.275531493051034,0.0,120.0,0.0,0.0,27.582376130110106,1,230,7,0,WAIT,medium
wait_only,1,132,08:00,120,81.21323370955625,6.447146388967537,74.76608732058871,2,14.683140167824371,0.0,105.31685983217564,0.0,0.0,120.00000000000001,-1.4210854715202004e-14,0.0,18.420418254192963,0,236,5,0,WAIT,medium
wait_only,2,132,08:00,120,126.62158868756217,8.63309838515916,117.98849030240301,4,45.187045745819646,0.0,74.81295425418034,0.0,0.0,119.99999999999999,1.4210854715202004e-14,0.0,24.66599538616903,0,162,11,0,WAIT,medium
wait_only,3,132,08:00,120,140.76358108380708,10.223932047511147,130.53964903629594,6,38.633896225893736,0.0,72.70301632389265,8.663087450213595,0.0,119.99999999999999,1.4210854715202004e-14,0.0,29.211234421460418,1,237,11,0,WAIT,medium
wait_only,4,132,08:00,120,83.78973230945856,6.137934888397503,77.65179742106105,1,35.32098463705576,0.0,81.39787219887498,3.281143164069263,0.0,120.0,0.0,0.0,17.536956823992867,1,68,8,0,WAIT,medium
wait_only,5,132,08:00,120,114.74362717356317,6.468431578212092,108.27519559535108,3,43.55831760090007,0.0,74.05209135656749,2.3895910425324303,0.0,119.99999999999999,1.4210854715202004e-14,0.0,18.48123308060598,1,113,10,0,WAIT,medium
wait_only,6,132,08:00,120,137.0388170603905,8.04171114211823,128.99710591827227,4,46.81456028213426,0.0,73.18543971786573,0.0,0.0,120.0,0.0,0.0,22.97631754890923,0,162,12,0,WAIT,medium
wait_only,7,132,08:00,120,138.52986891971105,9.212868045629273,129.31700087408177,3,16.439574031525837,0.0,103.56042596847416,0.0,0.0,120.0,0.0,0.0,26.322480130369357,0,234,5,0,WAIT,medium
wait_only,8,132,08:00,120,99.85436006882136,8.21211944460551,91.64224062421586,2,83.30113021675206,0.0,32.88128322497901,3.8175865582689283,0.0,119.99999999999999,1.4210854715202004e-14,0.0,23.4631984131586,1,163,19,0,WAIT,medium
wait_only,9,132,08:00,120,132.56840682331432,7.5087189322549985,125.05968789105933,5,24.128618509052487,0.0,94.90795744974346,0.9634240412040498,0.0,120.0,0.0,0.0,21.45348266358571,1,236,8,0,WAIT,medium
wait_only,10,132,08:00,120,113.27999699264677,8.038851268556476,105.2411457240903,3,52.07048737422548,0.0,67.92951262577452,0.0,0.0,120.0,0.0,0.0,22.968146481589933,0,74,13,0,WAIT,medium
wait_only,11,132,08:00,120,108.64797928307313,5.987223390167144,102.66075589290598,3,31.760461204347138,0.0,88.23953879565288,0.0,0.0,120.00000000000001,-1.4210854715202004e-14,0.0,17.1063525433347,0,90,9,0,WAIT,medium
wait_only,12,132,08:00,120,91.55712987807945,7.850873840094106,83.70625603798534,2,25.805115414537116,0.0,94.19488458546287,0.0,0.0,119.99999999999999,1.4210854715202004e-14,0.0,22.43106811455459,0,246,7,0,WAIT,medium
wait_only,13,132,08:00,120,86.78065547385339,6.168241278326757,80.61241419552663,1,1.7719821567352316,0.0,118.22801784326477,0.0,0.0,120.0,0.0,0.0,17.623546509505022,0,230,2,0,WAIT,medium
wait_only,14,132,08:00,120,114.20242693830417,7.148685002240423,107.05374193606374,3,52.704263207849245,0.0,59.55247488265718,7.743261909493569,0.0,119.99999999999999,1.4210854715202004e-14,0.0,20.424814292115496,1,50,13,0,WAIT,medium
wait_only,15,132,08:00,120,87.71553291988536,7.060116884027225,80.65541603585814,2,11.513703155418654,0.0,108.48629684458135,0.0,0.0,120.0,0.0,0.0,20.171762525792072,0,233,5,0,WAIT,medium
wait_only,16,132,08:00,120,150.16445652418685,7.329091160553465,142.83536536363337,6,33.80061611057403,0.0,86.19938388942596,0.0,0.0,120.0,0.0,0.0,20.94026045872419,0,234,10,0,WAIT,medium
wait_only,17,132,08:00,120,111.93379710904505,8.20247093913734,103.7313261699077,3,33.5725359705573,0.0,86.42746402944269,0.0,0.0,119.99999999999999,1.4210854715202004e-14,0.0,23.435631254678118,0,237,9,0,WAIT,medium
wait_only,18,132,08:00,120,122.85734408136916,7.289981480267253,115.5673626011019,4,42.2856970601065,0.0,74.29124553896955,3.423057400923952,0.0,120.0,0.0,0.0,20.828518515049296,1,163,11,0,WAIT,medium
wait_only,19,132,08:00,120,99.52179590941783,6.893076223426303,92.62871968599153,3,47.386022825765345,0.0,72.61397717423465,0.0,0.0,120.0,0.0,0.0,19.694503495503724,0,234,12,0,WAIT,medium
wait_only,20,132,08:00,120,152.70424076070577,7.524365296388377,145.1798754643174,6,39.87347430107403,0.0,73.03258437593341,7.093941322992563,0.0,120.00000000000001,-1.4210854715202004e-14,0.0,21.498186561109648,1,163,12,0,WAIT,medium
wait_only,21,132,08:00,120,97.84588464066243,6.483873388654102,91.36201125200833,1,12.138447358636153,0.0,94.64758421676653,13.213968424597326,0.0,120.00000000000001,-1.4210854715202004e-14,0.0,18.52535253901172,1,161,3,0,WAIT,medium
wait_only,22,132,08:00,120,107.12714168836685,9.514593168663467,97.61254851970338,3,22.829363367014288,0.0,94.8290385887884,2.3415980441972977,0.0,120.0,0.0,0.0,27.18455191046705,1,163,8,0,WAIT,medium
wait_only,23,132,08:00,120,88.70645315702399,6.0812197867476225,82.62523337027636,1,41.439003007586926,0.0,70.55593723795657,8.005059754456497,0.0,119.99999999999999,1.4210854715202004e-14,0.0,17.37491367642178,1,230,10,0,WAIT,medium
wait_only,24,132,08:00,120,107.59439824994396,7.503061829126742,100.09133642081723,2,25.97317550556593,0.0,94.02682449443407,0.0,0.0,120.0,0.0,0.0,21.43731951179069,0,234,7,0,WAIT,medium
wait_only,25,132,08:00,120,112.15163224746584,7.385267711265396,104.76636453620044,2,29.79187597352423,0.0,90.20812402647577,0.0,0.0,120.0,0.0,0.0,21.100764889329703,0,162,8,0,WAIT,medium
wait_only,26,132,08:00,120,119.35439719870011,7.533142328958617,111.8212548697415,5,29.08275339167182,0.0,84.16088155671724,6.756365051610928,0.0,119.99999999999999,1.4210854715202004e-14,0.0,21.523263797024622,1,170,10,0,WAIT,medium
wait_only,27,132,08:00,120,117.87143474822207,6.477156873206589,111.39427787501549,2,36.136806096171604,0.0,75.51518673451275,8.34800716931565,0.0,120.0,0.0,0.0,18.50616249487597,1,230,9,0,WAIT,medium
wait_only,28,132,08:00,120,137.78756966607554,10.43369460054593,127.3538750655296,4,18.590830387115382,0.0,101.4091696128846,0.0,0.0,119.99999999999997,2.842170943040401e-14,0.0,29.810556001559803,0,163,8,0,WAIT,medium
wait_only,29,132,08:00,120,64.42036340910059,6.602891311677538,57.81747209742305,1,14.467854743379446,0.0,87.47372302060097,18.05842223601958,0.0,120.0,0.0,0.0,18.86540374765011,1,230,4,0,WAIT,medium
wait_only,30,132,08:00,120,116.18517863299788,7.072418560412151,109.11276007258573,3,30.117127684089933,0.0,89.88287231591008,0.0,0.0,120.00000000000001,-1.4210854715202004e-14,0.0,20.206910172606147,0,237,9,0,WAIT,medium
wait_only,31,132,08:00,120,103.86488370127778,6.998091437715846,96.86679226356193,3,4.030348150176106,0.0,108.0847957792441,7.884856070579801,0.0,120.00000000000001,-1.4210854715202004e-14,0.0,19.99454696490242,1,238,4,0,WAIT,medium
wait_only,32,132,08:00,120,97.46403828419372,7.104836874953706,90.35920140924001,2,12.93335328160818,0.0,97.95494528571632,9.111701432675503,0.0,120.0,0.0,0.0,20.29953392843916,1,246,4,0,WAIT,medium
wait_only,33,132,08:00,120,84.36105572485232,6.471344792992116,77.88971093186021,2,10.392402202597177,0.0,80.84415198026193,28.76344581714089,0.0,120.0,0.0,0.0,18.489556551406046,1,137,4,0,WAIT,medium
wait_only,34,132,08:00,120,119.80888263908318,6.988121434254918,112.82076120482826,3,23.753470996249835,0.0,96.24652900375017,0.0,0.0,120.0,0.0,0.0,19.966061240728333,0,48,7,0,WAIT,medium
wait_only,35,132,08:00,120,103.89226038033358,7.3240400958457545,96.56822028448782,2,38.515946830002875,0.0,81.48405316999713,0.0,0.0,120.0,0.0,0.0,20.925828845273585,0,246,10,0,WAIT,medium
wait_only,36,132,08:00,120,78.69441080118202,6.965958302264081,71.72845249891793,4,40.037516493656916,0.0,71.43743246367885,8.525051042664245,0.0,120.0,0.0,0.0,19.902738006468805,1,161,11,0,WAIT,medium
wait_only,37,132,08:00,120,130.77685608301258,7.711766095827583,123.06508998718499,3,21.499089242140784,0.0,98.50091075785922,0.0,0.0,120.0,0.0,0.0,22.033617416650237,0,162,6,0,WAIT,medium
wait_only,38,132,08:00,120,119.81237122295906,6.583244410363928,113.22912681259513,3,65.02945146277864,0.0,54.97054853722135,0.0,0.0,119.99999999999999,1.4210854715202004e-14,0.0,18.80926974389694,0,161,15,0,WAIT,medium
wait_only,39,132,08:00,120,86.36401828608913,7.084088468942118,79.27992981714702,2,42.413294759123694,0.0,77.43450297610588,0.1522022647704233,0.0,119.99999999999999,1.4210854715202004e-14,0.0,20.24025276840605,1,239,11,0,WAIT,medium
wait_only,40,132,08:00,120,83.11137520253025,4.470247555738455,78.6411276467918,5,50.995053745602206,0.0,65.82233874033693,3.1826075140608623,0.0,120.0,0.0,0.0,12.772135873538444,1,95,14,0,WAIT,medium
wait_only,41,132,08:00,120,118.97506067214587,7.270939352963997,111.70412131918188,3,5.307695131163556,0.0,96.30456650247034,18.387738366366108,0.0,120.0,0.0,0.0,20.774112437039992,1,143,4,0,WAIT,medium
wait_only,42,132,08:00,120,82.80643002673611,7.560325225192904,75.24610480154321,2,25.61209056291245,0.0,94.38790943708756,0.0,0.0,120.0,0.0,0.0,21.60092921483687,0,161,6,0,WAIT,medium
wait_only,43,132,08:00,120,106.17282682412312,7.859392312841806,98.31343451128132,4,36.73227980032452,0.0,83.26772019967547,0.0,0.0,119.99999999999999,1.4210854715202004e-14,0.0,22.45540660811945,0,246,11,0,WAIT,medium
wait_only,44,132,08:00,120,63.76266378256946,3.3347959368649516,60.42786784570451,4,72.11526407353418,0.0,34.40543331720747,13.479302609258355,0.0,120.0,0.0,0.0,9.527988391042719,1,131,17,0,WAIT,medium
wait_only,45,132,08:00,120,136.6277159482269,8.488062374807186,128.1396535734197,3,8.030946182258134,0.0,111.96905381774187,0.0,0.0,120.0,0.0,0.0,24.251606785163386,0,186,4,0,WAIT,medium
wait_only,46,132,08:00,120,147.05475984096174,8.214798380336154,138.83996146062557,5,27.804241770275016,0.0,92.19575822972497,0.0,0.0,119.99999999999999,1.4210854715202004e-14,0.0,23.470852515246154,0,236,9,0,WAIT,medium
wait_only,47,132,08:00,120,92.28836455900671,5.953645000079663,86.33471955892705,2,51.87545446716437,0.0,68.12454553283564,0.0,0.0,120.0,0.0,0.0,17.010414285941895,0,161,12,0,WAIT,medium
wait_only,48,132,08:00,120,111.5121554308867,9.698305395646644,101.81385003524005,4,41.71560322865807,0.0,78.28439677134193,0.0,0.0,120.0,0.0,0.0,27.70944398756184,0,246,11,0,WAIT,medium
wait_only,49,132,08:00,120,94.36547845378803,8.101922190859284,86.26355626292874,3,19.18846027953378,0.0,100.81153972046621,0.0,0.0,120.0,0.0,0.0,23.14834911674081,0,239,6,0,WAIT,medium
wait_only,50,132,08:00,120,81.98006549460355,3.51931379519386,78.46075169940968,5,64.4087143041312,0.0,52.1833729171055,3.4079127787633325,0.0,120.00000000000003,-2.842170943040401e-14,0.0,10.055182271982456,1,216,16,0,WAIT,medium
wait_only,51,132,08:00,120,88.12695622276638,5.498855153058762,82.62810106970763,1,37.87653198163255,0.0,69.4188533135015,12.704614704865946,0.0,120.0,0.0,0.0,15.711014723025034,1,68,9,0,WAIT,medium
wait_only,52,132,08:00,120,101.97562202242428,8.170132397138344,93.80548962528593,4,49.29964244882656,0.0,70.70035755117343,0.0,0.0,119.99999999999999,1.4210854715202004e-14,0.0,23.343235420395274,0,170,13,0,WAIT,medium
wait_only,53,132,08:00,120,124.17695195920373,7.37251707995671,116.80443487924703,2,36.99034794947602,0.0,83.00965205052398,0.0,0.0,120.0,0.0,0.0,21.06433451416203,0,100,9,0,WAIT,medium
wait_only,54,132,08:00,120,74.84378714638196,7.201706842932573,67.64208030344938,1,40.38716196867592,0.0,79.12393668174846,0.48890134957562736,0.0,120.0,0.0,0.0,20.57630526552164,1,163,9,0,WAIT,medium
wait_only,55,132,08:00,120,80.95363980727623,6.88826010909758,74.06537969817865,2,51.60087465899318,0.0,68.39912534100682,0.0,0.0,120.0,0.0,0.0,19.680743168850228,0,234,12,0,WAIT,medium
wait_only,56,132,08:00,120,118.05902657646782,7.662183092099986,110.39684348436784,4,23.729442962684033,0.0,96.27055703731598,0.0,0.0,120.00000000000001,-1.4210854715202004e-14,0.0,21.891951691714247,0,170,7,0,WAIT,medium
wait_only,57,132,08:00,120,108.19665957003765,7.302811357271867,100.89384821276579,2,32.918388721213816,0.0,87.08161127878618,0.0,0.0,120.0,0.0,0.0,20.86517530649105,0,161,8,0,WAIT,medium
wait_only,58,132,08:00,120,96.51519124385965,7.612271785067162,88.90291945879248,3,45.40672769564142,0.0,74.59327230435858,0.0,0.0,120.0,0.0,0.0,21.749347957334752,0,161,11,0,WAIT,medium
wait_only,59,132,08:00,120,122.77149399070953,8.647054794459521,114.12443919625001,2,28.72929788224698,0.0,72.54277460393804,18.727927513814976,0.0,120.0,0.0,0.0,24.705870841312922,1,68,7,0,WAIT,medium
wait_only,60,132,08:00,120,136.6666651435583,7.8639841625571885,128.80268098100112,4,35.72964458709328,0.0,84.27035541290672,0.0,0.0,120.0,0.0,0.0,22.468526178734823,0,162,10,0,WAIT,medium
wait_only,61,132,08:00,120,73.45065968949424,6.372996010211656,67.0776636792826,1,25.590890680405575,0.0,91.31811505347821,3.090994266116212,0.0,120.0,0.0,0.0,18.208560029176162,1,164,6,0,WAIT,medium
wait_only,62,132,08:00,120,145.99836102633913,7.549951795754271,138.44840923058484,3,32.552627502037716,0.0,87.44737249796229,0.0,0.0,120.0,0.0,0.0,21.571290845012204,0,137,9,0,WAIT,medium
wait_only,63,132,08:00,120,119.15161810941929,6.495094487501534,112.65652362191776,4,39.84909770545111,0.0,80.15090229454889,0.0,0.0,120.0,0.0,0.0,18.557412821432955,0,50,11,0,WAIT,medium
wait_only,64,132,08:00,120,87.16969844962344,6.256936241197614,80.91276220842582,1,31.799302383811668,0.0,81.84297540474816,6.357722211440176,0.0,120.0,0.0,0.0,17.87696068913604,1,162,8,0,WAIT,medium
wait_only,65,132,08:00,120,86.64726175415686,5.660092122251569,80.98716963190529,3,31.529094386072686,0.0,88.4709056139273,0.0,0.0,119.99999999999999,1.4210854715202004e-14,0.0,16.17169177786163,0,162,8,0,WAIT,medium
wait_only,66,132,08:00,120,113.06686413749262,7.498878778492538,105.56798535900008,4,22.699852732884068,0.0,97.30014726711593,0.0,0.0,120.0,0.0,0.0,21.425367938550107,0,141,8,0,WAIT,medium
wait_only,67,132,08:00,120,109.9748328074806,8.49839176532967,101.47644104215092,3,11.489774647722156,0.0,108.51022535227784,0.0,0.0,120.0,0.0,0.0,24.281119329513345,0,137,4,0,WAIT,medium
wait_only,68,132,08:00,120,98.85253762513268,5.514319031572906,93.33821859355977,2,29.20833347570284,0.0,90.79166652429716,0.0,0.0,120.0,0.0,0.0,15.755197233065445,0,162,8,0,WAIT,medium
wait_only,69,132,08:00,120,96.26716221541507,7.183898535609973,89.0832636798051,3,34.29680918100211,0.0,85.7031908189979,0.0,0.0,120.0,0.0,0.0,20.525424387457072,0,233,9,0,WAIT,medium
wait_only,70,132,08:00,120,136.98486263403868,8.93158731478555,128.05327531925312,5,42.18203954388238,0.0,77.81796045611763,0.0,0.0,120.00000000000001,-1.4210854715202004e-14,0.0,25.518820899387283,0,229,12,0,WAIT,medium
wait_only,71,132,08:00,120,100.61261941862408,7.094869043073432,93.51775037555065,3,27.70663155269356,0.0,88.00563002222106,4.287738425085379,0.0,119.99999999999999,1.4210854715202004e-14,0.0,20.27105440878124,1,234,7,0,WAIT,medium
wait_only,72,132,08:00,120,142.79871174611253,6.654971712029692,136.14374003408284,5,78.7656698606109,0.0,41.23433013938907,0.0,0.0,119.99999999999997,2.842170943040401e-14,0.0,19.014204891513405,0,68,19,0,WAIT,medium
wait_only,73,132,08:00,120,95.00534427012164,9.396030933650346,85.60931333647129,3,9.618388548273241,0.0,110.38161145172677,0.0,0.0,120.00000000000001,-1.4210854715202004e-14,0.0,26.845802667572418,0,162,4,0,WAIT,medium
wait_only,74,132,08:00,120,118.850081705848,8.678706079104355,110.17137562674364,3,25.92900365984202,0.0,94.07099634015798,0.0,0.0,120.0,0.0,0.0,24.796303083155305,0,50,7,0,WAIT,medium
wait_only,75,132,08:00,120,120.67761914207748,7.080021209161416,113.59759793291606,3,29.886765427415767,0.0,88.33967393696821,1.7735606356160218,0.0,120.0,0.0,0.0,20.228632026175475,1,236,9,0,WAIT,medium
wait_only,76,132,08:00,120,79.51451273650467,7.227797581344121,72.28671515516055,2,28.240335606146417,0.0,83.38920299977272,8.370461394080863,0.0,120.0,0.0,0.0,20.650850232411777,1,239,8,0,WAIT,medium
wait_only,77,132,08:00,120,102.92945772734902,6.79052752664316,96.13893020070586,2,22.78356094545303,0.0,84.14500340852476,13.07143564602221,0.0,120.0,0.0,0.0,19.40150721898046,1,246,6,0,WAIT,medium
wait_only,78,132,08:00,120,130.0758682114946,7.529803360061886,122.5460648514327,4,20.666637091009143,0.0,93.56586033190804,5.767502577082837,0.0,120.00000000000003,-2.842170943040401e-14,0.0,21.513723885891103,1,43,7,0,WAIT,medium
wait_only,79,132,08:00,120,94.60633827028033,6.425279135260466,88.18105913501986,2,50.98671187203479,0.0,69.0132881279652,0.0,0.0,119.99999999999999,1.4210854715202004e-14,0.0,18.357940386458473,0,100,13,0,WAIT,medium
wait_only,80,132,08:00,120,131.75641108496168,7.863201591260864,123.89320949370082,4,22.983474033318593,0.0,97.01652596668141,0.0,0.0,120.0,0.0,0.0,22.466290260745325,0,161,8,0,WAIT,medium
wait_only,81,132,08:00,120,152.7849320109428,10.120547717036436,142.66438429390638,3,6.327599804557735,0.0,113.67240019544225,0.0,0.0,119.99999999999999,1.4210854715202004e-14,0.0,28.915850620104102,0,138,4,0,WAIT,medium
wait_only,82,132,08:00,120,141.0784767900816,7.830105189455981,133.2483716006256,3,34.273378918695215,0.0,85.72662108130478,0.0,0.0,120.0,0.0,0.0,22.371729112731376,0,162,9,0,WAIT,medium
wait_only,83,132,08:00,120,135.72301251526773,5.916069107443136,129.80694340782458,4,34.305267293935415,0.0,85.6947327060646,0.0,0.0,120.00000000000001,-1.4210854715202004e-14,0.0,16.903054592694673,0,161,10,0,WAIT,medium
wait_only,84,132,08:00,120,87.22583201068893,6.86433552394108,80.36149648674785,1,1.3580867574468931,0.0,113.30892865223902,5.332984590314084,0.0,120.0,0.0,0.0,19.61238721126023,1,230,2,0,WAIT,medium
wait_only,85,132,08:00,120,105.16447860940339,6.236965599573632,98.92751300982975,3,22.384047147656695,0.0,95.18667848948537,2.4292743628579387,0.0,120.0,0.0,0.0,17.819901713067523,1,113,7,0,WAIT,medium
wait_only,86,132,08:00,120,107.93871930240854,7.164386185715136,100.77433311669341,3,61.16651723989069,0.0,58.83348276010931,0.0,0.0,120.0,0.0,0.0,20.469674816328965,0,143,15,0,WAIT,medium
wait_only,87,132,08:00,120,97.42609373758886,4.810891130420601,92.61520260716826,4,38.136688203886386,0.0,55.38320777101845,26.480104025095187,0.0,120.00000000000003,-2.842170943040401e-14,0.0,13.745403229773148,1,226,11,0,WAIT,medium
wait_only,88,132,08:00,120,85.91709879603768,6.766569583989041,79.15052921204864,2,10.167510988568207,0.0,105.63843996214057,4.194049049291223,0.0,120.0,0.0,0.0,19.3330559542544,1,48,4,0,WAIT,medium
wait_only,89,132,08:00,120,125.1322706812477,8.447930989798339,116.68433969144937,3,17.978730712319333,0.0,102.02126928768067,0.0,0.0,120.0,0.0,0.0,24.136945685138112,0,170,7,0,WAIT,medium
wait_only,90,132,08:00,120,92.85957599391509,6.283208638503592,86.57636735541149,4,41.39803372505587,0.0,78.60196627494413,0.0,0.0,120.0,0.0,0.0,17.952024681438836,0,246,12,0,WAIT,medium
wait_only,91,132,08:00,120,101.49246758068787,6.511865284073995,94.98060229661388,2,48.18795238838787,0.0,71.81204761161214,0.0,0.0,120.00000000000001,-1.4210854715202004e-14,0.0,18.605329383068558,0,161,12,0,WAIT,medium
wait_only,92,132,08:00,120,94.40445635389116,8.084342921681936,86.32011343220923,2,20.993193596529323,0.0,99.00680640347068,0.0,0.0,120.0,0.0,0.0,23.09812263337696,0,230,6,0,WAIT,medium
wait_only,93,132,08:00,120,82.1473160412425,5.483725225915364,76.66359081532714,1,44.93796516109415,0.0,75.06203483890584,0.0,0.0,120.0,0.0,0.0,15.667786359758184,0,170,10,0,WAIT,medium
wait_only,94,132,08:00,120,112.00845305997728,7.154393130636187,104.8540599293411,2,21.494715344355097,0.0,96.78301701964698,1.7222676359979232,0.0,120.0,0.0,0.0,20.44112323038911,1,238,6,0,WAIT,medium
wait_only,95,132,08:00,120,188.52419246145132,7.864496882816561,180.65969557863477,5,50.694526594696804,0.0,67.1536216118505,2.151851793452721,0.0,120.00000000000003,-2.842170943040401e-14,0.0,22.469991093761603,1,237,14,0,WAIT,medium
wait_only,96,132,08:00,120,164.12580452295342,11.362830082519956,152.76297444043345,4,49.80500040886312,0.0,70.19499959113688,0.0,0.0,120.0,0.0,0.0,32.46522880719987,0,137,13,0,WAIT,medium
wait_only,97,132,08:00,120,115.8953495639794,7.61743272241207,108.27791684156732,5,24.42294596790451,0.0,91.68710392416206,3.889950107933444,0.0,120.00000000000001,-1.4210854715202004e-14,0.0,21.764093492605912,1,236,10,0,WAIT,medium
wait_only,98,132,08:00,120,140.4046591952546,7.08040401230039,133.3242551829542,4,23.59110187010431,0.0,96.4088981298957,0.0,0.0,120.00000000000001,-1.4210854715202004e-14,0.0,20.229725749429683,0,170,9,0,WAIT,medium
wait_only,99,132,08:00,120,103.26873307271154,5.175930478389573,98.09280259432197,5,49.42881878231222,0.0,70.22971337605172,0.34146784163607435,0.0,120.00000000000001,-1.4210854715202004e-14,0.0,14.788372795398782,1,216,15,0,WAIT,medium
wait_only,100,132,08:00,120,104.14495619657467,6.497117804862672,97.647838391712,2,15.014167640225848,0.0,90.76983970166172,14.215992658112441,0.0,120.00000000000001,-1.4210854715202004e-14,0.0,18.563193728179062,1,68,5,0,WAIT,medium
wait_only,101,132,08:00,120,158.6080089000275,9.843781240001707,148.7642276600258,8,28.20407547989816,0.0,85.84950712821362,5.94641739188819,0.0,119.99999999999997,2.842170943040401e-14,0.0,28.125089257147735,1,113,12,0,WAIT,medium
wait_only,102,132,08:00,120,132.74423910410547,8.391759207912743,124.35247989619273,6,47.77520800476501,0.0,72.224791995235,0.0,0.0,120.0,0.0,0.0,23.976454879750694,0,234,13,0,WAIT,medium
wait_only,103,132,08:00,120,90.11733371915892,6.439223223436582,83.67811049572234,2,28.766946384074373,0.0,91.23305361592563,0.0,0.0,120.0,0.0,0.0,18.397780638390238,0,161,8,0,WAIT,medium
wait_only,104,132,08:00,120,137.35192067653207,8.05515573007952,129.29676494645256,5,18.40959817287336,0.0,101.59040182712664,0.0,0.0,120.0,0.0,0.0,23.014730657370055,0,162,7,0,WAIT,medium
wait_only,105,132,08:00,120,123.9806853920064,9.627317968434909,114.35336742357148,4,39.52361330802944,0.0,80.47638669197056,0.0,0.0,120.0,0.0,0.0,27.506622766956887,0,234,11,0,WAIT,medium
wait_only,106,132,08:00,120,86.21851781138962,5.41997834751308,80.79853946387654,1,0.56719629986601,0.0,103.09144317488264,16.341360525251346,0.0,120.0,0.0,0.0,15.485652421465943,1,48,2,0,WAIT,medium
wait_only,107,132,08:00,120,55.75631844854819,4.000487714829462,51.75583073371873,4,42.671066071312644,0.0,53.83620557500924,23.49272835367813,0.0,120.00000000000001,-1.4210854715202004e-14,0.0,11.429964899512749,1,218,11,0,WAIT,medium
wait_only,108,132,08:00,120,91.50778886969943,7.05533237394884,84.45245649575058,2,43.343024406548,0.0,60.137503632597806,16.51947196085419,0.0,120.0,0.0,0.0,20.158092496996687,1,140,11,0,WAIT,medium
wait_only,109,132,08:00,120,103.9094264678846,7.769598487388224,96.13982798049638,6,31.27147940483859,0.0,87.9998013580323,0.7287192371290985,0.0,119.99999999999999,1.4210854715202004e-14,0.0,22.198852821109213,1,107,11,0,WAIT,medium
wait_only,110,132,08:00,120,114.99880079849822,7.416976569669704,107.58182422882852,3,10.83065112391362,0.0,109.16934887608639,0.0,0.0,120.00000000000001,-1.4210854715202004e-14,0.0,21.191361627627728,0,236,5,0,WAIT,medium
wait_only,111,132,08:00,120,90.30935960472256,6.438988428715249,83.87037117600731,2,5.237036120802733,0.0,114.76296387919726,0.0,0.0,119.99999999999999,1.4210854715202004e-14,0.0,18.397109796329282,0,75,3,0,WAIT,medium
wait_only,112,132,08:00,120,93.3127981861546,5.744807407065608,87.56799077908899,2,45.424353332470034,0.0,39.79751302383937,34.778133643690595,0.0,120.0,0.0,0.0,16.413735448758878,1,161,11,0,WAIT,medium
wait_only,113,132,08:00,120,130.8941464590205,9.101435681712962,121.79271077730755,3,26.94453242172839,0.0,92.1890665219962,0.8664010562754072,0.0,120.0,0.0,0.0,26.004101947751323,1,230,8,0,WAIT,medium
wait_only,114,132,08:00,120,55.886147217332315,5.668831071539795,50.21731614579252,3,14.056546964008668,0.0,105.94345303599134,0.0,0.0,120.0,0.0,0.0,16.196660204399414,0,71,5,0,WAIT,medium
wait_only,115,132,08:00,120,113.5836108981389,6.961134660200137,106.62247623793877,2,35.88420651699574,0.0,80.66117681877266,3.454616664231594,0.0,120.0,0.0,0.0,19.88895617200039,1,142,9,0,WAIT,medium
wait_only,116,132,08:00,120,106.46282253056299,8.177242896137086,98.2855796344259,3,42.914756270539236,0.0,77.08524372946076,0.0,0.0,120.0,0.0,0.0,23.36355113182025,0,162,11,0,WAIT,medium
wait_only,117,132,08:00,120,179.28367499970523,8.469464005151757,170.81421099455346,5,12.287840779746908,0.0,100.73811453439066,6.974044685862438,0.0,120.00000000000001,-1.4210854715202004e-14,0.0,24.198468586147875,1,186,7,0,WAIT,medium
wait_only,118,132,08:00,120,118.0629464103427,7.0553847528136115,111.0075616575291,4,62.47577013155567,0.0,57.52422986844434,0.0,0.0,120.0,0.0,0.0,20.158242150896033,0,144,15,0,WAIT,medium
wait_only,119,132,08:00,120,112.9967399435599,7.894401278459538,105.10233866510036,2,24.333019398283632,0.0,95.66698060171636,0.0,0.0,120.0,0.0,0.0,22.55543222417011,0,229,7,0,WAIT,medium
wait_only,120,132,08:00,120,86.91060152557955,6.907159843685654,80.0034416818939,3,9.441038334738074,0.0,97.79793966828149,12.761021996980418,0.0,119.99999999999997,2.842170943040401e-14,0.0,19.73474241053044,1,68,5,0,WAIT,medium
wait_only,121,132,08:00,120,69.38007281026631,6.660311399340806,62.71976141092551,2,13.954757572824906,0.0,106.04524242717508,0.0,0.0,119.99999999999999,1.4210854715202004e-14,0.0,19.029461140973734,0,100,5,0,WAIT,medium
wait_only,122,132,08:00,120,126.29980416506108,7.673234842990353,118.62656932207072,5,58.948145721962625,0.0,61.05185427803739,0.0,0.0,120.00000000000001,-1.4210854715202004e-14,0.0,21.92352812282958,0,246,14,0,WAIT,medium
wait_only,123,132,08:00,120,85.14862776210771,7.328651769067584,77.81997599304012,3,42.58391751699753,0.0,77.41608248300247,0.0,0.0,120.0,0.0,0.0,20.939005054478812,0,246,11,0,WAIT,medium
wait_only,124,132,08:00,120,109.4139316869869,7.35767268427909,102.0562590027078,3,34.53226680270511,0.0,74.53235910914795,10.93537408814693,0.0,119.99999999999999,1.4210854715202004e-14,0.0,21.02192195508312,1,186,9,0,WAIT,medium
wait_only,125,132,08:00,120,92.41566083224409,6.28336848825113,86.13229234399296,2,33.6138931177798,0.0,75.01293207042573,11.37317481179447,0.0,120.00000000000001,-1.4210854715202004e-14,0.0,17.95248139500323,1,170,9,0,WAIT,medium
wait_only,126,132,08:00,120,78.86495763181672,6.213702429064899,72.65125520275183,1,26.90748997522815,0.0,82.17870280030569,10.913807224466169,0.0,120.0,0.0,0.0,17.753435511613997,1,141,7,0,WAIT,medium
wait_only,127,132,08:00,120,78.01504417855044,5.374911383310008,72.64013279524043,2,67.88280017711193,0.0,52.11719982288808,0.0,0.0,120.00000000000001,-1.4210854715202004e-14,0.0,15.35688966660002,0,170,16,0,WAIT,medium
wait_only,128,132,08:00,120,100.37456753502937,7.58872508749007,92.7858424475393,3,49.88852132280056,0.0,61.95077839953733,8.160700277662102,0.0,119.99999999999999,1.4210854715202004e-14,0.0,21.682071678543057,1,234,12,0,WAIT,medium
wait_only,129,132,08:00,120,116.89809254185664,8.161566687584248,108.7365258542724,4,12.923787395341042,0.0,107.07621260465896,0.0,0.0,120.0,0.0,0.0,23.318761964526427,0,234,5,0,WAIT,medium
wait_only,130,132,08:00,120,95.76572462995506,6.461589180299505,89.30413544965555,2,59.71545589216386,0.0,60.28454410783614,0.0,0.0,120.0,0.0,0.0,18.461683372284302,0,246,14,0,WAIT,medium
wait_only,131,132,08:00,120,98.13308243426812,7.687179769400356,90.44590266486776,2,14.559636037602145,0.0,86.4428104850819,18.997553477315947,0.0,120.0,0.0,0.0,21.963370769715304,1,263,5,0,WAIT,medium
wait_only,132,132,08:00,120,101.17284047662031,6.9340257332115485,94.23881474340877,2,42.221196824589526,0.0,77.77880317541047,0.0,0.0,120.0,0.0,0.0,19.811502094890137,0,164,10,0,WAIT,medium
wait_only,133,132,08:00,120,82.70895440463647,6.724305869088185,75.98464853554829,2,46.63772502307218,0.0,73.36227497692782,0.0,0.0,120.0,0.0,0.0,19.212302483109102,0,246,11,0,WAIT,medium
wait_only,134,132,08:00,120,137.07648598723992,9.263680834940395,127.81280515229952,5,33.674110907782456,0.0,83.9010643034492,2.4248247887683476,0.0,120.0,0.0,0.0,26.467659528401125,1,238,10,0,WAIT,medium
wait_only,135,132,08:00,120,91.07863383343133,6.516391961739137,84.5622418716922,2,38.987371317084836,0.0,81.01262868291516,0.0,0.0,120.0,0.0,0.0,18.618262747826105,0,246,9,0,WAIT,medium
wait_only,136,132,08:00,120,80.79251846278511,5.8601419487087725,74.93237651407634,2,10.647434679565622,0.0,65.68114331167405,43.67142200876032,0.0,119.99999999999999,1.4210854715202004e-14,0.0,16.743262710596493,1,230,4,0,WAIT,medium
wait_only,137,132,08:00,120,65.03092445538253,6.478684704550186,58.55223975083235,2,46.44839754998532,0.0,64.8529892915133,8.698613158501374,0.0,119.99999999999999,1.4210854715202004e-14,0.0,18.510527727286245,1,161,11,0,WAIT,medium
wait_only,138,132,08:00,120,111.56828962836452,6.723334891838932,104.8449547365256,3,36.82960627084651,0.0,82.70253350206352,0.46786022708997166,0.0,120.0,0.0,0.0,19.209528262396947,1,246,9,0,WAIT,medium
wait_only,139,132,08:00,120,140.38527359715772,8.288639368766475,132.09663422839125,5,20.190150384253723,0.0,99.80984961574627,0.0,0.0,120.0,0.0,0.0,23.681826767904216,0,140,8,0,WAIT,medium
wait_only,140,132,08:00,120,114.64342135481485,6.978393753690101,107.66502760112475,4,43.94123342880614,0.0,76.05876657119386,0.0,0.0,120.0,0.0,0.0,19.938267867686005,0,246,13,0,WAIT,medium
wait_only,141,132,08:00,120,85.82574220327943,6.469454597697344,79.35628760558208,1,31.576124234932077,0.0,88.42387576506792,0.0,0.0,120.0,0.0,0.0,18.484155993420984,0,163,8,0,WAIT,medium
wait_only,142,132,08:00,120,119.67348662026285,6.583529617074594,113.08995700318826,3,83.33192873852687,0.0,30.571517028289684,6.096554233183454,0.0,120.00000000000001,-1.4210854715202004e-14,0.0,18.810084620213125,1,140,19,0,WAIT,medium
wait_only,143,132,08:00,120,132.85166552292674,9.12385687464443,123.7278086482823,5,25.616214195553553,0.0,94.38378580444646,0.0,0.0,120.00000000000001,-1.4210854715202004e-14,0.0,26.068162498984083,0,161,8,0,WAIT,medium
wait_only,144,132,08:00,120,0.0,0.0,0.0,0,0.0182630394115739,0.0,0.0,119.98173696058842,0.0,120.0,0.0,0.0,0.0,1,132,1,0,WAIT,medium
wait_only,145,132,08:00,120,142.34095020508326,9.833068874719409,132.50788133036386,5,27.287817288538307,0.0,83.29200637459783,9.420176336863847,0.0,119.99999999999999,1.4210854715202004e-14,0.0,28.094482499198307,1,262,9,0,WAIT,medium
wait_only,146,132,08:00,120,103.34909339570966,7.202452531603864,96.14664086410579,3,54.45368176128807,0.0,65.54631823871193,0.0,0.0,120.0,0.0,0.0,20.57843580458247,0,162,13,0,WAIT,medium
wait_only,147,132,08:00,120,93.86678884380896,5.910384641411773,87.9564042023972,2,15.688667073994333,0.0,104.31133292600566,0.0,0.0,120.0,0.0,0.0,16.886813261176496,0,161,4,0,WAIT,medium
wait_only,148,132,08:00,120,152.80891835703625,8.356547111509757,144.45237124552648,5,38.289840817704224,0.0,81.71015918229575,0.0,0.0,119.99999999999997,2.842170943040401e-14,0.0,23.875848890027886,0,170,11,0,WAIT,medium
wait_only,149,132,08:00,120,134.4914338282248,8.407668282479621,126.0837655457452,4,33.8445515271747,0.0,86.15544847282528,0.0,0.0,119.99999999999999,1.4210854715202004e-14,0.0,24.021909378513204,0,162,10,0,WAIT,medium
highest_demand,0,132,08:00,120,166.31760979904737,10.294909995289897,156.0226998037575,3,8.965213182641952,17.508087193074427,93.52669962428361,0.0,0.0,119.99999999999999,1.4210854715202004e-14,1.8316524278610324,27.582376130110106,0,142,5,2,WAIT,medium
highest_demand,1,132,08:00,120,65.7447258677145,6.176127970034636,59.56859789767986,1,7.280229602347347,20.339773576080233,83.32343290080391,9.056563920768525,0.0,120.00000000000001,-1.4210854715202004e-14,1.6248324020845133,16.02124751230016,1,186,3,1,WAIT,medium
highest_demand,2,132,08:00,120,65.15721132872332,8.450099704519097,56.707111624204224,2,10.734919865108807,65.07733851004974,35.65617072631777,8.531570898523682,0.0,120.0,0.0,9.683358194119219,14.459783818792488,1,186,4,2,WAIT,medium
highest_demand,3,132,08:00,120,112.28771393937869,10.650737357594787,101.6369765817839,3,11.160455575179816,51.055894055837115,57.78365036898306,0.0,0.0,120.0,0.0,5.285255420460823,25.145422744095715,0,161,4,2,WAIT,medium
highest_demand,4,132,08:00,120,104.28961852592133,7.568625364039043,96.72099316188229,2,5.631726429760526,8.683929606310135,105.68434396392934,0.0,0.0,120.0,0.0,0.8738289522399111,20.7508149450145,0,237,3,1,WAIT,medium
highest_demand,5,132,08:00,120,94.55001040178607,8.375389587927828,86.17462081385824,1,5.6663378530488036,48.22124332177903,66.11241882517217,0.0,0.0,120.0,0.0,7.144587592508339,16.785096944428314,0,138,2,2,WAIT,medium
highest_demand,6,132,08:00,120,44.6265563667455,8.515739740167914,36.11081662657758,1,16.15566646890326,77.2853647137152,26.55896881738154,0.0,0.0,120.0,0.0,12.968544924691761,11.36214004721657,0,138,4,2,WAIT,medium
highest_demand,7,132,08:00,120,59.758062174545316,7.301232750227447,52.45682942431787,2,6.301647748170699,39.114452462124184,70.41931022397074,4.1645895657343885,0.0,120.00000000000001,-1.4210854715202004e-14,6.4842724623458805,14.37639253830397,1,161,3,1,WAIT,medium
highest_demand,8,132,08:00,120,95.95918792658506,9.811226229246415,86.14796169733864,2,15.069616687818685,51.86779749386799,30.075686005983638,22.986899812329696,0.0,120.00000000000001,-1.4210854715202004e-14,5.505894475618691,22.526180465085357,1,186,5,2,WAIT,medium
highest_demand,9,132,08:00,120,90.82677323342202,8.320276176210323,82.50649705721169,2,6.875081401880583,19.97512252709047,93.14979607102896,0.0,0.0,120.00000000000001,-1.4210854715202004e-14,5.18155674214191,18.590660904173298,0,170,3,1,WAIT,medium
highest_demand,10,132,08:00,120,110.4721199801435,10.073052419208466,100.39906756093504,2,3.422183229633694,53.373445692424426,57.52462594004271,5.679745137899175,0.0,120.0,0.0,6.630012615887113,22.150137153279935,1,138,3,2,WAIT,medium
highest_demand,11,132,08:00,120,84.4538202834787,8.066891182553812,76.38692910092489,1,7.290237042318646,36.816934994171646,73.06140630737713,2.8314216561325907,0.0,120.0,0.0,6.116372474856479,16.93188804672584,1,138,3,1,WAIT,medium
highest_demand,12,132,08:00,120,96.24075015680859,8.630268531364223,87.61048162544436,2,8.982108208020769,32.8010594781396,78.21683231383963,0.0,0.0,120.0,0.0,3.8810620735341774,20.77684801607789,0,163,3,1,WAIT,medium
highest_demand,13,132,08:00,120,86.78065547385339,6.168241278326757,80.61241419552663,1,1.7719821567352316,0.0,118.22801784326477,0.0,0.0,120.0,0.0,0.0,17.623546509505022,0,230,2,0,WAIT,medium
highest_demand,14,132,08:00,120,38.87502929382351,8.336714524893857,30.538314768929652,1,2.216425262087152,78.11605489192229,36.81726191436221,2.8502579316283345,0.0,120.0,0.0,12.968544924691761,10.850639432147833,1,138,2,2,WAIT,medium
highest_demand,15,132,08:00,120,72.94744263767012,7.124729451968426,65.8227131857017,1,2.780598925750257,20.116220691432012,85.19614427798828,11.907036104829459,0.0,120.00000000000001,-1.4210854715202004e-14,2.1314733431879076,18.224896519579026,1,186,2,1,WAIT,medium
highest_demand,16,132,08:00,120,82.57968203069134,8.207903268508744,74.3717787621826,2,8.657639405012706,57.519948330590054,53.82241226439725,0.0,0.0,120.0,0.0,7.93928879740436,15.511863398334912,0,138,3,2,WAIT,medium
highest_demand,17,132,08:00,120,97.41228215931426,9.042387428673571,88.36989473064068,3,6.600786211680177,37.680460248913434,75.71875353940639,0.0,0.0,120.0,0.0,3.7038103995265907,22.13158225382647,0,186,4,2,WAIT,medium
highest_demand,18,132,08:00,120,109.89713125522542,7.542596060429691,102.35453519479573,3,9.252910148318461,26.591465881012226,83.7965523467558,0.35907162391350766,0.0,120.0,0.0,2.248504524565812,19.30176993380474,1,234,4,2,WAIT,medium
highest_demand,19,132,08:00,120,78.93758384157115,9.45065973698899,69.48692410458216,1,3.429440322223078,66.2664718919884,50.304087785788525,0.0,0.0,120.0,0.0,8.720513642282624,18.281371320543066,0,138,2,2,WAIT,medium
highest_demand,20,132,08:00,120,111.28014864676177,8.975340725560258,102.30480792120152,3,5.5344412442546655,64.11745487122259,50.34810388452274,0.0,0.0,120.0,0.0,6.123560375025777,19.520270269432107,0,186,4,3,WAIT,medium
highest_demand,21,132,08:00,120,97.84588464066243,7.052564729383682,90.79331991127876,1,4.149108105956637,20.479121077313867,94.64758421676653,0.7241865999629766,0.0,120.00000000000001,-1.4210854715202004e-14,1.6248324020845133,18.52535253901172,1,186,2,1,WAIT,medium
highest_demand,22,132,08:00,120,84.95235652646178,10.072507427947215,74.87984909851457,2,0.7495389987272909,32.562777993327536,82.86696560705745,3.820717400887716,0.0,119.99999999999999,1.4210854715202004e-14,3.8810620735341774,24.89753057774358,1,234,3,1,WAIT,medium
highest_demand,23,132,08:00,120,121.18539644812608,7.5277797720816855,113.6576166760444,2,8.554061961231543,18.551341946362943,92.89459609240552,0.0,0.0,120.0,0.0,1.4041933469266459,20.103748859021028,0,237,3,1,WAIT,medium
highest_demand,24,132,08:00,120,104.69646405254366,7.997560073094701,96.69890397944896,2,8.652876206943713,36.672382232376876,74.67474156067942,0.0,0.0,120.00000000000001,-1.4210854715202004e-14,3.2114103103802227,19.63876132703321,0,90,4,1,WAIT,medium
highest_demand,25,132,08:00,120,112.70780549847449,7.530097988041617,105.17770751043287,2,9.938553350840444,17.799153858801944,91.90536194648165,0.35693084387595775,0.0,119.99999999999999,1.4210854715202004e-14,1.544168814469142,19.970396865649768,1,162,4,2,WAIT,medium
highest_demand,26,132,08:00,120,87.72026195805644,9.28382991470671,78.43643204334973,2,6.192678383545902,52.6147221759779,57.33826211928768,3.8543373211885097,0.0,119.99999999999999,1.4210854715202004e-14,8.08677720721078,18.43845112052268,1,138,3,2,WAIT,medium
highest_demand,27,132,08:00,120,99.04765061546973,8.562788784435247,90.4848618310345,1,4.402305640311643,56.89124214335685,55.2729613596359,3.433490856695613,0.0,120.0,0.0,7.858948034671782,16.606162778000353,1,138,2,2,WAIT,medium
highest_demand,28,132,08:00,120,102.8654694021332,10.844676915039472,92.02079248709373,2,6.622103909928479,32.562777993327536,77.48229672773692,3.33282136900705,0.0,119.99999999999999,1.4210854715202004e-14,3.8810620735341774,27.103729112292882,1,230,4,1,WAIT,medium
highest_demand,29,132,08:00,120,64.42036340910059,7.094358983101864,57.326004425998725,1,7.73541621841575,18.815118315533724,87.47372302060097,5.975742445449555,0.0,120.0,0.0,1.4041933469266459,18.86540374765011,1,186,2,1,WAIT,medium
highest_demand,30,132,08:00,120,101.78563626315292,7.2230665229925055,94.56256974016041,2,19.432535208632054,28.533602235543036,72.03386255582491,0.0,0.0,120.0,0.0,3.0434952693641324,17.5938376534716,0,246,6,1,WAIT,medium
highest_demand,31,132,08:00,120,74.516417684363,7.548746396025765,66.96767128833724,1,0.9115588424941096,27.53349240256558,85.29226762532042,6.262681129619892,0.0,120.0,0.0,4.54089199937273,17.02695484641517,1,138,2,1,WAIT,medium
highest_demand,32,132,08:00,120,83.34503687820929,7.010162436374508,76.33487444183477,1,4.037316482375325,17.174299712684448,89.99916328359637,8.789220521343864,0.0,120.00000000000001,-1.4210854715202004e-14,2.0004471665855252,18.02858836591307,1,186,2,1,WAIT,medium
highest_demand,33,132,08:00,120,99.1059687193438,7.045326749739118,92.06064196960469,2,9.466167880658583,17.952292988229097,92.58153913111232,0.0,0.0,120.0,0.0,1.3746755723259012,18.754829426928723,0,161,4,1,WAIT,medium
highest_demand,34,132,08:00,120,81.34529651275129,8.23517821072073,73.11011830203056,1,2.4711775454381613,37.38598946472993,71.89275108431413,8.250081905517774,0.0,119.99999999999999,1.4210854715202004e-14,6.210909108635681,17.31817149342355,1,138,2,1,WAIT,medium
highest_demand,35,132,08:00,120,102.21810379200087,7.521320412223176,94.6967833797777,2,23.4055023541464,18.687093303484296,77.9074043423693,0.0,0.0,120.0,0.0,1.4041933469266459,20.085293545139574,0,48,7,1,WAIT,medium
highest_demand,36,132,08:00,120,110.04624146855414,12.18851255236583,97.85772891618831,3,8.885533061625482,45.67730808303758,62.650532485659625,2.7866263696773075,0.0,119.99999999999999,1.4210854715202004e-14,9.32408623112543,25.500235347062656,1,186,5,3,WAIT,medium
highest_demand,37,132,08:00,120,96.32329820788266,7.466788438409996,88.85650976947267,2,4.0303929405375305,35.74864492515867,77.33690851669168,2.8840536176121105,0.0,119.99999999999999,1.4210854715202004e-14,3.404640513512171,17.929040739087817,1,186,3,2,WAIT,medium
highest_demand,38,132,08:00,120,99.6572471626315,7.467158610774085,92.19008855185743,2,9.119539335757858,44.03300600610588,48.276613016305845,18.570841641830427,0.0,120.00000000000001,-1.4210854715202004e-14,3.99208703183787,17.34265185608809,1,186,4,2,WAIT,medium
highest_demand,39,132,08:00,120,52.420349407869665,6.6388267027525885,45.78152270511708,2,10.249101259904089,47.01506206024643,62.696086032995424,0.03975064685405982,0.0,120.0,0.0,7.222514810298709,11.745561483280113,1,107,4,2,WAIT,medium
highest_demand,40,132,08:00,120,130.21870922823263,11.603817564679138,118.6148916635535,2,3.2992032846335353,28.19526516887784,88.50553154648863,0.0,0.0,120.0,0.0,5.6758114027845075,27.47795306772732,0,236,3,2,WAIT,medium
highest_demand,41,132,08:00,120,96.50170211594457,8.436364069938941,88.06533804600562,1,3.521574339365399,37.31456036852962,77.23670617341355,1.9271591186914208,0.0,119.99999999999999,1.4210854715202004e-14,6.154010038398844,17.94988730428385,1,138,2,1,WAIT,medium
highest_demand,42,132,08:00,120,67.68774116351692,8.386122480114912,59.301618683402005,1,6.793249012042265,26.641433548091552,75.5441311867809,11.02118625308529,0.0,120.0,0.0,4.393771435950369,19.566578507235093,1,138,2,1,WAIT,medium
highest_demand,43,132,08:00,120,58.834015764700965,9.094571423459128,49.739444341241835,1,1.5737247781332695,57.86843352282588,60.55784169904085,0.0,0.0,120.0,0.0,7.888465809272526,18.09602397203927,0,138,2,2,WAIT,medium
highest_demand,44,132,08:00,120,127.81828716612628,10.19706756163958,117.6212196044867,3,21.070423534373898,8.253518800007585,90.67605766561852,0.0,0.0,120.0,0.0,3.1402954808806487,25.99418326666101,0,236,6,1,WAIT,medium
highest_demand,45,132,08:00,120,127.52806918618472,8.5309028274612,118.99716635872352,2,6.46990463934295,18.815118315533724,94.71497704512333,0.0,0.0,120.0,0.0,1.4041933469266459,22.969814731533926,0,186,3,1,WAIT,medium
highest_demand,46,132,08:00,120,106.01229702458087,8.086788829942348,97.92550819463852,2,8.802603318204849,34.676950830389785,62.640939274620656,13.87950657678472,0.0,120.00000000000001,-1.4210854715202004e-14,4.224905776993381,18.880205165699046,1,186,4,2,WAIT,medium
highest_demand,47,132,08:00,120,96.13800631246878,7.228287432240704,88.90971888022807,2,4.7992724631550026,36.01207743619489,71.67222065138718,7.5164294492629296,0.0,120.0,0.0,2.8965563100992013,17.75569349630281,1,186,3,2,WAIT,medium
highest_demand,48,132,08:00,120,100.17579967522585,10.128687807252115,90.04711186797373,3,3.975033847447664,27.495784306192775,70.61509192277568,17.914089923583887,0.0,120.0,0.0,2.247103667677246,26.692004353043085,1,186,4,2,WAIT,medium
highest_demand,49,132,08:00,120,73.80409062136395,8.616898605315631,65.18719201604833,1,6.610179873595964,25.70539333304748,87.68442679335655,0.0,0.0,120.0,0.0,3.0080238219487234,21.611686478953082,0,186,2,1,WAIT,medium
highest_demand,50,132,08:00,120,58.19513678241209,3.190179478140426,55.00495730427166,2,2.9595879937359815,8.495519944444162,80.75442166892269,27.790470392897163,0.0,120.0,0.0,3.1402954808806487,5.974503028091998,1,132,3,1,WAIT,medium
highest_demand,51,132,08:00,120,88.12695622276638,7.901140499698863,80.22581572306751,1,9.265909213734837,41.315237472763656,69.4188533135015,0.0,0.0,120.0,0.0,6.863672418971716,15.711014723025034,0,138,3,1,WAIT,medium
highest_demand,52,132,08:00,120,83.94801777939148,8.408008431401436,75.54000934799004,2,4.697116986692571,37.17242676598711,56.582902710298995,21.54755353702133,0.0,120.00000000000001,-1.4210854715202004e-14,3.6252795686700385,20.397601663905494,1,186,3,2,WAIT,medium
highest_demand,53,132,08:00,120,60.886381803094245,8.063690304725668,52.82269149836858,1,9.754337546462242,78.11605489192229,32.12328934400719,0.006318217608267673,0.0,119.99999999999999,1.4210854715202004e-14,12.968544924691761,10.070570231667292,1,138,3,2,WAIT,medium
highest_demand,54,132,08:00,120,74.84378714638196,8.26693018721002,66.57685695917193,1,12.133663506865462,28.74239981138608,79.12393668174846,0.0,0.0,120.0,0.0,3.0434952693641324,20.57630526552164,0,186,3,1,WAIT,medium
highest_demand,55,132,08:00,120,71.05013659398972,7.688031780939831,63.36210481304989,2,7.286790993263035,36.626625840069266,75.38618823850328,0.7003949281644424,0.0,120.00000000000001,-1.4210854715202004e-14,2.778868919252547,19.18693616914697,1,186,3,2,WAIT,medium
highest_demand,56,132,08:00,120,98.64684457798622,7.54056413748342,91.1062804405028,2,8.253876052769161,34.63023707917168,77.11588686805916,0.0,0.0,120.0,0.0,2.9482184875835933,18.596250476654753,0,170,3,2,WAIT,medium
highest_demand,57,132,08:00,120,86.86998665323621,8.172551912770281,78.69743474046592,1,4.5540860307736715,38.62934276858749,67.39038360177112,9.426187598867713,0.0,120.0,0.0,4.683447922503583,18.66670039969722,1,186,2,1,WAIT,medium
highest_demand,58,132,08:00,120,76.27965787303577,9.51491908571186,66.76473878732392,1,4.76060296379672,66.2664718919884,48.97292514421488,0.0,0.0,120.0,0.0,8.720513642282624,18.464969459751263,0,138,2,2,WAIT,medium
highest_demand,59,132,08:00,120,66.13244956350877,9.060926300598911,57.071523262909864,2,2.5226353794039658,79.14232150462237,35.32585575346724,3.009187362506424,0.0,120.0,0.0,13.324489230864472,12.563871627989558,1,138,3,2,WAIT,medium
highest_demand,60,132,08:00,120,64.08590332865897,8.640631363873963,55.44527196478501,2,2.607938032217127,70.4234897545473,46.96857221323556,0.0,0.0,119.99999999999999,1.4210854715202004e-14,11.836867451772338,12.850650730724698,0,138,3,2,WAIT,medium
highest_demand,61,132,08:00,120,81.54916127495665,7.239999339292112,74.30916193566453,2,4.224525934942663,18.090190695605926,97.68528336945141,0.0,0.0,120.0,0.0,1.5032254509130585,19.182486947064408,0,186,3,2,WAIT,medium
highest_demand,62,132,08:00,120,80.63331958034674,7.061454534583691,73.57186504576305,2,2.581675849363053,49.660624788551125,67.7576993620858,0.0,0.0,119.99999999999997,2.842170943040401e-14,7.489171989532641,12.686412394992193,0,237,3,2,WAIT,medium
highest_demand,63,132,08:00,120,109.61229997145352,7.244975050131743,102.36732492132178,3,14.37349141105922,25.62623447563542,80.00027411330537,0.0,0.0,120.0,0.0,2.42351880450108,18.276409910161046,0,162,6,2,WAIT,medium
highest_demand,64,132,08:00,120,87.16969844962344,7.039620654175474,80.13007779544796,1,3.861577767492286,27.088996191892498,81.84297540474816,7.206450635867043,0.0,119.99999999999999,1.4210854715202004e-14,2.236241179936743,17.87696068913604,1,186,2,1,WAIT,medium
highest_demand,65,132,08:00,120,72.76895520066458,7.733967548089579,65.034987652575,2,9.052467903077703,37.08634671139178,71.89676442233424,1.964420963196261,0.0,120.0,0.0,6.116372474856479,15.980677662542321,1,138,3,1,WAIT,medium
highest_demand,66,132,08:00,120,85.2370104727078,6.932504778567956,78.30450569413983,2,6.395676994201599,26.968737560781605,81.40433466864103,5.231250776375774,0.0,120.00000000000001,-1.4210854715202004e-14,2.0349907024883596,17.7721658077058,1,186,4,2,WAIT,medium
highest_demand,67,132,08:00,120,88.69522690161403,8.707144726194175,79.98808217541986,2,6.123855512409999,25.70539333304748,88.17075115454251,0.0,0.0,120.0,0.0,3.0080238219487234,21.869532538606062,0,249,3,1,WAIT,medium
highest_demand,68,132,08:00,120,107.02750588255192,6.519360581997095,100.50814530055483,2,10.330744357319443,25.690320392083272,83.97893525059727,0.0,0.0,119.99999999999999,1.4210854715202004e-14,2.0866528799727515,16.540091640018947,0,170,4,2,WAIT,medium
highest_demand,69,132,08:00,120,87.12353976444837,7.86943965751938,79.25410010692899,2,4.035101497600323,39.06990166068713,76.89499684171255,0.0,0.0,120.0,0.0,3.029025749011159,19.45508755818707,0,186,3,2,WAIT,medium
highest_demand,70,132,08:00,120,113.27350755999068,8.710282210999074,104.56322534899161,3,8.804046944498655,37.216287161432575,71.07733733831455,2.9023285557542238,0.0,120.0,0.0,3.1821821815245723,21.70433842132992,1,186,4,2,WAIT,medium
highest_demand,71,132,08:00,120,88.67432405535882,7.419514572792947,81.25480948256588,2,3.307455807344221,28.30208356239588,88.39046063025988,0.0,0.0,119.99999999999997,2.842170943040401e-14,2.1831594921519555,19.01545357297075,0,48,3,2,WAIT,medium
highest_demand,72,132,08:00,120,112.46550148320011,9.231186374948935,103.23431510825118,4,7.201190869972418,68.68998847088099,44.10882065914657,0.0,0.0,119.99999999999999,1.4210854715202004e-14,7.32109735719989,19.053720856939922,0,236,5,4,WAIT,medium
highest_demand,73,132,08:00,120,80.17899605958232,9.521262348774545,70.65773371080778,2,5.282281026127604,18.815118315533724,95.90260065833868,0.0,0.0,120.00000000000001,-1.4210854715202004e-14,1.4041933469266459,25.79941336385777,0,186,3,1,WAIT,medium
highest_demand,74,132,08:00,120,91.6046323698451,8.917450216291703,82.68718215355341,2,5.172093267295969,39.13221516984952,75.6956915628545,0.0,0.0,120.0,0.0,4.580474149405106,20.89795503999976,0,186,3,2,WAIT,medium
highest_demand,75,132,08:00,120,91.35518243037515,8.498224576614762,82.85695785376039,1,6.205578876312357,47.22797892601708,66.02569579429569,0.5407464033748823,0.0,120.00000000000001,-1.4210854715202004e-14,7.130443037480166,17.150198609990582,1,138,2,2,WAIT,medium
highest_demand,76,132,08:00,120,71.86598733274596,8.657246122662585,63.208741210083375,1,8.015917344501002,38.62934276858749,73.3547398869115,0.0,0.0,120.0,0.0,4.683447922503583,20.051540999389516,0,186,3,1,WAIT,medium
highest_demand,77,132,08:00,120,85.0250575362266,8.623600794001295,76.4014567422253,1,2.7029484270149373,41.315237472763656,72.37905973615084,3.602754364070563,0.0,120.0,0.0,6.863672418971716,17.775186992460558,1,138,2,1,WAIT,medium
highest_demand,78,132,08:00,120,94.374562097839,8.998461077359613,85.3761010204794,1,1.9251107593489079,57.62225531975898,54.68850424281318,5.76412967807893,0.0,120.0,0.0,7.888465809272526,17.82142298318351,1,138,2,2,WAIT,medium
highest_demand,79,132,08:00,120,85.37446831810554,8.80173409374921,76.57273422435634,1,1.7777347299665625,57.9078721598362,57.65159680261931,2.6627963075779206,0.0,119.99999999999999,1.4210854715202004e-14,7.888465809272526,17.259345887153792,1,138,2,2,WAIT,medium
highest_demand,80,132,08:00,120,96.23032856823936,7.1427653634471735,89.08756320479219,2,3.856618440321548,29.307240666896227,85.7624120102532,1.0737288825290108,0.0,119.99999999999999,1.4210854715202004e-14,2.295172264313744,18.112728774106753,1,162,3,2,WAIT,medium
highest_demand,81,132,08:00,120,84.01977148839292,8.513110229143411,75.50666125924951,1,1.1114192882158362,27.53349240256558,80.70321239850333,10.651875910715248,0.0,119.99999999999999,1.4210854715202004e-14,4.54089199937273,19.78228008389416,1,138,2,1,WAIT,medium
highest_demand,82,132,08:00,120,115.97486246827741,7.6222312306594775,108.35263123761793,3,4.149288357093733,32.27811937847768,79.63886221902646,3.9337300454021147,0.0,120.0,0.0,2.917076985473446,18.860726530696493,1,186,4,3,WAIT,medium
highest_demand,83,132,08:00,120,126.0918269265425,6.889009455211861,119.20281747133063,4,6.1437912430999395,26.467196324106,87.38901243279405,0.0,0.0,119.99999999999999,1.4210854715202004e-14,2.5596495937411112,17.123234564007067,0,246,5,3,WAIT,medium
highest_demand,84,132,08:00,120,87.22583201068893,6.86433552394108,80.36149648674785,1,1.3580867574468931,0.0,113.30892865223902,5.332984590314084,0.0,120.0,0.0,0.0,19.61238721126023,1,230,2,0,WAIT,medium
highest_demand,85,132,08:00,120,94.69228650943916,7.120315056991152,87.57197145244801,2,6.484572261117394,26.293316603345787,87.2221111355368,0.0,0.0,119.99999999999999,1.4210854715202004e-14,2.4914716388761717,17.85228566681284,0,237,4,2,WAIT,medium
highest_demand,86,132,08:00,120,126.74790021084833,8.490181755341549,118.25771845550678,3,7.629967506978149,40.4115056697002,71.95852682332165,0.0,0.0,120.0,0.0,3.2496648041690266,21.007997353949687,0,137,4,2,WAIT,medium
highest_demand,87,132,08:00,120,138.37678779817958,7.8929673850200945,130.4838204131595,2,14.949999088375069,38.662215830574766,53.61280776657414,12.774977314476033,0.0,120.00000000000001,-1.4210854715202004e-14,6.585750089068556,15.965585296703145,1,186,5,2,WAIT,medium
highest_demand,88,132,08:00,120,75.50886877847636,6.701344941572003,68.80752383690435,1,5.5134122803335694,7.326588211051423,99.2539249915014,7.906074517113595,0.0,119.99999999999999,1.4210854715202004e-14,0.9815114870710372,18.16518834599183,1,239,2,1,WAIT,medium
highest_demand,89,132,08:00,120,90.25199473432622,8.894795260611838,81.35719947371437,2,4.894922127489756,32.8010594781396,82.30401839437064,0.0,0.0,120.0,0.0,3.8810620735341774,21.53263867107108,0,249,3,1,WAIT,medium
highest_demand,90,132,08:00,120,94.45143360335358,7.530365920650768,86.92106768270281,4,12.97820887633284,33.78527069990124,73.23652042376592,0.0,0.0,120.0,0.0,3.3128935265997903,18.20243767525955,0,68,6,3,WAIT,medium
highest_demand,91,132,08:00,120,87.16382507057496,7.183998404691183,79.97982666588378,1,2.1279694533843516,26.94938031552546,58.29854304454416,32.62410718654603,0.0,120.0,0.0,2.236241179936743,18.289468547752353,1,186,2,1,WAIT,medium
highest_demand,92,132,08:00,120,78.2811906483996,7.771763106187803,70.5094275422118,1,14.009702440037355,8.672341735027278,90.98643612601907,6.331519698916296,0.0,120.0,0.0,1.037069125234125,21.167968321016744,1,236,4,1,WAIT,medium
highest_demand,93,132,08:00,120,90.51929745044441,6.972470958286511,83.5468264921579,2,5.506551095551186,38.43141406554297,76.06203483890584,0.0,0.0,120.0,0.0,2.9995079744104145,16.9218376206939,0,186,3,2,WAIT,medium
highest_demand,94,132,08:00,120,47.11883727755204,8.634207603514014,38.484629674038025,1,3.155330852696041,78.11605489192229,37.65935960204624,1.0692546533354346,0.0,120.0,0.0,12.968544924691761,11.700619656776855,1,138,2,2,WAIT,medium
highest_demand,95,132,08:00,120,164.1196669510013,8.115276385647032,156.00439056535427,3,5.620208783938307,34.1609635946956,76.35679632509296,3.8620312962731447,0.0,120.00000000000001,-1.4210854715202004e-14,2.9604818322126625,20.22602212677886,1,186,4,2,WAIT,medium
highest_demand,96,132,08:00,120,120.54357135317302,12.644719153867257,107.89885219930576,2,10.497427809942426,78.11605489192229,27.98216375697892,3.404353541156354,0.0,119.99999999999999,1.4210854715202004e-14,12.968544924691761,23.159224086357547,1,138,4,2,WAIT,medium
highest_demand,97,132,08:00,120,90.30758334574669,7.970554313298197,82.3370290324485,2,5.683949323846017,45.92908677427483,64.0448650563782,4.342098845500942,0.0,119.99999999999999,1.4210854715202004e-14,4.312996794584106,18.460015529125027,1,107,4,2,WAIT,medium
highest_demand,98,132,08:00,120,113.80762713991723,7.7112037748278635,106.09642336508936,2,0.5959449823491756,41.27809631911923,78.12595869853158,0.0,0.0,119.99999999999997,2.842170943040401e-14,4.196664408615842,17.835346376606626,0,236,3,2,WAIT,medium
highest_demand,99,132,08:00,120,94.64309727923894,8.912851797775723,85.73024548146321,3,3.7314606589528774,29.304235501611835,86.96430383943529,0.0,0.0,120.0,0.0,6.055385694381822,19.409905156405962,0,234,4,2,WAIT,medium
highest_demand,100,132,08:00,120,85.12119510684674,6.322759754705888,78.79843535214086,1,3.2904785052409906,17.952292988229097,79.73974430815343,19.01748419837648,0.0,120.0,0.0,1.3746755723259012,16.69035229826235,1,186,2,1,WAIT,medium
highest_demand,101,132,08:00,120,92.13585662076656,11.053156332358562,81.082700288408,2,13.916094302829375,84.35720536842459,18.582332845553896,3.1443674831921555,0.0,120.00000000000001,-1.4210854715202004e-14,12.010630705600065,19.56981595828154,1,138,4,3,WAIT,medium
highest_demand,102,132,08:00,120,36.67629592454463,8.488294573773507,28.188001350771124,1,4.98451399777074,77.83043805184505,33.458354314027616,3.726693636356572,0.0,119.99999999999997,2.842170943040401e-14,12.968544924691761,11.28372528608969,1,138,2,2,WAIT,medium
highest_demand,103,132,08:00,120,94.7653065301405,7.755267173609863,87.01003935653064,2,10.525510817200873,27.399718881325086,82.07477030147405,0.0,0.0,120.0,0.0,2.866424934993318,19.291481275320578,0,236,4,2,WAIT,medium
highest_demand,104,132,08:00,120,103.01715386307944,8.169858860667741,94.8472950024117,3,6.453803165651907,46.28947997040002,67.25671686394807,0.0,0.0,120.0,0.0,3.651297014603892,19.69115687301823,0,186,4,3,WAIT,medium
highest_demand,105,132,08:00,120,122.56449985931735,9.866851909620635,112.69764794969672,3,13.644950447792764,27.04800290896305,79.30704664324418,0.0,0.0,120.0,0.0,2.444546014285989,25.746459441772974,0,161,6,2,WAIT,medium
highest_demand,106,132,08:00,120,86.21851781138962,6.131947566910446,80.08657024447918,1,1.5743732670270258,15.334183558090318,103.09144317488264,0.0,0.0,119.99999999999999,1.4210854715202004e-14,2.0341977697067604,15.485652421465943,0,239,2,2,WAIT,medium
highest_demand,107,132,08:00,120,91.86472817776504,10.364232512130911,81.50049566563413,3,10.362717447456115,29.312793571932676,72.85794923040908,7.466539750202159,0.0,120.00000000000003,-2.842170943040401e-14,8.321852223022558,21.290240668780047,1,138,5,2,WAIT,medium
highest_demand,108,132,08:00,120,108.82002165969234,8.20236523918364,100.61765642050871,3,15.410386601527371,35.692803400806824,68.8968099976658,0.0,0.0,120.0,0.0,3.110070132176654,20.32525912263375,0,113,6,2,WAIT,medium
highest_demand,109,132,08:00,120,80.74058021908336,7.781438640189892,72.95914157889347,3,8.256527382505816,41.82104131945705,51.49776982509751,18.424661472939633,0.0,120.00000000000001,-1.4210854715202004e-14,3.7419302020792578,18.490751627034722,1,186,4,2,WAIT,medium
highest_demand,110,132,08:00,120,77.00819831987579,6.989721855074617,70.01847646480117,1,0.3414837548155571,20.116220691432012,86.21515072200656,13.327144831745883,0.0,120.00000000000001,-1.4210854715202004e-14,2.1314733431879076,17.839160528453856,1,186,2,1,WAIT,medium
highest_demand,111,132,08:00,120,83.16269631437463,6.687883287917982,76.47481302645664,2,7.965730724716829,8.672341735027278,103.36192754025589,0.0,0.0,120.0,0.0,1.037069125234125,18.071168840245825,0,237,4,1,WAIT,medium
highest_demand,112,132,08:00,120,119.38263685057044,7.802148824765132,111.58048802580531,4,11.689602382146319,50.47566350760329,51.79614890257174,6.038585207678679,0.0,120.00000000000001,-1.4210854715202004e-14,4.709719417886796,17.582134367156442,1,186,6,4,WAIT,medium
highest_demand,113,132,08:00,120,81.08989690153369,9.056942959014116,72.03295394251958,1,1.7437435976506568,32.562777993327536,60.98711347768137,24.70636493134043,0.0,120.0,0.0,3.8810620735341774,21.9959178093633,1,186,2,1,WAIT,medium
highest_demand,114,132,08:00,120,94.17316358809555,12.328921779949672,81.84424180814588,2,4.044759160894939,57.87537278486009,58.079868054244955,0.0,0.0,119.99999999999999,1.4210854715202004e-14,11.335566780540754,23.88992401931546,0,138,3,2,WAIT,medium
highest_demand,115,132,08:00,120,109.52562532044617,7.655821522041909,101.86980379840426,2,6.0745735119255855,35.92296707669426,71.46053740588673,6.541922005493433,0.0,120.0,0.0,2.8965563100992013,18.977219467163398,1,186,3,2,WAIT,medium
highest_demand,116,132,08:00,120,89.51790547009023,8.622106094065867,80.89579937602436,2,13.854403699958386,38.7455553754329,66.83419725468436,0.5658436699243623,0.0,120.0,0.0,3.5030919442708086,21.131496895917383,1,249,4,1,WAIT,medium
highest_demand,117,132,08:00,120,82.85118497919262,7.8314885615789205,75.0196964176137,1,2.6773795715861475,78.11605489192229,39.184882667764505,0.02168286872706915,0.0,120.00000000000001,-1.4210854715202004e-14,12.968544924691761,9.407136679819443,1,138,2,2,WAIT,medium
highest_demand,118,132,08:00,120,105.65360808369086,9.81286163066044,95.84074645303042,3,11.732005165370536,52.880754564512024,55.38724027011743,0.0,0.0,119.99999999999999,1.4210854715202004e-14,8.15973730351301,19.877010212659677,0,138,5,2,WAIT,medium
highest_demand,119,132,08:00,120,61.628130497684666,5.955877966858886,55.67225253082578,1,7.023472217012937,39.114452462124184,49.261668654144145,24.600406666718726,0.0,120.0,0.0,6.4842724623458805,10.53252172867951,1,186,3,1,WAIT,medium
highest_demand,120,132,08:00,120,88.2634272124146,7.049147925722503,81.21427928669209,2,6.8300947106172565,20.339773576080233,92.8301317133025,0.0,0.0,120.0,0.0,1.6248324020845133,18.51559024283692,0,163,4,1,WAIT,medium
highest_demand,121,132,08:00,120,62.04276229673936,6.82170050017217,55.22106179656719,1,1.9799928365870851,18.687093303484296,86.72765872858523,12.605255131343398,0.0,120.0,0.0,1.4041933469266459,18.086379510708127,1,186,2,1,WAIT,medium
highest_demand,122,132,08:00,120,117.04434805913814,9.0589775344788,107.98537052465934,3,10.517033848021672,51.980329265555426,54.02224221641286,3.4803946700100568,0.0,120.00000000000001,-1.4210854715202004e-14,5.0214074497865395,20.861385505867176,1,162,4,2,WAIT,medium
highest_demand,123,132,08:00,120,66.94130606130237,8.732082378711361,58.20922368259101,1,8.803628917434137,46.94236208593985,64.25400899662603,0.0,0.0,120.00000000000001,-1.4210854715202004e-14,7.130443037480166,17.818363758838007,0,138,3,2,WAIT,medium
highest_demand,124,132,08:00,120,81.84416567442906,9.556829405784093,72.28733626864496,1,3.1084955539562005,66.2664718919884,50.6250325540554,0.0,0.0,120.0,0.0,8.720513642282624,18.584713231386218,0,138,2,2,WAIT,medium
highest_demand,125,132,08:00,120,104.40681959101967,7.754153470622214,96.65266612039746,2,12.540417517653772,28.533602235543036,78.92598024680318,0.0,0.0,119.99999999999999,1.4210854715202004e-14,3.0434952693641324,19.111228932413624,0,163,4,1,WAIT,medium
highest_demand,126,132,08:00,120,78.86495763181672,7.803014628845354,71.06194300297136,1,10.287804797128734,27.53349240256558,82.17870280030569,0.0,0.0,120.0,0.0,4.54089199937273,17.753435511613997,0,138,3,1,WAIT,medium
highest_demand,127,132,08:00,120,84.52380661690576,7.828263177850987,76.69554343905477,2,6.301319251294313,52.526948710915015,61.171732037790676,0.0,0.0,120.0,0.0,6.977427391510972,15.389038830920418,0,138,3,2,WAIT,medium
highest_demand,128,132,08:00,120,85.29646274291812,7.980685416469083,77.31577732644904,2,10.871798375530423,22.034110275041993,64.26664334027971,22.827448009147872,0.0,120.0,0.0,2.4763336971048098,20.325624635664,1,186,4,2,WAIT,medium
highest_demand,129,132,08:00,120,82.10837498427993,8.47604914414365,73.63232584013629,1,1.4474798148871106,32.562777993327536,66.57661219139337,19.413130000391973,0.0,119.99999999999999,1.4210854715202004e-14,3.8810620735341774,20.33622119544768,1,186,2,1,WAIT,medium
highest_demand,130,132,08:00,120,128.07328327418458,9.437159615080635,118.63612365910394,3,7.411586288751302,53.56891442442273,59.01949928682596,0.0,0.0,120.0,0.0,6.428762138438729,20.534551047505946,0,138,4,3,WAIT,medium
highest_demand,131,132,08:00,120,91.61839774102377,8.369000215905661,83.24939752511811,2,9.239937307884707,25.51865792301724,80.09157876610836,5.149826002989698,0.0,120.0,0.0,3.0080238219487234,20.903405366353166,1,249,4,1,WAIT,medium
highest_demand,132,132,08:00,120,79.87980538226363,8.686067601952935,71.1937377803107,1,4.7041970936983155,37.04349080580259,70.48928406890901,7.763028031590082,0.0,120.0,0.0,6.154010038398844,18.66332596718097,1,138,2,1,WAIT,medium
highest_demand,133,132,08:00,120,78.7730278294538,7.927841367024392,70.84518646242941,2,6.254980478268583,35.57561269339109,78.1694068283403,0.0,0.0,119.99999999999997,2.842170943040401e-14,2.9615431263667045,19.689432207988705,0,186,3,2,WAIT,medium
highest_demand,134,132,08:00,120,106.20875036360019,9.998658726491193,96.210091637109,2,3.1921947564551516,66.71954302496694,50.08826221857791,0.0,0.0,120.0,0.0,8.548780939434984,20.018815421968426,0,138,3,3,WAIT,medium
highest_demand,135,132,08:00,120,82.77146863297382,8.384631395696328,74.38683723727749,1,5.534027127781757,36.816934994171646,71.70691030918115,5.942127568865445,0.0,120.0,0.0,6.116372474856479,17.83971722713303,1,138,2,1,WAIT,medium
highest_demand,136,132,08:00,120,93.6015247978303,7.837880472751439,85.76364432507886,2,4.450776882588078,37.317436743336096,78.23178637407582,0.0,0.0,120.0,0.0,4.080564394598257,18.313379813262998,0,236,3,2,WAIT,medium
highest_demand,137,132,08:00,120,61.36436238952141,9.040603965250295,52.32375842427112,2,9.553856178543846,47.73193939202324,62.7142044294329,0.0,0.0,119.99999999999999,1.4210854715202004e-14,7.210783800212744,18.619513243359528,0,138,3,2,WAIT,medium
highest_demand,138,132,08:00,120,115.31890352192713,7.933607790566961,107.38529573136016,3,4.07727772555421,35.00881050333126,80.91391177111453,0.0,0.0,120.0,0.0,3.3751227389114264,19.29232809127989,0,234,4,2,WAIT,medium
highest_demand,139,132,08:00,120,100.48961833339297,8.637131612292526,91.85248672110045,2,12.68335105655552,36.75034472023076,69.69063759344796,0.8756666297657603,0.0,120.0,0.0,3.2114103103802227,21.466108581884136,1,113,5,1,WAIT,medium
highest_demand,140,132,08:00,120,105.77856747002869,7.265505523370331,98.51306194665835,3,15.430167685869431,29.043125916545474,75.52670639758509,0.0,0.0,120.0,0.0,2.2851475322469716,18.473439677382547,0,170,6,2,WAIT,medium
highest_demand,141,132,08:00,120,85.82574220327943,7.53467794197479,78.29106426130464,1,2.8337244235459993,28.74239981138608,88.42387576506792,0.0,0.0,120.0,0.0,3.0434952693641324,18.484155993420984,0,186,2,1,WAIT,medium
highest_demand,142,132,08:00,120,115.27190336465941,10.365370441653928,104.90653292300549,4,12.471414000412786,84.41341465167105,23.11517134791616,0.0,0.0,119.99999999999999,1.4210854715202004e-14,10.258500890477737,19.356843228533492,0,138,6,5,WAIT,medium
highest_demand,143,132,08:00,120,106.07760902151996,9.395944875034095,96.68166414648587,2,2.471266505817953,44.33377623855097,73.19495725563108,0.0,0.0,120.0,0.0,4.412217168875369,22.43333961693633,0,186,3,2,WAIT,medium
highest_demand,144,132,08:00,120,0.0,0.0,0.0,0,0.0182630394115739,0.0,0.0,119.98173696058842,0.0,120.0,0.0,0.0,0.0,1,132,1,0,WAIT,medium
highest_demand,145,132,08:00,120,89.09729064393845,11.422067790987109,77.67522285295134,1,4.348889289140294,71.68589232881575,42.58519821308868,1.3800201689552694,0.0,120.0,0.0,10.365334535880057,22.269144866940255,1,138,2,2,WAIT,medium
highest_demand,146,132,08:00,120,80.27775087526838,9.224008222049111,71.05374265321927,2,3.366852654715929,59.03381577434125,54.67419729439624,2.9251342765465864,0.0,120.0,0.0,8.214892340844493,18.13941686501011,1,138,3,2,WAIT,medium
highest_demand,147,132,08:00,120,87.86448441245658,6.267279458501926,81.59720495395464,1,4.669632106137348,18.687093303484296,85.98943974469117,10.653834845687186,0.0,120.0,0.0,1.4041933469266459,16.502319391650285,1,186,2,1,WAIT,medium
highest_demand,148,132,08:00,120,141.81973545643612,9.372738858091582,132.44699659834453,4,13.114998105092107,51.97147609408138,54.91352580082652,0.0,0.0,120.00000000000001,-1.4210854715202004e-14,4.96199029295223,21.817263587309437,0,48,6,3,WAIT,medium
highest_demand,149,132,08:00,120,47.32694902632213,8.646628999811837,38.680320026510294,1,2.503094188214379,77.83043805184505,34.83579993013533,4.830667829805236,0.0,120.0,0.0,12.968544924691761,11.73610936048492,1,138,2,2,WAIT,medium
highest_income,0,132,08:00,120,166.31760979904737,9.653831645538537,156.66377815350884,3,21.19776888266535,0.0,93.52669962428361,5.275531493051034,0.0,120.0,0.0,0.0,27.582376130110106,1,230,7,0,WAIT,medium
highest_income,1,132,08:00,120,65.7447258677145,7.558733018012816,58.18599284970168,1,2.8720041561441363,33.80456294305196,83.32343290080391,0.0,0.0,120.0,0.0,5.57513253916503,16.02124751230016,0,138,2,1,WAIT,medium
highest_income,2,132,08:00,120,42.11691901338421,8.754010947350691,33.36290806603352,1,4.398311517504623,56.50928892485943,15.495997139125585,43.596402418510365,0.0,120.0,0.0,14.02903538538622,10.982424464187185,1,132,2,2,WAIT,medium
highest_income,3,132,08:00,120,156.7348122792127,13.878534772542775,142.85627750666993,2,4.5034950791890695,48.68374531334833,50.45489422737104,16.35786538009154,0.0,119.99999999999999,1.4210854715202004e-14,9.909480637255754,29.74347585572361,1,132,3,2,WAIT,medium
highest_income,4,132,08:00,120,83.78973230945856,7.906213462614932,75.88351884684363,1,7.96819401796989,30.633933783155136,81.39787219887498,0.0,0.0,120.0,0.0,5.052224497764085,17.536956823992867,0,195,3,1,WAIT,medium
highest_income,5,132,08:00,120,94.55001040178607,8.015514296749677,86.5344961050364,1,16.683588114015137,36.816934994171646,66.11241882517217,0.38705806664104614,0.0,120.0,0.0,6.116372474856479,16.785096944428314,1,138,4,1,WAIT,medium
highest_income,6,132,08:00,120,44.6265563667455,8.886911401410977,35.73964496533452,1,10.863479530704165,56.50928892485943,26.55896881738154,26.068262727054858,0.0,120.0,0.0,14.02903538538622,11.36214004721657,1,132,3,2,WAIT,medium
highest_income,7,132,08:00,120,51.764386115626955,9.438935022990949,42.32545109263601,1,4.67272237326741,57.21253272589051,53.861946361100024,4.252798539742045,0.0,119.99999999999999,1.4210854715202004e-14,14.02903538538622,12.93935039458792,1,132,2,2,WAIT,medium
highest_income,8,132,08:00,120,131.75641222483225,13.633921460897163,118.12249076393508,2,11.055040368967152,53.864450125220806,55.08050950581205,0.0,0.0,120.0,0.0,8.84153325324248,30.11252806360656,0,226,4,3,WAIT,medium
highest_income,9,132,08:00,120,90.82677323342202,8.320276176210323,82.50649705721169,2,6.875081401880583,19.97512252709047,93.14979607102896,0.0,0.0,120.00000000000001,-1.4210854715202004e-14,5.18155674214191,18.590660904173298,0,170,3,1,WAIT,medium
highest_income,10,132,08:00,120,141.2604528166109,13.08585365858281,128.1745991580281,2,9.80299100925145,49.02730129984679,61.16970769090176,0.0,0.0,120.0,0.0,7.807982073913954,29.58017123632265,0,4,3,2,WAIT,medium
highest_income,11,132,08:00,120,84.4538202834787,8.066891182553812,76.38692910092489,1,7.290237042318646,36.816934994171646,73.06140630737713,2.8314216561325907,0.0,120.0,0.0,6.116372474856479,16.93188804672584,1,138,3,1,WAIT,medium
highest_income,12,132,08:00,120,71.78404773939138,8.949182749338444,62.834864990052935,1,5.0462285200396915,33.63589275272784,77.21683231383963,4.101046413392837,0.0,120.0,0.0,5.547315032160212,20.021778537378204,1,138,2,1,WAIT,medium
highest_income,13,132,08:00,120,86.78065547385339,6.168241278326757,80.61241419552663,1,1.7719821567352316,0.0,118.22801784326477,0.0,0.0,120.0,0.0,0.0,17.623546509505022,0,230,2,0,WAIT,medium
highest_income,14,132,08:00,120,104.18191735963157,10.841343290905257,93.34057406872631,2,11.524753569591427,57.114446996340504,51.36079943406807,0.0,0.0,120.0,0.0,11.225838024067258,19.749428521376334,0,93,4,2,WAIT,medium
highest_income,15,132,08:00,120,72.94744263767012,7.706843687361433,65.2405989503087,1,11.795126116841988,23.00872960516973,85.19614427798828,0.0,0.0,120.0,0.0,3.794656872882214,18.224896519579026,0,195,4,1,WAIT,medium
highest_income,16,132,08:00,120,73.4101872915655,7.517694429847339,65.89249286171817,1,19.86573075642972,43.31588950430636,37.854478822329895,18.963900916934023,0.0,120.0,0.0,7.239163253180994,14.239963689239977,1,93,5,1,WAIT,medium
highest_income,17,132,08:00,120,83.10556873523734,9.91145957754365,73.19410915769369,1,8.173322343927902,44.29164126071658,65.19768131997535,2.3373550753801595,0.0,119.99999999999999,1.4210854715202004e-14,7.35814036437716,20.960315571461837,1,93,3,1,WAIT,medium
highest_income,18,132,08:00,120,86.85776842072187,9.994167831223432,76.86360058949843,1,9.30051959095524,57.114446996340504,53.58503341270426,0.0,0.0,120.0,0.0,11.225838024067258,17.328927207999694,0,93,3,2,WAIT,medium
highest_income,19,132,08:00,120,78.93758384157115,8.844335508712131,70.09324833285902,1,22.364755091861642,42.15399692506749,50.304087785788525,5.1771601972823476,0.0,120.0,0.0,6.988158704348737,18.281371320543066,1,93,6,1,WAIT,medium
highest_income,20,132,08:00,120,78.43725215791417,9.868013669804327,68.56923848810985,1,34.48436717770954,55.69291419712709,29.822718625163365,0.0,0.0,119.99999999999999,1.4210854715202004e-14,11.080887213444068,17.113437557425442,0,93,8,2,WAIT,medium
highest_income,21,132,08:00,120,97.84588464066243,7.636849766032896,90.20903487462954,1,3.83204123021344,21.520374553020034,94.64758421676653,0.0,0.0,120.0,0.0,3.2942182210822684,18.52535253901172,0,226,2,2,WAIT,medium
highest_income,22,132,08:00,120,73.1998655148644,11.879371234057512,61.320494280806884,1,0.20409464425453838,49.10292337258858,66.52336388277303,4.1696181003838575,0.0,120.0,0.0,9.909480637255754,24.031580031479994,1,93,2,2,WAIT,medium
highest_income,23,132,08:00,120,88.70645315702399,8.14167534585726,80.56477781116672,1,5.260544965440252,35.436344331764445,70.55593723795657,8.747173464838738,0.0,120.0,0.0,5.8870158831703945,17.37491367642178,1,138,2,1,WAIT,medium
highest_income,24,132,08:00,120,92.44536231860567,9.130430713059692,83.31493160554598,1,8.884307132450402,41.08201127600023,70.03368159154937,0.0,0.0,120.0,0.0,6.824926708865075,19.26201818559119,0,93,3,1,WAIT,medium
highest_income,25,132,08:00,120,88.8177736999656,8.33150964848187,80.48626405148373,1,10.57237839328539,30.633933783155136,78.50640074965857,0.2872870739008988,0.0,120.0,0.0,5.052224497764085,18.752088783612685,1,195,3,1,WAIT,medium
highest_income,26,132,08:00,120,78.42982729287402,9.88566510225429,68.54416219061973,1,13.221256335351944,56.24007417743276,50.538669487215294,0.0,0.0,120.0,0.0,11.080887213444068,17.163870221568192,0,93,4,2,WAIT,medium
highest_income,27,132,08:00,120,99.04765061546973,8.345864110913471,90.70178650455627,1,21.058931142354357,43.668107498009746,55.2729613596359,0.0,0.0,120.0,0.0,7.239163253180994,16.606162778000353,0,93,6,1,WAIT,medium
highest_income,28,132,08:00,120,85.30996921468721,12.591499733016537,72.71846948167068,1,5.34404866134085,49.10292337258858,65.55302796607057,0.0,0.0,120.0,0.0,9.909480637255754,26.066232885648642,0,93,2,2,WAIT,medium
highest_income,29,132,08:00,120,64.42036340910059,6.602891311677538,57.81747209742305,1,14.467854743379446,0.0,87.47372302060097,18.05842223601958,0.0,120.0,0.0,0.0,18.86540374765011,1,230,4,0,WAIT,medium
highest_income,30,132,08:00,120,85.14249036633096,8.296659221882507,76.84583114444845,1,15.779512515838354,44.29164126071658,59.92884622344506,0.0,0.0,120.0,0.0,7.35814036437716,16.34660026957286,0,93,4,1,WAIT,medium
highest_income,31,132,08:00,120,74.516417684363,7.548746396025765,66.96767128833724,1,0.9115588424941096,27.53349240256558,85.29226762532042,6.262681129619892,0.0,120.0,0.0,4.54089199937273,17.02695484641517,1,138,2,1,WAIT,medium
highest_income,32,132,08:00,120,83.34503687820929,6.822028824097866,76.52300805411141,1,9.224904582682218,19.329301955099584,89.99916328359637,1.446630178621831,0.0,120.0,0.0,1.462922560080833,18.02858836591307,1,161,3,1,WAIT,medium
highest_income,33,132,08:00,120,83.63717159551146,8.22014870512016,75.41702289039131,1,2.9812746159489443,35.171797950226974,79.84415198026193,2.002775453562151,0.0,120.0,0.0,5.800620334703995,17.68551882278218,1,138,2,1,WAIT,medium
highest_income,34,132,08:00,120,81.34529651275129,8.23517821072073,73.11011830203056,1,2.4711775454381613,37.38598946472993,71.89275108431413,8.250081905517774,0.0,119.99999999999999,1.4210854715202004e-14,6.210909108635681,17.31817149342355,1,138,2,1,WAIT,medium
highest_income,35,132,08:00,120,83.47411318311421,8.79853075704579,74.67558242606842,1,9.76957981767805,35.69565343448948,74.53476674783248,0.0,0.0,120.0,0.0,5.8870158831703945,19.25164342267472,0,138,3,1,WAIT,medium
highest_income,36,132,08:00,120,110.04624146855414,13.046839422707167,96.99940204584698,3,7.090675346575978,50.25879216776439,62.650532485659625,0.0,0.0,120.0,0.0,11.776448717814965,25.500235347062656,0,138,4,3,WAIT,medium
highest_income,37,132,08:00,120,79.2716219985201,8.021072663282768,71.25054933523734,1,3.1168573466078433,37.04349080580259,69.00503870071927,10.834613146870296,0.0,120.0,0.0,6.154010038398844,16.76334042812335,1,138,2,1,WAIT,medium
highest_income,38,132,08:00,120,82.41129106376538,8.151616259865666,74.25967480389971,1,38.63564668568685,43.55822201257482,37.80613130173833,0.0,0.0,120.0,0.0,7.279663046882188,16.010669124162572,0,93,9,1,WAIT,medium
highest_income,39,132,08:00,120,45.35283230350401,8.930382826310234,36.42244947719377,1,3.74983559166239,57.21253272589051,55.25163297169151,3.785998710755578,0.0,119.99999999999999,1.4210854715202004e-14,14.02903538538622,11.486344118357309,1,132,2,2,WAIT,medium
highest_income,40,132,08:00,120,130.21870922823263,11.166721573117957,119.05198765511467,2,13.25846859707326,18.235999856438113,88.50553154648863,0.0,0.0,120.0,0.0,4.426965712609704,27.47795306772732,0,43,5,2,WAIT,medium
highest_income,41,132,08:00,120,96.50170211594457,8.436364069938941,88.06533804600562,1,3.521574339365399,37.31456036852962,77.23670617341355,1.9271591186914208,0.0,119.99999999999999,1.4210854715202004e-14,6.154010038398844,17.94988730428385,1,138,2,1,WAIT,medium
highest_income,42,132,08:00,120,67.68774116351692,9.18739258702169,58.50034857649523,1,3.933106974834237,40.52276183838487,75.5441311867809,0.0,0.0,120.0,0.0,6.683114598541168,19.566578507235093,0,93,2,1,WAIT,medium
highest_income,43,132,08:00,120,58.834015764700965,9.92082191110682,48.913193853594144,1,8.294437264310687,51.14772103664846,60.55784169904085,0.0,0.0,120.0,0.0,10.249181488265936,18.09602397203927,0,93,3,2,WAIT,medium
highest_income,44,132,08:00,120,113.5075727151928,10.15100031882852,103.35657239636427,2,16.3065746810694,18.235999856438113,85.45742546249248,0.0,0.0,120.0,0.0,4.426965712609704,24.575892341186073,0,43,4,2,WAIT,medium
highest_income,45,132,08:00,120,136.6277159482269,8.488062374807186,128.1396535734197,3,8.030946182258134,0.0,111.96905381774187,0.0,0.0,120.0,0.0,0.0,24.251606785163386,0,186,4,0,WAIT,medium
highest_income,46,132,08:00,120,83.1581591912899,8.143364951664994,75.0147942396249,1,5.601187385761284,40.83728476026366,43.54418574239787,30.01734211157718,0.0,119.99999999999999,1.4210854715202004e-14,6.824926708865075,16.441830295892053,1,93,2,1,WAIT,medium
highest_income,47,132,08:00,120,76.12240154483956,9.244454185310627,66.87794735952893,1,15.613851281241422,52.49967548612012,51.886473232638465,0.0,0.0,120.0,0.0,10.47853807995202,15.934188163792626,0,93,4,2,WAIT,medium
highest_income,48,132,08:00,120,89.05770143789563,12.671525700549083,76.38617573734655,2,6.3492996239200075,51.14772103664846,62.502979339431526,0.0,0.0,120.0,0.0,10.249181488265936,25.955177656160014,0,93,3,2,WAIT,medium
highest_income,49,132,08:00,120,73.80409062136395,9.090907982799838,64.71318263856412,1,5.864745001562095,26.45082820508135,87.68442679335655,0.0,0.0,120.0,0.0,4.362336329046457,21.611686478953082,0,207,2,1,WAIT,medium
highest_income,50,132,08:00,120,58.19513678241209,3.190179478140426,55.00495730427166,2,2.9595879937359815,8.495519944444162,80.75442166892269,27.790470392897163,0.0,120.0,0.0,3.1402954808806487,5.974503028091998,1,132,3,1,WAIT,medium
highest_income,51,132,08:00,120,88.12695622276638,7.901140499698863,80.22581572306751,1,9.265909213734837,41.315237472763656,69.4188533135015,0.0,0.0,120.0,0.0,6.863672418971716,15.711014723025034,0,138,3,1,WAIT,medium
highest_income,52,132,08:00,120,66.81791224933853,10.343797376158918,56.474114873179616,1,26.28611118159613,52.427292549046015,39.99325610349492,1.2933401658629293,0.0,120.0,0.0,10.516175643494385,19.037531145531098,1,93,7,2,WAIT,medium
highest_income,53,132,08:00,120,60.886381803094245,8.434861965968729,52.45151983712552,1,24.266079538831086,57.21253272589051,32.12328934400719,6.398098391271205,0.0,119.99999999999999,1.4210854715202004e-14,14.02903538538622,10.070570231667292,1,132,6,2,WAIT,medium
highest_income,54,132,08:00,120,74.84378714638196,9.125257057551357,65.7185300888306,1,7.552179422138652,33.32388389611289,79.12393668174846,0.0,0.0,120.0,0.0,5.495857756053667,20.57630526552164,0,138,2,1,WAIT,medium
highest_income,55,132,08:00,120,58.594491700962415,9.763539330293241,48.83095237066917,1,5.426348061206894,51.14772103664846,63.42593090214464,0.0,0.0,120.0,0.0,10.249181488265936,17.646645169714755,0,93,2,2,WAIT,medium
highest_income,56,132,08:00,120,80.17762536711982,8.337294448628205,71.84033091849162,1,7.757358549389757,42.06457108435003,70.17807036626021,0.0,0.0,120.0,0.0,6.988158704348737,16.832682577446135,0,93,2,1,WAIT,medium
highest_income,57,132,08:00,120,86.86998665323621,9.932578805490177,76.93740784774603,1,4.694830355148338,47.914786043080525,67.39038360177112,0.0,0.0,119.99999999999999,1.4210854715202004e-14,9.712096187417577,18.66670039969722,0,93,2,2,WAIT,medium
highest_income,58,132,08:00,120,76.27965787303577,8.908594857434998,67.37106301560078,1,12.690580242787322,42.15399692506749,48.97292514421488,16.182497687930308,0.0,119.99999999999999,1.4210854715202004e-14,6.988158704348737,18.464969459751263,1,93,4,1,WAIT,medium
highest_income,59,132,08:00,120,55.37892199217059,8.87830798490438,46.50061400726621,1,3.650752138037082,56.50928892485943,29.794845251580373,30.045113685523106,0.0,120.0,0.0,14.02903538538622,11.337558857197724,1,132,2,2,WAIT,medium
highest_income,60,132,08:00,120,49.91052760275295,8.886471071190964,41.02405653156198,1,1.0984548635524598,56.50928892485943,25.74575954086979,36.64649667071831,0.0,120.0,0.0,14.02903538538622,11.36088196087368,1,132,2,2,WAIT,medium
highest_income,61,132,08:00,120,73.45065968949424,7.317498918186328,66.13316077130791,1,6.979895004025707,21.70198994249608,91.31811505347821,0.0,0.0,120.0,0.0,2.6985797370704905,18.208560029176162,0,145,3,2,WAIT,medium
highest_income,62,132,08:00,120,135.42910701795415,9.47547881491277,125.95362820304138,2,3.925553508759094,35.171797950226974,80.89099383360819,0.011654707405739373,0.0,120.0,0.0,5.800620334703995,21.272176279332495,1,138,3,1,WAIT,medium
highest_income,63,132,08:00,120,88.42263562587105,9.290920927410127,79.13171469846093,1,5.248077353254078,52.60658149426864,56.4147354781891,5.730605674288171,0.0,119.99999999999999,1.4210854715202004e-14,10.47853807995202,16.06695028407692,1,93,2,2,WAIT,medium
highest_income,64,132,08:00,120,87.16969844962344,8.119454850236863,79.05024359938658,1,4.315177265145948,32.26656284316143,81.84297540474816,1.5752844869444544,0.0,119.99999999999999,1.4210854715202004e-14,5.321481740112142,17.87696068913604,1,138,2,1,WAIT,medium
highest_income,65,132,08:00,120,72.76895520066458,7.733967548089579,65.034987652575,2,9.052467903077703,37.08634671139178,71.89676442233424,1.964420963196261,0.0,120.0,0.0,6.116372474856479,15.980677662542321,1,138,3,1,WAIT,medium
highest_income,66,132,08:00,120,72.49065800216218,8.618457894306099,63.87220010785608,1,3.568934605701403,43.575469610492426,72.85559578380618,0.0,0.0,120.0,0.0,7.239163253180994,17.38500215912215,0,93,2,1,WAIT,medium
highest_income,67,132,08:00,120,77.99230717580413,9.06950243386611,68.92280474193802,1,5.685253716997197,34.32247986892295,75.98428895884484,4.007977455235007,0.0,119.99999999999999,1.4210854715202004e-14,5.660548685821679,20.252315410938635,1,138,2,1,WAIT,medium
highest_income,68,132,08:00,120,86.98195481440644,7.301057021433297,79.68089779297314,1,1.8492667991757488,35.171797950226974,82.97893525059727,0.0,0.0,120.0,0.0,5.800620334703995,15.059542583676855,0,138,2,1,WAIT,medium
highest_income,69,132,08:00,120,71.58565368272465,10.044724707016563,61.54092897570809,1,8.69198579183414,51.11614980078293,49.231326813931695,10.960537593451235,0.0,120.0,0.0,10.249181488265936,18.45003196035282,1,93,3,2,WAIT,medium
highest_income,70,132,08:00,120,129.0852790389153,10.276305099878883,118.80897393903642,2,17.777222660932967,39.988745020748375,62.23403231831865,0.0,0.0,120.0,0.0,6.683114598541168,22.6777571153985,0,7,6,1,WAIT,medium
highest_income,71,132,08:00,120,83.07393141281744,8.184382072724263,74.88954934009318,1,1.0155211479992694,35.69565343448948,81.13499279309251,2.1538326244187402,0.0,120.0,0.0,5.8870158831703945,17.496932896041788,1,138,2,1,WAIT,medium
highest_income,72,132,08:00,120,89.66962642464767,12.43811572910921,77.23151069553846,1,4.5024843987441,93.24697381148103,19.85954726486434,2.390994524910525,0.0,120.0,0.0,20.183045423785064,15.354428087955537,1,132,2,3,WAIT,medium
highest_income,73,132,08:00,120,95.00534427012164,9.396030933650346,85.60931333647129,3,9.618388548273241,0.0,110.38161145172677,0.0,0.0,120.00000000000001,-1.4210854715202004e-14,0.0,26.845802667572418,0,162,4,0,WAIT,medium
highest_income,74,132,08:00,120,78.3748753487462,10.490774625231879,67.88410072351432,1,9.220616877325995,49.10292337258858,61.67645975008542,0.0,0.0,120.0,0.0,9.909480637255754,20.06416114912105,0,93,3,2,WAIT,medium
highest_income,75,132,08:00,120,91.35518243037515,8.176387701519191,83.17879472885596,1,11.740676713909256,37.38598946472993,66.02569579429569,4.8476380270651305,0.0,120.0,0.0,6.210909108635681,17.150198609990582,1,138,3,1,WAIT,medium
highest_income,76,132,08:00,120,71.86598733274596,8.890515053599042,62.97547227914691,1,14.441850774891972,32.203409338196515,73.3547398869115,0.0,0.0,119.99999999999999,1.4210854715202004e-14,5.3499305823220356,20.051540999389516,0,138,4,1,WAIT,medium
highest_income,77,132,08:00,120,85.0250575362266,8.623600794001295,76.4014567422253,1,2.7029484270149373,41.315237472763656,72.37905973615084,3.602754364070563,0.0,120.0,0.0,6.863672418971716,17.775186992460558,1,138,2,1,WAIT,medium
highest_income,78,132,08:00,120,94.374562097839,9.824711565007306,84.5498505328317,1,4.720835812301437,51.22305580893145,54.68850424281318,9.367604135953925,0.0,119.99999999999999,1.4210854715202004e-14,10.249181488265936,17.82142298318351,1,93,2,2,WAIT,medium
highest_income,79,132,08:00,120,85.37446831810554,9.627984581396905,75.74648373670864,1,11.125347388449235,51.22305580893145,57.65159680261931,0.0,0.0,120.0,0.0,10.249181488265936,17.259345887153792,0,93,4,2,WAIT,medium
highest_income,80,132,08:00,120,77.96748620198498,8.45353581202963,69.51395038995535,1,9.27411388195235,43.81925435023871,62.83786849250785,4.0687632753010945,0.0,120.0,0.0,7.279663046882188,16.873296416059613,1,93,3,1,WAIT,medium
highest_income,81,132,08:00,120,84.01977148839292,8.513110229143411,75.50666125924951,1,1.1114192882158362,27.53349240256558,80.70321239850333,10.651875910715248,0.0,119.99999999999999,1.4210854715202004e-14,4.54089199937273,19.78228008389416,1,138,2,1,WAIT,medium
highest_income,82,132,08:00,120,85.5195952434119,9.552225299196298,75.9673699442156,1,12.683961438618269,52.49967548612012,45.9466330656608,8.8697300096008,0.0,119.99999999999997,2.842170943040401e-14,10.47853807995202,16.813534203465974,1,93,4,2,WAIT,medium
highest_income,83,132,08:00,120,92.02188859503099,9.214869553115335,82.80701904191565,1,3.7126502149138947,57.114446996340504,59.1729027887456,0.0,0.0,120.0,0.0,11.225838024067258,15.102360699119412,0,93,2,2,WAIT,medium
highest_income,84,132,08:00,120,87.22583201068893,6.86433552394108,80.36149648674785,1,1.3580867574468931,0.0,113.30892865223902,5.332984590314084,0.0,120.0,0.0,0.0,19.61238721126023,1,230,2,0,WAIT,medium
highest_income,85,132,08:00,120,73.54397685572118,9.406946552162644,64.13703030355853,1,0.765239983555265,52.528311699055664,61.22982791442247,5.476620402966603,0.0,120.0,0.0,10.47853807995202,16.398452069084104,1,93,2,2,WAIT,medium
highest_income,86,132,08:00,120,156.55031979664835,11.295223136871941,145.2550966597764,2,7.274749328212815,43.55822201257482,65.2637102863324,3.9033183728799656,0.0,120.0,0.0,7.279663046882188,24.992403058466216,1,132,4,1,WAIT,medium
highest_income,87,132,08:00,120,138.37678779817958,9.461955272705406,128.91483252547417,2,10.71641627184591,55.67077596157995,53.61280776657414,0.0,0.0,120.0,0.0,11.068572625312305,15.965585296703145,0,138,4,2,WAIT,medium
highest_income,88,132,08:00,120,75.50886877847636,6.924825101945789,68.58404367653057,1,2.6626662996492367,18.083408708849362,99.2539249915014,0.0,0.0,120.0,0.0,1.6200262309961397,18.16518834599183,0,161,2,1,WAIT,medium
highest_income,89,132,08:00,120,77.89135146296817,9.01197847525807,68.8793729877101,1,4.173018649375797,33.63589275272784,76.95408812098091,5.237000476915455,0.0,120.0,0.0,5.547315032160212,20.201194897148564,1,138,2,1,WAIT,medium
highest_income,90,132,08:00,120,78.68999494868471,9.343355128543305,69.3466398201414,2,9.63824779995544,52.528311699055664,57.8334405009889,0.0,0.0,120.0,0.0,10.47853807995202,16.21676228731457,0,93,4,2,WAIT,medium
highest_income,91,132,08:00,120,87.16382507057496,8.84716953823538,78.31665553233958,1,19.547460030388347,42.15399692506749,58.29854304454416,0.0,0.0,120.0,0.0,6.988158704348737,18.289468547752353,0,93,5,1,WAIT,medium
highest_income,92,132,08:00,120,78.2811906483996,7.73928247093272,70.54190817746688,1,23.248816454720856,5.764747419260081,90.98643612601907,0.0,0.0,120.0,0.0,0.9442673102196014,21.167968321016744,0,202,6,1,WAIT,medium
highest_income,93,132,08:00,120,82.1473160412425,8.017432364528712,74.12988367671379,1,1.0436275595998914,43.89433760149426,75.06203483890584,0.0,0.0,120.0,0.0,7.239163253180994,15.667786359758184,0,93,2,1,WAIT,medium
highest_income,94,132,08:00,120,112.00845305997728,7.435228177775479,104.5732248822018,2,16.62376419694252,6.231925085666558,96.78301701964698,0.36129369774394604,0.0,120.0,0.0,0.8023858489694058,20.44112323038911,1,239,5,1,WAIT,medium
highest_income,95,132,08:00,120,149.52941355056197,10.564053588517098,138.9653599620449,2,6.0316803383533895,57.02661417764767,56.94170548399894,0.0,0.0,120.0,0.0,11.225838024067258,18.95717222883874,0,93,3,2,WAIT,medium
highest_income,96,132,08:00,120,127.35465628761273,15.27521519532447,112.07944109228825,3,11.642506379140206,66.1474122805511,42.21008134030868,0.0,0.0,119.99999999999997,2.842170943040401e-14,17.16933086626687,26.474141120374476,0,132,5,3,WAIT,medium
highest_income,97,132,08:00,120,139.4906572559131,12.094751516544074,127.39590573936903,2,2.728803634055512,45.24305827041562,72.02813809552886,0.0,0.0,119.99999999999999,1.4210854715202004e-14,7.475551339859686,27.08088156455195,0,202,3,2,WAIT,medium
highest_income,98,132,08:00,120,122.24822356244759,9.422764005084817,112.82545955736278,2,2.4579389112404257,43.575469610492426,72.20777207429563,1.758819403971529,0.0,120.00000000000001,-1.4210854715202004e-14,7.239163253180994,19.68301961848991,1,70,3,1,WAIT,medium
highest_income,99,132,08:00,120,94.64309727923894,8.912851797775723,85.73024548146321,3,3.7314606589528774,29.304235501611835,86.96430383943529,0.0,0.0,120.0,0.0,6.055385694381822,19.409905156405962,0,234,4,2,WAIT,medium
highest_income,100,132,08:00,120,85.12119510684674,7.87184042153822,77.24935468530852,1,3.515009404637243,35.171797950226974,79.73974430815343,1.5734483369823522,0.0,120.0,0.0,5.800620334703995,16.69035229826235,1,138,2,1,WAIT,medium
highest_income,101,132,08:00,120,137.26084634084867,12.799853559408605,124.46099278144007,2,7.371708667847413,62.70041439660629,44.33530093515709,5.592576000389201,0.0,120.0,0.0,10.671412322434177,25.8995978473047,1,138,4,2,WAIT,medium
highest_income,102,132,08:00,120,89.91836551442705,11.051432758967323,78.86693275545973,2,9.272350708176399,53.89148798835153,40.2238623671978,16.61229893627427,0.0,120.0,0.0,10.709268434408777,20.866253734069293,1,93,3,2,WAIT,medium
highest_income,103,132,08:00,120,76.02814077552668,8.500450248894532,67.52769052663214,1,4.483359386689594,41.315237472763656,62.39119000953709,11.810213131009661,0.0,120.0,0.0,6.863672418971716,17.42332829215552,1,138,2,1,WAIT,medium
highest_income,104,132,08:00,120,80.81786203694257,9.92009521683292,70.89776682010965,1,6.47709550496827,51.11614980078293,49.00374086601484,13.403013828233966,0.0,120.0,0.0,10.249181488265936,18.093947702685263,1,93,2,2,WAIT,medium
highest_income,105,132,08:00,120,78.30399190934753,9.516494993913652,68.78749691543388,1,10.759655816777462,39.152299331461855,44.90038656968112,25.187658282079568,0.0,120.0,0.0,6.490546598814233,20.699439098081918,1,93,3,1,WAIT,medium
highest_income,106,132,08:00,120,86.21851781138962,5.814294722534045,80.40422308885557,1,4.09030334634508,8.430876627403084,103.09144317488264,4.387376851369197,0.0,120.0,0.0,1.126618214345614,15.485652421465943,1,68,2,1,WAIT,medium
highest_income,107,132,08:00,120,91.86472817776504,10.364232512130911,81.50049566563413,3,10.362717447456115,29.312793571932676,72.85794923040908,7.466539750202159,0.0,120.00000000000003,-2.842170943040401e-14,8.321852223022558,21.290240668780047,1,138,5,2,WAIT,medium
highest_income,108,132,08:00,120,80.07251830428918,8.791825821409347,71.28069248287983,1,28.20187068979232,42.15399692506749,49.644132385140196,0.0,0.0,120.0,0.0,6.988158704348737,18.13134364253511,0,93,7,1,WAIT,medium
highest_income,109,132,08:00,120,66.49038012045837,8.723156754593012,57.767223365865355,2,15.911369093577562,43.668107498009746,46.17712070725939,14.2434027011533,0.0,120.0,0.0,7.239163253180994,17.684141759941898,1,93,5,1,WAIT,medium
highest_income,110,132,08:00,120,77.00819831987579,7.571836090467624,69.43636222940816,1,0.4263229894205275,23.00872960516973,86.21515072200656,10.349796683403184,0.0,120.0,0.0,3.794656872882214,17.839160528453856,1,195,2,1,WAIT,medium
highest_income,111,132,08:00,120,75.82465118922285,6.36326330621104,69.46138788301181,1,18.024947065027686,5.764747419260081,96.21030551571224,0.0,0.0,120.0,0.0,0.9442673102196014,17.236484993240513,0,202,5,1,WAIT,medium
highest_income,112,132,08:00,120,154.45515446300544,12.101131301097759,142.3540231619077,2,8.634070254484401,50.716362069215826,53.74099111309025,6.9085765632095075,0.0,119.99999999999999,1.4210854715202004e-14,10.249181488265936,24.325479372013376,1,230,3,2,WAIT,medium
highest_income,113,132,08:00,120,81.08989690153369,11.166889456316667,69.92300744521702,1,9.90996314973006,49.10292337258858,60.98711347768137,0.0,0.0,120.0,0.0,9.909480637255754,21.9959178093633,0,93,3,2,WAIT,medium
highest_income,114,132,08:00,120,94.17316358809555,12.328921779949672,81.84424180814588,2,4.044759160894939,57.87537278486009,58.079868054244955,0.0,0.0,119.99999999999999,1.4210854715202004e-14,11.335566780540754,23.88992401931546,0,138,3,2,WAIT,medium
highest_income,115,132,08:00,120,95.48840553548207,8.861950181597532,86.62645535388454,1,12.169143354946698,42.06457108435003,65.76628556070328,0.0,0.0,120.0,0.0,6.988158704348737,18.331698957358498,0,93,4,1,WAIT,medium
highest_income,116,132,08:00,120,73.74960357270047,9.291407126284255,64.45819644641621,1,21.040869449596613,39.06924131705906,59.88988923334433,0.0,0.0,120.0,0.0,6.490546598814233,20.05633090485507,0,93,6,1,WAIT,medium
highest_income,117,132,08:00,120,133.90801906226255,10.444663058070127,123.46335600419243,2,11.751522089893012,51.22305580893145,57.025422101175536,0.0,0.0,120.0,0.0,10.249181488265936,19.592712963363,0,93,5,2,WAIT,medium
highest_income,118,132,08:00,120,165.38460083996006,12.020614434217148,153.3639864057429,2,10.166682442995219,55.80627201259041,54.02704554441438,0.0,0.0,120.00000000000001,-1.4210854715202004e-14,11.080887213444068,23.26372545574779,0,164,4,2,WAIT,medium
highest_income,119,132,08:00,120,61.628130497684666,8.596544989923006,53.03158550776166,1,7.102967376307179,57.21253272589051,49.261668654144145,6.422831243658152,0.0,119.99999999999999,1.4210854715202004e-14,14.02903538538622,10.53252172867951,1,132,3,2,WAIT,medium
highest_income,120,132,08:00,120,77.04633071389101,8.00518188459408,69.04114882929693,1,1.6366329216389035,33.80456294305196,81.5876485599613,2.9711555753478365,0.0,120.0,0.0,5.57513253916503,17.296815702532346,1,138,2,1,WAIT,medium
highest_income,121,132,08:00,120,62.04276229673936,7.89149592630348,54.151266370435884,1,4.144871180634334,27.04756538135947,86.72765872858523,2.0799047094209726,0.0,120.0,0.0,4.460751707301817,18.086379510708127,1,207,2,1,WAIT,medium
highest_income,122,132,08:00,120,82.71749856123475,8.374233963492957,74.3432645977418,1,19.715990239800853,40.83728476026366,37.71172843688632,21.73499656304918,0.0,120.0,0.0,6.824926708865075,17.101456043971947,1,93,5,1,WAIT,medium
highest_income,123,132,08:00,120,66.94130606130237,9.93700346539923,57.00430259590314,1,2.6486248337600227,53.09736616961395,64.25400899662603,0.0,0.0,120.0,0.0,10.573074713731224,17.818363758838007,0,93,2,2,WAIT,medium
highest_income,124,132,08:00,120,81.84416567442906,8.950505177507234,72.89366049692183,1,27.220970520877113,42.15399692506749,50.6250325540554,0.0,0.0,120.0,0.0,6.988158704348737,18.584713231386218,0,93,7,1,WAIT,medium
highest_income,125,132,08:00,120,78.47975055768342,8.672520195381928,69.80723036230148,1,10.910486942003782,44.29164126071658,64.79787179727964,0.0,0.0,120.0,0.0,7.35814036437716,17.42048876528549,0,93,3,1,WAIT,medium
highest_income,126,132,08:00,120,78.86495763181672,7.803014628845354,71.06194300297136,1,10.287804797128734,27.53349240256558,82.17870280030569,0.0,0.0,120.0,0.0,4.54089199937273,17.753435511613997,0,138,3,1,WAIT,medium
highest_income,127,132,08:00,120,142.63181186620199,10.661763583565822,131.97004828263616,2,12.497499628144615,43.55822201257482,63.944278359280574,0.0,0.0,120.0,0.0,7.279663046882188,23.182518620448732,0,170,4,1,WAIT,medium
highest_income,128,132,08:00,120,78.6604615485788,10.57480132909187,68.08566021948693,1,9.920880179871805,57.114446996340504,52.96467282378769,0.0,0.0,120.0,0.0,11.225838024067258,18.98788005905237,0,93,3,2,WAIT,medium
highest_income,129,132,08:00,120,82.10837498427993,10.5859956414462,71.52237934283373,1,3.958352129233046,49.10292337258858,66.57661219139337,0.36211230678500783,0.0,120.0,0.0,9.909480637255754,20.33622119544768,1,93,2,2,WAIT,medium
highest_income,130,132,08:00,120,80.55645642876877,9.608869120007046,70.94758730876173,1,2.1088488961516494,52.49967548612012,44.65705236135004,20.734423256378193,0.0,120.0,0.0,10.47853807995202,16.975373691496685,1,93,2,2,WAIT,medium
highest_income,131,132,08:00,120,83.01537415378796,10.205609499809597,72.80976465397836,1,0.5044805256072497,49.78452281460173,69.71099665979102,0.0,0.0,120.0,0.0,10.022714290917222,19.136169994253063,0,93,2,2,WAIT,medium
highest_income,132,132,08:00,120,79.87980538226363,8.686067601952935,71.1937377803107,1,4.7041970936983155,37.04349080580259,70.48928406890901,7.763028031590082,0.0,120.0,0.0,6.154010038398844,18.66332596718097,1,138,2,1,WAIT,medium
highest_income,133,132,08:00,120,63.55203425892962,10.04182387199473,53.510210386934894,1,6.141239701080334,51.14772103664846,62.71103926227121,0.0,0.0,120.0,0.0,10.249181488265936,18.441743860290437,0,93,3,2,WAIT,medium
highest_income,134,132,08:00,120,92.45861933112776,10.215885162156763,82.242734168971,1,6.634438891592872,52.202086335759425,40.41728647138871,20.746188301258996,0.0,120.0,0.0,10.47853807995202,18.70970524049588,1,93,3,2,WAIT,medium
highest_income,135,132,08:00,120,82.77146863297382,8.384631395696328,74.38683723727749,1,5.534027127781757,36.816934994171646,71.70691030918115,5.942127568865445,0.0,120.0,0.0,6.116372474856479,17.83971722713303,1,138,2,1,WAIT,medium
highest_income,136,132,08:00,120,69.15750039448703,8.277090719298918,60.88040967518811,1,2.0056594567561294,44.29164126071658,64.09459780892844,9.608101473598836,0.0,119.99999999999999,1.4210854715202004e-14,7.35814036437716,16.29069026219118,1,93,2,1,WAIT,medium
highest_income,137,132,08:00,120,56.45062672311098,9.750769171842034,46.69985755126895,1,2.4313092482474605,53.17684572812968,57.365542145877555,7.026302877745309,0.0,120.0,0.0,10.573074713731224,17.28626577724602,1,93,2,2,WAIT,medium
highest_income,138,132,08:00,120,93.77386322458652,9.887132556523575,83.88673066806294,1,2.993586579761784,52.75486751068661,64.25154590955161,0.0,0.0,120.0,0.0,10.516175643494385,17.732774518001545,0,93,2,2,WAIT,medium
highest_income,139,132,08:00,120,86.49384124263793,9.375843332496789,77.11799791014114,1,10.451944294713382,41.16934827485739,53.07799954286378,15.300707887565437,0.0,119.99999999999999,1.4210854715202004e-14,6.824926708865075,19.963197098268612,1,93,3,1,WAIT,medium
highest_income,140,132,08:00,120,116.91892714623472,12.195777224339366,104.72314992189536,2,1.7818131708097027,52.0887285202961,63.77335128874269,2.356107020151498,0.0,119.99999999999999,1.4210854715202004e-14,10.47853807995202,24.36653970387474,1,132,3,2,WAIT,medium
highest_income,141,132,08:00,120,85.82574220327943,7.905746607169382,77.91999559611006,1,6.693577472800112,24.882546762131966,88.42387576506792,0.0,0.0,120.0,0.0,4.103691455634394,18.484155993420984,0,207,3,1,WAIT,medium
highest_income,142,132,08:00,120,86.22478197540048,12.00977767767769,74.21500429772279,1,11.299948187258522,86.22270945203152,1.0,21.477342360709955,0.0,120.0,0.0,17.479908283556718,16.83374222409383,1,132,4,2,WAIT,medium
highest_income,143,132,08:00,120,96.03929780244081,11.132978321788976,84.90631948065183,1,6.315156425083331,49.78452281460173,63.90032076031493,0.0,0.0,120.0,0.0,10.022714290917222,21.785795199908428,0,93,3,2,WAIT,medium
highest_income,144,132,08:00,120,0.0,0.0,0.0,0,0.0182630394115739,0.0,0.0,119.98173696058842,0.0,120.0,0.0,0.0,0.0,1,132,1,0,WAIT,medium
highest_income,145,132,08:00,120,89.09729064393845,11.262518926468601,77.83477171746985,1,25.578701127164983,48.797103128811656,42.58519821308868,3.0389975309346937,0.0,120.00000000000003,-2.842170943040401e-14,9.909480637255754,22.269144866940255,1,93,6,2,WAIT,medium
highest_income,146,132,08:00,120,75.51345546436013,8.416252905899757,67.09720255846038,1,26.868253441382723,43.668107498009746,49.46363906060754,0.0,0.0,120.0,0.0,7.239163253180994,16.807273620818314,0,93,7,1,WAIT,medium
highest_income,147,132,08:00,120,87.86448441245658,7.337074884633235,80.52740952782334,1,6.962994873949351,27.04756538135947,85.98943974469117,0.0,0.0,119.99999999999999,1.4210854715202004e-14,4.460751707301817,16.502319391650285,0,207,2,1,WAIT,medium
highest_income,148,132,08:00,120,90.79076943848538,10.338258199845004,80.45251123864038,1,9.320157694961365,51.52555396686268,26.613326911524616,32.540961426651336,0.0,120.0,0.0,10.516175643494385,19.021704927491346,1,93,3,2,WAIT,medium
highest_income,149,132,08:00,120,108.96144242305165,9.541397130548177,99.42004529250347,2,14.015049036945276,35.69565343448948,70.28929752856524,0.0,0.0,120.0,0.0,5.8870158831703945,21.374118775538683,0,138,5,1,WAIT,medium
greedy_net_earnings,0,132,08:00,120,166.31760979904737,9.653831645538537,156.66377815350884,3,21.19776888266535,0.0,93.52669962428361,5.275531493051034,0.0,120.0,0.0,0.0,27.582376130110106,1,230,7,0,WAIT,medium
greedy_net_earnings,1,132,08:00,120,65.7447258677145,7.526799071270086,58.21792679644441,1,3.425232829620846,33.25133426957525,83.32343290080391,0.0,0.0,120.0,0.0,5.483892691328659,16.02124751230016,0,199,2,1,WAIT,medium
greedy_net_earnings,2,132,08:00,120,117.85330951272144,10.404830276580444,107.448479236141,3,20.657196031843064,36.00679517966888,63.33600878848807,0.0,0.0,120.00000000000001,-1.4210854715202004e-14,6.234200890423125,23.493885614092434,0,105,6,3,WAIT,medium
greedy_net_earnings,3,132,08:00,120,128.9149367650579,11.853676797441471,117.06125996761642,5,20.152032391932277,33.25133426957525,63.647137186829326,2.9494961516631264,0.0,119.99999999999999,1.4210854715202004e-14,5.483892691328659,28.38375530136126,1,199,7,1,WAIT,medium
greedy_net_earnings,4,132,08:00,120,83.78973230945856,7.906213462614932,75.88351884684363,1,7.96819401796989,30.633933783155136,81.39787219887498,0.0,0.0,120.0,0.0,5.052224497764085,17.536956823992867,0,195,3,1,WAIT,medium
greedy_net_earnings,5,132,08:00,120,94.55001040178607,7.692819831264318,86.85719057052175,1,22.08900369657476,31.26713696900328,66.11241882517217,0.5314405092497907,0.0,120.0,0.0,5.194388287755453,16.785096944428314,1,195,5,1,WAIT,medium
greedy_net_earnings,6,132,08:00,120,117.59969361698784,8.61179589789623,108.9878977190916,3,31.980263464418677,16.364329411356707,71.65540712422462,0.0,0.0,120.0,0.0,2.9949994007710856,21.61013173607528,0,145,8,2,WAIT,medium
greedy_net_earnings,7,132,08:00,120,130.3602367667965,9.221553228163028,121.13868353863347,3,7.879528151039611,11.22344939717844,100.89702245178195,0.0,0.0,120.0,0.0,0.8079568506817426,25.53933808692691,0,170,4,1,WAIT,medium
greedy_net_earnings,8,132,08:00,120,99.85436006882136,10.07015910834639,89.78420096047498,2,24.079237904189814,31.76477641897683,32.88128322497901,31.27470245185434,0.0,119.99999999999999,1.4210854715202004e-14,5.308684753545373,23.4631984131586,1,199,7,1,WAIT,medium
greedy_net_earnings,9,132,08:00,120,90.82677323342202,8.320276176210323,82.50649705721169,2,6.875081401880583,19.97512252709047,93.14979607102896,0.0,0.0,120.00000000000001,-1.4210854715202004e-14,5.18155674214191,18.590660904173298,0,170,3,1,WAIT,medium
greedy_net_earnings,10,132,08:00,120,142.90764379606202,13.207299109599933,129.70034468646207,3,8.413251408799193,38.79846529015545,72.78828330104535,0.0,0.0,120.0,0.0,6.444980281326928,31.29016003181574,0,145,4,2,WAIT,medium
greedy_net_earnings,11,132,08:00,120,84.4538202834787,7.744196717068453,76.70962356641026,1,9.622576292468308,31.26713696900328,73.06140630737713,6.048880431151304,0.0,120.00000000000001,-1.4210854715202004e-14,5.194388287755453,16.93188804672584,1,195,3,1,WAIT,medium
greedy_net_earnings,12,132,08:00,120,91.55712987807945,8.240010865866477,83.31711901221297,2,15.437619741574185,10.367495672962935,94.19488458546287,0.0,0.0,120.0,0.0,1.111820073635345,22.43106811455459,0,48,5,1,WAIT,medium
greedy_net_earnings,13,132,08:00,120,86.78065547385339,6.168241278326757,80.61241419552663,1,1.7719821567352316,0.0,118.22801784326477,0.0,0.0,120.0,0.0,0.0,17.623546509505022,0,230,2,0,WAIT,medium
greedy_net_earnings,14,132,08:00,120,134.97485326604152,10.872262580010435,124.10259068603108,3,14.558363508170192,20.036710437426343,85.40492605440345,0.0,0.0,119.99999999999999,1.4210854715202004e-14,3.5760800802611454,27.487527291197246,0,231,5,2,WAIT,medium
greedy_net_earnings,15,132,08:00,120,87.71553291988536,7.470820368594104,80.24471255129126,2,4.25776731892084,7.255935836497811,108.48629684458135,0.0,0.0,120.0,0.0,1.173438527333942,20.171762525792072,0,145,3,1,WAIT,medium
greedy_net_earnings,16,132,08:00,120,138.05724330631023,10.277923206366912,127.77932009994332,3,13.96299322778138,29.771986391882997,70.23463337355344,6.030387006782192,0.0,120.00000000000001,-1.4210854715202004e-14,4.9355074495075595,24.42998742582648,1,164,6,1,WAIT,medium
greedy_net_earnings,17,132,08:00,120,83.10556873523734,9.194150113752523,73.91141862148481,1,4.699386693315086,31.95513390973077,65.19768131997535,18.147798076978788,0.0,119.99999999999999,1.4210854715202004e-14,5.308684753545373,20.960315571461837,1,199,2,1,WAIT,medium
greedy_net_earnings,18,132,08:00,120,86.85776842072187,7.833403097017322,79.02436532370454,1,12.681468064366399,30.47604740444225,53.58503341270426,23.257451118487097,0.0,120.00000000000001,-1.4210854715202004e-14,5.052224497764085,17.328927207999694,1,195,4,1,WAIT,medium
greedy_net_earnings,19,132,08:00,120,142.60097803793877,12.214590953976606,130.38638708396218,2,14.615167380068455,31.79901377309872,72.43122453586818,1.1545943109646402,0.0,120.0,0.0,5.271541753992986,29.62728954308303,1,239,4,1,WAIT,medium
greedy_net_earnings,20,132,08:00,120,162.40116422949396,11.106905333829255,151.2942588956647,4,11.229647647770182,31.54252945365764,77.22782289857217,0.0,0.0,120.0,0.0,5.271541753992986,26.462473485519176,0,161,5,1,WAIT,medium
greedy_net_earnings,21,132,08:00,120,97.84588464066243,7.094792468735599,90.75109217192683,1,6.300715103765757,10.656165903631408,94.64758421676653,8.39553477583631,0.0,120.00000000000001,-1.4210854715202004e-14,1.7454830859471333,18.52535253901172,1,145,2,1,WAIT,medium
greedy_net_earnings,22,132,08:00,120,86.96446752002392,10.264617818280529,76.69984970174339,2,6.936489175746852,24.065426540851657,83.38683121885258,5.6112530645489045,0.0,119.99999999999999,1.4210854715202004e-14,3.9689299578524526,25.35854952294906,1,199,4,1,WAIT,medium
greedy_net_earnings,23,132,08:00,120,88.70645315702399,6.0812197867476225,82.62523337027636,1,41.439003007586926,0.0,70.55593723795657,8.005059754456497,0.0,119.99999999999999,1.4210854715202004e-14,0.0,17.37491367642178,1,230,10,0,WAIT,medium
greedy_net_earnings,24,132,08:00,120,92.44536231860567,8.359184370065744,84.08617794853993,1,5.485443740471231,27.81788099465722,70.03368159154937,16.66299367332219,0.0,120.00000000000001,-1.4210854715202004e-14,4.6213657288823615,19.26201818559119,1,199,2,1,WAIT,medium
greedy_net_earnings,25,132,08:00,120,88.8177736999656,8.33150964848187,80.48626405148373,1,10.57237839328539,30.633933783155136,78.50640074965857,0.2872870739008988,0.0,120.0,0.0,5.052224497764085,18.752088783612685,1,195,3,1,WAIT,medium
greedy_net_earnings,26,132,08:00,120,93.16162678243403,8.62685175319046,84.53477502924356,3,8.478238451271896,27.552889003619903,66.54590920509769,17.422963340010497,0.0,119.99999999999999,1.4210854715202004e-14,4.577342788887638,20.07080507737082,1,195,4,1,WAIT,medium
greedy_net_earnings,27,132,08:00,120,99.04765061546973,7.860139076624954,91.18751153884477,1,15.171569229177713,35.296700760215394,55.2729613596359,14.258768650971007,0.0,120.00000000000001,-1.4210854715202004e-14,5.851377440928088,16.606162778000353,1,199,4,1,WAIT,medium
greedy_net_earnings,28,132,08:00,120,105.55518383448265,11.236926134893094,94.31825769958955,2,6.135440509064717,26.49098471067518,78.72557288607463,8.64800189418547,0.0,119.99999999999999,1.4210854715202004e-14,4.368959039754844,27.736544202796853,1,199,4,1,WAIT,medium
greedy_net_earnings,29,132,08:00,120,64.42036340910059,6.602891311677538,57.81747209742305,1,14.467854743379446,0.0,87.47372302060097,18.05842223601958,0.0,120.0,0.0,0.0,18.86540374765011,1,230,4,0,WAIT,medium
greedy_net_earnings,30,132,08:00,120,85.14249036633096,7.579349758091381,77.56314060823958,1,13.054116246408693,31.95513390973077,59.92884622344506,15.061903620415478,0.0,120.0,0.0,5.308684753545373,16.34660026957286,1,199,4,1,WAIT,medium
greedy_net_earnings,31,132,08:00,120,74.516417684363,7.4885698601595045,67.0278478242035,1,1.0106045002720503,26.49098471067518,85.29226762532042,7.206143163732349,0.0,120.0,0.0,4.368959039754844,17.02695484641517,1,199,2,1,WAIT,medium
greedy_net_earnings,32,132,08:00,120,97.46403828419372,7.493973900726076,89.97006438346764,2,11.677559041320748,10.367495672962935,97.95494528571632,0.0,0.0,120.0,0.0,1.111820073635345,20.29953392843916,0,48,4,1,WAIT,medium
greedy_net_earnings,33,132,08:00,120,83.63717159551146,7.6953056687528045,75.94186592675865,1,7.603838444257107,26.07933533881795,79.84415198026193,6.472674236663025,0.0,120.00000000000001,-1.4210854715202004e-14,4.301068802225837,17.68551882278218,1,207,3,1,WAIT,medium
greedy_net_earnings,34,132,08:00,120,81.34529651275129,7.981173438195948,73.36412307455534,1,3.419214753946086,33.01753776903348,71.89275108431413,11.670496392706298,0.0,120.0,0.0,5.485181187136304,17.31817149342355,1,195,2,1,WAIT,medium
greedy_net_earnings,35,132,08:00,120,103.89226038033358,9.204395754100105,94.68786462623348,2,5.940372164547499,32.575574665455385,81.48405316999713,0.0,0.0,120.0,0.0,5.372444737869574,20.925828845273585,0,195,3,1,WAIT,medium
greedy_net_earnings,36,132,08:00,120,110.04624146855414,12.981328871829264,97.06491259672488,3,8.225590346368847,49.12387716797153,62.650532485659625,0.0,0.0,120.0,0.0,11.58927571530667,25.500235347062656,0,199,5,3,WAIT,medium
greedy_net_earnings,37,132,08:00,120,112.73607361201667,8.430674958241713,104.30539865377496,2,5.488805482686316,24.230298437878716,88.12813622497498,2.152759854459987,0.0,120.0,0.0,3.9689299578524526,20.118712779981013,1,199,3,1,WAIT,medium
greedy_net_earnings,38,132,08:00,120,122.87597856547583,10.776504064103491,112.09947450137234,2,17.63878223934917,40.713751333347936,61.6474664273029,0.0,0.0,120.0,0.0,6.222135039281488,24.567876572442778,0,107,6,2,WAIT,medium
greedy_net_earnings,39,132,08:00,120,86.36401828608913,7.084088468942118,79.27992981714702,2,42.413294759123694,0.0,77.43450297610588,0.1522022647704233,0.0,119.99999999999999,1.4210854715202004e-14,0.0,20.24025276840605,1,239,11,0,WAIT,medium
greedy_net_earnings,40,132,08:00,120,140.4701075558185,11.286741077803361,129.18336647801513,3,15.300036520272508,8.253518800007585,96.4464446797199,0.0,0.0,120.0,0.0,3.1402954808806487,29.1075361699861,0,163,5,1,WAIT,medium
greedy_net_earnings,41,132,08:00,120,118.97506067214587,7.270939352963997,111.70412131918188,3,5.307695131163556,0.0,96.30456650247034,18.387738366366108,0.0,120.0,0.0,0.0,20.774112437039992,1,143,4,0,WAIT,medium
greedy_net_earnings,42,132,08:00,120,67.68774116351692,8.237427962780641,59.450313200736275,1,7.15114245726606,24.065426540851657,75.5441311867809,13.23929981510139,0.0,120.0,0.0,3.9689299578524526,19.566578507235093,1,199,2,1,WAIT,medium
greedy_net_earnings,43,132,08:00,120,92.55650878694277,8.535345658202544,84.02116312874023,3,20.026730783921728,24.32636984910596,75.6468993669723,0.0,0.0,120.0,0.0,4.011965376803933,20.37473650377477,0,195,6,1,WAIT,medium
greedy_net_earnings,44,132,08:00,120,127.81828716612628,10.19706756163958,117.6212196044867,3,21.070423534373898,8.253518800007585,90.67605766561852,0.0,0.0,120.0,0.0,3.1402954808806487,25.99418326666101,0,236,6,1,WAIT,medium
greedy_net_earnings,45,132,08:00,120,136.6277159482269,8.488062374807186,128.1396535734197,3,8.030946182258134,0.0,111.96905381774187,0.0,0.0,120.0,0.0,0.0,24.251606785163386,0,186,4,0,WAIT,medium
greedy_net_earnings,46,132,08:00,120,83.1581591912899,7.372118608671045,75.78604058261885,1,2.5769108434290113,27.652169217664103,43.54418574239787,46.226734196509014,0.0,120.0,0.0,4.6213657288823615,16.441830295892053,1,199,2,1,WAIT,medium
greedy_net_earnings,47,132,08:00,120,122.03087539578897,10.76693753083591,111.26393786495305,2,4.403192680928241,36.957770882104015,78.63903643696774,0.0,0.0,120.0,0.0,6.126744487413468,24.635934172117707,0,236,3,1,WAIT,medium
greedy_net_earnings,48,132,08:00,120,105.02399822434938,11.300829608036775,93.7231686163126,3,8.75194307476864,32.33893120261042,65.08311693087197,13.82600879174899,0.0,120.00000000000001,-1.4210854715202004e-14,5.372444737869574,26.915639856521214,1,195,4,1,WAIT,medium
greedy_net_earnings,49,132,08:00,120,94.36547845378803,8.101922190859284,86.26355626292874,3,19.18846027953378,0.0,100.81153972046621,0.0,0.0,120.0,0.0,0.0,23.14834911674081,0,239,6,0,WAIT,medium
greedy_net_earnings,50,132,08:00,120,58.19513678241209,3.190179478140426,55.00495730427166,2,2.9595879937359815,8.495519944444162,80.75442166892269,27.790470392897163,0.0,120.0,0.0,3.1402954808806487,5.974503028091998,1,132,3,1,WAIT,medium
greedy_net_earnings,51,132,08:00,120,88.12695622276638,7.267133727276192,80.85982249549019,1,15.212661579182848,30.411395263253077,69.4188533135015,4.9570898440625655,0.0,119.99999999999999,1.4210854715202004e-14,5.052224497764085,15.711014723025034,1,195,4,1,WAIT,medium
greedy_net_earnings,52,132,08:00,120,88.24978498075292,9.48892696284215,78.76085801791078,3,25.623006167418364,30.411395263253077,62.945741984788725,1.0198565845398377,0.0,120.0,0.0,5.052224497764085,22.058995396070635,1,195,8,1,WAIT,medium
greedy_net_earnings,53,132,08:00,120,109.2998260356897,8.710288279609083,100.58953775608062,2,22.55811394654975,32.32403447130765,61.51006025327827,3.6077913288643373,0.0,120.0,0.0,5.618475354578797,19.268062587161445,1,199,6,2,WAIT,medium
greedy_net_earnings,54,132,08:00,120,74.84378714638196,9.059746506673454,65.78404063970851,1,8.687094421931507,32.18896889632003,79.12393668174846,0.0,0.0,120.0,0.0,5.308684753545373,20.57630526552164,0,199,3,1,WAIT,medium
greedy_net_earnings,55,132,08:00,120,80.95363980727623,8.490330085208253,72.46330972206798,2,23.656218793301864,27.944655865691317,68.39912534100682,0.0,0.0,120.0,0.0,4.577342788887638,19.680743168850228,0,195,7,1,WAIT,medium
greedy_net_earnings,56,132,08:00,120,127.94319764646406,11.227784028308399,116.71541361815565,2,6.131061844144402,31.731555080019145,82.13738307583645,0.0,0.0,120.0,0.0,5.271541753992986,26.807841184031012,0,170,3,1,WAIT,medium
greedy_net_earnings,57,132,08:00,120,108.19665957003765,7.913730437353364,100.28292913268429,2,22.262222817582412,10.656165903631408,87.08161127878618,0.0,0.0,120.0,0.0,1.7454830859471333,20.86517530649105,0,145,6,1,WAIT,medium
greedy_net_earnings,58,132,08:00,120,76.27965787303577,8.307778924810487,67.97187894822528,1,11.760132010343343,31.79901377309872,48.97292514421488,27.467929072343054,0.0,120.0,0.0,5.271541753992986,18.464969459751263,1,199,4,1,WAIT,medium
greedy_net_earnings,59,132,08:00,120,117.47841168277603,10.451033874881293,107.02737780789474,2,10.171926477584257,37.99440606562329,64.61542030581839,7.218247150974051,0.0,119.99999999999999,1.4210854715202004e-14,6.574243682402839,23.28585310297229,1,199,4,2,WAIT,medium
greedy_net_earnings,60,132,08:00,120,120.19598861080821,9.997456630448177,110.19853198036003,3,11.014034646736672,37.89713240404532,71.08883294921802,0.0,0.0,120.00000000000001,-1.4210854715202004e-14,6.558201068369325,22.00596073291118,0,199,5,2,WAIT,medium
greedy_net_earnings,61,132,08:00,120,81.54916127495665,7.239999339292112,74.30916193566453,2,4.224525934942663,18.090190695605926,97.68528336945141,0.0,0.0,120.0,0.0,1.5032254509130585,19.182486947064408,0,186,3,2,WAIT,medium
greedy_net_earnings,62,132,08:00,120,135.42910701795415,9.47547881491277,125.95362820304138,2,3.925553508759094,35.171797950226974,80.89099383360819,0.011654707405739373,0.0,120.0,0.0,5.800620334703995,21.272176279332495,1,138,3,1,WAIT,medium
greedy_net_earnings,63,132,08:00,120,88.42263562587105,7.767793170021635,80.65484245584942,1,7.264468188086443,36.957770882104015,56.4147354781891,19.363025451620445,0.0,120.0,0.0,6.126744487413468,16.06695028407692,1,199,3,1,WAIT,medium
greedy_net_earnings,64,132,08:00,120,87.16969844962344,7.609090342294571,79.56060810732887,1,9.423479956516072,23.424928516117703,81.84297540474816,5.308616122618062,0.0,120.0,0.0,3.8632974317055897,17.87696068913604,1,207,3,1,WAIT,medium
greedy_net_earnings,65,132,08:00,120,72.76895520066458,7.212369626265614,65.55658557439897,2,20.05313260725702,28.050102970408737,71.89676442233424,0.0,0.0,120.0,0.0,4.626092698216579,15.980677662542321,0,207,5,1,WAIT,medium
greedy_net_earnings,66,132,08:00,120,72.49065800216218,8.132732860017583,64.3579251421446,1,6.374361713689044,35.22182204478431,72.85559578380618,5.5482204577204755,0.0,120.00000000000001,-1.4210854715202004e-14,5.851377440928088,17.38500215912215,1,199,3,1,WAIT,medium
greedy_net_earnings,67,132,08:00,120,77.99230717580413,8.951964972481132,69.040342203323,1,6.048922145285528,32.28624255789799,75.98428895884484,5.680546337971634,0.0,120.0,0.0,5.3247273675788875,20.252315410938635,1,199,2,1,WAIT,medium
greedy_net_earnings,68,132,08:00,120,86.98195481440644,7.31882200861173,79.6631328057947,1,1.54150339084313,35.4795613585596,82.97893525059727,0.0,0.0,120.0,0.0,5.851377440928088,15.059542583676855,0,199,2,1,WAIT,medium
greedy_net_earnings,69,132,08:00,120,96.26716221541507,7.594602020176853,88.67256019523822,3,27.0408733445043,7.255935836497811,85.7031908189979,0.0,0.0,120.0,0.0,1.173438527333942,20.525424387457072,0,145,8,1,WAIT,medium
greedy_net_earnings,70,132,08:00,120,97.96724591826369,9.015226905109126,88.95201901315455,2,6.061210558977518,33.00978178841174,59.83869821343206,21.090309439178682,0.0,120.00000000000001,-1.4210854715202004e-14,5.483892691328659,20.273898466125985,1,199,3,1,WAIT,medium
greedy_net_earnings,71,132,08:00,120,100.61261941862408,7.389887655336142,93.22273176328794,3,19.16186552866259,8.944442359829832,88.00563002222106,3.8880620892865068,0.0,119.99999999999999,1.4210854715202004e-14,0.8429103207506001,20.27105440878124,1,186,6,1,WAIT,medium
greedy_net_earnings,72,132,08:00,120,137.82355482544372,11.51890919861797,126.30464562682575,3,26.42455593263874,42.76677457543609,48.26664842709157,2.5420210648336194,0.0,120.00000000000001,-1.4210854715202004e-14,7.229375777275792,25.6817933616327,1,145,7,2,WAIT,medium
greedy_net_earnings,73,132,08:00,120,95.00534427012164,9.396030933650346,85.60931333647129,3,9.618388548273241,0.0,110.38161145172677,0.0,0.0,120.00000000000001,-1.4210854715202004e-14,0.0,26.845802667572418,0,162,4,0,WAIT,medium
greedy_net_earnings,74,132,08:00,120,111.33847569262024,8.804887691616289,102.53358800100395,3,15.069503597057121,15.312860261803351,89.61763614113953,0.0,0.0,120.0,0.0,1.5732410281108398,23.583580947935697,0,186,5,2,WAIT,medium
greedy_net_earnings,75,132,08:00,120,91.35518243037515,7.922382928994409,83.43279950138074,1,20.956766436670833,33.01753776903348,66.02569579429569,0.0,0.0,120.0,0.0,5.485181187136304,17.150198609990582,0,195,5,1,WAIT,medium
greedy_net_earnings,76,132,08:00,120,79.51451273650467,7.227797581344121,72.28671515516055,2,28.240335606146417,0.0,83.38920299977272,8.370461394080863,0.0,120.0,0.0,0.0,20.650850232411777,1,239,8,0,WAIT,medium
greedy_net_earnings,77,132,08:00,120,85.0250575362266,7.9895940215786245,77.03546351464797,1,4.1534973173514,30.411395263253077,72.37905973615084,13.0560476832447,0.0,120.00000000000001,-1.4210854715202004e-14,5.052224497764085,17.775186992460558,1,195,2,1,WAIT,medium
greedy_net_earnings,78,132,08:00,120,107.1984381103253,8.35283410605146,98.84560400427384,2,16.340153119265153,30.411395263253077,61.843853579586316,11.404598037895454,0.0,120.0,0.0,5.052224497764085,18.813015805240088,1,195,5,1,WAIT,medium
greedy_net_earnings,79,132,08:00,120,85.37446831810554,7.602034158059463,77.77243416004607,1,28.668807572227536,27.04756538135947,57.65159680261931,6.632030243793679,0.0,120.0,0.0,4.460751707301817,17.259345887153792,1,207,7,1,WAIT,medium
greedy_net_earnings,80,132,08:00,120,77.96748620198498,7.825016187585895,70.1424700143991,1,4.682069168448828,33.00978178841174,62.83786849250785,19.470280550631585,0.0,120.00000000000001,-1.4210854715202004e-14,5.483892691328659,16.873296416059613,1,199,2,1,WAIT,medium
greedy_net_earnings,81,132,08:00,120,84.01977148839292,8.452933693277151,75.56683779511577,1,1.1382848303715922,26.49098471067518,80.70321239850333,11.667518060449908,0.0,120.0,0.0,4.368959039754844,19.78228008389416,1,199,2,1,WAIT,medium
greedy_net_earnings,82,132,08:00,120,139.7647816338836,10.75330569500446,129.01147593887913,2,5.307043565897142,36.957770882104015,74.33859190140438,3.396593650594454,0.0,119.99999999999999,1.4210854715202004e-14,6.126744487413468,24.596986069742133,1,141,3,1,WAIT,medium
greedy_net_earnings,83,132,08:00,120,92.02188859503099,7.054104818909224,84.96778377612176,1,4.268386036915196,30.47604740444225,59.1729027887456,26.082663769896953,0.0,120.0,0.0,5.052224497764085,15.102360699119412,1,195,2,1,WAIT,medium
greedy_net_earnings,84,132,08:00,120,87.22583201068893,6.86433552394108,80.36149648674785,1,1.3580867574468931,0.0,113.30892865223902,5.332984590314084,0.0,120.0,0.0,0.0,19.61238721126023,1,230,2,0,WAIT,medium
greedy_net_earnings,85,132,08:00,120,73.54397685572118,7.883818794774149,65.66015806094704,1,1.3263564892972441,36.87936835866003,61.22982791442247,20.564447237620257,0.0,120.00000000000001,-1.4210854715202004e-14,6.126744487413468,16.398452069084104,1,199,2,1,WAIT,medium
greedy_net_earnings,86,132,08:00,120,145.01500342937118,11.748120266723378,133.2668831626478,2,4.513176498453691,32.81314173522569,74.96305300451192,7.710628761808707,0.0,120.00000000000001,-1.4210854715202004e-14,5.483892691328659,28.082165213595278,1,230,3,1,WAIT,medium
greedy_net_earnings,87,132,08:00,120,148.40610607306752,9.63192403593596,138.77418203713157,3,11.241292993532191,53.22645679666572,55.53225020980209,0.0,0.0,120.0,0.0,10.66544943347057,16.85433352634646,0,199,5,2,WAIT,medium
greedy_net_earnings,88,132,08:00,120,85.91709879603768,6.766569583989041,79.15052921204864,2,10.167510988568207,0.0,105.63843996214057,4.194049049291223,0.0,120.0,0.0,0.0,19.3330559542544,1,48,4,0,WAIT,medium
greedy_net_earnings,89,132,08:00,120,107.94715269227851,8.688966345357645,99.25818634692087,2,7.892906830445097,10.656165903631408,91.33319489780551,10.117732368117984,0.0,120.0,0.0,1.7454830859471333,23.08013504364614,1,145,4,1,WAIT,medium
greedy_net_earnings,90,132,08:00,120,78.68999494868471,7.820227371154812,70.8697675775299,2,5.565115705204286,36.87936835866003,57.8334405009889,19.72207543514679,0.0,120.0,0.0,6.126744487413468,16.21676228731457,1,199,3,1,WAIT,medium
greedy_net_earnings,91,132,08:00,120,87.16382507057496,8.246353605610867,78.9174714649641,1,3.071451540512899,31.79901377309872,58.29854304454416,26.830991641844236,0.0,120.00000000000001,-1.4210854715202004e-14,5.271541753992986,18.289468547752353,1,199,2,1,WAIT,medium
greedy_net_earnings,92,132,08:00,120,94.40445635389116,8.084342921681936,86.32011343220923,2,20.993193596529323,0.0,99.00680640347068,0.0,0.0,120.0,0.0,0.0,23.09812263337696,0,230,6,0,WAIT,medium
greedy_net_earnings,93,132,08:00,120,133.60550467932438,7.831580230734087,125.7739244485903,2,7.113933136111413,26.07933533881795,79.43879520534155,7.367936319729083,0.0,119.99999999999999,1.4210854715202004e-14,4.301068802225837,18.074874714157268,1,138,3,1,WAIT,medium
greedy_net_earnings,94,132,08:00,120,136.11894461084694,8.172883352678069,127.94606125816887,3,16.387345489645444,5.833049760632471,97.77960474972208,0.0,0.0,120.0,0.0,1.249516314823952,22.10157897854196,0,234,6,1,WAIT,medium
greedy_net_earnings,95,132,08:00,120,174.37646325318326,9.841868744573285,164.53459450860998,3,7.068176077052609,30.411395263253077,82.52042865969433,0.0,0.0,120.00000000000001,-1.4210854715202004e-14,5.052224497764085,23.067400486731017,0,89,4,1,WAIT,medium
greedy_net_earnings,96,132,08:00,120,153.00130511105317,13.331473787769982,139.66983132328318,3,17.051143977058558,38.0220186569525,64.92683736598894,0.0,0.0,120.0,0.0,6.558201068369325,31.531724039544905,0,199,6,2,WAIT,medium
greedy_net_earnings,97,132,08:00,120,76.08245960574476,7.57985490261612,68.50260470312864,1,7.61239830478025,26.354450967600794,53.74779108461183,32.285359643007126,0.0,120.0,0.0,4.368959039754844,17.28776925343407,1,199,3,1,WAIT,medium
greedy_net_earnings,98,132,08:00,120,93.12754481639554,7.692117896384388,85.43542692001115,1,0.7494393933913268,35.22182204478431,65.96465042841834,18.06408813340603,0.0,120.00000000000001,-1.4210854715202004e-14,5.851377440928088,16.126102263027306,1,199,2,1,WAIT,medium
greedy_net_earnings,99,132,08:00,120,94.64309727923894,8.912851797775723,85.73024548146321,3,3.7314606589528774,29.304235501611835,86.96430383943529,0.0,0.0,120.0,0.0,6.055385694381822,19.409905156405962,0,234,4,2,WAIT,medium
greedy_net_earnings,100,132,08:00,120,85.12119510684674,7.346997385170865,77.77419772167588,1,12.37066430413725,26.07933533881795,79.73974430815343,1.8102560488913753,0.0,120.0,0.0,4.301068802225837,16.69035229826235,1,207,4,1,WAIT,medium
greedy_net_earnings,101,132,08:00,120,144.04059042565294,13.050954302911588,130.98963612274136,3,15.101175483830605,37.00756001727274,67.89126449889667,0.0,0.0,120.00000000000001,-1.4210854715202004e-14,5.618731406229967,31.66970945923172,0,79,6,2,WAIT,medium
greedy_net_earnings,102,132,08:00,120,99.11908866206325,9.420469209814367,89.69861945224888,2,6.539099730760168,28.76372437053811,73.50536884088548,11.191807057816263,0.0,120.00000000000001,-1.4210854715202004e-14,3.9175659746878977,22.99806033906744,1,195,3,2,WAIT,medium
greedy_net_earnings,103,132,08:00,120,76.02814077552668,7.866443476471861,68.16169729905482,1,5.384796122461721,30.411395263253077,62.39119000953709,21.812618604748124,0.0,120.00000000000001,-1.4210854715202004e-14,5.052224497764085,17.42332829215552,1,195,2,1,WAIT,medium
greedy_net_earnings,104,132,08:00,120,98.99919424408452,8.54636636166284,90.45282788242169,2,3.583157040550942,29.70882785159901,66.37241368975457,20.33560141809548,0.0,120.0,0.0,4.9355074495075595,19.48268215524341,1,199,3,1,WAIT,medium
greedy_net_earnings,105,132,08:00,120,85.38592627643412,9.320100462238699,76.06582581419542,2,10.94080585634832,23.941394052056328,52.46498096575232,32.65281912584304,0.0,120.0,0.0,3.9689299578524526,22.659928505686693,1,199,4,1,WAIT,medium
greedy_net_earnings,106,132,08:00,120,86.21851781138962,5.41997834751308,80.79853946387654,1,0.56719629986601,0.0,103.09144317488264,16.341360525251346,0.0,120.0,0.0,0.0,15.485652421465943,1,48,2,0,WAIT,medium
greedy_net_earnings,107,132,08:00,120,91.86472817776504,10.364232512130911,81.50049566563413,3,10.362717447456115,29.312793571932676,72.85794923040908,7.466539750202159,0.0,120.00000000000003,-2.842170943040401e-14,8.321852223022558,21.290240668780047,1,138,5,2,WAIT,medium
greedy_net_earnings,108,132,08:00,120,80.07251830428918,8.191009888784833,71.88150841550434,1,7.671677223611699,31.79901377309872,49.644132385140196,30.885176618149387,0.0,120.0,0.0,5.271541753992986,18.13134364253511,1,199,3,1,WAIT,medium
greedy_net_earnings,109,132,08:00,120,66.49038012045837,8.237431720304494,58.252948400153876,2,14.921495671240185,35.296700760215394,46.17712070725939,23.604682861285028,0.0,120.0,0.0,5.851377440928088,17.684141759941898,1,199,5,1,WAIT,medium
greedy_net_earnings,110,132,08:00,120,88.12939839767161,7.465141970712661,80.66425642695894,2,15.16072059870568,8.899425744060883,95.4501266860139,0.48972697121953956,0.0,120.0,0.0,1.4577285349515015,19.871248524227532,1,145,5,1,WAIT,medium
greedy_net_earnings,111,132,08:00,120,90.30935960472256,6.438988428715249,83.87037117600731,2,5.237036120802733,0.0,114.76296387919726,0.0,0.0,119.99999999999999,1.4210854715202004e-14,0.0,18.397109796329282,0,75,3,0,WAIT,medium
greedy_net_earnings,112,132,08:00,120,144.51005824707752,10.747667444439884,133.76239080263764,3,20.604185658195934,33.07995788701999,66.31585645478408,0.0,0.0,120.0,0.0,5.483892691328659,25.22372857849958,0,162,6,1,WAIT,medium
greedy_net_earnings,113,132,08:00,120,104.77131914431126,10.101694857426182,94.66962428688508,2,18.015250292512174,26.49098471067518,75.49376499681264,0.0,0.0,120.0,0.0,4.368959039754844,24.493026267177108,0,199,5,1,WAIT,medium
greedy_net_earnings,114,132,08:00,120,101.75989004351507,10.403729158954734,91.35616088456034,3,13.383931117382833,20.560812416330474,67.94968005233513,18.105576413951567,0.0,120.0,0.0,5.18155674214191,24.543383712014474,1,142,5,1,WAIT,medium
greedy_net_earnings,115,132,08:00,120,95.48840553548207,8.261134248973018,87.22727128650905,1,12.056683938227097,31.731555080019145,65.76628556070328,10.445475421050475,0.0,120.0,0.0,5.271541753992986,18.331698957358498,1,199,4,1,WAIT,medium
greedy_net_earnings,116,132,08:00,120,73.74960357270047,8.54885148061347,65.200752092087,1,13.565091417807198,26.298542415474312,59.88988923334433,20.24647693337417,0.0,120.0,0.0,4.368959039754844,20.05633090485507,1,199,4,1,WAIT,medium
greedy_net_earnings,117,132,08:00,120,178.97754692397328,9.512029745165803,169.4655171788075,3,9.566584435751952,23.50395413334978,86.82222650572767,0.10723492517062994,0.0,120.00000000000003,-2.842170943040401e-14,4.163845783623038,23.01338205970783,1,195,5,2,WAIT,medium
greedy_net_earnings,118,132,08:00,120,107.14553198493016,8.86045650652517,98.28507547840499,3,29.58438237790324,36.256415628973635,54.15920199312312,0.0,0.0,119.99999999999999,1.4210854715202004e-14,5.802746515595712,19.512843503047634,0,195,9,2,WAIT,medium
greedy_net_earnings,119,132,08:00,120,108.96057768680596,8.026100250633137,100.93447743617283,2,26.251768447330345,5.880480509657207,84.23753417001386,3.630216872998588,0.0,120.0,0.0,1.249516314823952,21.68219868698501,1,170,7,1,WAIT,medium
greedy_net_earnings,120,132,08:00,120,77.04633071389101,7.973247937851351,69.07308277603966,1,1.687812752234493,33.25133426957525,81.5876485599613,3.47320441822896,0.0,120.0,0.0,5.483892691328659,17.296815702532346,1,199,2,1,WAIT,medium
greedy_net_earnings,121,132,08:00,120,69.38007281026631,6.886471100637806,62.49360170962851,2,3.921564060921571,8.126519562540434,106.04524242717508,1.9066739493628972,0.0,119.99999999999999,1.4210854715202004e-14,0.6461705751342853,19.029461140973734,1,186,3,1,WAIT,medium
greedy_net_earnings,122,132,08:00,120,135.66595378140858,10.781281590663667,124.88467219074491,2,12.1199717628458,27.652169217664103,80.2278590194901,0.0,0.0,120.0,0.0,4.6213657288823615,26.182295958728115,0,161,4,1,WAIT,medium
greedy_net_earnings,123,132,08:00,120,66.94130606130237,8.386401700296714,58.554904361005654,1,6.647087952017665,36.975916449149445,64.25400899662603,12.12298660220685,0.0,119.99999999999999,1.4210854715202004e-14,6.142783956295462,17.818363758838007,1,199,2,1,WAIT,medium
greedy_net_earnings,124,132,08:00,120,132.21826248008912,11.534563728245487,120.68369875184364,2,6.711054796845244,31.79901377309872,81.48993143005603,0.0,0.0,120.0,0.0,5.271541753992986,27.684354612422688,0,162,3,1,WAIT,medium
greedy_net_earnings,125,132,08:00,120,78.47975055768342,7.955210731590802,70.52453982609262,1,11.982590911182989,31.95513390973077,64.79787179727964,11.264403381806602,0.0,120.0,0.0,5.308684753545373,17.42048876528549,1,199,3,1,WAIT,medium
greedy_net_earnings,126,132,08:00,120,78.86495763181672,7.742838092979094,71.12211953883762,1,11.330312489019141,26.49098471067518,82.17870280030569,0.0,0.0,120.0,0.0,4.368959039754844,17.753435511613997,0,199,4,1,WAIT,medium
greedy_net_earnings,127,132,08:00,120,124.29368906497061,10.40091598182502,113.89277308314558,2,16.76331526962206,32.81314173522569,68.72122762597861,1.7023153691736468,0.0,120.00000000000001,-1.4210854715202004e-14,5.483892691328659,24.23301011388569,1,239,5,1,WAIT,medium
greedy_net_earnings,128,132,08:00,120,78.74463462439714,9.35534806485766,69.38928655953947,2,11.48239372164229,39.2921273417877,69.22547893657,0.0,0.0,119.99999999999999,1.4210854715202004e-14,6.277628224472159,20.451937675121158,0,195,4,2,WAIT,medium
greedy_net_earnings,129,132,08:00,120,102.22726495520064,9.334121708507535,92.8931432466931,2,6.7935752733449055,23.424928516117703,83.80435370115626,5.977142509381139,0.0,120.0,0.0,3.8632974317055897,22.8056217354588,1,207,3,1,WAIT,medium
greedy_net_earnings,130,132,08:00,120,80.55645642876877,8.085741362618553,72.47071506615022,1,6.157323701205481,36.957770882104015,44.65705236135004,32.227853055340475,0.0,120.00000000000001,-1.4210854715202004e-14,6.126744487413468,16.975373691496685,1,199,3,1,WAIT,medium
greedy_net_earnings,131,132,08:00,120,83.01537415378796,8.561314076641182,74.45406007714678,1,6.053178896591561,32.05170093216711,69.71099665979102,12.18412351145031,0.0,120.0,0.0,5.3247273675788875,19.136169994253063,1,199,3,1,WAIT,medium
greedy_net_earnings,132,132,08:00,120,101.17284047662031,9.078386303806262,92.09445417281404,2,5.071959886128553,37.14923693846097,77.77880317541047,0.0,0.0,120.0,0.0,6.126744487413468,19.811502094890137,0,199,3,1,WAIT,medium
greedy_net_earnings,133,132,08:00,120,63.55203425892962,8.015873448657288,55.536160810272335,1,21.65449949203082,27.04756538135947,62.71103926227121,8.586895864338501,0.0,119.99999999999999,1.4210854715202004e-14,4.460751707301817,18.441743860290437,1,207,6,1,WAIT,medium
greedy_net_earnings,134,132,08:00,120,154.14341248924774,12.80608468727558,141.33732780197215,2,6.917753246690488,36.659677086478986,76.42256966683053,0.0,0.0,120.0,0.0,6.126744487413468,30.46206890480248,0,231,3,1,WAIT,medium
greedy_net_earnings,135,132,08:00,120,82.77146863297382,8.061936930210969,74.70953170276286,1,7.510968564766523,31.26713696900328,71.70691030918115,9.514984157049057,0.0,120.00000000000001,-1.4210854715202004e-14,5.194388287755453,17.83971722713303,1,195,2,1,WAIT,medium
greedy_net_earnings,136,132,08:00,120,69.15750039448703,7.559781255507794,61.59771913897924,1,0.6901965464167156,31.95513390973077,64.09459780892844,23.260071734924068,0.0,119.99999999999999,1.4210854715202004e-14,5.308684753545373,16.29069026219118,1,199,2,1,WAIT,medium
greedy_net_earnings,137,132,08:00,120,56.45062672311098,8.200167406739517,48.25045931637146,1,6.710091478759485,37.05452422594416,57.365542145877555,18.8698421494188,0.0,120.0,0.0,6.142783956295462,17.28626577724602,1,199,3,1,WAIT,medium
greedy_net_earnings,138,132,08:00,120,102.29630244783178,8.609918672975958,93.68638377485581,2,7.536938919645027,37.2588005272339,75.20426055312107,0.0,0.0,120.0,0.0,6.14481398678563,18.454953650288537,0,199,3,1,WAIT,medium
greedy_net_earnings,139,132,08:00,120,86.49384124263793,8.604596989502841,77.88924425313509,1,7.207925103297423,27.87701953644663,53.07799954286378,31.837055817392155,0.0,119.99999999999999,1.4210854715202004e-14,4.6213657288823615,19.963197098268612,1,199,3,1,WAIT,medium
greedy_net_earnings,140,132,08:00,120,131.8849826506976,11.61333548536363,120.27164716533396,2,7.650151088180042,45.67351502537082,66.67633388644913,0.0,0.0,119.99999999999999,1.4210854715202004e-14,7.5844730223649695,25.596485507245397,0,145,4,2,WAIT,medium
greedy_net_earnings,141,132,08:00,120,85.82574220327943,7.905746607169382,77.91999559611006,1,6.693577472800112,24.882546762131966,88.42387576506792,0.0,0.0,120.0,0.0,4.103691455634394,18.484155993420984,0,207,3,1,WAIT,medium
greedy_net_earnings,142,132,08:00,120,129.501873610435,10.26366998782563,119.23820362260938,3,55.590141590398844,41.19545062861554,23.214407780985603,0.0,0.0,119.99999999999997,2.842170943040401e-14,6.951058505906746,22.37371288788077,0,226,13,2,WAIT,medium
greedy_net_earnings,143,132,08:00,120,108.49167183698265,9.4917208490826,98.99995098790005,2,9.574655209919541,24.065426540851657,73.9781400114774,12.381778237751405,0.0,120.0,0.0,3.9689299578524526,23.150272468097832,1,199,4,1,WAIT,medium
greedy_net_earnings,144,132,08:00,120,0.0,0.0,0.0,0,0.0182630394115739,0.0,0.0,119.98173696058842,0.0,120.0,0.0,0.0,0.0,1,132,1,0,WAIT,medium
greedy_net_earnings,145,132,08:00,120,117.11809154527685,10.464706293616079,106.65338525166078,3,20.465518891559604,24.065426540851657,66.147507788231,9.321546779357732,0.0,119.99999999999999,1.4210854715202004e-14,3.9689299578524526,25.930230881050626,1,199,6,1,WAIT,medium
greedy_net_earnings,146,132,08:00,120,75.51345546436013,7.930527871611241,67.58292759274889,1,3.518971073619027,35.296700760215394,49.46363906060754,31.720689105558037,0.0,120.0,0.0,5.851377440928088,16.807273620818314,1,199,2,1,WAIT,medium
greedy_net_earnings,147,132,08:00,120,93.86678884380896,5.910384641411773,87.9564042023972,2,15.688667073994333,0.0,104.31133292600566,0.0,0.0,120.0,0.0,0.0,16.886813261176496,0,161,4,0,WAIT,medium
greedy_net_earnings,148,132,08:00,120,143.18378263545074,10.194897360317546,132.98888527513319,4,13.203523822016201,30.47604740444225,76.32042877354154,0.0,0.0,119.99999999999999,1.4210854715202004e-14,5.052224497764085,24.07605367457177,0,65,6,1,WAIT,medium
greedy_net_earnings,149,132,08:00,120,104.70059080471279,9.485289732935692,95.21530107177709,2,12.272112128971099,32.88061514199194,71.55476933280679,3.292503396230174,0.0,120.0,0.0,5.710268022125769,21.390559786261925,1,207,5,2,WAIT,medium
finite_horizon_value_iteration,0,132,08:00,120,166.31760979904737,9.653831645538537,156.66377815350884,3,21.19776888266535,0.0,93.52669962428361,5.275531493051034,0.0,120.0,0.0,0.0,27.582376130110106,1,230,7,0,WAIT,medium
finite_horizon_value_iteration,1,132,08:00,120,76.70255831311617,7.0991622343419785,69.6033960787742,2,8.52711005642921,14.987664138762327,96.48522580480846,0.0,0.0,120.0,0.0,2.4650545668752764,17.818266102673235,0,237,4,2,WAIT,medium
finite_horizon_value_iteration,2,132,08:00,120,129.25611618060844,8.811621036789811,120.44449514381863,4,32.641220797993114,8.883581071493037,78.47519813051383,0.0,0.0,119.99999999999999,1.4210854715202004e-14,0.8429103207506001,24.333149784363144,0,233,9,1,WAIT,medium
finite_horizon_value_iteration,3,132,08:00,120,137.8233587236823,11.614777936654004,126.2085807870283,6,23.11168133221955,14.94674640981236,76.73723543551833,5.204336822449747,0.0,119.99999999999999,1.4210854715202004e-14,2.4650545668752764,30.720025252136164,1,233,8,2,WAIT,medium
finite_horizon_value_iteration,4,132,08:00,120,104.28961852592133,7.568625364039043,96.72099316188229,2,5.631726429760526,8.683929606310135,105.68434396392934,0.0,0.0,120.0,0.0,0.8738289522399111,20.7508149450145,0,237,3,1,WAIT,medium
finite_horizon_value_iteration,5,132,08:00,120,112.8247277168765,7.00304459151077,105.82168312536572,3,30.79880631963603,8.904151745316087,80.29704193504789,0.0,0.0,120.0,0.0,0.6603151301624585,19.34838370272546,0,170,7,1,WAIT,medium
finite_horizon_value_iteration,6,132,08:00,120,137.0388170603905,8.04171114211823,128.99710591827227,4,46.81456028213426,0.0,73.18543971786573,0.0,0.0,120.0,0.0,0.0,22.97631754890923,0,162,12,0,WAIT,medium
finite_horizon_value_iteration,7,132,08:00,120,138.52986891971105,9.212868045629273,129.31700087408177,3,16.439574031525837,0.0,103.56042596847416,0.0,0.0,120.0,0.0,0.0,26.322480130369357,0,234,5,0,WAIT,medium
finite_horizon_value_iteration,8,132,08:00,120,99.85436006882136,10.07015910834639,89.78420096047498,2,24.079237904189814,31.76477641897683,32.88128322497901,31.27470245185434,0.0,119.99999999999999,1.4210854715202004e-14,5.308684753545373,23.4631984131586,1,199,7,1,WAIT,medium
finite_horizon_value_iteration,9,132,08:00,120,90.82677323342202,8.320276176210323,82.50649705721169,2,6.875081401880583,19.97512252709047,93.14979607102896,0.0,0.0,120.00000000000001,-1.4210854715202004e-14,5.18155674214191,18.590660904173298,0,170,3,1,WAIT,medium
finite_horizon_value_iteration,10,132,08:00,120,142.90764379606202,12.796595625033055,130.11104817102895,3,15.669187245297005,31.54252945365764,72.78828330104535,0.0,0.0,120.0,0.0,5.271541753992986,31.29016003181574,0,233,6,1,WAIT,medium
finite_horizon_value_iteration,11,132,08:00,120,105.53617662521646,6.664300235928171,98.87187638928829,2,19.553415785472886,8.904151745316087,89.26775757074569,2.2746748984653493,0.0,120.0,0.0,0.6603151301624585,18.380542686775176,1,137,6,1,WAIT,medium
finite_horizon_value_iteration,12,132,08:00,120,91.55712987807945,7.850873840094106,83.70625603798534,2,25.805115414537116,0.0,94.19488458546287,0.0,0.0,119.99999999999999,1.4210854715202004e-14,0.0,22.43106811455459,0,246,7,0,WAIT,medium
finite_horizon_value_iteration,13,132,08:00,120,86.78065547385339,6.168241278326757,80.61241419552663,1,1.7719821567352316,0.0,118.22801784326477,0.0,0.0,120.0,0.0,0.0,17.623546509505022,0,230,2,0,WAIT,medium
finite_horizon_value_iteration,14,132,08:00,120,120.51047110542235,8.78993662496945,111.7205344804529,4,22.20957523821858,24.613020243825602,73.17740451795584,0.0,0.0,120.00000000000001,-1.4210854715202004e-14,3.095143516359199,22.01896112641066,0,230,7,3,WAIT,medium
finite_horizon_value_iteration,15,132,08:00,120,87.71553291988536,7.060116884027225,80.65541603585814,2,11.513703155418654,0.0,108.48629684458135,0.0,0.0,120.0,0.0,0.0,20.171762525792072,0,233,5,0,WAIT,medium
finite_horizon_value_iteration,16,132,08:00,120,73.4101872915655,7.0407380627750245,66.36944922879049,1,9.360534957289202,35.1619126773766,37.854478822329895,37.62307354300431,0.0,120.00000000000001,-1.4210854715202004e-14,5.8764307758315235,14.239963689239977,1,70,3,1,WAIT,medium
finite_horizon_value_iteration,17,132,08:00,120,97.4332062964524,8.227781510527414,89.20542478592498,2,29.283893214352346,8.927614981596776,81.78849180405088,0.0,0.0,120.0,0.0,0.917734710087371,22.5902124628481,0,68,8,1,WAIT,medium
finite_horizon_value_iteration,18,132,08:00,120,109.4724708500874,7.1148403853888675,102.35763046469853,3,17.126898573986875,8.63917289278313,85.21383047228946,9.020098060940526,0.0,119.99999999999999,1.4210854715202004e-14,0.8738289522399111,19.454286434585427,1,234,5,1,WAIT,medium
finite_horizon_value_iteration,19,132,08:00,120,97.94075569148619,7.987224944350985,89.9535307471352,3,31.585412791169972,13.426087363367305,74.98849984546271,0.0,0.0,119.99999999999999,1.4210854715202004e-14,2.214263697456449,20.606379000689227,0,170,9,2,WAIT,medium
finite_horizon_value_iteration,20,132,08:00,120,156.81947886636672,11.068229571515946,145.75124929485077,4,17.168383314851415,32.75375375449933,70.07786293064925,0.0,0.0,119.99999999999999,1.4210854715202004e-14,5.473967481603665,26.149545579870473,0,140,6,1,WAIT,medium
finite_horizon_value_iteration,21,132,08:00,120,97.84588464066243,6.483873388654102,91.36201125200833,1,12.138447358636153,0.0,94.64758421676653,13.213968424597326,0.0,120.00000000000001,-1.4210854715202004e-14,0.0,18.52535253901172,1,161,3,0,WAIT,medium
finite_horizon_value_iteration,22,132,08:00,120,107.12714168836685,9.514593168663467,97.61254851970338,3,22.829363367014288,0.0,94.8290385887884,2.3415980441972977,0.0,120.0,0.0,0.0,27.18455191046705,1,163,8,0,WAIT,medium
finite_horizon_value_iteration,23,132,08:00,120,100.88629998713776,6.624246954548314,94.26205303258945,2,33.62125481493335,9.42835414672862,76.95039103833803,0.0,0.0,120.0,0.0,0.7789661452253094,18.14745372491273,0,68,9,1,WAIT,medium
finite_horizon_value_iteration,24,132,08:00,120,107.59439824994396,7.503061829126742,100.09133642081723,2,25.97317550556593,0.0,94.02682449443407,0.0,0.0,120.0,0.0,0.0,21.43731951179069,0,234,7,0,WAIT,medium
finite_horizon_value_iteration,25,132,08:00,120,112.70780549847449,7.295479036261386,105.4123264622131,2,15.522498087940697,8.683929606310135,91.90536194648165,3.888210359267518,0.0,120.0,0.0,0.8738289522399111,19.970396865649768,1,161,5,1,WAIT,medium
finite_horizon_value_iteration,26,132,08:00,120,102.40216221957974,8.067055127193932,94.33510709238581,4,7.693187540402577,17.562469872765238,75.23520729908431,19.509135287747867,0.0,119.99999999999999,1.4210854715202004e-14,1.716739272990511,21.331989661849295,1,186,5,2,WAIT,medium
finite_horizon_value_iteration,27,132,08:00,120,124.65201119096699,7.031970897777996,117.62004029318899,3,29.45828108546715,9.42835414672862,81.11336476780423,0.0,0.0,120.0,0.0,0.7789661452253094,19.31237927699754,0,68,8,1,WAIT,medium
finite_horizon_value_iteration,28,132,08:00,120,137.78756966607554,10.43369460054593,127.3538750655296,4,18.590830387115382,0.0,101.4091696128846,0.0,0.0,119.99999999999997,2.842170943040401e-14,0.0,29.810556001559803,0,163,8,0,WAIT,medium
finite_horizon_value_iteration,29,132,08:00,120,64.42036340910059,6.602891311677538,57.81747209742305,1,14.467854743379446,0.0,87.47372302060097,18.05842223601958,0.0,120.0,0.0,0.0,18.86540374765011,1,230,4,0,WAIT,medium
finite_horizon_value_iteration,30,132,08:00,120,112.02400024558283,7.333317217275223,104.6906830283076,3,24.44853275879603,8.927614981596776,84.07439985987668,2.5494523997305123,0.0,120.0,0.0,0.917734710087371,20.034600196413265,1,236,8,1,WAIT,medium
finite_horizon_value_iteration,31,132,08:00,120,103.86488370127778,6.998091437715846,96.86679226356193,3,4.030348150176106,0.0,108.0847957792441,7.884856070579801,0.0,120.00000000000001,-1.4210854715202004e-14,0.0,19.99454696490242,1,238,4,0,WAIT,medium
finite_horizon_value_iteration,32,132,08:00,120,97.46403828419372,7.104836874953706,90.35920140924001,2,12.93335328160818,0.0,97.95494528571632,9.111701432675503,0.0,120.0,0.0,0.0,20.29953392843916,1,246,4,0,WAIT,medium
finite_horizon_value_iteration,33,132,08:00,120,84.36105572485232,6.75481149060177,77.60624423425055,2,2.3150895223015024,7.05284258942362,80.84415198026193,29.78791590801295,0.0,120.0,0.0,0.8099048503132977,18.489556551406046,1,107,3,1,WAIT,medium
finite_horizon_value_iteration,34,132,08:00,120,118.53345884324152,7.169066270116862,111.36439257312466,3,20.211584952084554,7.9108873495541365,91.87752769836132,0.0,0.0,120.00000000000001,-1.4210854715202004e-14,0.6461705751342853,19.83687591091389,0,48,7,1,WAIT,medium
finite_horizon_value_iteration,35,132,08:00,120,117.66534778827548,8.030702490725735,109.63464529754975,3,26.06112678458855,10.166252714481294,83.77262050093016,0.0,0.0,120.0,0.0,1.111820073635345,21.833044185581045,0,143,7,1,WAIT,medium
finite_horizon_value_iteration,36,132,08:00,120,122.52050266429374,11.728625672886908,110.79187699140684,4,15.875599569688072,25.862523253248277,70.01036158814921,8.251515588914444,0.0,120.0,0.0,7.198325671848668,26.312033393542503,1,143,7,3,WAIT,medium
finite_horizon_value_iteration,37,132,08:00,120,130.77685608301258,7.711766095827583,123.06508998718499,3,21.499089242140784,0.0,98.50091075785922,0.0,0.0,120.0,0.0,0.0,22.033617416650237,0,162,6,0,WAIT,medium
finite_horizon_value_iteration,38,132,08:00,120,122.87597856547583,10.518119242320001,112.35785932315584,2,25.539391837471413,32.81314173522569,61.6474664273029,0.0,0.0,120.0,0.0,5.483892691328659,24.567876572442778,0,234,7,1,WAIT,medium
finite_horizon_value_iteration,39,132,08:00,120,45.35283230350401,4.4575511516134405,40.89528115189057,1,41.95322781748689,5.9109453452193845,55.25163297169151,16.8841938656022,0.0,119.99999999999999,1.4210854715202004e-14,1.249516314823952,11.486344118357309,1,199,10,1,WAIT,medium
finite_horizon_value_iteration,40,132,08:00,120,140.4701075558185,11.286741077803361,129.18336647801513,3,15.300036520272508,8.253518800007585,96.4464446797199,0.0,0.0,120.0,0.0,3.1402954808806487,29.1075361699861,0,163,5,1,WAIT,medium
finite_horizon_value_iteration,41,132,08:00,120,118.97506067214587,7.270939352963997,111.70412131918188,3,5.307695131163556,0.0,96.30456650247034,18.387738366366108,0.0,120.0,0.0,0.0,20.774112437039992,1,143,4,0,WAIT,medium
finite_horizon_value_iteration,42,132,08:00,120,82.80643002673611,7.560325225192904,75.24610480154321,2,25.61209056291245,0.0,94.38790943708756,0.0,0.0,120.0,0.0,0.0,21.60092921483687,0,161,6,0,WAIT,medium
finite_horizon_value_iteration,43,132,08:00,120,106.17282682412312,7.859392312841806,98.31343451128132,4,36.73227980032452,0.0,83.26772019967547,0.0,0.0,119.99999999999999,1.4210854715202004e-14,0.0,22.45540660811945,0,246,11,0,WAIT,medium
finite_horizon_value_iteration,44,132,08:00,120,127.81828716612628,10.19706756163958,117.6212196044867,3,21.070423534373898,8.253518800007585,90.67605766561852,0.0,0.0,120.0,0.0,3.1402954808806487,25.99418326666101,0,236,6,1,WAIT,medium
finite_horizon_value_iteration,45,132,08:00,120,136.6277159482269,8.488062374807186,128.1396535734197,3,8.030946182258134,0.0,111.96905381774187,0.0,0.0,120.0,0.0,0.0,24.251606785163386,0,186,4,0,WAIT,medium
finite_horizon_value_iteration,46,132,08:00,120,83.1581591912899,7.372118608671045,75.78604058261885,1,2.5769108434290113,27.652169217664103,43.54418574239787,46.226734196509014,0.0,120.0,0.0,4.6213657288823615,16.441830295892053,1,199,2,1,WAIT,medium
finite_horizon_value_iteration,47,132,08:00,120,96.13800631246878,7.2205953133726,88.91741099909618,2,23.36713312343212,22.390086336619667,71.67222065138718,2.5705598885610215,0.0,119.99999999999999,1.4210854715202004e-14,2.8745788276189073,17.75569349630281,1,262,7,3,WAIT,medium
finite_horizon_value_iteration,48,132,08:00,120,128.01347516512817,10.90695364988055,117.10652151524762,4,7.9880012811271275,15.973847351042473,89.05375831845961,6.98439304937078,0.0,119.99999999999999,1.4210854715202004e-14,2.2213145641192886,28.941410149825145,1,141,5,2,WAIT,medium
finite_horizon_value_iteration,49,132,08:00,120,94.36547845378803,8.101922190859284,86.26355626292874,3,19.18846027953378,0.0,100.81153972046621,0.0,0.0,120.0,0.0,0.0,23.14834911674081,0,239,6,0,WAIT,medium
finite_horizon_value_iteration,50,132,08:00,120,58.19513678241209,3.190179478140426,55.00495730427166,2,2.9595879937359815,8.495519944444162,80.75442166892269,27.790470392897163,0.0,120.0,0.0,3.1402954808806487,5.974503028091998,1,132,3,1,WAIT,medium
finite_horizon_value_iteration,51,132,08:00,120,98.56927382986652,6.476345942682923,92.09292788718359,2,16.171192174566645,8.620845679342043,79.59917463489313,15.608787511198187,0.0,120.0,0.0,0.8738289522399111,17.630016598282726,1,107,5,1,WAIT,medium
finite_horizon_value_iteration,52,132,08:00,120,96.90451718473672,8.689987353776608,88.21452983096012,4,33.94187077874821,18.856747247453576,65.98445068746797,1.2169312863302366,0.0,120.0,0.0,1.9856490258752562,22.84288627062934,1,48,10,2,WAIT,medium
finite_horizon_value_iteration,53,132,08:00,120,124.17695195920373,7.37251707995671,116.80443487924703,2,36.99034794947602,0.0,83.00965205052398,0.0,0.0,120.0,0.0,0.0,21.06433451416203,0,100,9,0,WAIT,medium
finite_horizon_value_iteration,54,132,08:00,120,74.84378714638196,7.522913991463153,67.3208731549188,1,19.947628743938782,8.927614981596776,79.12393668174846,12.000819592715985,0.0,120.0,0.0,0.917734710087371,20.57630526552164,1,142,5,1,WAIT,medium
finite_horizon_value_iteration,55,132,08:00,120,69.94468672385806,6.4726576419078565,63.4720290819502,2,39.867835404377196,9.42835414672862,70.70381044889419,0.0,0.0,120.0,0.0,0.7789661452253094,17.71434140308285,0,246,10,1,WAIT,medium
finite_horizon_value_iteration,56,132,08:00,120,92.97390532650857,7.436710728033068,85.53719459847551,2,19.40314963400486,13.426087363367305,87.17076300262784,0.0,0.0,120.0,0.0,2.214263697456449,19.03348123978089,0,233,5,2,WAIT,medium
finite_horizon_value_iteration,57,132,08:00,120,108.19665957003765,7.302811357271867,100.89384821276579,2,32.918388721213816,0.0,87.08161127878618,0.0,0.0,120.0,0.0,0.0,20.86517530649105,0,161,8,0,WAIT,medium
finite_horizon_value_iteration,58,132,08:00,120,110.11177682379318,7.53715286360702,102.57462396018616,3,31.82551093730809,8.819046787483876,69.89985996460763,9.45558231060042,0.0,120.00000000000001,-1.4210854715202004e-14,0.8429103207506001,20.691812146698034,1,170,8,1,WAIT,medium
finite_horizon_value_iteration,59,132,08:00,120,139.09662255852191,9.465175292563849,129.63144726595806,3,20.46969304174105,8.683929606310135,90.84637735194882,0.0,0.0,120.0,0.0,0.8738289522399111,26.16952902651395,0,161,6,1,WAIT,medium
finite_horizon_value_iteration,60,132,08:00,120,126.93256377668733,8.678303192544082,118.25426058414325,4,19.47509774956267,14.987664138762327,80.621085248924,4.916152862751005,0.0,120.0,0.0,2.4650545668752764,22.330097411822102,1,236,6,2,WAIT,medium
finite_horizon_value_iteration,61,132,08:00,120,81.54916127495665,6.944980727029402,74.60418054792724,2,13.283959229171828,9.03075740137676,97.68528336945141,0.0,0.0,120.0,0.0,0.6603151301624585,19.182486947064408,0,234,5,1,WAIT,medium
finite_horizon_value_iteration,62,132,08:00,120,145.99836102633913,7.833418493363925,138.1649425329752,3,11.403175913164867,7.101161514300252,87.44737249796229,14.048290074572591,0.0,120.0,0.0,0.8099048503132977,21.571290845012204,1,107,5,1,WAIT,medium
finite_horizon_value_iteration,63,132,08:00,120,112.35513716054245,6.840629454448944,105.51450770609351,4,26.50626913970218,19.08933395878369,74.40439690151413,0.0,0.0,120.0,0.0,1.7721352037978035,17.77252038034204,0,50,9,2,WAIT,medium
finite_horizon_value_iteration,64,132,08:00,120,97.66070720137586,7.583084061982215,90.07762313939364,2,14.58516387148806,13.467005092317272,91.94783103619466,0.0,0.0,119.99999999999999,1.4210854715202004e-14,2.214263697456449,19.451690765349884,0,237,5,2,WAIT,medium
finite_horizon_value_iteration,65,132,08:00,120,73.28166426860847,6.446142167355756,66.8355221012527,3,15.932183202010087,19.205210361739056,78.3243469438757,6.538259492375161,0.0,120.0,0.0,1.7721352037978035,16.645413845790074,1,48,5,2,WAIT,medium
finite_horizon_value_iteration,66,132,08:00,120,113.06686413749262,7.498878778492538,105.56798535900008,4,22.699852732884068,0.0,97.30014726711593,0.0,0.0,120.0,0.0,0.0,21.425367938550107,0,141,8,0,WAIT,medium
finite_horizon_value_iteration,67,132,08:00,120,109.9748328074806,8.49839176532967,101.47644104215092,3,11.489774647722156,0.0,108.51022535227784,0.0,0.0,120.0,0.0,0.0,24.281119329513345,0,137,4,0,WAIT,medium
finite_horizon_value_iteration,68,132,08:00,120,98.85253762513268,5.514319031572906,93.33821859355977,2,29.20833347570284,0.0,90.79166652429716,0.0,0.0,120.0,0.0,0.0,15.755197233065445,0,162,8,0,WAIT,medium
finite_horizon_value_iteration,69,132,08:00,120,96.26716221541507,7.183898535609973,89.0832636798051,3,34.29680918100211,0.0,85.7031908189979,0.0,0.0,120.0,0.0,0.0,20.525424387457072,0,233,9,0,WAIT,medium
finite_horizon_value_iteration,70,132,08:00,120,148.23214837109828,12.022033556501896,136.21011481459638,2,10.310884792153928,23.748287680779267,82.23503136797211,3.705796159094689,0.0,120.0,0.0,3.9689299578524526,30.37973734643868,1,181,4,1,WAIT,medium
finite_horizon_value_iteration,71,132,08:00,120,92.29552906966212,6.559666092401991,85.73586297726013,2,23.95293551013319,9.42835414672862,86.61871034313818,0.0,0.0,119.99999999999999,1.4210854715202004e-14,0.7789661452253094,17.96293697592324,0,50,7,1,WAIT,medium
finite_horizon_value_iteration,72,132,08:00,120,154.8696496764024,11.197818470600035,143.67183120580236,4,26.935043900022382,32.11060867180468,59.6220609008437,1.3322865273292308,0.0,119.99999999999999,1.4210854715202004e-14,5.483892691328659,26.509874367528585,1,142,8,1,WAIT,medium
finite_horizon_value_iteration,73,132,08:00,120,95.00534427012164,9.396030933650346,85.60931333647129,3,9.618388548273241,0.0,110.38161145172677,0.0,0.0,120.00000000000001,-1.4210854715202004e-14,0.0,26.845802667572418,0,162,4,0,WAIT,medium
finite_horizon_value_iteration,74,132,08:00,120,118.850081705848,8.678706079104355,110.17137562674364,3,25.92900365984202,0.0,94.07099634015798,0.0,0.0,120.0,0.0,0.0,24.796303083155305,0,50,7,0,WAIT,medium
finite_horizon_value_iteration,75,132,08:00,120,103.9381321844611,6.612135703248174,97.32599648121293,2,21.61871690291366,7.9108873495541365,79.04382239917653,11.426573348355674,0.0,120.0,0.0,0.6461705751342853,18.245645719860498,1,230,6,1,WAIT,medium
finite_horizon_value_iteration,76,132,08:00,120,79.51451273650467,7.227797581344121,72.28671515516055,2,28.240335606146417,0.0,83.38920299977272,8.370461394080863,0.0,120.0,0.0,0.0,20.650850232411777,1,239,8,0,WAIT,medium
finite_horizon_value_iteration,77,132,08:00,120,113.4834842831979,7.74703043044745,105.73645385275044,3,5.684708808073926,18.856747247453576,85.79732349923275,9.661220445239763,0.0,120.00000000000001,-1.4210854715202004e-14,1.9856490258752562,20.14872363254603,1,48,4,2,WAIT,medium
finite_horizon_value_iteration,78,132,08:00,120,130.9252903341739,7.4382682181909,123.487022115983,4,20.834102534879126,8.620845679342043,90.06550301297733,0.47954877280150754,0.0,120.0,0.0,0.8738289522399111,20.378365956876948,1,164,7,1,WAIT,medium
finite_horizon_value_iteration,79,132,08:00,120,85.37446831810554,6.313409211332686,79.06105910677286,1,40.7096874320087,9.42835414672862,57.65159680261931,12.210361618643361,0.0,119.99999999999999,1.4210854715202004e-14,0.7789661452253094,17.259345887153792,1,48,10,1,WAIT,medium
finite_horizon_value_iteration,80,132,08:00,120,104.85505728832703,7.771911018281794,97.08314627004523,3,9.176715534987688,14.83816659610198,84.0380036145927,11.947114254317626,0.0,119.99999999999999,1.4210854715202004e-14,2.4650545668752764,19.740405485358423,1,230,5,2,WAIT,medium
finite_horizon_value_iteration,81,132,08:00,120,97.69609445218788,7.715274516684274,89.9808199355036,2,13.400823867859103,8.988777945629199,87.036191714962,10.5742064715497,0.0,120.0,0.0,0.917734710087371,21.12590676615341,1,142,5,1,WAIT,medium
finite_horizon_value_iteration,82,132,08:00,120,98.4842583004173,6.421512539598596,92.0627457608187,2,13.417825987435986,8.923081244302397,62.934018515326926,34.725074252934704,0.0,120.00000000000001,-1.4210854715202004e-14,0.6603151301624585,17.68686355440496,1,230,5,1,WAIT,medium
finite_horizon_value_iteration,83,132,08:00,120,111.36079611752407,6.476403645356891,104.88439247216718,3,23.31645593752436,17.522753964276166,79.16079009819947,0.0,0.0,120.0,0.0,1.716739272990511,16.787271142314893,0,234,8,2,WAIT,medium
finite_horizon_value_iteration,84,132,08:00,120,87.22583201068893,6.86433552394108,80.36149648674785,1,1.3580867574468931,0.0,113.30892865223902,5.332984590314084,0.0,120.0,0.0,0.0,19.61238721126023,1,230,2,0,WAIT,medium
finite_horizon_value_iteration,85,132,08:00,120,107.03730723150615,6.7316524480458915,100.30565478346026,3,10.745273027439001,8.904151745316087,100.3505752272449,0.0,0.0,120.0,0.0,0.6603151301624585,18.572977578540094,0,137,5,1,WAIT,medium
finite_horizon_value_iteration,86,132,08:00,120,87.62836369220506,8.461007099827942,79.16735659237712,1,2.7172480217471726,34.38501125701366,38.158037335249446,44.73970338598973,0.0,120.00000000000001,-1.4210854715202004e-14,5.746591211690139,18.42771478781827,1,70,2,1,WAIT,medium
finite_horizon_value_iteration,87,132,08:00,120,157.98179098799844,9.009843564481637,148.9719474235168,4,18.903570378961017,34.962786665852796,64.4845357743799,1.6491071808062827,0.0,120.0,0.0,7.646611309017186,18.09579887521606,1,236,7,3,WAIT,medium
finite_horizon_value_iteration,88,132,08:00,120,85.91709879603768,6.766569583989041,79.15052921204864,2,10.167510988568207,0.0,105.63843996214057,4.194049049291223,0.0,120.0,0.0,0.0,19.3330559542544,1,48,4,0,WAIT,medium
finite_horizon_value_iteration,89,132,08:00,120,125.1322706812477,8.447930989798339,116.68433969144937,3,17.978730712319333,0.0,102.02126928768067,0.0,0.0,120.0,0.0,0.0,24.136945685138112,0,170,7,0,WAIT,medium
finite_horizon_value_iteration,90,132,08:00,120,88.48781402434996,6.67429178004899,81.81352224430097,4,27.371473272784105,19.07040445979738,73.55812226741853,0.0,0.0,120.00000000000001,-1.4210854715202004e-14,1.7721352037978035,17.297269882056458,0,48,9,2,WAIT,medium
finite_horizon_value_iteration,91,132,08:00,120,106.9788268505718,7.954373761856917,99.02445308871489,2,28.47224211668285,13.426087363367305,72.72147476848684,5.380195751463006,0.0,120.0,0.0,2.214263697456449,20.512518479277603,1,229,7,2,WAIT,medium
finite_horizon_value_iteration,92,132,08:00,120,94.40445635389116,8.084342921681936,86.32011343220923,2,20.993193596529323,0.0,99.00680640347068,0.0,0.0,120.0,0.0,0.0,23.09812263337696,0,230,6,0,WAIT,medium
finite_horizon_value_iteration,93,132,08:00,120,82.1473160412425,5.483725225915364,76.66359081532714,1,44.93796516109415,0.0,75.06203483890584,0.0,0.0,120.0,0.0,0.0,15.667786359758184,0,170,10,0,WAIT,medium
finite_horizon_value_iteration,94,132,08:00,120,112.00845305997728,7.154393130636187,104.8540599293411,2,21.494715344355097,0.0,96.78301701964698,1.7222676359979232,0.0,120.0,0.0,0.0,20.44112323038911,1,238,6,0,WAIT,medium
finite_horizon_value_iteration,95,132,08:00,120,186.17683010140644,8.249822036401524,177.9270080650049,5,21.341363595313208,14.763571920228202,80.6591569925674,3.235907491891183,0.0,120.0,0.0,1.6822183777610094,21.888701726243347,1,229,8,2,WAIT,medium
finite_horizon_value_iteration,96,132,08:00,120,166.87033101446525,11.881218699481071,154.98911231498417,4,36.56448350884684,6.142726240886159,72.10560891095776,5.187181339309262,0.0,120.00000000000001,-1.4210854715202004e-14,0.8083894255210982,33.137949715853395,1,229,10,1,WAIT,medium
finite_horizon_value_iteration,97,132,08:00,120,119.76773524881881,8.390059362918658,111.37767588590015,4,27.10538704319732,8.65495076661221,84.23966219019047,0.0,0.0,120.0,0.0,1.4273959916327998,22.544202188134797,0,193,9,1,WAIT,medium
finite_horizon_value_iteration,98,132,08:00,120,140.4046591952546,7.08040401230039,133.3242551829542,4,23.59110187010431,0.0,96.4088981298957,0.0,0.0,120.00000000000001,-1.4210854715202004e-14,0.0,20.229725749429683,0,170,9,0,WAIT,medium
finite_horizon_value_iteration,99,132,08:00,120,115.71728415327284,9.232811444652137,106.4844727086207,4,8.14689044182223,20.560812416330474,91.29229714184729,0.0,0.0,119.99999999999999,1.4210854715202004e-14,5.18155674214191,21.197904528292767,0,170,5,1,WAIT,medium
finite_horizon_value_iteration,100,132,08:00,120,104.14495619657467,6.8029579381466405,97.34199825842802,2,7.194996507881398,8.743423085281362,90.76983970166172,13.291740705175528,0.0,120.00000000000001,-1.4210854715202004e-14,0.8738289522399111,18.563193728179062,1,186,4,1,WAIT,medium
finite_horizon_value_iteration,101,132,08:00,120,151.47665249531985,13.280897335274526,138.19575516004534,4,7.9734681362085,36.88881250903696,72.72904964458577,2.408669710168766,0.0,120.0,0.0,5.618731406229967,32.32668955169726,1,79,5,2,WAIT,medium
finite_horizon_value_iteration,102,132,08:00,120,127.07607325760122,9.134543442475783,117.94152981512543,5,38.62215133435074,11.555451126042191,69.82239753960708,0.0,0.0,120.00000000000001,-1.4210854715202004e-14,1.269745182208421,24.828950367722385,0,162,11,1,WAIT,medium
finite_horizon_value_iteration,103,132,08:00,120,94.7653065301405,7.379065728176751,87.38624080196375,2,10.841212471956059,17.609623624971242,82.07477030147405,9.474393601598663,0.0,120.00000000000001,-1.4210854715202004e-14,1.791563662327282,19.291481275320578,1,142,4,2,WAIT,medium
finite_horizon_value_iteration,104,132,08:00,120,137.35192067653207,8.05515573007952,129.29676494645256,5,18.40959817287336,0.0,101.59040182712664,0.0,0.0,120.0,0.0,0.0,23.014730657370055,0,162,7,0,WAIT,medium
finite_horizon_value_iteration,105,132,08:00,120,139.1395937597306,13.331593447790155,125.80800031194043,2,10.10350027560878,26.354450967600794,81.19023839763048,2.3518103591599413,0.0,120.0,0.0,4.368959039754844,33.721307953931316,1,186,4,1,WAIT,medium
finite_horizon_value_iteration,106,132,08:00,120,86.21851781138962,5.41997834751308,80.79853946387654,1,0.56719629986601,0.0,103.09144317488264,16.341360525251346,0.0,120.0,0.0,0.0,15.485652421465943,1,48,2,0,WAIT,medium
finite_horizon_value_iteration,107,132,08:00,120,88.96336463464895,9.491058704035712,79.47230593061325,2,23.01794238752338,20.746681943530227,75.33578544470976,0.8995902242366185,0.0,119.99999999999999,1.4210854715202004e-14,5.18155674214191,21.935753840817274,1,68,6,2,WAIT,medium
finite_horizon_value_iteration,108,132,08:00,120,93.4137775184762,8.45887236853295,84.95490514994324,3,32.286680899479606,20.263416061766286,67.44990303875412,0.0,0.0,120.0,0.0,3.1093948757671894,21.05881189146981,0,236,10,3,WAIT,medium
finite_horizon_value_iteration,109,132,08:00,120,105.20201344606177,7.748819138294176,97.45319430776759,5,24.937006359690038,8.883581071493037,86.17941256881693,0.0,0.0,120.0,0.0,0.8429103207506001,21.29657293151848,0,162,9,1,WAIT,medium
finite_horizon_value_iteration,110,132,08:00,120,114.99880079849822,7.416976569669704,107.58182422882852,3,10.83065112391362,0.0,109.16934887608639,0.0,0.0,120.00000000000001,-1.4210854715202004e-14,0.0,21.191361627627728,0,236,5,0,WAIT,medium
finite_horizon_value_iteration,111,132,08:00,120,90.30935960472256,6.438988428715249,83.87037117600731,2,5.237036120802733,0.0,114.76296387919726,0.0,0.0,119.99999999999999,1.4210854715202004e-14,0.0,18.397109796329282,0,75,3,0,WAIT,medium
finite_horizon_value_iteration,112,132,08:00,120,142.25069564504915,11.721838365197502,130.52885727985165,2,8.386384107710738,34.39297409936807,77.2206417929212,0.0,0.0,120.0,0.0,5.747922000839862,27.743044756867285,0,181,4,1,WAIT,medium
finite_horizon_value_iteration,113,132,08:00,120,130.8941464590205,9.101435681712962,121.79271077730755,3,26.94453242172839,0.0,92.1890665219962,0.8664010562754072,0.0,120.0,0.0,0.0,26.004101947751323,1,230,8,0,WAIT,medium
finite_horizon_value_iteration,114,132,08:00,120,73.92111772191859,8.789528825122082,65.13158889679652,2,3.475430013904547,20.746681943530227,95.77788804256522,0.0,0.0,120.0,0.0,5.18155674214191,19.931382758206897,0,48,3,2,WAIT,medium
finite_horizon_value_iteration,115,132,08:00,120,127.0584006640211,8.485625967682537,118.57277469633856,3,17.81332371143791,13.426087363367305,88.76058892519477,0.0,0.0,119.99999999999999,1.4210854715202004e-14,2.214263697456449,22.030381924493664,0,107,6,2,WAIT,medium
finite_horizon_value_iteration,116,132,08:00,120,129.13160675205873,11.812455409546692,117.31915134251204,3,19.743007204589404,18.853737880595226,81.40325491481536,0.0,0.0,120.0,0.0,3.7752845277861242,29.974588070918713,0,223,6,2,WAIT,medium
finite_horizon_value_iteration,117,132,08:00,120,179.28367499970523,8.469464005151757,170.81421099455346,5,12.287840779746908,0.0,100.73811453439066,6.974044685862438,0.0,120.00000000000001,-1.4210854715202004e-14,0.0,24.198468586147875,1,186,7,0,WAIT,medium
finite_horizon_value_iteration,118,132,08:00,120,111.56840905285122,7.799016917002309,103.76939213584892,3,49.04223983452731,11.580017070854602,59.37774309461808,0.0,0.0,120.0,0.0,1.269745182208421,21.013160294941034,0,229,13,1,WAIT,medium
finite_horizon_value_iteration,119,132,08:00,120,112.9967399435599,7.894401278459538,105.10233866510036,2,24.333019398283632,0.0,95.66698060171636,0.0,0.0,120.0,0.0,0.0,22.55543222417011,0,229,7,0,WAIT,medium
finite_horizon_value_iteration,120,132,08:00,120,92.61753834188869,7.3572274068535,85.26031093503519,2,7.762739176660958,14.987664138762327,93.80986395915156,3.4397327254251593,0.0,120.0,0.0,2.4650545668752764,18.555595166991868,1,162,3,2,WAIT,medium
finite_horizon_value_iteration,121,132,08:00,120,76.52232804200962,6.6063709795767025,69.91595706243291,2,6.288059160797864,9.42835414672862,94.18171169593681,10.101874996536708,0.0,120.0,0.0,0.7789661452253094,18.09637951070813,1,48,3,1,WAIT,medium
finite_horizon_value_iteration,122,132,08:00,120,145.16334680249633,11.703004889041221,133.46034191345512,2,14.57427477901972,27.652169217664103,77.77355600331617,0.0,0.0,120.0,0.0,4.6213657288823615,28.815791096949695,0,181,4,1,WAIT,medium
finite_horizon_value_iteration,123,132,08:00,120,103.22192708371881,7.342202885762222,95.87972419795659,3,22.074541733037165,7.9108873495541365,89.91349066364025,0.1010802537684583,0.0,120.0,0.0,0.6461705751342853,20.33155195561492,1,237,6,1,WAIT,medium
finite_horizon_value_iteration,124,132,08:00,120,108.83819161053552,7.607739562915422,101.23045204762009,3,36.59609850463827,9.42835414672862,73.9755473486331,0.0,0.0,119.99999999999999,1.4210854715202004e-14,0.7789661452253094,20.957432605961614,0,163,10,1,WAIT,medium
finite_horizon_value_iteration,125,132,08:00,120,104.15128755786014,7.0099861703108175,97.14130138754933,3,25.156816634612507,8.927614981596776,78.91448685799514,7.00108152579557,0.0,120.0,0.0,0.917734710087371,19.110797205086392,1,68,8,1,WAIT,medium
finite_horizon_value_iteration,126,132,08:00,120,78.86495763181672,6.213702429064899,72.65125520275183,1,26.90748997522815,0.0,82.17870280030569,10.913807224466169,0.0,120.0,0.0,0.0,17.753435511613997,1,141,7,0,WAIT,medium
finite_horizon_value_iteration,127,132,08:00,120,124.29368906497061,10.40091598182502,113.89277308314558,2,16.76331526962206,32.81314173522569,68.72122762597861,1.7023153691736468,0.0,120.00000000000001,-1.4210854715202004e-14,5.483892691328659,24.23301011388569,1,239,5,1,WAIT,medium
finite_horizon_value_iteration,128,132,08:00,120,105.92542506351853,7.644966957035615,98.28045810648291,3,21.537326725687088,8.63917289278313,76.92482683020506,12.89867355132472,0.0,120.0,0.0,0.8738289522399111,20.968933782147563,1,113,6,1,WAIT,medium
finite_horizon_value_iteration,129,132,08:00,120,116.89809254185664,8.161566687584248,108.7365258542724,4,12.923787395341042,0.0,107.07621260465896,0.0,0.0,120.0,0.0,0.0,23.318761964526427,0,234,5,0,WAIT,medium
finite_horizon_value_iteration,130,132,08:00,120,116.56631278976957,6.9640489979958415,109.60226379177372,3,41.400855121034425,8.923081244302397,69.6760636346632,0.0,0.0,120.00000000000001,-1.4210854715202004e-14,0.6603151301624585,19.23696772125424,0,230,11,1,WAIT,medium
finite_horizon_value_iteration,131,132,08:00,120,98.13308243426812,7.687179769400356,90.44590266486776,2,14.559636037602145,0.0,86.4428104850819,18.997553477315947,0.0,120.0,0.0,0.0,21.963370769715304,1,263,5,0,WAIT,medium
finite_horizon_value_iteration,132,132,08:00,120,126.59905268578724,8.416619019362509,118.18243366642473,3,27.66074241915711,8.969308793627524,83.36994878721536,0.0,0.0,120.0,0.0,0.6603151301624585,23.387167782301855,0,231,8,1,WAIT,medium
finite_horizon_value_iteration,133,132,08:00,120,63.55203425892962,6.727248501930511,56.82478575699911,1,45.54217286648159,9.42835414672862,62.71103926227121,2.3184337245185844,0.0,120.00000000000001,-1.4210854715202004e-14,0.7789661452253094,18.441743860290437,1,48,11,1,WAIT,medium
finite_horizon_value_iteration,134,132,08:00,120,137.07648598723992,9.263680834940395,127.81280515229952,5,33.674110907782456,0.0,83.9010643034492,2.4248247887683476,0.0,120.0,0.0,0.0,26.467659528401125,1,238,10,0,WAIT,medium
finite_horizon_value_iteration,135,132,08:00,120,103.60132016635818,7.171769244866867,96.42955092149131,3,14.7121189715597,17.934909146692846,87.35297188174746,0.0,0.0,120.00000000000001,-1.4210854715202004e-14,1.320630260324917,19.17013901072328,0,230,5,2,WAIT,medium
finite_horizon_value_iteration,136,132,08:00,120,80.79251846278511,5.8601419487087725,74.93237651407634,2,10.647434679565622,0.0,65.68114331167405,43.67142200876032,0.0,119.99999999999999,1.4210854715202004e-14,0.0,16.743262710596493,1,230,4,0,WAIT,medium
finite_horizon_value_iteration,137,132,08:00,120,75.51487879168023,7.447214672821049,68.06766411885918,3,31.523567247149295,16.81128632109509,71.6651464317556,0.0,0.0,119.99999999999999,1.4210854715202004e-14,1.4890808958848853,19.788675312175258,0,113,9,2,WAIT,medium
finite_horizon_value_iteration,138,132,08:00,120,121.61374199796526,7.499661151208651,114.11408084675661,4,12.764597899899453,7.038977040036715,92.78909274336031,7.407332316703517,0.0,120.0,0.0,1.0780413825534916,20.34956190661408,1,239,5,1,WAIT,medium
finite_horizon_value_iteration,139,132,08:00,120,140.38527359715772,8.288639368766475,132.09663422839125,5,20.190150384253723,0.0,99.80984961574627,0.0,0.0,120.0,0.0,0.0,23.681826767904216,0,140,8,0,WAIT,medium
finite_horizon_value_iteration,140,132,08:00,120,82.62766045187063,7.818866712611381,74.80879373925924,1,5.586270267587049,37.163057260137045,34.26982492735123,42.98084754492467,0.0,120.0,0.0,6.210871843384377,16.128747335505285,1,70,3,1,WAIT,medium
finite_horizon_value_iteration,141,132,08:00,120,85.82574220327943,6.790661746227924,79.0350804570515,1,22.648509253335302,8.927614981596776,88.42387576506792,0.0,0.0,120.0,0.0,0.917734710087371,18.484155993420984,0,142,6,1,WAIT,medium
finite_horizon_value_iteration,142,132,08:00,120,145.57312000092463,10.7427285485368,134.83039145238783,4,44.36630520547269,38.62044944556061,33.463126447764424,3.550118901202268,0.0,119.99999999999999,1.4210854715202004e-14,6.662866323644243,24.030643815032334,1,186,11,2,WAIT,medium
finite_horizon_value_iteration,143,132,08:00,120,132.85166552292674,9.12385687464443,123.7278086482823,5,25.616214195553553,0.0,94.38378580444646,0.0,0.0,120.00000000000001,-1.4210854715202004e-14,0.0,26.068162498984083,0,161,8,0,WAIT,medium
finite_horizon_value_iteration,144,132,08:00,120,0.0,0.0,0.0,0,0.0182630394115739,0.0,0.0,119.98173696058842,0.0,120.0,0.0,0.0,0.0,1,132,1,0,WAIT,medium
finite_horizon_value_iteration,145,132,08:00,120,157.10592234147248,10.361903815737087,146.74401852573538,6,20.65633260958965,6.790804989415673,84.6187274342742,7.9341349667204355,0.0,119.99999999999996,4.263256414560601e-14,0.8951311783107404,28.710308295223793,1,141,8,1,WAIT,medium
finite_horizon_value_iteration,146,132,08:00,120,119.22982477021593,8.307829127634156,110.92199564258178,4,32.9428067632007,13.467005092317272,68.1778211483532,5.41236699612881,0.0,119.99999999999999,1.4210854715202004e-14,2.214263697456449,21.522390952926855,1,140,9,2,WAIT,medium
finite_horizon_value_iteration,147,132,08:00,120,98.89686973066458,6.40159603604596,92.49527369461862,2,16.5058857230202,9.42835414672862,94.06576013025118,0.0,0.0,120.0,0.0,0.7789661452253094,17.511308243477433,0,143,4,1,WAIT,medium
finite_horizon_value_iteration,148,132,08:00,120,149.44548831529067,8.591824859319063,140.8536634559716,5,27.4019994287504,8.63917289278313,75.3472888021976,8.611538876268867,0.0,120.0,0.0,0.8738289522399111,23.674242074385987,1,234,9,1,WAIT,medium
finite_horizon_value_iteration,149,132,08:00,120,138.16658297743126,9.12411662357799,129.04246635385329,4,20.96799147922669,9.42835414672862,89.60365437404468,0.0,0.0,119.99999999999999,1.4210854715202004e-14,0.7789661452253094,25.28993849356895,0,140,8,1,WAIT,medium
q_learning,0,132,08:00,120,166.31760979904737,9.653831645538537,156.66377815350884,3,21.19776888266535,0.0,93.52669962428361,5.275531493051034,0.0,120.0,0.0,0.0,27.582376130110106,1,230,7,0,WAIT,medium
q_learning,1,132,08:00,120,76.70255831311617,7.0991622343419785,69.6033960787742,2,8.52711005642921,14.987664138762327,96.48522580480846,0.0,0.0,120.0,0.0,2.4650545668752764,17.818266102673235,0,237,4,2,WAIT,medium
q_learning,2,132,08:00,120,92.342186156293,9.708744495734162,82.63344166055883,2,10.547458746572548,34.99052355528667,49.668983818515215,24.793033879625554,0.0,119.99999999999999,1.4210854715202004e-14,5.800620334703995,21.938649653107902,1,138,4,1,WAIT,medium
q_learning,3,132,08:00,120,137.80539211468704,14.433257614155838,123.3721345005312,2,26.993503981498797,45.72227428453614,47.284221733965055,0.0,0.0,119.99999999999999,1.4210854715202004e-14,8.185247543509922,33.052631354078194,0,230,7,2,WAIT,medium
q_learning,4,132,08:00,120,104.28961852592133,7.568625364039043,96.72099316188229,2,5.631726429760526,8.683929606310135,105.68434396392934,0.0,0.0,120.0,0.0,0.8738289522399111,20.7508149450145,0,237,3,1,WAIT,medium
q_learning,5,132,08:00,120,94.55001040178607,7.12031408283319,87.42969631895288,1,19.243576108389846,34.64400506643799,66.11241882517217,0.0,0.0,120.0,0.0,3.5586575779522294,16.785096944428314,0,236,5,1,WAIT,medium
q_learning,6,132,08:00,120,120.27705646403759,8.98644325548026,111.29061320855732,3,15.152728081805416,48.438972052464564,46.629232380271844,9.779067485458171,0.0,120.0,0.0,4.470690133869185,21.20486202464585,1,186,5,2,WAIT,medium
q_learning,7,132,08:00,120,82.28322349218274,7.463965921674312,74.81925757050843,3,10.876711733446193,29.302789883453624,76.29004680176598,3.530451581334191,0.0,119.99999999999999,1.4210854715202004e-14,4.6270021704085496,16.698614748660916,1,239,4,2,WAIT,medium
q_learning,8,132,08:00,120,99.85436006882136,10.787468572137515,89.06689149668385,2,43.0909218720002,44.0277949030208,32.88128322497901,0.0,0.0,120.0,0.0,7.35814036437716,23.4631984131586,0,93,11,1,WAIT,medium
q_learning,9,132,08:00,120,90.82677323342202,8.320276176210323,82.50649705721169,2,6.875081401880583,19.97512252709047,93.14979607102896,0.0,0.0,120.00000000000001,-1.4210854715202004e-14,5.18155674214191,18.590660904173298,0,170,3,1,WAIT,medium
q_learning,10,132,08:00,120,81.95982417799276,8.627016930556374,73.33280724743638,1,9.082898917561488,37.41053506290781,40.16740958535538,33.33915643417532,0.0,120.0,0.0,6.521058068816938,18.1275617327727,1,138,3,2,WAIT,medium
q_learning,11,132,08:00,120,103.46507964746364,7.125600839364339,96.3394788080993,2,17.97413517663255,17.162296211367835,84.86356861199963,0.0,0.0,120.00000000000001,-1.4210854715202004e-14,1.9479393488596028,18.41092019218137,0,211,6,1,WAIT,medium
q_learning,12,132,08:00,120,91.55712987807945,7.850873840094106,83.70625603798534,2,25.805115414537116,0.0,94.19488458546287,0.0,0.0,119.99999999999999,1.4210854715202004e-14,0.0,22.43106811455459,0,246,7,0,WAIT,medium
q_learning,13,132,08:00,120,86.78065547385339,6.168241278326757,80.61241419552663,1,1.7719821567352316,0.0,118.22801784326477,0.0,0.0,120.0,0.0,0.0,17.623546509505022,0,230,2,0,WAIT,medium
q_learning,14,132,08:00,120,48.902530430620786,7.124408426632678,41.77812200398811,2,8.123692673929568,56.37134994790662,47.706340300420194,7.7986170777436,0.0,119.99999999999999,1.4210854715202004e-14,8.36008243849444,11.995370209027502,1,249,3,2,WAIT,medium
q_learning,15,132,08:00,120,87.71553291988536,7.060116884027225,80.65541603585814,2,5.4867000506188495,0.0,108.48629684458135,0.0,6.027003104799803,120.0,0.0,0.0,20.171762525792072,0,233,3,1,WAIT,medium
q_learning,16,132,08:00,120,73.4101872915655,7.469300105747205,65.9408871858183,1,6.054535431996992,40.88001042456622,37.854478822329895,35.210975321106886,0.0,120.0,0.0,7.10089375575204,14.239963689239977,1,138,2,2,WAIT,medium
q_learning,17,132,08:00,120,109.74753901657722,9.425436896937274,100.32210211963995,3,11.51442282867322,25.44356469179535,83.04201247953144,0.0,0.0,120.0,0.0,2.767071999739535,24.162747705795542,0,68,5,1,WAIT,medium
q_learning,18,132,08:00,120,112.4517525707408,8.081241423502854,104.37051114723793,3,10.670878188897323,25.059546034117048,84.26957577698562,0.0,0.0,119.99999999999999,1.4210854715202004e-14,2.714523495868643,20.37473771413951,0,234,5,1,WAIT,medium
q_learning,19,132,08:00,120,143.62548327480823,12.270458241986386,131.35502503282186,2,13.153131092015283,33.020087000005404,73.82678190797932,0.0,0.0,120.00000000000001,-1.4210854715202004e-14,5.473967481603665,29.584484638357445,0,100,4,1,WAIT,medium
q_learning,20,132,08:00,120,105.81577327402412,9.513892773528939,96.30188050049519,3,17.59826701264681,58.37020539811873,44.03152758923447,0.0,0.0,120.00000000000001,-1.4210854715202004e-14,7.1306677748466125,20.051883006664646,0,237,6,2,WAIT,medium
q_learning,21,132,08:00,120,97.84588464066243,6.483873388654102,91.36201125200833,1,12.138447358636153,0.0,94.64758421676653,13.213968424597326,0.0,120.00000000000001,-1.4210854715202004e-14,0.0,18.52535253901172,1,161,3,0,WAIT,medium
q_learning,22,132,08:00,120,83.24915062780734,10.05277313438479,73.19637749342255,2,0.6462228962257816,32.17262522639688,78.09241714937801,9.088734727999324,0.0,119.99999999999999,1.4210854715202004e-14,3.9151357231353243,24.807073232249788,1,236,3,1,WAIT,medium
q_learning,23,132,08:00,120,107.40720383290831,7.715237845407261,99.69196598750105,2,9.223984596154308,30.545649316353014,80.23036608749268,0.0,0.0,120.0,0.0,3.096014561543284,18.94752213962032,0,249,4,1,WAIT,medium
q_learning,24,132,08:00,120,107.59439824994396,7.947472642899689,99.64692560704428,2,5.364974643571447,11.719754870265689,94.02682449443407,8.888445991728787,0.0,119.99999999999999,1.4210854715202004e-14,1.269745182208421,21.43731951179069,1,79,3,1,WAIT,medium
q_learning,25,132,08:00,120,112.70780549847449,7.295479036261386,105.4123264622131,2,15.522498087940697,8.683929606310135,91.90536194648165,3.888210359267518,0.0,120.0,0.0,0.8738289522399111,19.970396865649768,1,161,5,1,WAIT,medium
q_learning,26,132,08:00,120,93.16162678243403,8.034683649642865,85.12694313279115,3,9.573844403180594,28.73246846863071,66.54590920509769,15.147777923090985,0.0,119.99999999999997,2.842170943040401e-14,2.885433921608798,20.07080507737082,1,237,4,1,WAIT,medium
q_learning,27,132,08:00,120,117.87143474822207,8.038419970762224,109.83301477745985,2,14.889849488210423,27.04756538135947,75.51518673451275,2.547398395917355,0.0,120.0,0.0,4.460751707301817,18.50616249487597,1,207,5,1,WAIT,medium
q_learning,28,132,08:00,120,96.46195032183762,11.127244603360706,85.33470571847691,2,1.3196679179228672,39.09785552717583,72.20468317693214,7.3777933779691836,0.0,120.00000000000001,-1.4210854715202004e-14,4.810266901446065,26.981860536727385,1,262,3,2,WAIT,medium
q_learning,29,132,08:00,120,64.42036340910059,6.602891311677538,57.81747209742305,1,14.467854743379446,0.0,87.47372302060097,18.05842223601958,0.0,120.0,0.0,0.0,18.86540374765011,1,230,4,0,WAIT,medium
q_learning,30,132,08:00,120,107.39787391911412,7.7906138621264605,99.60726005698766,2,10.488458323290955,31.11760133152933,78.39394034517971,0.0,0.0,120.0,0.0,3.3722157839848723,18.886680964947875,0,162,4,2,WAIT,medium
q_learning,31,132,08:00,120,100.19731460900428,6.995470095565227,93.20184451343906,2,3.356280796289248,6.231925085666558,105.98929447634804,4.422499641696163,0.0,120.0,0.0,0.8023858489694058,19.184671566931243,1,239,3,1,WAIT,medium
q_learning,32,132,08:00,120,83.34503687820929,7.010162436374508,76.33487444183477,1,4.037316482375325,17.174299712684448,89.99916328359637,8.789220521343864,0.0,120.00000000000001,-1.4210854715202004e-14,2.0004471665855252,18.02858836591307,1,186,2,1,WAIT,medium
q_learning,33,132,08:00,120,91.26944195403281,7.088273926052637,84.18116802798018,2,4.268847542416582,16.507579788418806,83.853453208962,15.370119460202616,0.0,120.0,0.0,1.9773061539794832,18.27490506331377,1,107,3,1,WAIT,medium
q_learning,34,132,08:00,120,94.81444005242322,7.933470762150368,86.88096929027286,2,9.029984656069859,27.22397967394828,74.70493390939804,9.041101760583828,0.0,120.0,0.0,2.747672804741956,19.91938651568767,1,162,4,2,WAIT,medium
q_learning,35,132,08:00,120,83.47411318311421,8.299338295491788,75.17477488762242,1,18.41766787080806,27.04756538135947,74.53476674783248,0.0,0.0,120.0,0.0,4.460751707301817,19.25164342267472,0,207,5,1,WAIT,medium
q_learning,36,132,08:00,120,123.8953109956131,12.172275516403152,111.72303547920995,4,12.66969293558655,35.58600308672035,71.7443039776931,0.0,0.0,120.0,0.0,8.273186944514704,26.504743102351448,0,262,6,3,WAIT,medium
q_learning,37,132,08:00,120,90.48979947023862,7.545429142715003,82.94437032752361,2,12.552846343294965,33.31906543440121,74.12808822230383,0.0,0.0,120.0,0.0,3.841141710214256,17.717227268971467,0,114,5,1,WAIT,medium
q_learning,38,132,08:00,120,125.25174975186621,10.567253682922578,114.68449606894363,2,19.677255319437172,33.359079853907204,60.43588405304058,6.527780773615049,0.0,120.00000000000001,-1.4210854715202004e-14,5.57513253916503,24.617020840613765,1,141,6,1,WAIT,medium
q_learning,39,132,08:00,120,55.65060067146557,5.49075069455966,50.15984997690591,3,34.15594161457417,23.070864797787067,62.773193587638744,0.0,0.0,119.99999999999997,2.842170943040401e-14,3.8246163214391435,11.86324280587417,0,263,9,1,WAIT,medium
q_learning,40,132,08:00,120,158.38605485289506,10.097938107767257,148.2881167451278,3,27.650806287204627,11.992804463946989,78.71203942002892,1.6443498288194576,0.0,119.99999999999999,1.4210854715202004e-14,2.016396866840731,26.834854869637148,1,163,8,1,WAIT,medium
q_learning,41,132,08:00,120,96.50170211594457,7.31147078733325,89.19023132861132,1,6.031707703063263,27.76197413963511,77.23670617341355,8.969611983888072,0.0,120.0,0.0,2.9400292309540106,17.94988730428385,1,236,3,1,WAIT,medium
q_learning,42,132,08:00,120,82.63970330237566,7.935703309085501,74.70399999329017,3,19.814781498902185,12.601996364551116,87.58322213654671,0.0,0.0,120.00000000000001,-1.4210854715202004e-14,1.379619801231465,21.29381822472711,0,141,6,1,WAIT,medium
q_learning,43,132,08:00,120,76.23515500075757,8.348256297908751,67.88689870284882,2,14.014867117676335,34.55474349442407,71.4303893878996,0.0,0.0,120.0,0.0,3.565956558533825,20.286204292634036,0,162,5,1,WAIT,medium
q_learning,44,132,08:00,120,61.82782522645212,6.983492212529372,54.84433301392275,2,23.636171912852785,57.58238048812828,24.9416014849004,13.839846114118544,0.0,120.00000000000001,-1.4210854715202004e-14,10.062135458698327,9.890699434242737,1,207,7,4,WAIT,medium
q_learning,45,132,08:00,120,136.6277159482269,8.488062374807186,128.1396535734197,3,8.030946182258134,0.0,111.96905381774187,0.0,0.0,120.0,0.0,0.0,24.251606785163386,0,186,4,0,WAIT,medium
q_learning,46,132,08:00,120,83.1581591912899,8.01183841777872,75.14632077351118,1,2.0797656467698,42.74199883713285,43.54418574239787,31.634049773699473,0.0,120.0,0.0,6.449136612047146,16.441830295892053,1,70,2,2,WAIT,medium
q_learning,47,132,08:00,120,92.43042566463555,7.308481367354804,85.12194429728075,2,20.875865602289174,34.215362083276425,64.90877231443439,0.0,0.0,119.99999999999999,1.4210854715202004e-14,3.771208497489917,17.110166837809523,0,74,6,1,WAIT,medium
q_learning,48,132,08:00,120,98.90841497080558,10.54604375287508,88.3623712179305,3,7.361645155874206,34.55474349442407,69.2990815802624,8.784529769439317,0.0,119.99999999999999,1.4210854715202004e-14,3.565956558533825,26.565597021109266,1,236,4,1,WAIT,medium
q_learning,49,132,08:00,120,82.3929088246532,8.20737772376106,74.18553110089215,2,15.61045231940344,9.375032643018152,95.0145150375784,0.0,0.0,120.0,0.0,1.1873894851737312,22.262261154143584,0,48,5,1,WAIT,medium
q_learning,50,132,08:00,120,80.29414166935805,4.153039789618398,76.14110187973965,2,10.720923438546418,30.61243678069839,55.411392576973405,23.255247203781778,0.0,120.0,0.0,6.591924564241296,5.273903406096985,1,132,4,2,WAIT,medium
q_learning,51,132,08:00,120,98.56865156425253,6.476159589322419,92.09249197493011,2,16.172415469893444,8.683929606310135,79.59982514797402,15.543829775822402,0.0,120.0,0.0,0.8738289522399111,17.62948416010986,1,107,5,1,WAIT,medium
q_learning,52,132,08:00,120,66.81791224933853,8.89347637897164,57.92443587036689,1,4.74529533544786,38.12957710513106,39.99325610349492,37.13187145592616,0.0,120.0,0.0,6.372401365816446,19.037531145531098,1,70,2,1,WAIT,medium
q_learning,53,132,08:00,120,70.46812817520781,6.782906712203121,63.68522146300469,2,12.232384850010165,56.37134994790662,39.25071228616674,12.145552915916468,0.0,119.99999999999999,1.4210854715202004e-14,8.36008243849444,11.019651024943052,1,249,4,2,WAIT,medium
q_learning,54,132,08:00,120,74.84378714638196,7.899115436896266,66.94467170948569,1,20.016403341655327,18.651094815068852,79.12393668174846,2.2085651615273463,0.0,119.99999999999999,1.4210854715202004e-14,1.992595982753407,20.57630526552164,1,236,5,1,WAIT,medium
q_learning,55,132,08:00,120,66.17657313647736,7.706211759615452,58.47036137686191,2,14.382055470991425,30.545649316353014,72.09307462721293,2.979220585442633,0.0,120.0,0.0,3.096014561543284,18.921733323072292,1,211,5,1,WAIT,medium
q_learning,56,132,08:00,120,110.0756442111959,8.310036269497928,101.76560794169797,3,8.872363164031817,25.45799151474848,85.66964532121972,0.0,0.0,120.00000000000001,-1.4210854715202004e-14,2.838871761590325,20.90408900840375,0,144,4,1,WAIT,medium
q_learning,57,132,08:00,120,102.86680298698731,8.024443539209024,94.84235944777828,2,11.561728029552366,29.693021701634166,77.13797553475277,1.6072747340606952,0.0,120.0,0.0,3.3783921158480945,19.548589424749114,1,230,3,1,WAIT,medium
q_learning,58,132,08:00,120,76.27965787303577,8.378627929474224,67.90102994356155,1,10.655461715889725,33.020087000005404,48.97292514421488,27.351526139889998,0.0,120.00000000000001,-1.4210854715202004e-14,5.473967481603665,18.464969459751263,1,70,3,1,WAIT,medium
q_learning,59,132,08:00,120,139.09662255852191,9.465175292563849,129.63144726595806,3,20.46969304174105,8.683929606310135,90.84637735194882,0.0,0.0,120.0,0.0,0.8738289522399111,26.16952902651395,0,161,6,1,WAIT,medium
q_learning,60,132,08:00,120,113.45829862740406,8.72429368856129,104.73400493884277,3,23.61108309042663,16.020564402854323,80.36835250671905,0.0,0.0,120.0,0.0,1.9977883747493488,22.928765021140048,0,161,7,1,WAIT,medium
q_learning,61,132,08:00,120,73.45065968949424,7.091971758428091,66.35868793106616,1,9.444979843397004,18.599350166207206,91.31811505347821,0.6375549369175815,0.0,120.0,0.0,2.054216423475528,18.208560029176162,1,79,3,2,WAIT,medium
q_learning,62,132,08:00,120,113.46143063852682,9.222603032249777,104.23882760627704,2,9.501806702247132,25.284751134864365,81.53255006371236,3.680892099176134,0.0,120.0,0.0,7.115965605095542,19.234328772760968,1,229,4,2,WAIT,medium
q_learning,63,132,08:00,120,105.57900620834471,7.829023228005853,97.74998298033886,2,13.569672577716762,34.215362083276425,72.21496533900682,0.0,0.0,120.00000000000001,-1.4210854715202004e-14,3.771208497489917,18.59742929681252,0,161,5,1,WAIT,medium
q_learning,64,132,08:00,120,87.16969844962344,7.046018091383115,80.12368035824032,1,3.973872303311583,18.449897480506277,81.84297540474816,15.733254811433966,0.0,119.99999999999999,1.4210854715202004e-14,2.2545195719585736,17.87696068913604,1,262,2,1,WAIT,medium
q_learning,65,132,08:00,120,72.76895520066458,6.300673416892873,66.4682817837717,2,13.568802322704233,25.238839917986326,71.89676442233424,9.295593336975202,0.0,120.0,0.0,2.0212463857230305,15.980677662542321,1,186,4,2,WAIT,medium
q_learning,66,132,08:00,120,85.01026540410078,7.361812696654222,77.64845270744655,2,13.133272965238763,25.743052186450825,81.12367484831042,0.0,0.0,120.0,0.0,2.974671831327089,18.05907873054212,0,79,5,2,WAIT,medium
q_learning,67,132,08:00,120,109.9748328074806,8.49839176532967,101.47644104215092,3,11.489774647722156,0.0,108.51022535227784,0.0,0.0,120.0,0.0,0.0,24.281119329513345,0,137,4,0,WAIT,medium
q_learning,68,132,08:00,120,99.37348850312145,6.3786416380131685,92.99484686510829,2,19.51348496098391,16.507579788418806,83.97893525059727,0.0,0.0,119.99999999999999,1.4210854715202004e-14,1.9773061539794832,16.247384240343855,0,211,6,1,WAIT,medium
q_learning,69,132,08:00,120,71.58565368272465,8.585724342665578,62.999929340059076,1,4.323949671563802,36.67947233610448,49.231326813931695,29.76525117840002,0.0,120.0,0.0,6.080609018691693,18.45003196035282,1,70,2,1,WAIT,medium
q_learning,70,132,08:00,120,98.35604561987267,9.274074087228964,89.0819715326437,2,11.694242844064256,57.06374147871144,51.24201567722431,0.0,0.0,120.0,0.0,6.471771908161718,20.02558262677818,0,229,5,3,WAIT,medium
q_learning,71,132,08:00,120,88.67432405535882,7.146876421964088,81.52744763339473,2,12.92244606625581,18.687093303484296,88.39046063025988,0.0,0.0,119.99999999999999,1.4210854715202004e-14,1.4041933469266459,19.01545357297075,0,230,5,1,WAIT,medium
q_learning,72,132,08:00,120,140.41173376975883,12.53591012452076,127.87582364523807,3,18.147153493736493,52.386340982674085,45.26395088947237,4.20255463411705,0.0,120.0,0.0,10.033463046882188,25.78342302317713,1,237,6,2,WAIT,medium
q_learning,73,132,08:00,120,95.00534427012164,9.396030933650346,85.60931333647129,3,9.618388548273241,0.0,110.38161145172677,0.0,0.0,120.00000000000001,-1.4210854715202004e-14,0.0,26.845802667572418,0,162,4,0,WAIT,medium
q_learning,74,132,08:00,120,94.9625741277977,8.876010379839805,86.08656374795788,2,8.738201565515428,32.17262522639688,79.0891732080877,0.0,0.0,120.00000000000001,-1.4210854715202004e-14,3.9151357231353243,21.44489393354983,0,75,4,1,WAIT,medium
q_learning,75,132,08:00,120,98.10601982170698,7.20712710025033,90.89889272145665,2,20.700594686820807,27.098392802187306,70.92946552801261,1.2715469829792738,0.0,120.0,0.0,2.7476728047419563,17.844118910258988,1,79,6,1,WAIT,medium
q_learning,76,132,08:00,120,71.86598733274596,8.200476590333164,63.66551074241279,1,16.952238411454328,29.693021701634166,73.3547398869115,0.0,0.0,120.0,0.0,3.3783921158480945,20.051540999389516,0,162,5,1,WAIT,medium
q_learning,77,132,08:00,120,110.34119182891804,7.511047611982096,102.83014421693595,3,14.296701687082974,8.683929606310135,97.01936870660688,0.0,0.0,120.0,0.0,0.8738289522399111,20.58630708199465,0,158,6,1,WAIT,medium
q_learning,78,132,08:00,120,120.12711351326885,8.272838699083252,111.8542748141856,3,8.955060404888851,34.628204055369025,76.41673553974212,0.0,0.0,120.0,0.0,3.565956558533825,20.070725438846896,0,75,5,1,WAIT,medium
q_learning,79,132,08:00,120,97.32441677261718,7.84120172629632,89.48321504632086,2,6.041851988206616,34.628204055369025,67.32841604988789,12.001527906536467,0.0,120.0,0.0,3.565956558533825,18.837476945169946,1,237,3,1,WAIT,medium
q_learning,80,132,08:00,120,106.2144550470079,7.542976361446936,98.67147868556097,3,15.072236024153586,19.13969347809115,84.18109250278302,1.6069779949722545,0.0,120.0,0.0,1.6752393894159918,19.876121643289537,1,230,6,1,WAIT,medium
q_learning,81,132,08:00,120,102.15496406423838,7.8025984569541915,94.3523656072842,3,5.789418177589189,14.846839132448778,94.51264216193991,4.8511005280221156,0.0,119.99999999999999,1.4210854715202004e-14,1.9491905842513346,20.343947864189214,1,236,4,2,WAIT,medium
q_learning,82,132,08:00,120,101.53642781705324,8.350423390793077,93.18600442626015,2,8.683965563332082,47.31965175474194,63.99638268192598,0.0,0.0,120.0,0.0,4.9382773791836945,18.920075165939384,0,162,4,2,WAIT,medium
q_learning,83,132,08:00,120,111.05441582032081,7.084455614116265,103.96996020620455,3,7.532250542076788,42.47725660675826,68.14229498438725,1.8481978667777241,0.0,120.00000000000003,-2.842170943040401e-14,4.074631167503847,16.16667058711405,1,236,4,2,WAIT,medium
q_learning,84,132,08:00,120,87.22583201068893,6.86433552394108,80.36149648674785,1,1.3580867574468931,0.0,113.30892865223902,5.332984590314084,0.0,120.0,0.0,0.0,19.61238721126023,1,230,2,0,WAIT,medium
q_learning,85,132,08:00,120,90.38567064808277,7.360763175219035,83.02490747286373,2,16.044255448833624,23.347106182892784,80.60863836827359,0.0,0.0,120.0,0.0,2.756328774380701,18.274423154816546,0,229,6,2,WAIT,medium
q_learning,86,132,08:00,120,87.62836369220506,8.80639332788981,78.82197036431525,1,1.0772226459396759,38.68114734447586,38.158037335249446,42.08359267433501,0.0,119.99999999999999,1.4210854715202004e-14,6.733409006152611,18.42771478781827,1,138,2,2,WAIT,medium
q_learning,87,132,08:00,120,118.24452639436066,9.94906486778413,108.29546152657653,3,17.02126500922564,34.51405820104156,68.4646767897328,0.0,0.0,120.0,0.0,5.421587465399671,23.004312156840705,0,244,6,3,WAIT,medium
q_learning,88,132,08:00,120,85.91709879603768,6.766569583989041,79.15052921204864,2,10.167510988568207,0.0,105.63843996214057,4.194049049291223,0.0,120.0,0.0,0.0,19.3330559542544,1,48,4,0,WAIT,medium
q_learning,89,132,08:00,120,107.94715269227851,8.31266621705638,99.63448647522213,2,7.881826156672105,8.999525166245299,91.33319489780551,11.785453779277077,0.0,120.0,0.0,0.6703398622292307,23.08013504364614,1,162,4,1,WAIT,medium
q_learning,90,132,08:00,120,86.05979059365703,7.1457830338284,78.91400755982863,3,22.276629536067553,17.162296211367835,76.88407166411383,3.6770025884508044,0.0,120.00000000000003,-2.842170943040401e-14,1.9479393488596028,18.46858360493583,1,68,7,1,WAIT,medium
q_learning,91,132,08:00,120,87.16382507057496,7.183998404691183,79.97982666588378,1,2.1279694533843516,26.94938031552546,58.29854304454416,32.62410718654603,0.0,120.0,0.0,2.236241179936743,18.289468547752353,1,186,2,1,WAIT,medium
q_learning,92,132,08:00,120,94.40445635389116,8.084342921681936,86.32011343220923,2,20.993193596529323,0.0,99.00680640347068,0.0,0.0,120.0,0.0,0.0,23.09812263337696,0,230,6,0,WAIT,medium
q_learning,93,132,08:00,120,99.87962589633379,6.897843050104285,92.9817828462295,2,24.646189000020097,16.507579788418806,78.84623121156109,0.0,0.0,120.0,0.0,1.9773061539794832,17.730816846318476,0,162,7,1,WAIT,medium
q_learning,94,132,08:00,120,79.5290161309058,7.334867697335703,72.19414843357009,3,11.704344635840123,40.20180131585492,68.09385404830495,0.0,0.0,120.0,0.0,6.718721608348526,14.238043241182057,0,87,4,1,WAIT,medium
q_learning,95,132,08:00,120,188.88273782260373,9.458514033753493,179.42422378885024,5,8.187157496910878,31.191194475643258,80.62164802744584,0.0,0.0,119.99999999999997,2.842170943040401e-14,3.522912921389741,23.501412889334528,0,140,6,2,WAIT,medium
q_learning,96,132,08:00,120,134.15977914888205,11.440295729877398,122.71948341900466,4,23.98469651080881,48.72112699427345,47.29417649491774,0.0,0.0,120.0,0.0,7.535863933236753,25.15069529498438,0,211,8,2,WAIT,medium
q_learning,97,132,08:00,120,76.08245960574476,7.728346621389461,68.3541129843553,1,6.682980635629257,28.913686105371003,53.74779108461183,30.655542174387904,0.0,120.0,0.0,4.793221093392962,17.28776925343407,1,70,3,1,WAIT,medium
q_learning,98,132,08:00,120,113.38157609795417,7.56943088623175,105.81214521172242,2,1.7999416649714315,27.031260561514202,77.87952681143379,13.289270962080579,0.0,120.0,0.0,3.1246376840927876,18.502307705140787,1,163,3,1,WAIT,medium
q_learning,99,132,08:00,120,115.71728415327284,9.232811444652137,106.4844727086207,4,8.14689044182223,20.560812416330474,91.29229714184729,0.0,0.0,119.99999999999999,1.4210854715202004e-14,5.18155674214191,21.197904528292767,0,170,5,1,WAIT,medium
q_learning,100,132,08:00,120,97.02890741407403,6.749979020462173,90.27892839361185,2,9.85058115273611,16.507579788418806,88.29737778906343,5.344461269781661,0.0,120.00000000000001,-1.4210854715202004e-14,1.9773061539794832,17.308348190198156,1,107,4,1,WAIT,medium
q_learning,101,132,08:00,120,117.31285797284295,9.686668319995169,107.62618965284778,4,27.79069365074224,35.028249492496954,57.1810568567608,0.0,0.0,120.0,0.0,3.8140408920338054,23.862154307952398,0,246,9,1,WAIT,medium
q_learning,102,132,08:00,120,72.03992849803097,7.5924058554364455,64.44752264259454,4,17.395071459416272,40.20180131585492,62.403127224728806,0.0,0.0,120.0,0.0,6.718721608348526,14.97386655004132,0,246,7,1,WAIT,medium
q_learning,103,132,08:00,120,91.95080408049206,7.843096084822286,84.10770799566977,2,17.14174964652886,25.00638450411831,77.85186584935283,0.0,0.0,120.0,0.0,2.714523495868643,19.69432246076646,0,164,5,1,WAIT,medium
q_learning,104,132,08:00,120,80.81786203694257,8.461094852481933,72.35676718446064,1,2.676789586217525,36.67947233610448,49.00374086601484,31.639997211663157,0.0,120.0,0.0,6.080609018691693,18.093947702685263,1,70,2,1,WAIT,medium
q_learning,105,132,08:00,120,78.30399190934753,8.922431067016207,69.38156084233133,1,7.1841408667785345,28.913686105371003,44.90038656968112,39.00178645816935,0.0,120.0,0.0,4.793221093392962,20.699439098081918,1,70,3,1,WAIT,medium
q_learning,106,132,08:00,120,86.21851781138962,5.41997834751308,80.79853946387654,1,0.56719629986601,0.0,103.09144317488264,16.341360525251346,0.0,120.0,0.0,0.0,15.485652421465943,1,48,2,0,WAIT,medium
q_learning,107,132,08:00,120,121.09974225580824,12.72664959872354,108.3730926570847,3,17.163001347282965,29.29422704610182,71.16015481886367,2.3826167877515445,0.0,120.0,0.0,8.321852223022558,28.040003773330415,1,162,6,2,WAIT,medium
q_learning,108,132,08:00,120,89.38580519569626,7.255456496319466,82.1303486993768,2,28.32279843999846,26.94938031552546,58.649595096049424,6.078226148426651,0.0,120.0,0.0,2.236241179936743,18.493634523833162,1,68,8,1,WAIT,medium
q_learning,109,132,08:00,120,66.49038012045837,8.219666733126061,58.27071338733231,2,14.91418701831046,34.99052355528667,46.17712070725939,23.91816871914348,0.0,120.0,0.0,5.800620334703995,17.684141759941898,1,138,5,1,WAIT,medium
q_learning,110,132,08:00,120,114.99880079849822,7.416976569669704,107.58182422882852,3,10.83065112391362,0.0,109.16934887608639,0.0,0.0,120.00000000000001,-1.4210854715202004e-14,0.0,21.191361627627728,0,236,5,0,WAIT,medium
q_learning,111,132,08:00,120,90.30935960472256,6.438988428715249,83.87037117600731,2,5.237036120802733,0.0,114.76296387919726,0.0,0.0,119.99999999999999,1.4210854715202004e-14,0.0,18.397109796329282,0,75,3,0,WAIT,medium
q_learning,112,132,08:00,120,156.3077174098103,10.613212619319217,145.69450479049107,3,14.824962408728698,44.25600658932042,60.919031001950884,0.0,0.0,120.0,0.0,6.547331013332853,23.77613361329349,0,234,6,2,WAIT,medium
q_learning,113,132,08:00,120,113.15805218158889,10.34426053787734,102.81379164371154,2,5.211082032510763,32.17262522639688,82.61629274109237,0.0,0.0,120.00000000000001,-1.4210854715202004e-14,3.9151357231353243,25.639894385085647,0,234,3,1,WAIT,medium
q_learning,114,132,08:00,120,101.75989004351507,10.403729158954734,91.35616088456034,3,13.383931117382833,20.560812416330474,67.94968005233513,18.105576413951567,0.0,120.0,0.0,5.18155674214191,24.543383712014474,1,142,5,1,WAIT,medium
q_learning,115,132,08:00,120,123.26032300624871,8.012663937714535,115.24765906853418,3,17.788868196128767,18.315869219339433,82.45047536444754,1.444787220084251,0.0,119.99999999999999,1.4210854715202004e-14,2.2545195719585736,20.638805964368668,1,43,6,1,WAIT,medium
q_learning,116,132,08:00,120,73.74960357270047,8.45671870077281,65.29288487192765,1,9.706809316650167,37.31133721486388,59.88988923334433,13.091964235141617,0.0,119.99999999999999,1.4210854715202004e-14,4.10572252592439,20.05633090485507,1,79,3,1,WAIT,medium
q_learning,117,132,08:00,120,107.59784434292665,6.5377513460202765,101.06009299690638,3,17.677800082717482,40.20180131585492,57.70450539253014,4.415893208897472,0.0,120.00000000000001,-1.4210854715202004e-14,6.718721608348526,11.960567951709407,1,114,6,1,WAIT,medium
q_learning,118,132,08:00,120,111.08857784163742,8.98742456490693,102.10115327673049,3,14.837443796008577,43.963381360558316,61.199174843433106,0.0,0.0,120.0,0.0,4.7194061560123615,20.95894974372173,0,229,6,2,WAIT,medium
q_learning,119,132,08:00,120,61.628130497684666,6.047820566821269,55.58030993086339,1,8.45102448650971,25.99896818228179,49.261668654144145,36.28833867706436,0.0,120.0,0.0,6.746965605095542,10.53252172867951,1,70,3,2,WAIT,medium
q_learning,120,132,08:00,120,88.2634272124146,7.049147925722503,81.21427928669209,2,6.8300947106172565,20.339773576080233,92.8301317133025,0.0,0.0,120.0,0.0,1.6248324020845133,18.51559024283692,0,163,4,1,WAIT,medium
q_learning,121,132,08:00,120,71.08853423449341,6.940367794599977,64.14816643989343,2,19.920561656249458,9.942949614160836,90.13648872958971,0.0,0.0,120.0,0.0,0.7582778451411744,19.071344425144474,0,161,6,1,WAIT,medium
q_learning,122,132,08:00,120,82.71749856123475,9.02455400752713,73.69294455370762,2,8.833444156531424,57.432964493493095,41.80869964638528,11.924891703590205,0.0,120.0,0.0,7.50908217516466,18.275357846341425,1,195,4,2,WAIT,medium
q_learning,123,132,08:00,120,84.87576156190532,8.078583908774727,76.79717765313059,2,12.781823257970313,27.098392802187306,80.11978393984238,0.0,0.0,120.0,0.0,2.7476728047419563,20.333995506042974,0,162,4,1,WAIT,medium
q_learning,124,132,08:00,120,81.84416567442906,8.420538249546459,73.42362742488261,1,3.002882721103579,33.020087000005404,50.6250325540554,33.35199772483563,0.0,120.00000000000001,-1.4210854715202004e-14,5.473967481603665,18.584713231386218,1,70,2,1,WAIT,medium
q_learning,125,132,08:00,120,103.42807323511444,7.828070897629567,95.60000233748487,3,13.106761134077132,25.44356469179535,74.89076807734686,6.55890609678066,0.0,120.0,0.0,2.767071999739535,19.59884485063066,1,141,4,1,WAIT,medium
q_learning,126,132,08:00,120,90.66698267203218,7.443594710615461,83.22338796141672,2,16.78545382541416,8.009510434049798,95.20503574053605,0.0,0.0,120.0,0.0,1.054059405940594,20.213354052960725,0,229,5,1,WAIT,medium
q_learning,127,132,08:00,120,132.345518761075,10.808669080399842,121.53684968067516,2,10.559314054864,33.359079853907204,76.08160609122879,0.0,0.0,120.0,0.0,5.57513253916503,25.306779119120232,0,68,4,1,WAIT,medium
q_learning,128,132,08:00,120,78.6604615485788,8.071878929294675,70.58858261928413,1,16.062678544734922,42.47725660675826,52.96467282378769,8.495392024719123,0.0,119.99999999999999,1.4210854715202004e-14,4.074631167503847,18.98788005905237,1,237,4,2,WAIT,medium
q_learning,129,132,08:00,120,93.06777703370298,8.79667095702965,84.27110607667333,2,3.5430556478734396,32.17262522639688,82.5512945726446,1.7330245530850874,0.0,120.0,0.0,3.9151357231353243,21.218209868377965,1,229,3,1,WAIT,medium
q_learning,130,132,08:00,120,92.05935135646624,8.474325319603725,83.58502603686252,2,5.798444156213019,53.28029102613056,55.63996335935754,5.281301458298898,0.0,120.00000000000001,-1.4210854715202004e-14,5.906712984265784,18.305645071744863,1,141,3,4,WAIT,medium
q_learning,131,132,08:00,120,83.01537415378796,8.39471092594068,74.62066322784727,1,6.066165199980217,41.9041967477935,69.71099665979102,2.3186413924352536,0.0,119.99999999999999,1.4210854715202004e-14,4.848718365577454,19.136169994253063,1,79,3,1,WAIT,medium
q_learning,132,132,08:00,120,88.87788653505976,8.26766536123886,80.6102211738209,2,11.057000600539983,33.31906543440121,75.62393396505881,0.0,0.0,120.0,0.0,3.841141710214256,19.78075932189677,0,137,4,1,WAIT,medium
q_learning,133,132,08:00,120,79.07648944284169,8.342620744871164,70.73386869797052,2,5.917088891138765,34.55474349442407,79.52816761443714,0.0,0.0,119.99999999999997,2.842170943040401e-14,3.565956558533825,20.270102712526644,0,229,3,1,WAIT,medium
q_learning,134,132,08:00,120,98.63232357962818,9.092363239090059,89.53996034053812,2,2.657123289662422,62.61018837816309,48.54031215665827,6.1923761755162445,0.0,120.00000000000003,-2.842170943040401e-14,5.732998763098327,20.245181920016126,1,246,3,2,WAIT,medium
q_learning,135,132,08:00,120,96.26556812818224,7.661700033728912,88.60386809445333,2,11.922132432043671,26.517687010976466,78.31298770126784,3.2471928557120293,0.0,120.00000000000001,-1.4210854715202004e-14,2.9453050262072082,18.94526649873254,1,79,4,2,WAIT,medium
q_learning,136,132,08:00,120,75.7958713433854,7.37077016433534,68.42510117905006,2,13.853868748832953,31.11760133152933,75.0285299196377,0.0,0.0,119.99999999999999,1.4210854715202004e-14,3.3722157839848723,17.68712754268753,0,236,5,2,WAIT,medium
q_learning,137,132,08:00,120,112.76754236340494,8.864022330460593,103.90352003294436,2,11.8731316086309,43.33350919929008,62.80904757897785,1.9843116131011698,0.0,120.0,0.0,5.4524113463478745,19.873366740682393,1,138,4,2,WAIT,medium
q_learning,138,132,08:00,120,101.98452775391124,8.134272038582663,93.85025571532857,2,3.6259048135178054,41.41348883752677,69.68749833377858,5.273108015176845,0.0,120.0,0.0,4.609636426250879,18.631140826842447,1,262,3,2,WAIT,medium
q_learning,139,132,08:00,120,141.85209645469806,8.789670853007893,133.06242560169017,3,13.509556565219594,35.27827421623311,71.2121692185473,0.0,0.0,120.0,0.0,5.130148196039655,19.983197098268615,0,207,6,2,WAIT,medium
q_learning,140,132,08:00,120,97.2966049893488,8.343662068744866,88.95294292060393,3,9.893207919673653,53.46661465956781,56.64017742075853,0.0,0.0,120.0,0.0,6.045959477032123,17.793075005096068,0,262,5,3,WAIT,medium
q_learning,141,132,08:00,120,95.12892292202777,7.788131138030366,87.3407917839974,2,12.092927280978259,14.861819532346983,93.04525318667476,0.0,0.0,120.0,0.0,2.444299961608333,19.807503289907,0,237,4,2,WAIT,medium
q_learning,142,132,08:00,120,142.217133108206,15.11428449616391,127.10284861204211,3,15.343073878732193,77.02946715359592,27.627458967671906,0.0,0.0,120.00000000000003,-2.842170943040401e-14,17.51668180366058,25.666988185379164,0,237,5,4,WAIT,medium
q_learning,143,132,08:00,120,106.07760902151996,8.904477203609769,97.17313181791019,2,14.395611214707733,25.51865792301724,73.19495725563108,6.890773606643947,0.0,120.0,0.0,3.0080238219487234,22.43333961693633,1,230,5,1,WAIT,medium
q_learning,144,132,08:00,120,0.0,0.0,0.0,0,0.0182630394115739,0.0,0.0,119.98173696058842,0.0,120.0,0.0,0.0,0.0,1,132,1,0,WAIT,medium
q_learning,145,132,08:00,120,118.80776274585713,13.342399001616293,105.46536374424085,2,10.232995471620297,44.18706299717158,63.10322108017252,2.4767204510355896,0.0,119.99999999999999,1.4210854715202004e-14,7.384758027035707,30.736381977582276,1,102,4,1,WAIT,medium
q_learning,146,132,08:00,120,116.2247823272892,12.04080697838701,104.1839753489022,2,5.7007244095858045,35.44782758019229,78.8514480102219,0.0,0.0,120.0,0.0,5.8764307758315235,28.525874876702794,0,233,3,1,WAIT,medium
q_learning,147,132,08:00,120,87.86448441245658,6.041209032877011,81.82327537957957,1,24.06761064114799,9.942949614160836,85.98943974469117,0.0,0.0,120.0,0.0,0.7582778451411744,16.502319391650285,0,161,6,1,WAIT,medium
q_learning,148,132,08:00,120,161.94549133526664,13.832026691821298,148.11346464344535,3,7.005415676787933,35.44782758019229,76.5170153939595,1.0297413490602878,0.0,120.0,0.0,5.8764307758315235,33.64364548651505,1,161,4,1,WAIT,medium
q_learning,149,132,08:00,120,83.07744219546909,7.9803654372846955,75.0970767581844,3,20.215933012404477,40.20180131585492,56.45905435385859,3.12321131788201,0.0,120.0,0.0,6.718721608348526,16.082322498179174,1,231,7,1,WAIT,medium
dqn,0,132,08:00,120,166.31760979904737,9.653831645538537,156.66377815350884,3,21.19776888266535,0.0,93.52669962428361,5.275531493051034,0.0,120.0,0.0,0.0,27.582376130110106,1,230,7,0,WAIT,medium
dqn,1,132,08:00,120,73.23168654889255,6.709957391477739,66.52172915741481,2,14.103141106675269,12.734640371915892,93.16221852140885,0.0,0.0,120.0,0.0,2.096008616124154,17.075298216669385,0,237,5,2,WAIT,medium
dqn,2,132,08:00,120,118.0884421653554,9.829591525146594,108.2588506402088,4,16.058063251622688,25.596293975803015,74.62547631665385,3.7201664559204204,0.0,119.99999999999997,2.842170943040401e-14,2.974671831327089,25.109875383377467,1,170,6,2,WAIT,medium
dqn,3,132,08:00,120,122.68172544621953,10.613847491708805,112.06787795451072,7,24.395446784134037,20.667633540903722,65.44528205296135,9.49163762200088,0.0,119.99999999999999,1.4210854715202004e-14,2.377598003533694,27.947680544205745,1,236,9,2,WAIT,medium
dqn,4,132,08:00,120,104.28961852592133,7.568625364039043,96.72099316188229,2,5.631726429760526,8.683929606310135,105.68434396392934,0.0,0.0,120.0,0.0,0.8738289522399111,20.7508149450145,0,237,3,1,WAIT,medium
dqn,5,132,08:00,120,101.90320730447293,6.840370152058907,95.06283715241402,2,17.769039277051615,17.84859410514592,71.72468025424337,12.657686363559094,0.0,120.0,0.0,1.5032254509130585,18.04068926925525,1,186,5,2,WAIT,medium
dqn,6,132,08:00,120,83.39178380806106,8.157243846180448,75.23453996188061,2,35.705178965315625,18.552630626464005,65.74219040822037,0.0,0.0,120.0,0.0,3.3455249309481054,19.96088605813889,0,141,8,3,WAIT,medium
dqn,7,132,08:00,120,138.52986891971105,9.212868045629273,129.31700087408177,3,16.439574031525837,0.0,103.56042596847416,0.0,0.0,120.0,0.0,0.0,26.322480130369357,0,234,5,0,WAIT,medium
dqn,8,132,08:00,120,157.39317873529035,13.242259080044711,144.15091965524564,3,24.710682913499703,32.8847352887089,62.40458179779139,0.0,0.0,120.0,0.0,5.495857756053667,32.339168186931225,0,162,8,1,WAIT,medium
dqn,9,132,08:00,120,132.56840682331432,7.5087189322549985,125.05968789105933,5,24.128618509052487,0.0,94.90795744974346,0.9634240412040498,0.0,120.0,0.0,0.0,21.45348266358571,1,236,8,0,WAIT,medium
dqn,10,132,08:00,120,107.30435365420995,9.037240953733301,98.26711270047664,3,7.402698531568916,30.96577629511274,61.30300125851578,20.328523914802574,0.0,120.00000000000001,-1.4210854715202004e-14,3.86885136953683,21.951837069701174,1,151,4,3,WAIT,medium
dqn,11,132,08:00,120,105.53617662521646,6.664300235928171,98.87187638928829,2,19.553415785472886,8.904151745316087,89.26775757074569,2.2746748984653493,0.0,120.0,0.0,0.6603151301624585,18.380542686775176,1,137,6,1,WAIT,medium
dqn,12,132,08:00,120,91.55712987807945,7.850873840094106,83.70625603798534,2,25.805115414537116,0.0,94.19488458546287,0.0,0.0,119.99999999999999,1.4210854715202004e-14,0.0,22.43106811455459,0,246,7,0,WAIT,medium
dqn,13,132,08:00,120,86.78065547385339,6.168241278326757,80.61241419552663,1,1.7719821567352316,0.0,118.22801784326477,0.0,0.0,120.0,0.0,0.0,17.623546509505022,0,230,2,0,WAIT,medium
dqn,14,132,08:00,120,116.02486696819321,7.909721077892057,108.11514589030115,4,41.35073676064913,9.768302086005006,68.88096115334585,0.0,0.0,119.99999999999999,1.4210854715202004e-14,1.2056984738407528,21.39350460585084,0,87,11,1,WAIT,medium
dqn,15,132,08:00,120,87.71553291988536,7.060116884027225,80.65541603585814,2,11.513703155418654,0.0,108.48629684458135,0.0,0.0,120.0,0.0,0.0,20.171762525792072,0,233,5,0,WAIT,medium
dqn,16,132,08:00,120,109.16856123601004,7.071317559836352,102.09724367617369,4,28.76882424101485,18.403878586468707,65.65481224495187,7.17248492756454,0.0,119.99999999999997,2.842170943040401e-14,2.8244032295757946,17.379361227099498,1,262,9,3,WAIT,medium
dqn,17,132,08:00,120,97.4332062964524,8.227781510527414,89.20542478592498,2,29.283893214352346,8.927614981596776,81.78849180405088,0.0,0.0,120.0,0.0,0.917734710087371,22.5902124628481,0,68,8,1,WAIT,medium
dqn,18,132,08:00,120,125.54802067725777,8.146054564401632,117.40196611285613,5,14.780053531817835,18.45223169231514,86.76771477586703,0.0,0.0,120.00000000000001,-1.4210854715202004e-14,2.0795274260806638,21.19491418649544,0,113,6,2,WAIT,medium
dqn,19,132,08:00,120,119.24807171082148,9.140515028675356,110.10755668214613,4,16.097403531509254,18.354807260574322,77.27082451552494,8.276964692391473,0.0,119.99999999999999,1.4210854715202004e-14,2.2545195719585736,23.86123765282816,1,236,6,1,WAIT,medium
dqn,20,132,08:00,120,148.00833852310242,10.889095563695651,137.11924295940676,4,21.881973005603804,31.84134781773216,66.276679176664,0.0,0.0,119.99999999999997,2.842170943040401e-14,5.321481740112142,25.790219870446865,0,141,7,1,WAIT,medium
dqn,21,132,08:00,120,111.8797791529593,7.639113578383504,104.2406655745758,2,7.0268405187131044,12.84446711873871,98.40096485258117,1.7277275099670248,0.0,120.0,0.0,2.096008616124154,19.730030179257287,1,262,3,2,WAIT,medium
dqn,22,132,08:00,120,107.12714168836685,9.514593168663467,97.61254851970338,3,22.829363367014288,0.0,94.8290385887884,2.3415980441972977,0.0,120.0,0.0,0.0,27.18455191046705,1,163,8,0,WAIT,medium
dqn,23,132,08:00,120,100.88458394855635,6.6242292241479985,94.26035472440836,2,33.689861306355326,9.359862388804956,76.95027630483972,0.0,0.0,120.0,0.0,0.7789661452253094,18.147403066626115,0,68,9,1,WAIT,medium
dqn,24,132,08:00,120,110.85351093955526,8.860274999204757,101.9932359403505,2,7.889767868697879,22.969850780984945,83.06029447563921,6.080086874677946,0.0,119.99999999999999,1.4210854715202004e-14,3.7744897979703804,21.54058162832893,1,141,4,4,WAIT,medium
dqn,25,132,08:00,120,112.70780549847449,7.295479036261386,105.4123264622131,2,15.522498087940697,8.683929606310135,91.90536194648165,3.888210359267518,0.0,120.0,0.0,0.8738289522399111,19.970396865649768,1,161,5,1,WAIT,medium
dqn,26,132,08:00,120,102.40216221957974,8.067055127193932,94.33510709238581,4,7.693187540402577,17.562469872765238,75.23520729908431,19.509135287747867,0.0,119.99999999999999,1.4210854715202004e-14,1.716739272990511,21.331989661849295,1,186,5,2,WAIT,medium
dqn,27,132,08:00,120,125.90152288512601,7.704532617465304,118.19699026766071,3,25.35969905337575,22.565226456679504,68.83441203284974,3.2406624570949987,0.0,120.0,0.0,2.7856955795005813,19.227254756114576,1,237,7,2,WAIT,medium
dqn,28,132,08:00,120,130.4917226701076,10.985829552654046,119.50589311745355,4,10.132869017235636,11.265045531247512,96.0627837556939,2.5393016958229566,0.0,120.0,0.0,1.8452177467053261,29.542866689449095,1,141,6,2,WAIT,medium
dqn,29,132,08:00,120,71.75239758960386,7.195171087011518,64.55722650259234,2,10.639668263379866,9.492947667702593,94.30210415392366,5.56527991499388,0.0,120.0,0.0,0.7789661452253094,19.77866553195046,1,68,4,1,WAIT,medium
dqn,30,132,08:00,120,112.02400024558283,7.333317217275223,104.6906830283076,3,24.44853275879603,8.927614981596776,84.07439985987668,2.5494523997305123,0.0,120.0,0.0,0.917734710087371,20.034600196413265,1,236,8,1,WAIT,medium
dqn,31,132,08:00,120,103.86488370127778,6.998091437715846,96.86679226356193,3,4.030348150176106,0.0,108.0847957792441,7.884856070579801,0.0,120.00000000000001,-1.4210854715202004e-14,0.0,19.99454696490242,1,238,4,0,WAIT,medium
dqn,32,132,08:00,120,97.46403828419372,7.104836874953706,90.35920140924001,2,12.93335328160818,0.0,97.95494528571632,9.111701432675503,0.0,120.0,0.0,0.0,20.29953392843916,1,246,4,0,WAIT,medium
dqn,33,132,08:00,120,84.36105572485232,6.75481149060177,77.60624423425055,2,2.3150895223015024,7.05284258942362,80.84415198026193,29.78791590801295,0.0,120.0,0.0,0.8099048503132977,18.489556551406046,1,107,3,1,WAIT,medium
dqn,34,132,08:00,120,103.33121748904111,7.032631279586686,96.29858620945443,2,7.375188352909901,17.40383501725673,83.14621369098974,12.074762938843634,0.0,120.0,0.0,1.4251367203595948,18.668095507030934,1,48,4,2,WAIT,medium
dqn,35,132,08:00,120,104.80812195897553,7.598876798095816,97.20924516087972,2,28.063145196752433,9.42835414672862,82.50850065651895,0.0,0.0,120.0,0.0,0.7789661452253094,20.932110420762736,0,234,7,1,WAIT,medium
dqn,36,132,08:00,120,122.52050266429374,11.728625672886908,110.79187699140684,4,15.875599569688072,25.862523253248277,70.01036158814921,8.251515588914444,0.0,120.0,0.0,7.198325671848668,26.312033393542503,1,143,7,3,WAIT,medium
dqn,37,132,08:00,120,130.77685608301258,7.711766095827583,123.06508998718499,3,21.499089242140784,0.0,98.50091075785922,0.0,0.0,120.0,0.0,0.0,22.033617416650237,0,162,6,0,WAIT,medium
dqn,38,132,08:00,120,98.36741914782836,7.720634559009293,90.64678458881906,3,30.806810344100917,33.83650619211701,55.356683463782076,0.0,0.0,120.0,0.0,3.6328839997709856,18.42607188311271,0,249,9,2,WAIT,medium
dqn,39,132,08:00,120,86.36401828608913,7.084088468942118,79.27992981714702,2,42.413294759123694,0.0,77.43450297610588,0.1522022647704233,0.0,119.99999999999999,1.4210854715202004e-14,0.0,20.24025276840605,1,239,11,0,WAIT,medium
dqn,40,132,08:00,120,140.4701075558185,11.286741077803361,129.18336647801513,3,15.300036520272508,8.253518800007585,96.4464446797199,0.0,0.0,120.0,0.0,3.1402954808806487,29.1075361699861,0,163,5,1,WAIT,medium
dqn,41,132,08:00,120,118.97506067214587,7.270939352963997,111.70412131918188,3,5.307695131163556,0.0,96.30456650247034,18.387738366366108,0.0,120.0,0.0,0.0,20.774112437039992,1,143,4,0,WAIT,medium
dqn,42,132,08:00,120,82.80643002673611,7.560325225192904,75.24610480154321,2,25.61209056291245,0.0,94.38790943708756,0.0,0.0,120.0,0.0,0.0,21.60092921483687,0,161,6,0,WAIT,medium
dqn,43,132,08:00,120,82.98166748521032,7.959845356287851,75.02182212892247,3,28.467071490049047,18.28747737040173,73.24545113954922,0.0,0.0,120.0,0.0,1.6967008553126803,21.045714448366894,0,68,9,2,WAIT,medium
dqn,44,132,08:00,120,127.81828716612628,10.19706756163958,117.6212196044867,3,21.070423534373898,8.253518800007585,90.67605766561852,0.0,0.0,120.0,0.0,3.1402954808806487,25.99418326666101,0,236,6,1,WAIT,medium
dqn,45,132,08:00,120,136.6277159482269,8.488062374807186,128.1396535734197,3,8.030946182258134,0.0,111.96905381774187,0.0,0.0,120.0,0.0,0.0,24.251606785163386,0,186,4,0,WAIT,medium
dqn,46,132,08:00,120,114.45227066313952,7.289000513131762,107.16327015000775,3,35.70803479870284,12.53704605210884,63.646531024319415,8.10838812486891,0.0,120.00000000000001,-1.4210854715202004e-14,1.379619801231465,19.446095950573568,1,237,9,1,WAIT,medium
dqn,47,132,08:00,120,96.13800631246878,7.2205953133726,88.91741099909618,2,23.36713312343212,22.390086336619667,71.67222065138718,2.5705598885610215,0.0,119.99999999999999,1.4210854715202004e-14,2.8745788276189073,17.75569349630281,1,262,7,3,WAIT,medium
dqn,48,132,08:00,120,110.02713069702112,10.821094066982193,99.20603663003892,4,6.31225883866057,24.274036747698307,84.58600882755233,4.82769558608878,0.0,119.99999999999999,1.4210854715202004e-14,3.2274515761372227,27.689960043811908,1,202,5,4,WAIT,medium
dqn,49,132,08:00,120,94.36547845378803,8.101922190859284,86.26355626292874,3,19.18846027953378,0.0,100.81153972046621,0.0,0.0,120.0,0.0,0.0,23.14834911674081,0,239,6,0,WAIT,medium
dqn,50,132,08:00,120,58.19513678241209,3.190179478140426,55.00495730427166,2,2.9595879937359815,8.495519944444162,80.75442166892269,27.790470392897163,0.0,120.0,0.0,3.1402954808806487,5.974503028091998,1,132,3,1,WAIT,medium
dqn,51,132,08:00,120,98.56927382986652,6.476345942682923,92.09292788718359,2,16.171192174566645,8.620845679342043,79.59917463489313,15.608787511198187,0.0,120.0,0.0,0.8738289522399111,17.630016598282726,1,107,5,1,WAIT,medium
dqn,52,132,08:00,120,96.90451718473672,8.300850328004238,88.60366685673247,4,45.39470363318998,8.620845679342043,65.98445068746797,0.0,0.0,119.99999999999999,1.4210854715202004e-14,0.8738289522399111,22.84288627062934,0,246,13,1,WAIT,medium
dqn,53,132,08:00,120,124.17695195920373,7.37251707995671,116.80443487924703,2,36.99034794947602,0.0,83.00965205052398,0.0,0.0,120.0,0.0,0.0,21.06433451416203,0,100,9,0,WAIT,medium
dqn,54,132,08:00,120,74.84378714638196,7.522913991463153,67.3208731549188,1,19.947628743938782,8.927614981596776,79.12393668174846,12.000819592715985,0.0,120.0,0.0,0.917734710087371,20.57630526552164,1,142,5,1,WAIT,medium
dqn,55,132,08:00,120,97.31081414943114,8.251877587516098,89.05893656191503,4,17.653824182962136,18.28747737040173,82.34694895751896,1.7117494891171674,0.0,120.0,0.0,1.6967008553126803,21.88009225187617,1,236,6,2,WAIT,medium
dqn,56,132,08:00,120,92.97390532650857,7.436710728033068,85.53719459847551,2,19.40314963400486,13.426087363367305,87.17076300262784,0.0,0.0,120.0,0.0,2.214263697456449,19.03348123978089,0,233,5,2,WAIT,medium
dqn,57,132,08:00,120,131.12306251918693,8.40814208757992,122.71492043160701,3,8.75685550147325,12.796122591322748,98.447021907204,0.0,0.0,120.0,0.0,2.096008616124154,21.92725449124705,0,162,4,2,WAIT,medium
dqn,58,132,08:00,120,91.05664023816593,8.132503462844866,82.92413677532106,3,23.432646937055026,25.145612249989995,63.02722391179262,8.394516901162348,0.0,119.99999999999999,1.4210854715202004e-14,3.149650750269314,20.086073429287445,1,236,7,2,WAIT,medium
dqn,59,132,08:00,120,137.25237773352146,10.117989402307964,127.13438833121349,4,17.940101434520205,14.15499638883122,87.90490217664856,0.0,0.0,119.99999999999999,1.4210854715202004e-14,2.615548121056814,26.292993028394516,0,193,6,2,WAIT,medium
dqn,60,132,08:00,120,140.58466662543802,9.386862519722836,131.1978041057152,4,19.453698950062805,14.635778489322073,83.90827275406674,2.0022498065483774,0.0,120.0,0.0,2.167251024911323,24.652356174296784,1,236,7,2,WAIT,medium
dqn,61,132,08:00,120,81.54916127495665,6.944980727029402,74.60418054792724,2,13.283959229171828,9.03075740137676,97.68528336945141,0.0,0.0,120.0,0.0,0.6603151301624585,19.182486947064408,0,234,5,1,WAIT,medium
dqn,62,132,08:00,120,145.99836102633913,7.833418493363925,138.1649425329752,3,11.403175913164867,7.101161514300252,87.44737249796229,14.048290074572591,0.0,120.0,0.0,0.8099048503132977,21.571290845012204,1,107,5,1,WAIT,medium
dqn,63,132,08:00,120,112.35513716054245,6.840629454448944,105.51450770609351,4,26.50626913970218,19.08933395878369,74.40439690151413,0.0,0.0,120.0,0.0,1.7721352037978035,17.77252038034204,0,50,9,2,WAIT,medium
dqn,64,132,08:00,120,97.66070720137586,7.583084061982215,90.07762313939364,2,14.58516387148806,13.467005092317272,91.94783103619466,0.0,0.0,119.99999999999999,1.4210854715202004e-14,2.214263697456449,19.451690765349884,0,237,5,2,WAIT,medium
dqn,65,132,08:00,120,73.28166426860847,6.057005141583385,67.22465912702508,3,32.706344262496785,8.969308793627524,78.3243469438757,0.0,0.0,120.0,0.0,0.6603151301624585,16.645413845790074,0,246,8,1,WAIT,medium
dqn,66,132,08:00,120,113.06686413749262,7.498878778492538,105.56798535900008,4,22.699852732884068,0.0,97.30014726711593,0.0,0.0,120.0,0.0,0.0,21.425367938550107,0,141,8,0,WAIT,medium
dqn,67,132,08:00,120,109.9748328074806,8.49839176532967,101.47644104215092,3,11.489774647722156,0.0,108.51022535227784,0.0,0.0,120.0,0.0,0.0,24.281119329513345,0,137,4,0,WAIT,medium
dqn,68,132,08:00,120,98.85253762513268,5.514319031572906,93.33821859355977,2,29.20833347570284,0.0,90.79166652429716,0.0,0.0,120.0,0.0,0.0,15.755197233065445,0,162,8,0,WAIT,medium
dqn,69,132,08:00,120,84.3649948718851,7.067252688168828,77.29774218371628,2,47.05807013565113,9.359862388804956,60.70171640088982,2.880351074654101,0.0,120.0,0.0,0.7789661452253094,19.413184392399913,1,68,11,1,WAIT,medium
dqn,70,132,08:00,120,123.93148649682009,8.897964076686327,115.03352242013376,3,19.01806329757955,32.396788362215645,68.58514834020481,0.0,0.0,120.0,0.0,3.6214801736958235,21.801274331122258,0,142,7,3,WAIT,medium
dqn,71,132,08:00,120,86.85833115283988,7.261302249206473,79.5970289036334,2,13.880828203500421,18.417132092357818,84.6083074444403,3.0937322597014543,0.0,120.0,0.0,1.6967008553126803,19.049876999562958,1,142,5,2,WAIT,medium
dqn,72,132,08:00,120,129.85330127345827,9.49894513461795,120.35435613884032,4,29.983700212334433,59.19599054352437,30.8203092441412,0.0,0.0,120.0,0.0,9.961767477036386,17.178075764729186,0,141,9,4,WAIT,medium
dqn,73,132,08:00,120,95.00534427012164,9.396030933650346,85.60931333647129,3,9.618388548273241,0.0,110.38161145172677,0.0,0.0,120.00000000000001,-1.4210854715202004e-14,0.0,26.845802667572418,0,162,4,0,WAIT,medium
dqn,74,132,08:00,120,111.33847569262024,8.560093465061463,102.77838222755878,3,15.475037984935161,8.743423085281362,89.61763614113953,6.163902788643952,0.0,120.0,0.0,0.8738289522399111,23.583580947935697,1,90,5,1,WAIT,medium
dqn,75,132,08:00,120,103.9381321844611,6.612135703248174,97.32599648121293,2,21.61871690291366,7.9108873495541365,79.04382239917653,11.426573348355674,0.0,120.0,0.0,0.6461705751342853,18.245645719860498,1,230,6,1,WAIT,medium
dqn,76,132,08:00,120,79.51451273650467,7.227797581344121,72.28671515516055,2,28.240335606146417,0.0,83.38920299977272,8.370461394080863,0.0,120.0,0.0,0.0,20.650850232411777,1,239,8,0,WAIT,medium
dqn,77,132,08:00,120,108.41410586209606,7.277654205123402,101.13645165697267,3,9.568840615910702,15.062763827675738,82.55883243744931,12.809563118964249,0.0,120.0,0.0,1.5732410281108398,19.220056700813167,1,246,4,2,WAIT,medium
dqn,78,132,08:00,120,126.16260678632612,7.2951862199802635,118.86742056634586,4,12.483309690121825,15.80178053713865,91.71490977273953,0.0,0.0,120.0,0.0,1.478378221096238,19.365010978847373,0,107,6,2,WAIT,medium
dqn,79,132,08:00,120,115.50939274688145,6.9414393157878695,108.56795343109357,3,20.84534460653048,18.788216535533575,80.36643885793595,0.0,0.0,120.0,0.0,1.5579322904506188,18.27475146894329,0,163,6,2,WAIT,medium
dqn,80,132,08:00,120,104.85505728832703,7.771911018281794,97.08314627004523,3,9.176715534987688,14.83816659610198,84.0380036145927,11.947114254317626,0.0,119.99999999999999,1.4210854715202004e-14,2.4650545668752764,19.740405485358423,1,230,5,2,WAIT,medium
dqn,81,132,08:00,120,97.69609445218788,7.715274516684274,89.9808199355036,2,13.400823867859103,8.988777945629199,87.036191714962,10.5742064715497,0.0,120.0,0.0,0.917734710087371,21.12590676615341,1,142,5,1,WAIT,medium
dqn,82,132,08:00,120,137.82371035634804,7.6216639316752754,130.20204642467277,4,7.3089339405586955,17.806662315795435,94.88440374364586,0.0,0.0,120.0,0.0,1.5032254509130585,20.272957211016305,0,163,5,2,WAIT,medium
dqn,83,132,08:00,120,111.99026287686492,6.931248134537047,105.05901474232788,3,5.026559860347541,27.596325517327873,79.75878608920056,7.6183285331240285,0.0,120.0,0.0,2.891519115341953,16.912046983335326,1,186,4,3,WAIT,medium
dqn,84,132,08:00,120,87.22583201068893,6.86433552394108,80.36149648674785,1,1.3580867574468931,0.0,113.30892865223902,5.332984590314084,0.0,120.0,0.0,0.0,19.61238721126023,1,230,2,0,WAIT,medium
dqn,85,132,08:00,120,107.03730723150615,6.7316524480458915,100.30565478346026,3,10.745273027439001,8.904151745316087,100.3505752272449,0.0,0.0,120.0,0.0,0.6603151301624585,18.572977578540094,0,137,5,1,WAIT,medium
dqn,86,132,08:00,120,116.30656932184917,8.606915697118817,107.69965362473035,3,26.725246746516735,36.52424831362583,56.750504939857436,0.0,0.0,120.0,0.0,3.9308376012476622,20.660350104806103,0,234,8,2,WAIT,medium
dqn,87,132,08:00,120,53.31094973681765,5.520755613148811,47.79019412366884,2,19.92277192179067,29.312793571932673,11.8199124338762,58.94452207240046,0.0,120.0,0.0,8.321852223022558,7.451735243116904,1,132,6,3,WAIT,medium
dqn,88,132,08:00,120,85.91709879603768,6.766569583989041,79.15052921204864,2,10.167510988568207,0.0,105.63843996214057,4.194049049291223,0.0,120.0,0.0,0.0,19.3330559542544,1,48,4,0,WAIT,medium
dqn,89,132,08:00,120,123.42150049921673,9.2522459141957,114.16925458502104,3,6.717147488240055,12.796122591322748,100.4867299204372,0.0,0.0,120.0,0.0,2.096008616124154,24.338979710149278,0,262,4,2,WAIT,medium
dqn,90,132,08:00,120,88.48781402434996,6.67429178004899,81.81352224430097,4,27.371473272784105,19.07040445979738,73.55812226741853,0.0,0.0,120.00000000000001,-1.4210854715202004e-14,1.7721352037978035,17.297269882056458,0,48,9,2,WAIT,medium
dqn,91,132,08:00,120,101.25741129029231,8.19813913977913,93.05927215051318,2,20.36891032543246,18.354807260574322,81.27628241399321,0.0,0.0,120.0,0.0,2.2545195719585736,21.168735113124654,0,137,6,1,WAIT,medium
dqn,92,132,08:00,120,94.40445635389116,8.084342921681936,86.32011343220923,2,20.993193596529323,0.0,99.00680640347068,0.0,0.0,120.0,0.0,0.0,23.09812263337696,0,230,6,0,WAIT,medium
dqn,93,132,08:00,120,82.1473160412425,5.483725225915364,76.66359081532714,1,44.93796516109415,0.0,75.06203483890584,0.0,0.0,120.0,0.0,0.0,15.667786359758184,0,170,10,0,WAIT,medium
dqn,94,132,08:00,120,112.00845305997728,7.154393130636187,104.8540599293411,2,21.494715344355097,0.0,96.78301701964698,1.7222676359979232,0.0,120.0,0.0,0.0,20.44112323038911,1,238,6,0,WAIT,medium
dqn,95,132,08:00,120,186.17683010140644,8.249822036401524,177.9270080650049,5,21.341363595313208,14.763571920228202,80.6591569925674,3.235907491891183,0.0,120.0,0.0,1.6822183777610094,21.888701726243347,1,229,8,2,WAIT,medium
dqn,96,132,08:00,120,153.00130511105317,11.79464127255968,141.20666383849348,3,22.311621947284348,14.760664742229245,64.92683736598894,18.000875944497466,0.0,120.0,0.0,2.167251024911323,31.531724039544905,1,142,7,2,WAIT,medium
dqn,97,132,08:00,120,122.15752733892158,8.101551407013089,114.05597593190849,6,25.767947753560215,10.972085605136867,82.64798604765458,0.6119805936483544,0.0,120.00000000000003,-2.842170943040401e-14,1.3241256623769873,21.823164071946128,1,263,10,1,WAIT,medium
dqn,98,132,08:00,120,140.4046591952546,7.08040401230039,133.3242551829542,4,23.59110187010431,0.0,96.4088981298957,0.0,0.0,120.00000000000001,-1.4210854715202004e-14,0.0,20.229725749429683,0,170,9,0,WAIT,medium
dqn,99,132,08:00,120,115.71728415327284,9.232811444652137,106.4844727086207,4,8.14689044182223,20.560812416330474,91.29229714184729,0.0,0.0,119.99999999999999,1.4210854715202004e-14,5.18155674214191,21.197904528292767,0,170,5,1,WAIT,medium
dqn,100,132,08:00,120,104.14495619657467,6.8029579381466405,97.34199825842802,2,7.194996507881398,8.743423085281362,90.76983970166172,13.291740705175528,0.0,120.00000000000001,-1.4210854715202004e-14,0.8738289522399111,18.563193728179062,1,186,4,1,WAIT,medium
dqn,101,132,08:00,120,140.64107968950907,9.715912502612122,130.92516718689694,6,18.97759718037512,15.51162706570366,69.39318109340286,16.117594660518378,0.0,120.00000000000001,-1.4210854715202004e-14,1.8115451422202535,25.94820486524296,1,230,9,1,WAIT,medium
dqn,102,132,08:00,120,117.85713802277198,8.92074504129846,108.93639298147352,3,25.34518299300074,5.833049760632471,88.82176724636682,0.0,0.0,120.00000000000003,-2.842170943040401e-14,1.249516314823952,24.238326660314502,0,33,7,1,WAIT,medium
dqn,103,132,08:00,120,94.7653065301405,7.379065728176751,87.38624080196375,2,10.841212471956059,17.609623624971242,82.07477030147405,9.474393601598663,0.0,120.00000000000001,-1.4210854715202004e-14,1.791563662327282,19.291481275320578,1,142,4,2,WAIT,medium
dqn,104,132,08:00,120,137.35192067653207,8.05515573007952,129.29676494645256,5,18.40959817287336,0.0,101.59040182712664,0.0,0.0,120.0,0.0,0.0,23.014730657370055,0,162,7,0,WAIT,medium
dqn,105,132,08:00,120,132.23850393031353,10.823975472950643,121.41452845736288,4,9.282732488547289,21.48148841193867,89.23577909951405,0.0,0.0,120.0,0.0,2.2225301219820652,28.70311408644835,0,161,6,2,WAIT,medium
dqn,106,132,08:00,120,86.21851781138962,5.41997834751308,80.79853946387654,1,0.56719629986601,0.0,103.09144317488264,16.341360525251346,0.0,120.0,0.0,0.0,15.485652421465943,1,48,2,0,WAIT,medium
dqn,107,132,08:00,120,61.017103200454194,7.8794116249228265,53.13769157553137,3,18.127716239869258,44.82221731638113,57.05006644374961,0.0,0.0,120.0,0.0,8.944840692759193,13.567763949877456,0,37,6,2,WAIT,medium
dqn,108,132,08:00,120,109.91510494643168,8.24983229356131,101.66527265287037,4,15.922935711951185,24.267102004546985,79.63946665852444,0.17049562497741988,0.0,120.00000000000003,-2.842170943040401e-14,3.2229551770406637,20.347994233134507,1,239,6,3,WAIT,medium
dqn,109,132,08:00,120,96.05252276016878,8.599012550511983,87.4535102096568,4,8.584691153986583,33.034271515943836,71.17723317882786,7.203804151241712,0.0,120.0,0.0,4.203930787738084,20.364676499439014,1,202,5,3,WAIT,medium
dqn,110,132,08:00,120,98.12387828149492,7.839036681673703,90.28484159982122,3,8.192757651009753,11.265045531247512,96.4501266860139,4.092070131728832,0.0,120.0,0.0,1.8452177467053261,20.552029915219542,1,229,4,2,WAIT,medium
dqn,111,132,08:00,120,90.30935960472256,6.438988428715249,83.87037117600731,2,5.237036120802733,0.0,114.76296387919726,0.0,0.0,119.99999999999999,1.4210854715202004e-14,0.0,18.397109796329282,0,75,3,0,WAIT,medium
dqn,112,132,08:00,120,129.96481318736468,7.3563182168000845,122.60849497056459,4,28.14934878582133,29.118524062755164,62.732127151423484,0.0,0.0,119.99999999999997,2.842170943040401e-14,2.4677427228351134,18.55030932516513,0,233,8,2,WAIT,medium
dqn,113,132,08:00,120,130.8941464590205,9.37407383254182,121.52007262647868,3,18.317985810301206,9.492947667702593,92.1890665219962,0.0,0.0,120.0,0.0,0.7789661452253094,26.004101947751323,0,48,6,1,WAIT,medium
dqn,114,132,08:00,120,101.75989004351507,10.403729158954734,91.35616088456034,3,13.383931117382833,20.560812416330474,67.94968005233513,18.105576413951567,0.0,120.0,0.0,5.18155674214191,24.543383712014474,1,142,5,1,WAIT,medium
dqn,115,132,08:00,120,123.26032300624871,8.012663937714535,115.24765906853418,3,17.788868196128767,18.315869219339433,82.45047536444754,1.444787220084251,0.0,119.99999999999999,1.4210854715202004e-14,2.2545195719585736,20.638805964368668,1,43,6,1,WAIT,medium
dqn,116,132,08:00,120,129.13160675205873,10.804401737230307,118.32720501482842,3,9.685350848468502,6.741473561660252,81.40325491481536,22.169920675055877,0.0,119.99999999999999,1.4210854715202004e-14,0.8951311783107404,29.974588070918713,1,138,4,1,WAIT,medium
dqn,117,132,08:00,120,179.28367499970523,8.469464005151757,170.81421099455346,5,12.287840779746908,0.0,100.73811453439066,6.974044685862438,0.0,120.00000000000001,-1.4210854715202004e-14,0.0,24.198468586147875,1,186,7,0,WAIT,medium
dqn,118,132,08:00,120,111.56840905285122,7.799016917002309,103.76939213584892,3,49.04223983452731,11.580017070854602,59.37774309461808,0.0,0.0,120.0,0.0,1.269745182208421,21.013160294941034,0,229,13,1,WAIT,medium
dqn,119,132,08:00,120,112.9967399435599,7.894401278459538,105.10233866510036,2,24.333019398283632,0.0,95.66698060171636,0.0,0.0,120.0,0.0,0.0,22.55543222417011,0,229,7,0,WAIT,medium
dqn,120,132,08:00,120,92.61753834188869,7.3572274068535,85.26031093503519,2,7.762739176660958,14.987664138762327,93.80986395915156,3.4397327254251593,0.0,120.0,0.0,2.4650545668752764,18.555595166991868,1,162,3,2,WAIT,medium
dqn,121,132,08:00,120,76.52232804200962,6.6063709795767025,69.91595706243291,2,6.288059160797864,9.42835414672862,94.18171169593681,10.101874996536708,0.0,120.0,0.0,0.7789661452253094,18.09637951070813,1,48,3,1,WAIT,medium
dqn,122,132,08:00,120,121.37335126311498,8.933707769294795,112.43964349382018,4,18.60906088038452,29.619852791821835,61.73735706681477,10.033729260978873,0.0,120.0,0.0,4.0997373186639,21.425142022178377,1,141,6,3,WAIT,medium
dqn,123,132,08:00,120,99.3100329791833,8.12124424135848,91.18878873782482,3,8.713212219951146,20.707009940876883,87.64637420735666,2.9334036318153096,0.0,120.0,0.0,2.7421791912584386,20.461375784051505,1,236,4,3,WAIT,medium
dqn,124,132,08:00,120,107.75722318725458,8.023261076782223,99.73396211047236,4,22.5061461969544,18.354807260574322,68.83340374207269,10.305642800398587,0.0,120.0,0.0,2.2545195719585736,20.669083504562064,1,236,7,1,WAIT,medium
dqn,125,132,08:00,120,104.15128755786014,7.0099861703108175,97.14130138754933,3,25.156816634612507,8.927614981596776,78.91448685799514,7.00108152579557,0.0,120.0,0.0,0.917734710087371,19.110797205086392,1,68,8,1,WAIT,medium
dqn,126,132,08:00,120,78.86495763181672,6.213702429064899,72.65125520275183,1,26.90748997522815,0.0,82.17870280030569,10.913807224466169,0.0,120.0,0.0,0.0,17.753435511613997,1,141,7,0,WAIT,medium
dqn,127,132,08:00,120,112.91597781452953,7.337476136122113,105.5785016784074,4,25.663883570962856,35.604575701256,58.73154072778114,0.0,0.0,120.0,0.0,3.167154798706042,17.797062733071424,0,161,8,3,WAIT,medium
dqn,128,132,08:00,120,113.92427451298391,8.375107741691794,105.54916677129212,4,24.04223144352649,17.12820004384205,78.82956851263143,0.0,0.0,119.99999999999997,2.842170943040401e-14,1.9059097754587193,22.022969486517834,0,234,7,2,WAIT,medium
dqn,129,132,08:00,120,102.22726495520064,8.627793818757443,93.5994711364432,2,12.128069963902629,11.213981325470838,83.80435370115626,12.853595009470268,0.0,120.0,0.0,1.8452177467053261,22.8056217354588,1,141,4,2,WAIT,medium
dqn,130,132,08:00,120,130.27987811064347,7.144862663936952,123.13501544670652,4,37.664545309860856,8.923081244302397,73.41237344583675,0.0,0.0,120.0,0.0,0.6603151301624585,19.753578195371695,0,230,10,1,WAIT,medium
dqn,131,132,08:00,120,98.13308243426812,7.687179769400356,90.44590266486776,2,14.559636037602145,0.0,86.4428104850819,18.997553477315947,0.0,120.0,0.0,0.0,21.963370769715304,1,263,5,0,WAIT,medium
dqn,132,132,08:00,120,126.59905268578724,8.416619019362509,118.18243366642473,3,27.66074241915711,8.969308793627524,83.36994878721536,0.0,0.0,120.0,0.0,0.6603151301624585,23.387167782301855,0,231,8,1,WAIT,medium
dqn,133,132,08:00,120,118.82801061805117,7.761885660635339,111.06612495741582,4,15.171964931953987,15.80178053713865,89.02625453090735,0.0,0.0,119.99999999999999,1.4210854715202004e-14,1.478378221096238,20.698437952147593,0,246,6,2,WAIT,medium
dqn,134,132,08:00,120,119.12481492496106,8.466841310874996,110.65797361408606,3,14.194223061620958,27.18028068457354,64.36060276227332,14.264893491532192,0.0,120.00000000000001,-1.4210854715202004e-14,2.0995964055502263,22.091378768378334,1,186,6,3,WAIT,medium
dqn,135,132,08:00,120,103.60132016635818,7.171769244866867,96.42955092149131,3,14.7121189715597,17.934909146692846,87.35297188174746,0.0,0.0,120.00000000000001,-1.4210854715202004e-14,1.320630260324917,19.17013901072328,0,230,5,2,WAIT,medium
dqn,136,132,08:00,120,96.81497552670649,6.460635257055866,90.35434026965062,3,35.65323467000042,9.359862388804956,72.00639863456087,2.9805043066337475,0.0,120.0,0.0,0.7789661452253094,17.679991732077166,1,142,9,1,WAIT,medium
dqn,137,132,08:00,120,75.51487879168023,7.447214672821049,68.06766411885918,3,31.523567247149295,16.81128632109509,71.6651464317556,0.0,0.0,119.99999999999999,1.4210854715202004e-14,1.4890808958848853,19.788675312175258,0,113,9,2,WAIT,medium
dqn,138,132,08:00,120,114.78322015212363,7.142445131970216,107.64077502015341,3,25.191060057723227,7.671941119613243,86.70722025119478,0.4297785714687592,0.0,120.00000000000001,-1.4210854715202004e-14,1.0719124264451367,19.335073664898335,1,161,7,1,WAIT,medium
dqn,139,132,08:00,120,125.78837072513704,8.666378631181773,117.12199209395527,3,16.258666477746427,15.51162706570366,88.22970645654992,0.0,0.0,120.0,0.0,1.8115451422202535,22.94953666115624,0,162,6,1,WAIT,medium
dqn,140,132,08:00,120,115.82953841853622,8.407972398005084,107.42156602053113,4,20.882446745044586,32.1794961046174,66.93805715033801,0.0,0.0,120.0,0.0,4.4914015032705965,19.531376776743937,0,193,8,4,WAIT,medium
dqn,141,132,08:00,120,85.82574220327943,6.790661746227924,79.0350804570515,1,22.648509253335302,8.927614981596776,88.42387576506792,0.0,0.0,120.0,0.0,0.917734710087371,18.484155993420984,0,142,6,1,WAIT,medium
dqn,142,132,08:00,120,165.99732027200105,12.262775099585859,153.73454517241518,4,33.58375518665583,42.46095985850961,43.95528495483459,0.0,0.0,120.00000000000003,-2.842170943040401e-14,7.329110438033986,27.70738984649705,0,141,10,3,WAIT,medium
dqn,143,132,08:00,120,132.85166552292674,9.12385687464443,123.7278086482823,5,25.616214195553553,0.0,94.38378580444646,0.0,0.0,120.00000000000001,-1.4210854715202004e-14,0.0,26.068162498984083,0,161,8,0,WAIT,medium
dqn,144,132,08:00,120,0.0,0.0,0.0,0,0.0182630394115739,0.0,0.0,119.98173696058842,0.0,120.0,0.0,0.0,0.0,1,132,1,0,WAIT,medium
dqn,145,132,08:00,120,143.71395821096814,10.411076096462743,133.3028821145054,5,23.681452659559476,12.703099733388333,77.57475389569183,6.040693711360348,0.0,119.99999999999999,1.4210854715202004e-14,1.86356678339283,27.882364920786433,1,141,8,3,WAIT,medium
dqn,146,132,08:00,120,125.06517702479854,8.742770709213646,116.3224063155849,3,26.54209701247425,27.636481541264185,65.82142144626157,0.0,0.0,120.0,0.0,3.8225239006848097,21.156820982782758,0,161,8,3,WAIT,medium
dqn,147,132,08:00,120,98.89686973066458,6.40159603604596,92.49527369461862,2,16.5058857230202,9.42835414672862,94.06576013025118,0.0,0.0,120.0,0.0,0.7789661452253094,17.511308243477433,0,143,4,1,WAIT,medium
dqn,148,132,08:00,120,156.41951894010455,9.090249440907755,147.3292694991968,5,19.05268669851379,18.73761087963253,74.11423337882029,8.09546904303339,0.0,120.0,0.0,1.8660136040032111,24.106127655733243,1,249,7,2,WAIT,medium
dqn,149,132,08:00,120,128.40248253756184,8.990610517686648,119.41187201987519,4,18.536807431979536,15.261403907361089,85.16911768337705,1.0326709772823222,0.0,120.0,0.0,2.0284824600492612,23.65897616191259,1,230,7,2,WAIT,medium
wait_only,0,132,08:00,120,166.38013201728987,9.649317766841511,156.73081425044836,3,23.378620515574223,0.0,92.97976408487786,3.6416153995479164,0.0,120.0,0.0,0.0,27.569479333832888,1,230,7,0,WAIT,high
wait_only,1,132,08:00,120,105.45837494776212,7.808621178625302,97.64975376913682,2,13.316593888409889,0.0,93.03979419925592,13.64361191233418,0.0,119.99999999999999,1.4210854715202004e-14,0.0,22.31034622464372,1,161,4,0,WAIT,high
wait_only,2,132,08:00,120,112.55392174572906,8.59932015531261,103.95460159041644,4,38.7661631935639,0.0,67.0403989454486,14.193437860987473,0.0,119.99999999999997,2.842170943040401e-14,0.0,24.56948615803603,1,186,10,0,WAIT,high
wait_only,3,132,08:00,120,128.83087475302932,9.920769876860954,118.91010487616836,5,55.539746210019345,0.0,64.46025378998065,0.0,0.0,120.0,0.0,0.0,28.3450567910313,0,161,13,0,WAIT,high
wait_only,4,132,08:00,120,101.22682296342629,7.65953083415016,93.56729212927613,2,30.00527594793884,0.0,89.99472405206116,0.0,0.0,120.0,0.0,0.0,21.8843738118576,0,163,8,0,WAIT,high
wait_only,5,132,08:00,120,113.36724940488094,6.270963538739437,107.0962858661415,2,47.64928004396486,0.0,72.35071995603514,0.0,0.0,120.0,0.0,0.0,17.91703868211268,0,163,10,0,WAIT,high
wait_only,6,132,08:00,120,93.9574775794127,6.668147851896924,87.28932972751578,2,55.920009677469544,0.0,64.07999032253045,0.0,0.0,120.0,0.0,0.0,19.051851005419785,0,234,12,0,WAIT,high
wait_only,7,132,08:00,120,122.06903113413611,6.858778452320131,115.21025268181597,4,59.692848128495015,0.0,60.30715187150499,0.0,0.0,120.0,0.0,0.0,19.596509863771804,0,234,16,0,WAIT,high
wait_only,8,132,08:00,120,99.90249771605093,8.211930663171048,91.69056705287989,2,84.4579553585721,0.0,33.21900022613066,2.3230444152972467,0.0,120.0,0.0,0.0,23.462659037631568,1,163,19,0,WAIT,high
wait_only,9,132,08:00,120,80.78486056050332,4.715355624417796,76.06950493608552,5,47.206095986132475,0.0,71.2284445651586,1.5654594487089213,0.0,119.99999999999999,1.4210854715202004e-14,0.0,13.472444641193706,1,117,13,0,WAIT,high
wait_only,10,132,08:00,120,108.3272551484679,7.837061962010294,100.4901931864576,3,58.05649774232326,0.0,61.94350225767675,0.0,0.0,120.0,0.0,0.0,22.391605605743695,0,74,13,0,WAIT,high
wait_only,11,132,08:00,120,108.65738286243753,5.985714352117629,102.6716685103199,3,31.869288856588724,0.0,88.13071114341128,0.0,0.0,120.0,0.0,0.0,17.10204100605037,0,90,9,0,WAIT,high
wait_only,12,132,08:00,120,91.53832600697703,7.852513095303074,83.68581291167396,2,25.813126124233087,0.0,94.18687387576692,0.0,0.0,120.0,0.0,0.0,22.43575170086593,0,246,7,0,WAIT,high
wait_only,13,132,08:00,120,86.7707564114015,6.1685329407237495,80.60222347067776,1,1.797602840379535,0.0,118.20239715962046,0.0,0.0,120.0,0.0,0.0,17.624379830639285,0,230,2,0,WAIT,high
wait_only,14,132,08:00,120,90.54973002015271,7.047766698807235,83.50196332134547,2,42.872214436823384,0.0,77.12778556317662,0.0,0.0,120.0,0.0,0.0,20.13647628230639,0,164,10,0,WAIT,high
wait_only,15,132,08:00,120,87.69552683976805,7.060177263806139,80.63534957596191,2,11.511784320770744,0.0,108.48821567922923,0.0,0.0,119.99999999999997,2.842170943040401e-14,0.0,20.17193503944611,0,233,5,0,WAIT,high
wait_only,16,132,08:00,120,128.04784410634755,6.6731141265881755,121.37472997975938,5,48.352689017046124,0.0,65.1466661517479,6.500644831205989,0.0,120.0,0.0,0.0,19.066040361680503,1,43,14,0,WAIT,high
wait_only,17,132,08:00,120,112.02347488954906,8.230534123473154,103.79294076607592,3,33.61984319401119,0.0,86.3801568059888,0.0,0.0,120.0,0.0,0.0,23.51581178135187,0,237,9,0,WAIT,high
wait_only,18,132,08:00,120,120.29208135107235,7.805672776308547,112.48640857476381,3,55.28385992876335,0.0,64.71614007123665,0.0,0.0,120.0,0.0,0.0,22.30192221802442,0,68,14,0,WAIT,high
wait_only,19,132,08:00,120,99.44994340122237,6.893412804980137,92.55653059624223,3,47.3789465900484,0.0,72.6210534099516,0.0,0.0,120.0,0.0,0.0,19.695465157086108,0,234,12,0,WAIT,high
wait_only,20,132,08:00,120,143.8515920846753,7.780858947567539,136.07073313710777,6,51.75174459120059,0.0,68.24825540879942,0.0,0.0,120.00000000000001,-1.4210854715202004e-14,0.0,22.23102556447868,0,186,14,0,WAIT,high
wait_only,21,132,08:00,120,98.0290164105092,6.486748186460314,91.54226822404888,1,14.571742138977532,0.0,94.68464217313927,10.743615687883207,0.0,120.0,0.0,0.0,18.53356624702947,1,161,3,0,WAIT,high
wait_only,22,132,08:00,120,107.1230287059639,9.51361322289847,97.60941548306543,3,23.81958591160769,0.0,94.8301592519999,1.3502548363924234,0.0,120.00000000000001,-1.4210854715202004e-14,0.0,27.181752065424206,1,163,8,0,WAIT,high
wait_only,23,132,08:00,120,88.70098507314667,6.081111166328582,82.61987390681809,1,41.942295676263754,0.0,70.54073064575074,7.51697367798549,0.0,119.99999999999999,1.4210854715202004e-14,0.0,17.37460333236738,1,230,10,0,WAIT,high
wait_only,24,132,08:00,120,99.86303672322727,7.052783239198273,92.81025348402899,2,29.174167746571015,0.0,81.99852709241756,8.827305161011438,0.0,120.00000000000001,-1.4210854715202004e-14,0.0,20.150809254852213,1,229,8,0,WAIT,high
wait_only,25,132,08:00,120,112.20724083749994,7.383056034664702,104.82418480283523,2,29.816938089212247,0.0,90.18306191078774,0.0,0.0,119.99999999999999,1.4210854715202004e-14,0.0,21.09444581332772,0,162,8,0,WAIT,high
wait_only,26,132,08:00,120,119.66742320730388,7.540314033549102,112.12710917375477,5,32.47113828635647,0.0,84.40146601784653,3.1273956957969915,0.0,120.0,0.0,0.0,21.543754381568867,1,170,10,0,WAIT,high
wait_only,27,132,08:00,120,117.81890210022044,6.480447411207669,111.33845468901278,2,44.42428867219813,0.0,75.57571132780187,0.0,0.0,120.0,0.0,0.0,18.515564032021913,0,230,11,0,WAIT,high
wait_only,28,132,08:00,120,137.7690335140155,10.422860737562457,127.34617277645303,4,18.654231706290858,0.0,101.34576829370914,0.0,0.0,120.0,0.0,0.0,29.779602107321313,0,163,8,0,WAIT,high
wait_only,29,132,08:00,120,117.68530027257698,7.539934340243236,110.14536593233375,4,62.34561123035485,0.0,57.65438876964515,0.0,0.0,120.0,0.0,0.0,21.54266954355211,0,163,15,0,WAIT,high
wait_only,30,132,08:00,120,116.2961882068006,7.066068990646229,109.23011921615436,3,30.053334409229514,0.0,89.94666559077048,0.0,0.0,120.0,0.0,0.0,20.188768544703514,0,237,9,0,WAIT,high
wait_only,31,132,08:00,120,103.86256049475364,6.9985201354831075,96.86404035927053,3,5.473265787012891,0.0,108.04262712959473,6.484107083392374,0.0,120.0,0.0,0.0,19.99577181566602,1,238,4,0,WAIT,high
wait_only,32,132,08:00,120,97.46343852119074,7.0988534561906205,90.36458506500011,2,15.693063825576555,0.0,97.91212556954403,6.39481060487941,0.0,120.0,0.0,0.0,20.282438446258915,1,246,4,0,WAIT,high
wait_only,33,132,08:00,120,84.31272385353927,6.471452406307424,77.84127144723185,2,38.08045864960325,0.0,80.81691553947859,1.1026258109181697,0.0,120.0,0.0,0.0,18.489864018021215,1,137,10,0,WAIT,high
wait_only,34,132,08:00,120,97.74595735633049,6.6916417808681565,91.05431557546234,2,35.08445529721574,0.0,84.91554470278426,0.0,0.0,120.0,0.0,0.0,19.118976516766164,0,249,9,0,WAIT,high
wait_only,35,132,08:00,120,103.91565823273544,7.329711270986761,96.58594696174868,2,38.592421792018314,0.0,81.40757820798169,0.0,0.0,120.0,0.0,0.0,20.94203220281932,0,246,10,0,WAIT,high
wait_only,36,132,08:00,120,96.3291655462591,7.594607736903211,88.73455780935589,5,43.874740364151926,0.0,76.12525963584807,0.0,0.0,120.0,0.0,0.0,21.698879248294894,0,95,12,0,WAIT,high
wait_only,37,132,08:00,120,105.71441011201748,7.019615693094936,98.69479441892254,3,28.291021579118674,0.0,91.70897842088132,0.0,0.0,120.0,0.0,0.0,20.056044837414102,0,236,8,0,WAIT,high
wait_only,38,132,08:00,120,82.41154680349494,5.603708585833963,76.80783821766099,1,82.19496067665273,0.0,37.80503932334727,0.0,0.0,120.0,0.0,0.0,16.01059595952561,0,161,18,0,WAIT,high
wait_only,39,132,08:00,120,86.16403775126692,7.080417683001921,79.08362006826499,2,41.704904104865456,0.0,78.29509589513455,0.0,0.0,120.0,0.0,0.0,20.22976480857692,0,239,10,0,WAIT,high
wait_only,40,132,08:00,120,78.96393191836044,4.330685714471025,74.63324620388941,4,47.24882123671397,0.0,60.15670075740448,12.594478005881541,0.0,120.0,0.0,0.0,12.373387755631502,1,198,12,0,WAIT,high
wait_only,41,132,08:00,120,129.43088378592012,7.409132922000642,122.02175086391948,3,8.430441117076,0.0,103.49866409129646,8.070894791627538,0.0,120.0,0.0,0.0,21.168951205716123,1,151,5,0,WAIT,high
wait_only,42,132,08:00,120,81.1582105916307,7.918683291584041,73.23952730004666,2,28.913402467046197,0.0,91.0865975329538,0.0,0.0,120.0,0.0,0.0,22.624809404525834,0,166,7,0,WAIT,high
wait_only,43,132,08:00,120,91.00634912398499,7.6006669532491,83.40568217073589,3,42.53978334766015,0.0,77.46021665233982,0.0,0.0,119.99999999999997,2.842170943040401e-14,0.0,21.71619129499743,0,237,11,0,WAIT,high
wait_only,44,132,08:00,120,118.51442217345425,7.681933361999142,110.83248881145511,3,46.126233460251505,0.0,66.2198920736054,7.653874466143094,0.0,120.0,0.0,0.0,21.948381034283262,1,161,11,0,WAIT,high
wait_only,45,132,08:00,120,136.78704884791762,8.48540514201659,128.30164370590103,3,8.473630079453326,0.0,111.52636992054667,0.0,0.0,120.0,0.0,0.0,24.244014691475975,0,186,4,0,WAIT,high
wait_only,46,132,08:00,120,110.13476344202748,6.47680331951035,103.65796012251712,2,49.755262910628026,0.0,70.24473708937197,0.0,0.0,120.0,0.0,0.0,18.505152341458142,0,164,12,0,WAIT,high
wait_only,47,132,08:00,120,92.2754621541466,5.954318126588579,86.32114402755802,2,51.94980526125474,0.0,68.05019473874525,0.0,0.0,119.99999999999999,1.4210854715202004e-14,0.0,17.0123375045388,0,161,12,0,WAIT,high
wait_only,48,132,08:00,120,119.49733967608404,9.89335694421513,109.60398273186891,5,34.00745609746722,0.0,85.99254390253279,0.0,0.0,120.0,0.0,0.0,28.26673412632895,0,246,10,0,WAIT,high
wait_only,49,132,08:00,120,99.09035014705243,8.298505047117636,90.79184509993479,3,14.618018875458791,0.0,105.38198112454121,0.0,0.0,120.0,0.0,0.0,23.71001442033611,0,68,5,0,WAIT,high
wait_only,50,132,08:00,120,182.6426876184666,8.958612657944368,173.68407496052222,4,52.336976002979924,0.0,61.23536654560187,6.427657451418213,0.0,120.0,0.0,0.0,25.59603616555534,1,68,14,0,WAIT,high
wait_only,51,132,08:00,120,88.1149428003915,5.50525864248235,82.60968415790916,1,38.887570969287296,0.0,69.3365184282441,11.775910602468599,0.0,120.0,0.0,0.0,15.72931040709243,1,68,9,0,WAIT,high
wait_only,52,132,08:00,120,96.05528680175793,7.927344942989857,88.12794185876807,4,56.59565552851452,0.0,63.40434447148549,0.0,0.0,120.0,0.0,0.0,22.649556979971017,0,162,14,0,WAIT,high
wait_only,53,132,08:00,120,124.27169025836236,7.372760180187589,116.89893007817477,2,37.26205991160084,0.0,82.73794008839917,0.0,0.0,120.00000000000001,-1.4210854715202004e-14,0.0,21.065029086250256,0,100,9,0,WAIT,high
wait_only,54,132,08:00,120,74.78988826574013,7.232409457393097,67.55747880834703,1,41.089942993501296,0.0,78.9100570064987,0.0,0.0,120.0,0.0,0.0,20.664027021123136,0,163,9,0,WAIT,high
wait_only,55,132,08:00,120,81.26400869145829,6.894819845686441,74.36918884577184,2,51.95012276846596,0.0,68.04987723153404,0.0,0.0,120.0,0.0,0.0,19.699485273389833,0,234,12,0,WAIT,high
wait_only,56,132,08:00,120,122.30586273281308,8.393761412001476,113.9121013208116,4,20.12778731242856,0.0,99.87221268757142,0.0,0.0,119.99999999999997,2.842170943040401e-14,0.0,23.982175462861363,0,170,6,0,WAIT,high
wait_only,57,132,08:00,120,116.44769805427805,5.984496114922192,110.46320193935586,2,43.00402227158904,0.0,74.51920968880539,2.476768039605574,0.0,120.0,0.0,0.0,17.098560328349123,1,100,11,0,WAIT,high
wait_only,58,132,08:00,120,88.66145276309949,7.0066868176758135,81.65476594542368,2,55.35953617717519,0.0,55.71163559301702,8.928828229807792,0.0,120.0,0.0,0.0,20.01910519335947,1,234,13,0,WAIT,high
wait_only,59,132,08:00,120,55.37867317373292,3.9681761528089856,51.410497020923934,1,28.767644224783872,0.0,29.792498567295304,61.439857207920824,0.0,120.0,0.0,0.0,11.337646150882817,1,138,7,0,WAIT,high
wait_only,60,132,08:00,120,148.97683817018125,7.9073980444911625,141.06944012569008,3,47.47719645051372,0.0,72.52280354948627,0.0,0.0,120.0,0.0,0.0,22.592565841403324,0,68,12,0,WAIT,high
wait_only,61,132,08:00,120,73.50696082170273,6.373641315666682,67.13331950603605,1,28.79527581279205,0.0,91.20472418720796,0.0,0.0,120.0,0.0,0.0,18.210403759047665,0,164,7,0,WAIT,high
wait_only,62,132,08:00,120,146.35125374824023,7.563553054971781,138.78770069326845,3,32.272778994835505,0.0,87.72722100516448,0.0,0.0,119.99999999999999,1.4210854715202004e-14,0.0,21.610151585633663,0,137,9,0,WAIT,high
wait_only,63,132,08:00,120,105.39208382315402,6.261157102362737,99.1309267207913,3,35.5628795529253,0.0,74.20418928324015,10.232931163834536,0.0,120.0,0.0,0.0,17.889020292464963,1,48,9,0,WAIT,high
wait_only,64,132,08:00,120,87.21487299256269,6.256738678712603,80.95813431385008,1,32.43217012130464,0.0,81.82167582885364,5.746154049841735,0.0,120.00000000000001,-1.4210854715202004e-14,0.0,17.876396224893153,1,162,8,0,WAIT,high
wait_only,65,132,08:00,120,85.27345182376571,5.7138993473847455,79.55955247638097,2,35.808878168693084,0.0,84.19112183130692,0.0,0.0,120.0,0.0,0.0,16.325426706813563,0,161,9,0,WAIT,high
wait_only,66,132,08:00,120,113.01986165911345,7.4947650131803085,105.52509664593313,4,22.787058102286792,0.0,97.21294189771322,0.0,0.0,120.00000000000001,-1.4210854715202004e-14,0.0,21.413614323372315,0,141,8,0,WAIT,high
wait_only,67,132,08:00,120,101.57231968075315,7.021392946420808,94.55092673433235,3,40.80135561544536,0.0,79.19864438455464,0.0,0.0,120.0,0.0,0.0,20.061122704059454,0,186,10,0,WAIT,high
wait_only,68,132,08:00,120,86.9574214674399,5.270677488849337,81.68674397859056,1,29.79428078919856,0.0,82.94488561980506,7.26083359099637,0.0,119.99999999999999,1.4210854715202004e-14,0.0,15.059078539569535,1,170,7,0,WAIT,high
wait_only,69,132,08:00,120,87.5573953350936,6.9201654666540025,80.6372298684396,3,48.37819636395855,0.0,71.62180363604145,0.0,0.0,120.0,0.0,0.0,19.77190133329715,0,90,11,0,WAIT,high
wait_only,70,132,08:00,120,129.08137471716913,7.788248894239616,121.29312582292951,4,43.04683349166787,0.0,76.95316650833212,0.0,0.0,119.99999999999999,1.4210854715202004e-14,0.0,22.252139697827474,0,229,11,0,WAIT,high
wait_only,71,132,08:00,120,94.7051674759501,6.374042498056342,88.33112497789377,2,30.88610726400809,0.0,89.03857855641843,0.07531417957348197,0.0,120.0,0.0,0.0,18.211549994446692,1,142,8,0,WAIT,high
wait_only,72,132,08:00,120,143.63368596846365,6.6420488228907955,136.99163714557287,5,78.65147056444522,0.0,41.34852943555479,0.0,0.0,120.0,0.0,0.0,18.977282351116557,0,68,18,0,WAIT,high
wait_only,73,132,08:00,120,80.13797938406492,9.024576893351995,71.11340249071293,2,10.765947803918642,0.0,95.1718951260446,14.062157070036747,0.0,119.99999999999999,1.4210854715202004e-14,0.0,25.78450540957713,1,230,3,0,WAIT,high
wait_only,74,132,08:00,120,89.10308934495609,7.608064259071112,81.49502508588498,2,51.048431163795016,0.0,68.951568836205,0.0,0.0,120.00000000000001,-1.4210854715202004e-14,0.0,21.737326454488894,0,163,12,0,WAIT,high
wait_only,75,132,08:00,120,91.56654578780724,3.811795576225961,87.75475021158128,4,49.64095828786817,0.0,55.21699778219451,15.142043929937316,0.0,120.0,0.0,0.0,10.890844503502747,1,95,13,0,WAIT,high
wait_only,76,132,08:00,120,79.51804800477198,7.228370503730627,72.28967750104135,2,29.38921580049684,0.0,83.45034481276821,7.16043938673495,0.0,120.0,0.0,0.0,20.65248715351608,1,239,8,0,WAIT,high
wait_only,77,132,08:00,120,96.2308193927333,7.087835391671678,89.14298400106162,2,23.300423869978594,0.0,94.56604471047747,2.133531419543928,0.0,119.99999999999999,1.4210854715202004e-14,0.0,20.25095826191908,1,79,7,0,WAIT,high
wait_only,78,132,08:00,120,130.0964781081057,7.540481969505841,122.55599613859988,4,24.541788774773885,0.0,94.19197124308315,1.2662399821429915,0.0,120.00000000000003,-2.842170943040401e-14,0.0,21.544234198588118,1,43,7,0,WAIT,high
wait_only,79,132,08:00,120,94.60050091919899,6.424675629561097,88.1758252896379,2,51.045581942147706,0.0,68.9544180578523,0.0,0.0,120.0,0.0,0.0,18.35621608446028,0,100,13,0,WAIT,high
wait_only,80,132,08:00,120,106.80691470973814,6.775571813318793,100.03134289641935,3,28.479336163303582,0.0,87.35173802395781,4.168925812738593,0.0,119.99999999999999,1.4210854715202004e-14,0.0,19.358776609482266,1,163,8,0,WAIT,high
wait_only,81,132,08:00,120,108.44933690457002,7.382852171115888,101.06648473345413,3,14.15195708366997,0.0,88.23459050515419,17.613452411175857,0.0,120.00000000000001,-1.4210854715202004e-14,0.0,21.0938633460454,1,231,6,0,WAIT,high
wait_only,82,132,08:00,120,126.10013605508703,6.679892681265261,119.42024337382178,3,38.42471135975599,0.0,81.57528864024401,0.0,0.0,120.0,0.0,0.0,19.085407660757888,0,163,10,0,WAIT,high
wait_only,83,132,08:00,120,116.5623969794413,5.689163254162883,110.87323372527842,3,41.36508642367031,0.0,78.63491357632971,0.0,0.0,120.00000000000003,-2.842170943040401e-14,0.0,16.2547521547511,0,161,11,0,WAIT,high
wait_only,84,132,08:00,120,87.20865365175099,6.871863176558349,80.33679047519264,1,1.8330051935818568,0.0,113.26641002161287,4.900584784805275,0.0,120.0,0.0,0.0,19.63389479016671,1,230,2,0,WAIT,high
wait_only,85,132,08:00,120,105.358795910983,6.241657474377269,99.11713843660574,3,24.755170937294892,0.0,95.24482906270512,0.0,0.0,120.00000000000001,-1.4210854715202004e-14,0.0,17.83330706964934,0,113,8,0,WAIT,high
wait_only,86,132,08:00,120,104.29279819226137,7.118958308900314,97.17383988336105,3,61.57381968231997,0.0,58.426180317680036,0.0,0.0,120.0,0.0,0.0,20.339880882572324,0,48,15,0,WAIT,high
wait_only,87,132,08:00,120,119.00191986283161,7.173898085336908,111.82802177749471,4,40.268222610074865,0.0,76.72145274959067,3.0103246403344883,0.0,120.00000000000003,-2.842170943040401e-14,0.0,20.496851672391166,1,140,11,0,WAIT,high
wait_only,88,132,08:00,120,85.8238260703726,6.7637890816051245,79.06003698876748,2,12.012267214426128,0.0,105.64570680348008,2.342025982093787,0.0,120.0,0.0,0.0,19.32511166172893,1,48,4,0,WAIT,high
wait_only,89,132,08:00,120,107.57771249345595,8.066877576211644,99.51083491724431,2,13.956104618073208,0.0,91.24596738401581,14.797927997910989,0.0,120.00000000000001,-1.4210854715202004e-14,0.0,23.048221646318982,1,161,5,0,WAIT,high
wait_only,90,132,08:00,120,92.95697867176344,6.283388895819169,86.67358977594427,4,41.54713677349732,0.0,78.45286322650269,0.0,0.0,120.0,0.0,0.0,17.952539702340484,0,246,11,0,WAIT,high
wait_only,91,132,08:00,120,101.51013633456814,6.513904288228709,94.99623204633943,2,48.20615173481932,0.0,71.79384826518069,0.0,0.0,120.0,0.0,0.0,18.61115510922488,0,161,12,0,WAIT,high
wait_only,92,132,08:00,120,78.2739831776668,7.404369711187376,70.86961346647944,1,29.187957364927094,0.0,90.81204263507291,0.0,0.0,120.0,0.0,0.0,21.155342031963933,0,237,7,0,WAIT,high
wait_only,93,132,08:00,120,82.14440690213492,5.483710175206673,76.66069672692825,1,44.94585607324245,0.0,75.05414392675755,0.0,0.0,120.0,0.0,0.0,15.667743357733352,0,170,10,0,WAIT,high
wait_only,94,132,08:00,120,78.0864087315387,6.24172156419346,71.84468716734524,1,49.881140854947404,0.0,70.1188591450526,0.0,0.0,120.0,0.0,0.0,17.833490183409886,0,161,11,0,WAIT,high
wait_only,95,132,08:00,120,188.05212745201763,7.881048195963937,180.1710792560537,5,53.137929995394764,0.0,66.86207000460524,0.0,0.0,120.0,0.0,0.0,22.517280559896964,0,237,13,0,WAIT,high
wait_only,96,132,08:00,120,177.179155306,11.514294288713318,165.66486101728668,3,32.960374627972826,0.0,87.03962537202717,0.0,0.0,120.0,0.0,0.0,32.89798368203806,0,142,9,0,WAIT,high
wait_only,97,132,08:00,120,115.92429608507284,7.618130435978716,108.30616564909413,5,26.014244398842074,0.0,91.7593760576119,2.2263795435459883,0.0,119.99999999999997,2.842170943040401e-14,0.0,21.766086959939187,1,236,10,0,WAIT,high
wait_only,98,132,08:00,120,140.43061794568894,7.081354578823556,133.3492633668654,4,23.68745988215894,0.0,96.31254011784107,0.0,0.0,120.0,0.0,0.0,20.232441653781592,0,170,9,0,WAIT,high
wait_only,99,132,08:00,120,114.86718119326864,6.997925474190504,107.86925571907813,4,21.301869266095373,0.0,98.69813073390462,0.0,0.0,120.0,0.0,0.0,19.994072783401442,0,234,8,0,WAIT,high
wait_only,100,132,08:00,120,104.10194217592581,6.49686076092714,97.60508141499868,2,16.7298632974397,0.0,90.73495706653708,12.535179636023216,0.0,119.99999999999999,1.4210854715202004e-14,0.0,18.562459316934685,1,68,5,0,WAIT,high
wait_only,101,132,08:00,120,123.88721580825573,6.663779554326406,117.22343625392932,5,56.36343750785243,0.0,63.636562492147576,0.0,0.0,120.0,0.0,0.0,19.039370155218304,0,246,15,0,WAIT,high
wait_only,102,132,08:00,120,107.66802697015497,6.623586107492304,101.04444086266267,3,45.60451211406689,0.0,74.39548788593311,0.0,0.0,120.0,0.0,0.0,18.9245317356923,0,163,11,0,WAIT,high
wait_only,103,132,08:00,120,90.01701647788441,6.441707681059339,83.57530879682507,2,28.92554037428488,0.0,91.07445962571512,0.0,0.0,120.0,0.0,0.0,18.40487908874097,0,161,8,0,WAIT,high
wait_only,104,132,08:00,120,124.03789617339291,7.63296832720314,116.40492784618976,4,29.031359067012055,0.0,90.96864093298794,0.0,0.0,120.0,0.0,0.0,21.808480934866118,0,236,8,0,WAIT,high
wait_only,105,132,08:00,120,124.00530130936144,9.632946708971712,114.37235460038973,4,39.49819213908516,0.0,80.50180786091484,0.0,0.0,120.0,0.0,0.0,27.522704882776324,0,234,11,0,WAIT,high
wait_only,106,132,08:00,120,86.21637827908951,5.4193390885729995,80.79703919051651,1,0.7657114987761084,0.0,103.09012652209054,16.144161979133344,0.0,120.0,0.0,0.0,15.483825967351427,1,48,2,0,WAIT,high
wait_only,107,132,08:00,120,109.75444784177363,6.914736281454307,102.83971156031932,3,25.595531476691075,0.0,70.07981159662194,24.324656926686984,0.0,120.0,0.0,0.0,19.756389375583737,1,138,7,0,WAIT,high
wait_only,108,132,08:00,120,90.86398865514184,6.991209563268282,83.87277909187355,2,45.23518783008385,0.0,58.21284381335326,16.551968356562895,0.0,120.0,0.0,0.0,19.974884466480805,1,234,11,0,WAIT,high
wait_only,109,132,08:00,120,106.11416596899554,8.120330940235561,97.99383502875997,4,42.46045589319661,0.0,77.53954410680339,0.0,0.0,120.0,0.0,0.0,23.20094554353018,0,163,12,0,WAIT,high
wait_only,110,132,08:00,120,115.20197299753023,7.412166502412526,107.7898064951177,3,10.891317281444504,0.0,109.1086827185555,0.0,0.0,120.0,0.0,0.0,21.177618578321503,0,236,5,0,WAIT,high
wait_only,111,132,08:00,120,90.27375915645003,6.438537940207392,83.83522121624263,2,5.318381867990599,0.0,114.6816181320094,0.0,0.0,120.0,0.0,0.0,18.395822686306836,0,75,3,0,WAIT,high
wait_only,112,132,08:00,120,93.31828123833924,5.739137137734288,87.57914410060495,2,47.31741883745713,0.0,39.78132616884345,32.901254993699425,0.0,120.00000000000001,-1.4210854715202004e-14,0.0,16.397534679240824,1,161,11,0,WAIT,high
wait_only,113,132,08:00,120,130.95714036549967,9.0997143073207,121.85742605817897,3,27.820225186830008,0.0,92.17977481316998,0.0,0.0,120.0,0.0,0.0,25.999183735202003,0,230,8,0,WAIT,high
wait_only,114,132,08:00,120,29.97734028323714,3.8248205011107435,26.152519782126397,4,65.22464413294111,0.0,54.77535586705892,0.0,0.0,120.00000000000003,-2.842170943040401e-14,0.0,10.928058574602126,0,131,16,0,WAIT,high
wait_only,115,132,08:00,120,107.69463786388008,6.791500024502975,100.9031378393771,2,42.96955061190353,0.0,74.14695108632839,2.8834983017680713,0.0,119.99999999999999,1.4210854715202004e-14,0.0,19.404285784294213,1,137,11,0,WAIT,high
wait_only,116,132,08:00,120,81.49374620379896,7.663836020398262,73.8299101834007,2,55.93352688117834,0.0,64.06647311882166,0.0,0.0,120.0,0.0,0.0,21.896674343995034,0,140,13,0,WAIT,high
wait_only,117,132,08:00,120,179.2651176386646,8.466042257109128,170.79907538155547,5,14.934180471057617,0.0,100.61214329756044,4.453676231381948,0.0,120.0,0.0,0.0,24.18869216316894,1,186,7,0,WAIT,high
wait_only,118,132,08:00,120,114.01603595709122,6.830484817798782,107.18555113929244,4,64.84885731426667,0.0,55.15114268573333,0.0,0.0,120.0,0.0,0.0,19.515670907996526,0,90,16,0,WAIT,high
wait_only,119,132,08:00,120,61.62968024553736,3.685928237658452,57.943752007878906,1,32.36996588494497,0.0,49.37848754064084,38.251546574414206,0.0,120.00000000000001,-1.4210854715202004e-14,0.0,10.531223536167007,1,138,8,0,WAIT,high
wait_only,120,132,08:00,120,86.90899491211358,6.9140981081035955,79.99489680400998,3,11.009596521659088,0.0,97.81641524656432,11.173988231776605,0.0,120.00000000000001,-1.4210854715202004e-14,0.0,19.75456602315313,1,68,5,0,WAIT,high
wait_only,121,132,08:00,120,70.32387432061971,6.8630745648324325,63.46079975578728,2,8.105127942618608,0.0,108.56518195567273,3.329690101708664,0.0,120.0,0.0,0.0,19.608784470949807,1,142,3,0,WAIT,high
wait_only,122,132,08:00,120,120.69801341720644,7.369626178634716,113.32838723857172,4,53.662076808387006,0.0,66.33792319161299,0.0,0.0,120.0,0.0,0.0,21.056074796099193,0,162,13,0,WAIT,high
wait_only,123,132,08:00,120,86.24013596854707,7.220382222591144,79.01975374595592,3,42.45407008542718,0.0,77.54592991457282,0.0,0.0,120.0,0.0,0.0,20.629663493117558,0,246,10,0,WAIT,high
wait_only,124,132,08:00,120,109.505060598778,7.359883651147516,102.14517694763049,3,45.36434382412412,0.0,74.63565617587588,0.0,0.0,120.0,0.0,0.0,21.028239003278618,0,186,11,0,WAIT,high
wait_only,125,132,08:00,120,92.42759281906548,6.273362033855971,86.1542307852095,2,34.87902422073718,0.0,74.79697887629258,10.323996902970237,0.0,120.0,0.0,0.0,17.923891525302775,1,170,9,0,WAIT,high
wait_only,126,132,08:00,120,78.8553956209962,6.2140318371342245,72.64136378386198,1,27.579185808359263,0.0,82.11544179818695,10.305372393453794,0.0,120.00000000000001,-1.4210854715202004e-14,0.0,17.754376677526356,1,141,7,0,WAIT,high
wait_only,127,132,08:00,120,77.98210350732322,5.375227026517395,72.60687648080582,2,67.90294424522205,0.0,52.09705575477795,0.0,0.0,120.0,0.0,0.0,15.357791504335415,0,170,16,0,WAIT,high
wait_only,128,132,08:00,120,97.94676423398317,7.520947757878923,90.42581647610425,3,54.11182559299331,0.0,65.88817440700669,0.0,0.0,120.0,0.0,0.0,21.488422165368352,0,246,13,0,WAIT,high
wait_only,129,132,08:00,120,104.26878478644436,7.693662001398247,96.5751227850461,3,19.82827473123352,0.0,100.17172526876648,0.0,0.0,120.0,0.0,0.0,21.98189143256642,0,161,6,0,WAIT,high
wait_only,130,132,08:00,120,95.78874233985127,6.46189902712895,89.32684331272232,2,59.721306830660765,0.0,60.27869316933924,0.0,0.0,120.0,0.0,0.0,18.462568648939857,0,246,14,0,WAIT,high
wait_only,131,132,08:00,120,98.16046197448294,7.6869370792577065,90.47352489522524,2,16.15916295122521,0.0,86.45184501676164,17.388992032013135,0.0,119.99999999999999,1.4210854715202004e-14,0.0,21.962677369307734,1,263,5,0,WAIT,high
wait_only,132,132,08:00,120,119.09655850567556,7.868057037854555,111.228501467821,3,31.552387229637418,0.0,88.44761277036261,0.0,0.0,120.00000000000003,-2.842170943040401e-14,0.0,22.48016296529873,0,140,8,0,WAIT,high
wait_only,133,132,08:00,120,82.72333963300981,6.725889329296381,75.99745030371344,2,46.68389271384879,0.0,73.3161072861512,0.0,0.0,119.99999999999999,1.4210854715202004e-14,0.0,19.216826655132518,0,246,11,0,WAIT,high
wait_only,134,132,08:00,120,127.45780647006346,8.56458558664801,118.89322088341545,5,47.50725317943473,0.0,72.49274682056527,0.0,0.0,120.0,0.0,0.0,24.47024453328003,0,246,12,0,WAIT,high
wait_only,135,132,08:00,120,91.1816590282539,6.522344171911606,84.65931485634229,2,39.11341596225512,0.0,80.88658403774488,0.0,0.0,120.0,0.0,0.0,18.635269062604593,0,246,9,0,WAIT,high
wait_only,136,132,08:00,120,80.83551004964667,5.855902944297798,74.97960710534888,2,12.622073958795745,0.0,65.56109227569715,41.8168337655071,0.0,119.99999999999999,1.4210854715202004e-14,0.0,16.731151269422277,1,230,4,0,WAIT,high
wait_only,137,132,08:00,120,64.8980127732981,6.47656889152926,58.421443881768845,2,54.59535045431715,0.0,64.9769894715184,0.4276600741644643,0.0,120.0,0.0,0.0,18.504482547226456,1,161,13,0,WAIT,high
wait_only,138,132,08:00,120,104.96162359934412,6.437630919520109,98.52399267982402,2,36.19684143161286,0.0,74.87457944164504,8.928579126742108,0.0,120.0,0.0,0.0,18.393231198628886,1,161,9,0,WAIT,high
wait_only,139,132,08:00,120,131.0473856851096,7.89974531214165,123.14764037296794,4,28.052143743169832,0.0,91.94785625683016,0.0,0.0,120.0,0.0,0.0,22.570700891833287,0,163,9,0,WAIT,high
wait_only,140,132,08:00,120,114.61487541667023,6.978161666337112,107.63671375033312,4,43.89295737155456,0.0,76.10704262844546,0.0,0.0,120.00000000000001,-1.4210854715202004e-14,0.0,19.93760476096318,0,246,12,0,WAIT,high
wait_only,141,132,08:00,120,85.8714721074411,6.470609979199472,79.40086212824163,1,31.64802920266638,0.0,88.35197079733362,0.0,0.0,120.0,0.0,0.0,18.487457083427064,0,163,8,0,WAIT,high
wait_only,142,132,08:00,120,98.2639166365532,6.0694427719209845,92.19447386463222,2,106.725078381399,0.0,13.274921618601,0.0,0.0,120.0,0.0,0.0,17.341265062631386,0,161,23,0,WAIT,high
wait_only,143,132,08:00,120,132.70324668657508,9.122625687024492,123.58062099955059,5,25.58807314998112,0.0,94.41192685001887,0.0,0.0,120.0,0.0,0.0,26.06464482006998,0,161,8,0,WAIT,high
wait_only,144,132,08:00,120,0.0,0.0,0.0,0,0.024655103205624772,0.0,0.0,119.97534489679437,0.0,120.0,0.0,0.0,0.0,1,132,1,0,WAIT,high
wait_only,145,132,08:00,120,127.03332064774628,9.243990746216616,117.78932990152967,4,30.147419030003224,0.0,69.98272975974987,19.869851210246892,0.0,119.99999999999999,1.4210854715202004e-14,0.0,26.411402132047474,1,68,9,0,WAIT,high
wait_only,146,132,08:00,120,75.5143127182614,5.8826127454238435,69.63169997283755,1,67.51356793653551,0.0,49.43393098709626,3.0525010763682303,0.0,120.0,0.0,0.0,16.807464986925268,1,170,15,0,WAIT,high
wait_only,147,132,08:00,120,87.81236409374404,5.766867072294784,82.04549702144925,1,34.15484984972714,0.0,85.84515015027286,0.0,0.0,120.0,0.0,0.0,16.476763063699384,0,230,8,0,WAIT,high
wait_only,148,132,08:00,120,139.18816856370083,8.450060690465104,130.73810787323572,4,38.130198233908885,0.0,75.43290039641994,6.436901369671176,0.0,120.0,0.0,0.0,24.14303054418601,1,163,10,0,WAIT,high
wait_only,149,132,08:00,120,128.31254965217497,8.144392904682055,120.16815674749292,4,38.73091305372898,0.0,81.26908694627103,0.0,0.0,120.00000000000001,-1.4210854715202004e-14,0.0,23.2696940133773,0,113,11,0,WAIT,high
highest_demand,0,132,08:00,120,166.38013201728987,9.921955917670369,156.4581760996195,3,17.07832020297972,9.492947667702593,92.97976408487786,0.4489680444398232,0.0,120.0,0.0,0.7789661452253094,27.569479333832888,1,48,6,1,WAIT,high
highest_demand,1,132,08:00,120,45.96936955293515,6.370226473536283,39.599143079398864,2,13.715827896642601,39.114452462124184,67.1697196412332,0.0,0.0,119.99999999999999,1.4210854715202004e-14,6.4842724623458805,11.716374604900642,0,161,5,1,WAIT,high
highest_demand,2,132,08:00,120,70.2699186245722,7.356022913564407,62.91389571100779,3,16.358476154232736,62.49000330200334,39.516554974448205,1.6349655693157104,0.0,120.0,0.0,8.55836011054271,12.458848213927025,1,186,6,3,WAIT,high
highest_demand,3,132,08:00,120,112.3925697872615,10.644928035680989,101.7476417515805,3,10.566732808448215,51.055894055837115,58.377373135714656,0.0,0.0,119.99999999999999,1.4210854715202004e-14,5.285255420460823,25.12882468148486,0,161,4,2,WAIT,high
highest_demand,4,132,08:00,120,84.58746803343655,7.818790973874677,76.76867705956187,1,13.298426943083687,19.80605536356558,86.89551769335074,0.0,0.0,120.0,0.0,2.535515921903859,19.803886860595217,0,236,4,1,WAIT,high
highest_demand,5,132,08:00,120,94.61763578251943,8.37773124305839,86.23990453946104,1,5.75660971375214,48.22124332177903,66.02214696446883,0.0,0.0,120.0,0.0,7.144587592508339,16.791787387658495,0,138,2,2,WAIT,high
highest_demand,6,132,08:00,120,75.99037129120421,8.943937207471764,67.04643408373245,1,6.889109488391446,59.55203456772507,53.558855943883486,0.0,0.0,120.0,0.0,8.109104864430394,17.44500144263179,0,138,2,2,WAIT,high
highest_demand,7,132,08:00,120,118.87307389241464,7.9709826250488796,110.90209126736576,3,9.356764251316703,43.39988532232469,67.2433504263586,0.0,0.0,120.0,0.0,3.4613284522986527,19.312907619269577,0,234,5,2,WAIT,high
highest_demand,8,132,08:00,120,95.99599268293795,9.807991520153067,86.18800116278489,2,16.769106724263725,51.86779749386799,30.41254521344527,20.95055056842301,0.0,120.0,0.0,5.505894475618691,22.51693843910436,1,186,5,2,WAIT,high
highest_demand,9,132,08:00,120,91.20622573740393,8.33071189660692,82.87551384079701,2,7.187558806736083,19.97512252709047,92.83731866617345,0.0,0.0,120.0,0.0,5.18155674214191,18.620477248163574,0,170,3,1,WAIT,high
highest_demand,10,132,08:00,120,110.51169033651215,10.074827483914492,100.43686285259766,2,4.589452384398034,53.373445692424426,57.56721581909175,4.469886104085788,0.0,120.0,0.0,6.630012615887113,22.15520876672572,1,138,3,2,WAIT,high
highest_demand,11,132,08:00,120,84.46391604782545,8.067182650961277,76.39673339686418,1,8.08473910340541,36.816934994171646,73.04650843975206,2.0518174626708827,0.0,120.0,0.0,6.116372474856479,16.932720813604313,1,138,3,1,WAIT,high
highest_demand,12,132,08:00,120,71.78581240677798,8.366495564154938,63.41931684262304,1,8.456755183487662,32.8010594781396,77.18988580551678,1.5522995328559688,0.0,120.00000000000001,-1.4210854715202004e-14,3.8810620735341774,20.023210966908504,1,186,3,1,WAIT,high
highest_demand,13,132,08:00,120,86.7707564114015,6.1685329407237495,80.60222347067776,1,1.797602840379535,0.0,118.20239715962046,0.0,0.0,120.0,0.0,0.0,17.624379830639285,0,230,2,0,WAIT,high
highest_demand,14,132,08:00,120,38.87327002578682,8.336674186372647,30.536595839414176,1,2.9895751472511423,78.11605489192229,36.82390956206882,2.0704603987577457,0.0,120.0,0.0,12.968544924691761,10.85052417923009,1,138,2,2,WAIT,high
highest_demand,15,132,08:00,120,72.92462602274756,7.124834984292336,65.79979103845523,1,3.7591414619096684,20.116220691432012,85.17621934653893,10.948418500119388,0.0,120.0,0.0,2.1314733431879076,18.225198040504484,1,186,2,1,WAIT,high
highest_demand,16,132,08:00,120,82.87070225123847,8.121160206046584,74.74954204519189,2,10.634001741420002,57.519948330590054,49.06131154608802,2.7847383819019313,0.0,120.00000000000001,-1.4210854715202004e-14,7.93928879740436,15.264026077014453,1,138,4,2,WAIT,high
highest_demand,17,132,08:00,120,97.29056641661452,9.07155980698103,88.2190066096335,3,6.71594115517615,37.680460248913434,75.60359859591043,0.0,0.0,120.00000000000001,-1.4210854715202004e-14,3.7038103995265907,22.214931906133497,0,186,4,2,WAIT,high
highest_demand,18,132,08:00,120,96.54978374113723,8.777356388790327,87.77242735234691,2,13.622119610496522,41.69143709262459,63.8354919938243,0.8509513030545861,0.0,120.0,0.0,4.723972394284777,20.35418871654473,1,186,5,2,WAIT,high
highest_demand,19,132,08:00,120,78.92841213096855,9.450551001824998,69.47786112914355,1,3.4470066333175797,66.2664718919884,50.28652147469402,0.0,0.0,120.0,0.0,8.720513642282624,18.281060648645944,0,138,2,2,WAIT,high
highest_demand,20,132,08:00,120,111.23152222763531,8.990436587470978,102.24108564016433,3,6.4361971086336585,63.050169247889784,50.51363364347656,0.0,0.0,120.0,0.0,6.173967362357256,19.512994316131255,0,237,4,3,WAIT,high
highest_demand,21,132,08:00,120,98.0290164105092,7.055439527189894,90.97357688331931,1,4.836236749546869,20.479121077313867,94.68464217313927,0.0,0.0,120.0,0.0,1.6248324020845133,18.53356624702947,0,186,2,1,WAIT,high
highest_demand,22,132,08:00,120,84.95810416440042,10.072111848165555,74.88599231623488,2,1.0118083493378316,32.562777993327536,82.88745161198031,3.5379620453543197,0.0,120.0,0.0,3.8810620735341774,24.896400349795982,1,234,3,1,WAIT,high
highest_demand,23,132,08:00,120,93.52384816003358,7.058275380413343,86.46557277962023,2,18.106242190998724,27.582099347739703,72.00306330960503,2.3085951516565473,0.0,120.0,0.0,2.0645084770891042,18.101992609806164,1,186,5,2,WAIT,high
highest_demand,24,132,08:00,120,104.68485890273415,7.997739839806784,96.68711906292737,2,8.729339936301754,36.672382232376876,74.59827783132138,0.0,0.0,120.00000000000001,-1.4210854715202004e-14,3.2114103103802227,19.63927494621059,0,90,3,1,WAIT,high
highest_demand,25,132,08:00,120,112.74444446680113,7.527290348554072,105.21715411824705,2,10.348294901085344,17.799153858801944,91.8525512401127,0.0,0.0,120.0,0.0,1.544168814469142,19.96237503854249,0,162,4,2,WAIT,high
highest_demand,26,132,08:00,120,87.76141845977227,9.28005411745507,78.4813643423172,2,8.357523402211733,52.6147221759779,57.4283193198145,1.5994351019958657,0.0,120.0,0.0,8.08677720721078,18.427663128375137,1,138,3,2,WAIT,high
highest_demand,27,132,08:00,120,99.01703510502104,8.562831673256769,90.45420343176427,1,7.861666911675238,56.89124214335685,55.24709094496792,0.0,0.0,120.00000000000001,-1.4210854715202004e-14,7.858948034671782,16.606285317490414,0,138,3,2,WAIT,high
highest_demand,28,132,08:00,120,102.91104647551114,10.834499480067278,92.07654699544386,2,7.186537036860131,32.562777993327536,77.4756546046093,2.7750303652030226,0.0,119.99999999999999,1.4210854715202004e-14,3.8810620735341774,27.074650726658046,1,230,4,1,WAIT,high
highest_demand,29,132,08:00,120,89.63082864405878,10.145056433316686,79.4857722107421,1,7.769199184453051,71.94909537485836,40.28170544068858,0.0,0.0,119.99999999999999,1.4210854715202004e-14,10.365334535880057,18.620540987881903,0,138,3,2,WAIT,high
highest_demand,30,132,08:00,120,101.8488820620772,7.2153073612271905,94.63357470085,2,19.48901621779682,28.533602235543036,71.97738154666013,0.0,0.0,119.99999999999999,1.4210854715202004e-14,3.0434952693641324,17.571668619856414,0,246,6,1,WAIT,high
highest_demand,31,132,08:00,120,74.51089778080716,7.54918353886954,66.96171424193761,1,1.229211611539383,27.53349240256558,85.26541645648396,5.971879529411069,0.0,120.0,0.0,4.54089199937273,17.028203825968813,1,138,2,1,WAIT,high
highest_demand,32,132,08:00,120,83.29003217322065,7.008866783780833,76.28116538943982,1,5.488037398345326,17.174299712684448,89.95279276967847,7.384870119291762,0.0,120.0,0.0,2.0004471665855252,18.024886501359713,1,186,2,1,WAIT,high
highest_demand,33,132,08:00,120,99.1153466348523,7.0451423960508475,92.07020423880145,2,9.466462284291055,17.952292988229097,92.58124472747983,0.0,0.0,119.99999999999997,2.842170943040401e-14,1.3746755723259012,18.754302702105093,0,161,4,1,WAIT,high
highest_demand,34,132,08:00,120,81.3823803860935,8.235148673103907,73.1472317129896,1,3.319836253775785,37.38598946472993,71.88960467779695,7.404569603697325,0.0,120.0,0.0,6.210909108635681,17.318087100232624,1,138,2,1,WAIT,high
highest_demand,35,132,08:00,120,83.47014851890444,7.235312627894461,76.23483589100998,1,24.304229181768353,18.687093303484296,74.47977999993462,2.5288975148127264,0.0,120.0,0.0,1.4041933469266459,19.26812844705753,1,186,6,1,WAIT,high
highest_demand,36,132,08:00,120,89.46281789588024,8.913944023631128,80.5488738722491,2,7.106477885828948,8.253518800007585,104.64000331416348,0.0,0.0,120.00000000000001,-1.4210854715202004e-14,3.1402954808806487,22.328116015208288,0,142,3,1,WAIT,high
highest_demand,37,132,08:00,120,96.3300438978847,7.466380612816888,88.86366328506782,2,5.47566589393238,35.74864492515867,77.26935573842603,1.5063334424829264,0.0,120.00000000000001,-1.4210854715202004e-14,3.404640513512171,17.927875523107506,1,186,3,2,WAIT,high
highest_demand,38,132,08:00,120,99.62175989551648,7.465564774840653,92.15619512067582,2,10.521673061526322,44.03300600610588,48.31448343371501,17.130837498652795,0.0,120.0,0.0,3.99208703183787,17.338098039135424,1,186,4,2,WAIT,high
highest_demand,39,132,08:00,120,52.39352031669456,6.380349412622725,46.013170904071835,2,17.550166275732487,39.114452462124184,63.335381262143336,0.0,0.0,120.0,0.0,6.4842724623458805,11.745297288004762,0,234,5,1,WAIT,high
highest_demand,40,132,08:00,120,129.87512509556677,11.610100236224639,118.26502485934213,2,3.349258739955279,28.19526516887784,88.45547609116687,0.0,0.0,119.99999999999999,1.4210854715202004e-14,5.6758114027845075,27.495903557857325,0,236,3,2,WAIT,high
highest_demand,41,132,08:00,120,96.47272931040041,8.43595037085517,88.03677893954524,1,4.734279686755565,37.31456036852962,77.22664495895054,0.724514985764273,0.0,120.0,0.0,6.154010038398844,17.948705306901648,1,138,2,1,WAIT,high
highest_demand,42,132,08:00,120,66.60124085006979,9.267717874334515,57.33352297573527,1,6.927764669495368,32.4390611058279,80.63317422467672,0.0,0.0,120.0,0.0,5.3499305823220356,21.12926334434801,0,138,2,1,WAIT,high
highest_demand,43,132,08:00,120,58.92651199350556,9.09701810775854,49.82949388574701,1,1.6494540884689906,57.86843352282588,60.48211238870512,0.0,0.0,120.0,0.0,7.888465809272526,18.10301449860902,0,138,2,2,WAIT,high
highest_demand,44,132,08:00,120,91.41966221274042,9.719642767379748,81.70001944536067,2,13.68839458907605,47.93793725580498,57.8930150830721,0.4806530720468629,0.0,120.0,0.0,7.358101414585792,20.412306492213485,1,138,4,2,WAIT,high
highest_demand,45,132,08:00,120,127.6824921883667,8.527108164616859,119.15538402374983,2,6.953804799042227,18.815118315533724,94.23107688542405,0.0,0.0,120.0,0.0,1.4041933469266459,22.95897283769295,0,186,3,1,WAIT,high
highest_demand,46,132,08:00,120,105.92588173852793,8.08692414648193,97.838957592046,2,10.12155120342146,34.676950830389785,62.513196621766724,12.68830134442203,0.0,120.0,0.0,4.224905776993381,18.880591784383565,1,186,4,2,WAIT,high
highest_demand,47,132,08:00,120,96.1938823364006,7.229184652678139,88.96469768372246,2,6.559492832514067,36.01207743619489,71.70443903850868,5.723990692782337,0.0,119.99999999999997,2.842170943040401e-14,2.8965563100992013,17.75825698326691,1,186,3,2,WAIT,high
highest_demand,48,132,08:00,120,100.317066243592,10.137112455257347,90.17995378833464,3,5.34307557318164,27.495784306192775,70.52224867766839,16.63889144295719,0.0,119.99999999999999,1.4210854715202004e-14,2.247103667677246,26.71607477591517,1,186,4,2,WAIT,high
highest_demand,49,132,08:00,120,73.4819664608827,8.626418657459464,64.85554780342324,1,6.381366473095859,25.881500619384248,87.73713290751991,0.0,0.0,120.00000000000001,-1.4210854715202004e-14,3.0080238219487234,21.638886627935463,0,186,2,1,WAIT,high
highest_demand,50,132,08:00,120,58.26216451033295,3.1915415822468836,55.07062292808607,2,3.996821000395637,8.495519944444162,81.31256026366478,26.19509879149541,0.0,119.99999999999999,1.4210854715202004e-14,3.1402954808806487,5.978394754110447,1,132,3,1,WAIT,high
highest_demand,51,132,08:00,120,88.1149428003915,7.907543989122451,80.20739881126906,1,9.348244098992236,41.315237472763656,69.3365184282441,0.0,0.0,120.0,0.0,6.863672418971716,15.72931040709243,0,138,3,1,WAIT,high
highest_demand,52,132,08:00,120,83.93364468023537,8.409021594646578,75.5246230855888,2,6.300054772693143,37.17242676598711,56.56551273277541,19.96200572854434,0.0,120.0,0.0,3.6252795686700385,20.40049641603447,1,186,3,2,WAIT,high
highest_demand,53,132,08:00,120,60.891426059568275,8.060505267406912,52.830920792161365,1,9.75161850715865,78.11605489192229,32.132326600919065,0.0,0.0,120.0,0.0,12.968544924691761,10.061470125042273,0,138,3,2,WAIT,high
highest_demand,54,132,08:00,120,74.78988826574013,8.297632801670543,66.49225546406959,1,12.347543182115214,28.74239981138608,78.9100570064987,0.0,0.0,120.0,0.0,3.0434952693641324,20.664027021123136,0,186,3,1,WAIT,high
highest_demand,55,132,08:00,120,71.17550027145758,7.688997213171623,63.486503058285955,2,8.107492278381882,36.626625840069266,75.26588188154886,0.0,0.0,120.00000000000001,-1.4210854715202004e-14,2.778868919252547,19.18969454695209,0,186,3,2,WAIT,high
highest_demand,56,132,08:00,120,73.03730028705081,8.2111063284868,64.826193958564,1,9.31397740411841,36.816934994171646,65.15605711818752,8.71303048352243,0.0,120.0,0.0,6.116372474856479,17.343931320820094,1,138,3,1,WAIT,high
highest_demand,57,132,08:00,120,116.44769805427805,8.15831430294468,108.28938375133338,2,7.821225014493288,37.65956529670131,74.51920968880539,0.0,0.0,119.99999999999999,1.4210854715202004e-14,6.210909108635681,17.098560328349123,0,138,4,1,WAIT,high
highest_demand,58,132,08:00,120,76.24083258648024,9.514931694164494,66.72590089231575,1,4.776866854981059,66.2664718919884,48.95666125303054,0.0,0.0,120.0,0.0,8.720513642282624,18.465005483901646,0,138,2,2,WAIT,high
highest_demand,59,132,08:00,120,66.13374513893945,9.061385340001355,57.072359798938095,2,3.387165651090509,79.14232150462237,35.3256935931845,2.144819251102618,0.0,120.00000000000001,-1.4210854715202004e-14,13.324489230864472,12.565183169139395,1,138,3,2,WAIT,high
highest_demand,60,132,08:00,120,64.10985895937512,8.64098670998839,55.46887224938673,2,2.6916836441980965,70.4234897545473,46.8848266012546,0.0,0.0,120.0,0.0,11.836867451772338,12.851666005337346,0,138,3,2,WAIT,high
highest_demand,61,132,08:00,120,81.59467308687515,7.241283062322245,74.35339002455291,2,4.3340361946185775,18.090190695605926,97.5757731097755,0.0,0.0,120.0,0.0,1.5032254509130585,19.1861547271505,0,186,3,2,WAIT,high
highest_demand,62,132,08:00,120,80.68892769393646,6.71029468892355,73.97863300501291,2,3.6197669405734874,39.114452462124184,67.94994257412375,9.3158380231786,0.0,120.00000000000003,-2.842170943040401e-14,6.4842724623458805,12.687998077435692,1,162,3,1,WAIT,high
highest_demand,63,132,08:00,120,109.63850957740262,7.245064961543471,102.39344461585914,3,14.372586875212782,25.62623447563542,80.00117864915181,0.0,0.0,120.00000000000001,-1.4210854715202004e-14,2.42351880450108,18.27666679990884,0,162,6,2,WAIT,high
highest_demand,64,132,08:00,120,87.21487299256269,7.0394230916904625,80.17544990087222,1,5.236539838491235,27.088996191892498,81.82167582885364,5.852788140762627,0.0,120.0,0.0,2.236241179936743,17.876396224893153,1,186,2,1,WAIT,high
highest_demand,65,132,08:00,120,85.27345182376571,6.282590688114325,78.99086113565139,2,15.329757091379225,20.479121077313867,84.19112183130692,0.0,0.0,120.0,0.0,1.6248324020845133,16.325426706813563,0,186,5,1,WAIT,high
highest_demand,66,132,08:00,120,85.26281038143269,6.932240567174637,78.33056981425806,2,6.883546739676667,26.968737560781605,81.34676661769166,4.800949081850078,0.0,120.00000000000001,-1.4210854715202004e-14,2.0349907024883596,17.771410918010606,1,186,4,2,WAIT,high
highest_demand,67,132,08:00,120,78.50451799444554,8.878849107307076,69.62566888713846,1,7.897649299542541,40.4427195556478,65.2745697321259,6.385061412683768,0.0,120.0,0.0,6.718721608348526,18.64941869824312,1,138,2,1,WAIT,high
highest_demand,68,132,08:00,120,107.10268664461043,6.519735208372891,100.58295143623754,2,10.364793988111648,25.690320392083272,83.94488561980506,0.0,0.0,119.99999999999999,1.4210854715202004e-14,2.0866528799727515,16.54116200109265,0,170,4,2,WAIT,high
highest_demand,69,132,08:00,120,87.10848274559496,7.888342826358402,79.22013991923656,2,5.097433670265005,38.00261603735432,76.89995029238068,0.0,0.0,120.0,0.0,3.0794327363426377,19.45868962468137,0,237,3,2,WAIT,high
highest_demand,70,132,08:00,120,113.33360494114449,8.716299953714797,104.61730498742969,3,11.611167724244359,37.216287161432575,71.17254511432307,0.0,0.0,120.0,0.0,3.1821821815245723,21.721531971946277,0,186,5,2,WAIT,high
highest_demand,71,132,08:00,120,88.66591624717951,7.419855184525028,81.24606106265448,2,3.302493962548775,28.30208356239588,88.39542247505534,0.0,0.0,120.0,0.0,2.1831594921519555,19.016426749348124,0,48,3,2,WAIT,high
highest_demand,72,132,08:00,120,122.71104323548354,7.935136040886522,114.77590719459702,4,15.509259348006966,51.60705791746113,43.62323028525051,9.260452449281388,0.0,120.0,0.0,5.122780643391248,17.549036616284535,1,186,6,4,WAIT,high
highest_demand,73,132,08:00,120,80.13797938406492,9.665655243103355,70.47232414096156,2,7.320017680880964,17.508087193074427,95.1718951260446,0.0,0.0,120.0,0.0,1.8316524278610324,25.78450540957713,0,142,3,2,WAIT,high
highest_demand,74,132,08:00,120,91.61871768051114,8.916306981188244,82.7024106993229,2,5.071250113639872,39.13221516984952,75.79653471651059,0.0,0.0,119.99999999999999,1.4210854715202004e-14,4.580474149405106,20.894688653989878,0,186,3,2,WAIT,high
highest_demand,75,132,08:00,120,118.18535697265898,9.524428358270535,108.66092861438844,2,15.035969778218668,29.676036668822285,75.28799355295904,0.0,0.0,119.99999999999999,1.4210854715202004e-14,5.851896604371141,21.36075584783039,0,162,4,2,WAIT,high
highest_demand,76,132,08:00,120,71.87045922714276,8.657510104048173,63.21294912309459,1,8.009049649659286,38.62934276858749,73.36160758175322,0.0,0.0,120.0,0.0,4.683447922503583,20.05229523191977,0,186,3,1,WAIT,high
highest_demand,77,132,08:00,120,85.00404890092182,8.623985454028745,76.38006344689308,1,3.6341793400408204,41.315237472763656,72.30114796026407,2.7494352269314533,0.0,120.00000000000001,-1.4210854715202004e-14,6.863672418971716,17.776286021110412,1,138,2,1,WAIT,high
highest_demand,78,132,08:00,120,94.32716406656718,8.999770749514807,85.32739331705237,1,2.5906504141339513,57.62225531975898,54.61088600866397,5.176208257443108,0.0,120.0,0.0,7.888465809272526,17.825164903626924,1,138,2,2,WAIT,high
highest_demand,79,132,08:00,120,85.36745195968582,8.801181975669051,76.56626998401677,1,2.392386596663579,57.9078721598362,57.60794317785415,2.09179806564606,0.0,120.0,0.0,7.888465809272526,17.257768406924765,1,138,2,2,WAIT,high
highest_demand,80,132,08:00,120,111.26531137385419,7.224902535275286,104.0404088385789,3,9.963917451929353,20.192016414404417,88.8256864183593,1.0183797153069207,0.0,119.99999999999999,1.4210854715202004e-14,1.6248324020845133,19.017746270130587,1,237,4,1,WAIT,high
highest_demand,81,132,08:00,120,84.87663284107438,9.020165755349046,75.85646708572534,1,1.4129077837814272,40.73866332517301,77.84842889104557,0.0,0.0,120.0,0.0,6.718721608348526,19.053180549791605,0,138,2,1,WAIT,high
highest_demand,82,132,08:00,120,102.11073266374876,8.699794855321745,93.41093780842702,2,3.6244388429894476,47.12887613805299,59.624576066672724,9.622108952284833,0.0,120.0,0.0,7.007417959475693,17.84913877001501,1,138,3,2,WAIT,high
highest_demand,83,132,08:00,120,126.01613201767626,6.894614197633795,119.12151782004246,4,6.20050301220171,26.467196324106,87.3323006636923,0.0,0.0,120.0,0.0,2.5596495937411112,17.13924811378402,0,246,5,3,WAIT,high
highest_demand,84,132,08:00,120,87.20865365175099,6.871863176558349,80.33679047519264,1,1.8330051935818568,0.0,113.26641002161287,4.900584784805275,0.0,120.0,0.0,0.0,19.63389479016671,1,230,2,0,WAIT,high
highest_demand,85,132,08:00,120,94.68885962457907,7.12106194118075,87.56779768339831,2,6.58244582649705,26.293316603345787,87.12423757015716,0.0,0.0,120.0,0.0,2.4914716388761717,17.85441962164026,0,237,4,2,WAIT,high
highest_demand,86,132,08:00,120,126.80376771248794,8.490466410449859,118.31330130203808,3,7.620977517682201,40.4115056697002,71.9675168126176,0.0,0.0,120.0,0.0,3.2496648041690266,21.008810654259136,0,137,4,2,WAIT,high
highest_demand,87,132,08:00,120,148.02958530851902,8.644451659967356,139.38513364855166,3,19.27326269065115,38.662215830574766,62.06452147877409,0.0,0.0,120.0,0.0,6.585750089068556,18.11268322512389,0,107,6,2,WAIT,high
highest_demand,88,132,08:00,120,75.42681904714124,6.699454289649955,68.72736475749129,1,7.680401884638801,7.326588211051423,99.25385830386037,5.739151600449389,0.0,119.99999999999999,1.4210854715202004e-14,0.9815114870710372,18.159786483357408,1,239,3,1,WAIT,high
highest_demand,89,132,08:00,120,77.90696088904434,8.430350616872914,69.47661027217143,1,4.975693403659211,32.8010594781396,76.84770703189943,5.375540086301768,0.0,120.00000000000001,-1.4210854715202004e-14,3.8810620735341774,20.205653974674153,1,186,2,1,WAIT,high
highest_demand,90,132,08:00,120,96.96617899037098,7.232912376098729,89.73326661427225,4,18.592032760948726,25.60730497664911,75.08122813564201,0.7194341267601487,0.0,120.0,0.0,2.42351880450108,18.241945127209576,1,170,6,2,WAIT,high
highest_demand,91,132,08:00,120,87.17786418511847,7.183981707036633,79.99388247808183,1,2.8740768826766505,26.94938031552546,58.29478037408757,31.881762427710314,0.0,120.0,0.0,2.236241179936743,18.289420840167924,1,186,2,1,WAIT,high
highest_demand,92,132,08:00,120,78.2739831776668,7.767343905019319,70.50663927264749,1,15.42400589521985,8.672341735027278,90.81204263507291,5.091609734679977,0.0,120.00000000000001,-1.4210854715202004e-14,1.037069125234125,21.155342031963933,1,236,4,1,WAIT,high
highest_demand,93,132,08:00,120,90.5162502719644,6.972497218538538,83.54375305342586,2,5.514442007699496,38.43141406554297,76.05414392675755,0.0,0.0,120.0,0.0,2.9995079744104145,16.921912649985412,0,186,3,2,WAIT,high
highest_demand,94,132,08:00,120,78.0864087315387,6.81041290492304,71.27599582661566,1,9.24514347052401,20.192016414404417,70.1188591450526,20.44398097001897,0.0,120.0,0.0,1.6248324020845133,17.833490183409886,1,186,3,1,WAIT,high
highest_demand,95,132,08:00,120,163.79385675322894,8.128959312015422,155.66489744121353,3,7.671938626147281,34.335938581482196,76.00214807049025,1.989974721880273,0.0,120.0,0.0,2.9604818322126625,20.265116202117113,1,186,4,2,WAIT,high
highest_demand,96,132,08:00,120,175.24918213685802,11.806810318528,163.44237181833003,2,15.38375108038537,18.687093303484296,77.08500820802838,8.84414740810196,0.0,120.00000000000001,-1.4210854715202004e-14,1.4041933469266459,32.329550420296215,1,186,5,1,WAIT,high
highest_demand,97,132,08:00,120,90.30258544638184,7.970795985493366,82.33178946088847,2,5.922414406796503,45.92908677427483,64.0452507658299,4.103248053098753,0.0,120.0,0.0,4.312996794584106,18.460706021111225,1,107,4,2,WAIT,high
highest_demand,98,132,08:00,120,113.80740549453581,7.364817847713805,106.442587646822,2,5.92569879812129,35.211044405440916,78.1091410018477,0.754115794590092,0.0,120.0,0.0,3.2058320810396146,17.836504626714117,1,237,4,2,WAIT,high
highest_demand,99,132,08:00,120,95.12503796502519,6.738360635744769,88.38667732928042,3,8.028558544128172,16.999533484632273,94.97190797123956,0.0,0.0,120.0,0.0,1.3064857052967438,17.945973253974028,0,234,4,2,WAIT,high
highest_demand,100,132,08:00,120,85.10807524799438,6.322814745587189,78.78526050240718,1,4.430311960262046,17.952292988229097,79.71700299584245,17.900392055666416,0.0,120.00000000000001,-1.4210854715202004e-14,1.3746755723259012,16.690509415066067,1,186,2,1,WAIT,high
highest_demand,101,132,08:00,120,126.76016209653497,9.165374424508219,117.59478767202675,4,14.332314965776746,72.72831809146658,32.93936694275667,0.0,0.0,120.0,0.0,6.46341350524423,19.723370564779252,0,237,6,4,WAIT,high
highest_demand,102,132,08:00,120,36.64089972226981,8.488732031338172,28.152167690931634,1,6.663362108599978,77.83043805184505,33.496960082039074,2.0092397575158714,0.0,119.99999999999997,2.842170943040401e-14,12.968544924691761,11.284975164845877,1,138,2,2,WAIT,high
highest_demand,103,132,08:00,120,75.93442738681003,8.676340815261014,67.25808657154901,1,4.4461054632524775,47.65232041572776,62.21505458674086,5.686519534278901,0.0,120.0,0.0,7.358101414585792,17.43144377187425,1,138,2,2,WAIT,high
highest_demand,104,132,08:00,120,103.08380278724518,8.31895564605111,94.76484714119407,3,7.817794330793179,44.98244884794073,67.19975682126608,0.0,0.0,119.99999999999999,1.4210854715202004e-14,4.078756095538279,19.689688607464895,0,142,4,4,WAIT,high
highest_demand,105,132,08:00,120,120.25351646022946,9.993086340841398,110.26043011938806,3,14.880411762828999,27.78280322421825,77.33678501295276,0.0,0.0,120.0,0.0,2.474063788886734,26.077611470660116,0,161,6,2,WAIT,high
highest_demand,106,132,08:00,120,86.21637827908951,6.131308307970365,80.08506997111914,1,1.5756899198191197,15.334183558090318,103.09012652209054,0.0,0.0,119.99999999999999,1.4210854715202004e-14,2.0341977697067604,15.483825967351427,0,239,2,2,WAIT,high
highest_demand,107,132,08:00,120,91.87611462406468,10.36838447733639,81.50773014672829,3,12.178012218411347,29.312793571932676,72.77058425579584,5.738609953860163,0.0,120.00000000000003,-2.842170943040401e-14,8.321852223022558,21.302103426509987,1,138,5,2,WAIT,high
highest_demand,108,132,08:00,120,89.35424442132104,7.563800818387347,81.79044360293369,2,16.07671437736604,35.692803400806824,58.56255901001927,9.66792321180786,0.0,120.0,0.0,3.110070132176654,18.500789348930056,1,186,5,2,WAIT,high
highest_demand,109,132,08:00,120,89.8939667470278,8.748697944223824,81.14526880280398,3,11.775658559046446,34.92181889166214,59.51073836065384,13.791784188637564,0.0,120.0,0.0,3.3751227389114264,21.621157101728073,1,186,6,2,WAIT,high
highest_demand,110,132,08:00,120,76.98670886745502,6.989662964539622,69.9970459029154,1,0.4611354228050041,20.116220691432012,86.18852683825111,13.234117047511873,0.0,120.0,0.0,2.1314733431879076,17.838992269782445,1,186,2,1,WAIT,high
highest_demand,111,132,08:00,120,83.1498290653655,6.688354839176021,76.46147422618948,2,8.063484091695502,8.672341735027278,103.26417417327723,0.0,0.0,120.0,0.0,1.037069125234125,18.072516129554508,0,237,3,1,WAIT,high
highest_demand,112,132,08:00,120,119.42798237942839,7.800922332304468,111.62706004712392,4,14.013647456321674,50.53652479594008,51.759901049777454,3.689926697960786,0.0,120.0,0.0,4.709719417886796,17.57863010298311,1,186,6,4,WAIT,high
highest_demand,113,132,08:00,120,98.11954971457786,9.926387901945363,88.1931618126325,2,4.664554732373793,46.04948390223282,69.28596136539338,0.0,0.0,120.0,0.0,5.483566818399076,22.877541472873396,0,186,3,2,WAIT,high
highest_demand,114,132,08:00,120,94.21489216048393,12.31147983093269,81.90341232955123,2,3.9942697384339,57.87537278486009,58.13035747670602,0.0,0.0,120.0,0.0,11.335566780540754,23.840089879266937,0,138,3,2,WAIT,high
highest_demand,115,132,08:00,120,109.3922601544979,7.534745478571115,101.8575146759268,2,14.550199327989555,26.8922096753175,78.55759099669294,0.0,0.0,120.0,0.0,2.236241179936743,19.291603044552158,0,48,5,1,WAIT,high
highest_demand,116,132,08:00,120,73.74231381032143,8.244721081036547,65.49759272928489,1,13.01706663042929,38.7455553754329,59.88412934661219,8.353248647525618,0.0,120.0,0.0,3.5030919442708086,20.0532540015479,1,186,4,1,WAIT,high
highest_demand,117,132,08:00,120,82.86548763753873,7.829841939157848,75.03564569838089,1,2.637494381885279,78.11605489192229,39.246450726192435,0.0,0.0,120.0,0.0,12.968544924691761,9.402432044330663,0,138,2,2,WAIT,high
highest_demand,118,132,08:00,120,105.62984714396765,9.812295113297418,95.81755203067023,3,11.742157402560556,52.880754564512024,55.377088032927425,0.0,0.0,120.0,0.0,8.15973730351301,19.875391591622474,0,138,5,2,WAIT,high
highest_demand,119,132,08:00,120,61.62968024553736,5.95542359947951,55.67425664605785,1,7.720166899183456,39.114452462124184,49.37848754064084,23.78689309805152,0.0,120.0,0.0,6.4842724623458805,10.531223536167007,1,186,3,1,WAIT,high
highest_demand,120,132,08:00,120,88.23856176847517,7.048426679807187,81.19013508866797,2,6.820299987535226,20.339773576080233,92.83992643638453,0.0,0.0,119.99999999999999,1.4210854715202004e-14,1.6248324020845133,18.513529540221736,0,163,3,1,WAIT,high
highest_demand,121,132,08:00,120,62.09215018879558,6.823215297357682,55.268934891437894,1,2.6826431685468872,18.687093303484296,86.68883906471945,11.941424463249376,0.0,120.0,0.0,1.4041933469266459,18.09070750266673,1,186,2,1,WAIT,high
highest_demand,122,132,08:00,120,117.25128844436962,9.063090651594653,108.18819779277497,3,13.979191983694909,51.980329265555426,54.04047875074966,0.0,0.0,119.99999999999999,1.4210854715202004e-14,5.0214074497865395,20.873137269055324,0,162,4,2,WAIT,high
highest_demand,123,132,08:00,120,66.80514411264336,8.734571905761065,58.0705722068823,1,8.755094060227115,46.94236208593985,64.30254385383304,0.0,0.0,120.0,0.0,7.130443037480166,17.825476693265735,0,138,3,2,WAIT,high
highest_demand,124,132,08:00,120,81.85783577320407,9.55688111169886,72.30095466150522,1,3.1184502724401924,66.2664718919884,50.61507783557141,0.0,0.0,120.0,0.0,8.720513642282624,18.584860962571266,0,138,2,2,WAIT,high
highest_demand,125,132,08:00,120,104.72771872393903,7.7441101536133115,96.98360857032573,2,12.656637324792797,28.533602235543036,78.80976043966416,0.0,0.0,120.0,0.0,3.0434952693641324,19.08253374095962,0,163,3,1,WAIT,high
highest_demand,126,132,08:00,120,78.8553956209962,7.80334403691468,71.05205158408152,1,10.351065799247468,27.53349240256558,82.11544179818695,0.0,0.0,120.0,0.0,4.54089199937273,17.754376677526356,0,138,3,1,WAIT,high
highest_demand,127,132,08:00,120,84.51663689358901,7.825851152293099,76.69078574129591,2,6.485721135232461,52.526948710915015,60.987330153852525,0.0,0.0,120.0,0.0,6.977427391510972,15.382147329326452,0,138,3,2,WAIT,high
highest_demand,128,132,08:00,120,104.36755416292752,8.354689333310535,96.01286482961699,3,19.23132182551877,22.034110275041993,78.73456789943926,0.0,0.0,120.00000000000001,-1.4210854715202004e-14,2.4763336971048098,21.394207255211008,0,107,6,2,WAIT,high
highest_demand,129,132,08:00,120,82.12466643668998,8.476964672909201,73.64770176378077,1,1.949283369132543,32.562777993327536,66.54213126388306,18.945807373656862,0.0,120.0,0.0,3.8810620735341774,20.338836991920687,1,186,2,1,WAIT,high
highest_demand,130,132,08:00,120,131.98419250119105,7.907264584477562,124.07692791671349,4,28.611978724543704,26.74496079171361,64.64306048374267,0.0,0.0,119.99999999999999,1.4210854715202004e-14,2.0349907024883596,20.557193824590396,0,236,8,2,WAIT,high
highest_demand,131,132,08:00,120,91.63658483816411,8.36840490960358,83.26817992856053,2,10.751072935879826,25.51865792301724,80.10686060034439,3.623408540758547,0.0,120.0,0.0,3.0080238219487234,20.901704491204363,1,249,4,1,WAIT,high
highest_demand,132,132,08:00,120,79.84904992926097,8.689368046042897,71.15968188321807,1,6.295312150103738,37.04349080580259,70.44272291779748,6.2184741262961865,0.0,120.0,0.0,6.154010038398844,18.67275580743801,1,138,2,1,WAIT,high
highest_demand,133,132,08:00,120,78.84275897553499,7.929824497425475,70.91293447810952,2,6.225179014911655,35.57561269339109,78.19920829169726,0.0,0.0,120.0,0.0,2.9615431263667045,19.69509829484894,0,186,3,2,WAIT,high
highest_demand,134,132,08:00,120,106.27073332309848,9.999675493082007,96.27105783001647,2,3.1648656201055876,66.71954302496694,50.115591354927474,0.0,0.0,120.0,0.0,8.548780939434984,20.021720469370752,0,138,3,3,WAIT,high
highest_demand,135,132,08:00,120,82.86360668033909,8.386217768620167,74.47738891171892,1,7.375587113658791,37.08634671139178,71.577628676616,3.9604374983334196,0.0,120.0,0.0,6.116372474856479,17.844249721201145,1,138,2,1,WAIT,high
highest_demand,136,132,08:00,120,93.59976630331661,7.836398206570759,85.76336809674585,2,4.453166883735146,37.317436743336096,78.22939637292875,0.0,0.0,119.99999999999999,1.4210854715202004e-14,4.080564394598257,18.309144767032482,0,236,3,2,WAIT,high
highest_demand,137,132,08:00,120,61.22655612046686,9.036397342787366,52.19015877767949,2,9.467008554352699,47.73193939202324,62.80105205362405,0.0,0.0,119.99999999999999,1.4210854715202004e-14,7.210783800212744,18.60749432203687,0,138,3,2,WAIT,high
highest_demand,138,132,08:00,120,105.67590663381806,7.7246177931841125,97.95128884063395,2,5.152460973731886,35.00881050333126,72.96658865615795,6.872139866778909,0.0,120.00000000000001,-1.4210854715202004e-14,3.3751227389114264,18.695213813043182,1,186,3,2,WAIT,high
highest_demand,139,132,08:00,120,100.4900930507833,8.635107837670429,91.85498521311287,2,13.56972192757409,36.75034472023076,69.67993335219515,0.0,0.0,120.0,0.0,3.2114103103802227,21.460326368678146,0,113,5,1,WAIT,high
highest_demand,140,132,08:00,120,105.78816056552326,7.266165591203573,98.52199497431968,3,15.392613377112824,29.043125916545474,75.5642607063417,0.0,0.0,120.0,0.0,2.2851475322469716,18.475325585477524,0,170,6,2,WAIT,high
highest_demand,141,132,08:00,120,85.8714721074411,7.535833323476918,78.33563878396417,1,2.905629391280301,28.74239981138608,88.35197079733362,0.0,0.0,120.0,0.0,3.0434952693641324,18.487457083427064,0,186,2,1,WAIT,high
highest_demand,142,132,08:00,120,138.2910367898675,9.463268622538525,128.82776816732897,4,32.97983593292551,48.93885462238175,37.77760350143146,0.30370594326127787,0.0,119.99999999999999,1.4210854715202004e-14,5.187547778830921,21.850362571279152,1,186,10,3,WAIT,high
highest_demand,143,132,08:00,120,106.13988244622948,9.395617313568751,96.74426513266073,2,2.434268294845102,44.33377623855097,73.23195546660392,0.0,0.0,120.0,0.0,4.412217168875369,22.432403727035346,0,186,3,2,WAIT,high
highest_demand,144,132,08:00,120,0.0,0.0,0.0,0,0.024655103205624772,0.0,0.0,119.97534489679437,0.0,120.0,0.0,0.0,0.0,1,132,1,0,WAIT,high
highest_demand,145,132,08:00,120,89.12144527449898,11.419276106588192,77.7021691679108,1,5.6571744388196405,71.68589232881575,42.65693323236461,0.0,0.0,120.0,0.0,10.365334535880057,22.261168625800497,0,138,2,2,WAIT,high
highest_demand,146,132,08:00,120,80.29415307261766,9.225017765314755,71.0691353073029,2,4.504022573707452,59.335111117837776,54.64984494893241,1.5110213595223598,0.0,120.0,0.0,8.214892340844493,18.14230127434052,1,138,3,2,WAIT,high
highest_demand,147,132,08:00,120,87.81236409374404,6.25833474371911,81.55402935002493,1,6.357804604329499,18.687093303484296,85.84515015027286,9.109951941913351,0.0,120.0,0.0,1.4041933469266459,16.476763063699384,1,186,2,1,WAIT,high
highest_demand,148,132,08:00,120,141.887313659267,9.373010801800099,132.5143028574669,4,13.048455402840354,51.97147609408138,54.980068503078265,0.0,0.0,120.0,0.0,4.96199029295223,21.818040569333768,0,48,6,3,WAIT,high
highest_demand,149,132,08:00,120,47.326561769060994,8.646665020875227,38.67989674818577,1,3.3781527423125235,77.83043805184505,34.83738539365171,3.9540238121907123,0.0,120.0,0.0,12.968544924691761,11.736212277808889,1,138,2,2,WAIT,high
highest_income,0,132,08:00,120,166.38013201728987,9.649317766841511,156.73081425044836,3,23.378620515574223,0.0,92.97976408487786,3.6416153995479164,0.0,120.0,0.0,0.0,27.569479333832888,1,230,7,0,WAIT,high
highest_income,1,132,08:00,120,105.45837494776212,8.419540258706798,97.03883468905532,2,7.918749392944845,10.656165903631408,93.03979419925592,8.385290504167813,0.0,119.99999999999999,1.4210854715202004e-14,1.7454830859471333,22.31034622464372,1,145,3,1,WAIT,high
highest_income,2,132,08:00,120,42.11311681528498,8.753957670854467,33.359159144430514,1,6.850261622793203,56.50928892485943,15.44142588205806,41.1990235702893,0.0,120.0,0.0,14.02903538538622,10.982272245626543,1,132,3,2,WAIT,high
highest_income,3,132,08:00,120,156.62840569006187,13.871714489872556,142.75669120018932,2,6.069972449903398,48.68374531334833,50.945299440971084,14.300982795777173,0.0,119.99999999999999,1.4210854715202004e-14,9.909480637255754,29.723989333808696,1,132,3,2,WAIT,high
highest_income,4,132,08:00,120,84.58746803343655,8.701572037353849,75.8858959960827,1,2.4370598571904365,30.667422449458822,86.89551769335074,0.0,0.0,120.0,0.0,5.057747531844349,19.803886860595217,0,199,2,1,WAIT,high
highest_income,5,132,08:00,120,94.61763578251943,8.01785595188024,86.59977983063919,1,17.160918041359523,36.816934994171646,66.02214696446883,0.0,0.0,120.0,0.0,6.116372474856479,16.791787387658495,0,138,4,1,WAIT,high
highest_income,6,132,08:00,120,75.99037129120421,8.653632571329892,67.33673871987432,1,22.52873355192525,43.91241050419127,53.558855943883486,0.0,0.0,120.0,0.0,7.279663046882188,17.44500144263179,0,93,5,1,WAIT,high
highest_income,7,132,08:00,120,178.46872579674,12.119547527969715,166.3491782687703,2,10.12643704833665,43.668107498009746,66.2054554536536,0.0,0.0,120.0,0.0,7.239163253180994,27.388115398161048,0,262,4,1,WAIT,high
highest_income,8,132,08:00,120,85.57220824813373,14.394217698792488,71.17799054934125,1,6.327379258739475,89.69450715594792,18.279887531928956,5.698226053383664,0.0,120.00000000000001,-1.4210854715202004e-14,19.576350417546433,21.549985864717822,1,132,2,3,WAIT,high
highest_income,9,132,08:00,120,91.20622573740393,8.33071189660692,82.87551384079701,2,7.187558806736083,19.97512252709047,92.83731866617345,0.0,0.0,120.0,0.0,5.18155674214191,18.620477248163574,0,170,3,1,WAIT,high
highest_income,10,132,08:00,120,81.97317255727546,8.790392917887552,73.18277963938792,1,38.023827542858214,41.81399143652639,40.16218102061541,0.0,0.0,120.00000000000001,-1.4210854715202004e-14,6.988158704348737,18.12724963247284,0,93,9,1,WAIT,high
highest_income,11,132,08:00,120,84.46391604782545,8.067182650961277,76.39673339686418,1,8.08473910340541,36.816934994171646,73.04650843975206,2.0518174626708827,0.0,120.0,0.0,6.116372474856479,16.932720813604313,1,138,3,1,WAIT,high
highest_income,12,132,08:00,120,71.78581240677798,8.94968409967405,62.83612830710393,1,8.369386080530292,33.63589275272784,77.18988580551678,0.8048353612250878,0.0,120.0,0.0,5.547315032160212,20.023210966908504,1,138,3,1,WAIT,high
highest_income,13,132,08:00,120,86.7707564114015,6.1685329407237495,80.60222347067776,1,1.797602840379535,0.0,118.20239715962046,0.0,0.0,120.0,0.0,0.0,17.624379830639285,0,230,2,0,WAIT,high
highest_income,14,132,08:00,120,38.87327002578682,8.707845847615708,30.165424178171115,1,21.14839041753722,57.21253272589051,36.82390956206882,4.815167294503439,0.0,119.99999999999999,1.4210854715202004e-14,14.02903538538622,10.85052417923009,1,132,6,2,WAIT,high
highest_income,15,132,08:00,120,72.92462602274756,7.7069492196853435,65.21767680306222,1,11.81505104829133,23.00872960516973,85.17621934653893,0.0,0.0,119.99999999999999,1.4210854715202004e-14,3.794656872882214,18.225198040504484,0,195,4,1,WAIT,high
highest_income,16,132,08:00,120,73.42525367731517,7.516989023424204,65.90826465389097,1,21.550961828678552,43.31588950430636,37.732475283754766,17.40067338326031,0.0,119.99999999999999,1.4210854715202004e-14,7.239163253180994,14.237948242316733,1,93,5,1,WAIT,high
highest_income,17,132,08:00,120,83.17603212945374,9.938597104795756,73.23743502465798,1,9.283150010212136,44.29164126071658,65.06225918137032,1.3629495477009783,0.0,120.00000000000001,-1.4210854715202004e-14,7.35814036437716,21.037851363610717,1,93,3,1,WAIT,high
highest_income,18,132,08:00,120,89.05939572131734,10.256497211724945,78.8028985095924,1,18.968146394562208,49.06700506398482,51.96484854145297,0.0,0.0,120.0,0.0,9.909480637255754,19.394797110529804,0,93,5,2,WAIT,high
highest_income,19,132,08:00,120,78.92841213096855,8.844226773548137,70.08418535742041,1,23.191843832646825,42.15399692506749,50.28652147469402,4.367637767591674,0.0,120.0,0.0,6.988158704348737,18.281060648645944,1,93,6,1,WAIT,high
highest_income,20,132,08:00,120,78.26585015983116,9.864030328763704,68.40181983106746,1,34.35398828410371,55.69291419712709,29.953097518769194,0.0,0.0,120.0,0.0,11.080887213444068,17.102056583023664,0,93,8,2,WAIT,high
highest_income,21,132,08:00,120,98.0290164105092,7.097667266541811,90.9313491439674,1,8.63154831778949,10.656165903631408,94.68464217313927,6.027643605439835,0.0,120.0,0.0,1.7454830859471333,18.53356624702947,1,145,2,1,WAIT,high
highest_income,22,132,08:00,120,73.20032662074578,11.878963740122796,61.321362880622985,1,0.27552438624382675,49.10292337258858,66.52106375471307,4.1004884864545375,0.0,120.0,0.0,9.909480637255754,24.0304157630951,1,93,2,2,WAIT,high
highest_income,23,132,08:00,120,88.70098507314667,8.14156672543822,80.55941834770844,1,9.691002357268573,35.436344331764445,70.54073064575074,4.33192266521624,0.0,120.0,0.0,5.8870158831703945,17.37460333236738,1,138,3,1,WAIT,high
highest_income,24,132,08:00,120,92.44056995551718,9.129142424384636,83.31142753113254,1,8.964684473138496,41.08201127600023,69.95330425086128,0.0,0.0,120.0,0.0,6.824926708865075,19.258337360805314,0,93,3,1,WAIT,high
highest_income,25,132,08:00,120,88.80654625011255,8.328725000195035,80.47782124991751,1,10.94118698041661,30.633933783155136,78.42487923642825,0.0,0.0,120.0,0.0,5.052224497764085,18.7441326456503,0,195,3,1,WAIT,high
highest_income,26,132,08:00,120,78.32008966464157,9.883282038730503,68.43680762591107,1,13.229711955595656,56.24007417743276,50.53021386697158,0.0,0.0,120.0,0.0,11.080887213444068,17.157061468643086,0,93,4,2,WAIT,high
highest_income,27,132,08:00,120,99.01703510502104,8.345906999734993,90.67112810528604,1,21.084801557022338,43.668107498009746,55.24709094496792,0.0,0.0,120.00000000000001,-1.4210854715202004e-14,7.239163253180994,16.606285317490414,0,93,6,1,WAIT,high
highest_income,28,132,08:00,120,85.32985722503219,12.5814729330238,72.74838429200838,1,5.374317507654748,49.10292337258858,65.52275911975667,0.0,0.0,120.0,0.0,9.909480637255754,26.03758488566939,0,93,2,2,WAIT,high
highest_income,29,132,08:00,120,89.63082864405878,9.98550756879818,79.6453210752606,1,9.598695842645618,49.06700506398482,40.28170544068858,21.052593652680983,0.0,120.00000000000001,-1.4210854715202004e-14,9.909480637255754,18.620540987881903,1,93,3,2,WAIT,high
highest_income,30,132,08:00,120,85.19060026221815,8.287334187906097,76.90326607431206,1,15.840590894054891,44.29164126071658,59.867767845228535,0.0,0.0,120.0,0.0,7.35814036437716,16.31995731535455,0,93,4,1,WAIT,high
highest_income,31,132,08:00,120,74.51089778080716,7.54918353886954,66.96171424193761,1,1.229211611539383,27.53349240256558,85.26541645648396,5.971879529411069,0.0,120.0,0.0,4.54089199937273,17.028203825968813,1,138,2,1,WAIT,high
highest_income,32,132,08:00,120,83.29003217322065,6.820733171504191,76.46929900171646,1,10.708014760375814,19.329301955099584,89.95279276967847,0.009890514846134124,0.0,120.0,0.0,1.462922560080833,18.024886501359713,1,161,3,1,WAIT,high
highest_income,33,132,08:00,120,83.62401717601757,8.220331709028649,75.40368546698892,1,4.010447950370983,35.171797950226974,79.81691553947859,1.0008385599234657,0.0,120.0,0.0,5.800620334703995,17.686041691092147,1,138,2,1,WAIT,high
highest_income,34,132,08:00,120,81.3823803860935,8.235148673103907,73.1472317129896,1,3.319836253775785,37.38598946472993,71.88960467779695,7.404569603697325,0.0,120.0,0.0,6.210909108635681,17.318087100232624,1,138,2,1,WAIT,high
highest_income,35,132,08:00,120,83.47014851890444,8.804300515579772,74.66584800332467,1,9.824566565575903,35.69565343448948,74.47977999993462,0.0,0.0,120.0,0.0,5.8870158831703945,19.26812844705753,0,138,3,1,WAIT,high
highest_income,36,132,08:00,120,89.46281789588024,8.913944023631128,80.5488738722491,2,7.106477885828948,8.253518800007585,104.64000331416348,0.0,0.0,120.00000000000001,-1.4210854715202004e-14,3.1402954808806487,22.328116015208288,0,142,3,1,WAIT,high
highest_income,37,132,08:00,120,79.26883204629847,8.019937132568828,71.24889491372964,1,4.200267447894533,37.04349080580259,69.00013143394006,9.756110312362821,0.0,120.0,0.0,6.154010038398844,16.76009605465495,1,138,2,1,WAIT,high
highest_income,38,132,08:00,120,82.41154680349494,8.151590652242728,74.25995615125221,1,38.63673866407792,43.55822201257482,37.80503932334727,0.0,0.0,120.0,0.0,7.279663046882188,16.01059595952561,0,93,9,1,WAIT,high
highest_income,39,132,08:00,120,45.32773661641674,8.931535594299989,36.396201022116756,1,4.995388612376874,57.21253272589051,55.86279458874026,1.9292840729923455,0.0,119.99999999999999,1.4210854715202004e-14,14.02903538538622,11.489637741185179,1,132,2,2,WAIT,high
highest_income,40,132,08:00,120,129.87512509556677,11.173004244663458,118.70212085090331,2,13.308524052395004,18.235999856438113,88.45547609116687,0.0,0.0,119.99999999999999,1.4210854715202004e-14,4.426965712609704,27.495903557857325,0,43,5,2,WAIT,high
highest_income,41,132,08:00,120,96.47272931040041,8.43595037085517,88.03677893954524,1,4.734279686755565,37.31456036852962,77.22664495895054,0.724514985764273,0.0,120.0,0.0,6.154010038398844,17.948705306901648,1,138,2,1,WAIT,high
highest_income,42,132,08:00,120,66.60124085006979,9.267717874334515,57.33352297573527,1,6.927764669495368,32.4390611058279,80.63317422467672,0.0,0.0,120.0,0.0,5.3499305823220356,21.12926334434801,0,138,2,1,WAIT,high
highest_income,43,132,08:00,120,58.92651199350556,9.923268595406235,49.00324339809932,1,8.37016657464641,51.14772103664846,60.48211238870512,0.0,0.0,120.0,0.0,10.249181488265936,18.10301449860902,0,93,3,2,WAIT,high
highest_income,44,132,08:00,120,73.5897161967582,10.40732715731913,63.18238903943907,1,21.290046273592665,56.13316816928424,42.5767855571231,0.0,0.0,120.00000000000001,-1.4210854715202004e-14,11.080887213444068,18.654333236039164,0,93,5,2,WAIT,high
highest_income,45,132,08:00,120,136.78704884791762,8.48540514201659,128.30164370590103,3,8.473630079453326,0.0,111.52636992054667,0.0,0.0,120.0,0.0,0.0,24.244014691475975,0,186,4,0,WAIT,high
highest_income,46,132,08:00,120,83.15199912370201,8.145024221163256,75.00697490253876,1,35.65544586593234,40.83728476026366,43.50726937380399,0.0,0.0,119.99999999999999,1.4210854715202004e-14,6.824926708865075,16.44657106588709,0,93,8,1,WAIT,high
highest_income,47,132,08:00,120,76.15188367871689,9.245576752694266,66.90630692602262,1,15.62966694849627,52.49967548612012,51.8706575653836,0.0,0.0,120.0,0.0,10.47853807995202,15.937395499174453,0,93,4,2,WAIT,high
highest_income,48,132,08:00,120,89.18073107778328,12.679777482619667,76.50095359516361,2,6.456979469089351,51.14772103664846,62.39529949426218,0.0,0.0,120.0,0.0,10.249181488265936,25.978754176361683,0,93,3,2,WAIT,high
highest_income,49,132,08:00,120,73.4819664608827,8.15010168959724,65.33186477128547,1,7.031393179361304,19.0326436150726,87.73713290751991,6.19883029804619,0.0,120.0,0.0,1.6471181994852233,21.638886627935463,1,230,2,2,WAIT,high
highest_income,50,132,08:00,120,58.26216451033295,3.1915415822468836,55.07062292808607,2,3.996821000395637,8.495519944444162,81.31256026366478,26.19509879149541,0.0,119.99999999999999,1.4210854715202004e-14,3.1402954808806487,5.978394754110447,1,132,3,1,WAIT,high
highest_income,51,132,08:00,120,88.1149428003915,7.907543989122451,80.20739881126906,1,9.348244098992236,41.315237472763656,69.3365184282441,0.0,0.0,120.0,0.0,6.863672418971716,15.72931040709243,0,138,3,1,WAIT,high
highest_income,52,132,08:00,120,66.82512601755384,10.344719326212978,56.48040669134086,1,26.736103092942873,52.427292549046015,39.98582820748231,0.8507761505288016,0.0,119.99999999999999,1.4210854715202004e-14,10.516175643494385,19.040165288542692,1,93,7,2,WAIT,high
highest_income,53,132,08:00,120,60.891426059568275,8.431676928649972,52.459749130918304,1,25.716368337750936,57.21253272589051,32.132326600919065,4.938772335439495,0.0,120.0,0.0,14.02903538538622,10.061470125042273,1,132,6,2,WAIT,high
highest_income,54,132,08:00,120,74.78988826574013,9.15595967201188,65.63392859372826,1,7.7660590973884025,33.32388389611289,78.9100570064987,0.0,0.0,120.0,0.0,5.495857756053667,20.664027021123136,0,138,2,1,WAIT,high
highest_income,55,132,08:00,120,58.72027289156105,9.76435536506142,48.95591752649963,1,5.525900101654336,51.14772103664846,63.3263788616972,0.0,0.0,120.0,0.0,10.249181488265936,17.648976697623834,0,93,2,2,WAIT,high
highest_income,56,132,08:00,120,73.03730028705081,8.2111063284868,64.826193958564,1,9.31397740411841,36.816934994171646,65.15605711818752,8.71303048352243,0.0,120.0,0.0,6.116372474856479,17.343931320820094,1,138,3,1,WAIT,high
highest_income,57,132,08:00,120,116.44769805427805,8.15831430294468,108.28938375133338,2,7.821225014493288,37.65956529670131,74.51920968880539,0.0,0.0,119.99999999999999,1.4210854715202004e-14,6.210909108635681,17.098560328349123,0,138,4,1,WAIT,high
highest_income,58,132,08:00,120,76.24083258648024,8.908607465887634,67.3322251205926,1,13.624745790927236,42.15399692506749,48.95666125303054,15.26459603097473,0.0,120.0,0.0,6.988158704348737,18.465005483901646,1,93,4,1,WAIT,high
highest_income,59,132,08:00,120,55.37867317373292,8.878338537694162,46.50033463603876,1,4.928347633341839,56.50928892485943,29.792498567295304,28.769864874503426,0.0,120.0,0.0,14.02903538538622,11.337646150882817,1,132,2,2,WAIT,high
highest_income,60,132,08:00,120,49.905825779462496,8.886693546400707,41.01913223306179,1,1.48276638951575,56.50928892485943,25.69848107575295,36.30946360987187,0.0,120.0,0.0,14.02903538538622,11.361517604330087,1,132,2,2,WAIT,high
highest_income,61,132,08:00,120,73.50696082170273,7.3181442236413545,66.18881659806138,1,7.093285870295965,21.70198994249608,91.20472418720796,0.0,0.0,120.0,0.0,2.6985797370704905,18.210403759047665,0,145,2,2,WAIT,high
highest_income,62,132,08:00,120,135.76572059549017,8.959418695561315,126.80630189992885,2,5.470444509763621,26.07933533881795,81.13408063044886,7.316139520969557,0.0,119.99999999999999,1.4210854715202004e-14,4.301068802225837,21.29727032794935,1,207,3,1,WAIT,high
highest_income,63,132,08:00,120,88.45241196199538,9.292159829127705,79.16025213286767,1,11.002817493081507,52.60658149426864,56.39060101264984,0.0,0.0,119.99999999999999,1.4210854715202004e-14,10.47853807995202,16.07049000327,0,93,3,2,WAIT,high
highest_income,64,132,08:00,120,87.21487299256269,8.119257287751852,79.09561570481084,1,5.797104982474445,32.26656284316143,81.82167582885364,0.11465634551048254,0.0,120.0,0.0,5.321481740112142,17.876396224893153,1,138,2,1,WAIT,high
highest_income,65,132,08:00,120,85.27345182376571,6.86687572476354,78.40657609900217,2,14.426402473529695,21.3824756951634,84.19112183130692,0.0,0.0,120.00000000000001,-1.4210854715202004e-14,3.2942182210822684,16.325426706813563,0,226,5,2,WAIT,high
highest_income,66,132,08:00,120,72.50492348482817,8.618790084040763,63.88613340078741,1,3.6344241639699977,43.575469610492426,72.79010622553758,0.0,0.0,120.0,0.0,7.239163253180994,17.38595127264976,0,93,2,1,WAIT,high
highest_income,67,132,08:00,120,78.50451799444554,8.878849107307076,69.62566888713846,1,7.897649299542541,40.4427195556478,65.2745697321259,6.385061412683768,0.0,120.0,0.0,6.718721608348526,18.64941869824312,1,138,2,1,WAIT,high
highest_income,68,132,08:00,120,86.9574214674399,7.300894605995735,79.65652686144416,1,1.883316429967959,35.171797950226974,82.94488561980506,0.0,0.0,120.0,0.0,5.800620334703995,15.059078539569535,0,138,2,1,WAIT,high
highest_income,69,132,08:00,120,71.60561687069186,10.0466137398919,61.559003130799965,1,9.98354842595037,51.11614980078293,49.19239860374899,9.707903169517706,0.0,119.99999999999999,1.4210854715202004e-14,10.249181488265936,18.45542919713949,1,93,3,2,WAIT,high
highest_income,70,132,08:00,120,129.0911562221101,10.276079700502011,118.81507652160809,2,17.74112490807759,39.988745020748375,62.27013007117403,0.0,0.0,120.0,0.0,6.683114598541168,22.677113117178862,0,7,5,1,WAIT,high
highest_income,71,132,08:00,120,83.0737377101839,8.184382376827392,74.88935533335652,1,1.3702419668704142,35.69565343448948,81.13120501174375,1.8028995868963449,0.0,119.99999999999999,1.4210854715202004e-14,5.8870158831703945,17.49693376490787,1,138,2,1,WAIT,high
highest_income,72,132,08:00,120,89.63699817272229,12.430482395228548,77.20651577749373,1,6.046486222827173,93.24697381148103,19.840288362859077,0.866251602832719,0.0,119.99999999999999,1.4210854715202004e-14,20.183045423785064,15.33261856258222,1,132,2,3,WAIT,high
highest_income,73,132,08:00,120,80.13797938406492,9.024576893351995,71.11340249071293,2,10.765947803918642,0.0,95.1718951260446,14.062157070036747,0.0,119.99999999999999,1.4210854715202004e-14,0.0,25.78450540957713,1,230,3,0,WAIT,high
highest_income,74,132,08:00,120,78.3753165897426,10.490825060980207,67.8844915287624,1,9.221077392312036,49.10292337258858,61.675999235099376,0.0,0.0,120.0,0.0,9.909480637255754,20.064305251259125,0,93,3,2,WAIT,high
highest_income,75,132,08:00,120,118.18535697265898,9.9007284865718,108.28462848608717,2,13.358031048325895,31.353975398715065,75.28799355295904,0.0,0.0,120.0,0.0,6.927039828089043,21.36075584783039,0,145,4,2,WAIT,high
highest_income,76,132,08:00,120,71.87045922714276,8.890779034984632,62.97968019215813,1,14.434983080050255,32.203409338196515,73.36160758175322,0.0,0.0,119.99999999999999,1.4210854715202004e-14,5.3499305823220356,20.05229523191977,0,138,4,1,WAIT,high
highest_income,77,132,08:00,120,85.00404890092182,8.623985454028745,76.38006344689308,1,3.6341793400408204,41.315237472763656,72.30114796026407,2.7494352269314533,0.0,120.00000000000001,-1.4210854715202004e-14,6.863672418971716,17.776286021110412,1,138,2,1,WAIT,high
highest_income,78,132,08:00,120,94.32716406656718,9.8260212371625,84.50114282940467,1,6.371648039768819,51.22305580893145,54.61088600866397,7.794410142635741,0.0,119.99999999999997,2.842170943040401e-14,10.249181488265936,17.825164903626924,1,93,2,2,WAIT,high
highest_income,79,132,08:00,120,85.36745195968582,9.627432463316744,75.74001949636909,1,11.1690010132144,51.22305580893145,57.60794317785415,0.0,0.0,120.0,0.0,10.249181488265936,17.257768406924765,0,93,4,2,WAIT,high
highest_income,80,132,08:00,120,77.9608124761219,8.453066158120265,69.50774631800164,1,10.768225311940538,43.81925435023871,62.81182753912129,2.6006927986994697,0.0,120.0,0.0,7.279663046882188,16.871954547747144,1,93,3,1,WAIT,high
highest_income,81,132,08:00,120,84.87663284107438,9.020165755349046,75.85646708572534,1,1.4129077837814272,40.73866332517301,77.84842889104557,0.0,0.0,120.0,0.0,6.718721608348526,19.053180549791605,0,138,2,1,WAIT,high
highest_income,82,132,08:00,120,85.53924427192048,9.552829225107928,75.98641504681255,1,13.622772019726595,52.49967548612012,45.93999836204326,7.937554132110023,0.0,120.0,0.0,10.47853807995202,16.81525970607063,1,93,4,2,WAIT,high
highest_income,83,132,08:00,120,92.0218124314709,9.216622945823158,82.80518948564774,1,3.7332025532537423,57.114446996340504,59.15235045040576,0.0,0.0,120.0,0.0,11.225838024067258,15.107370392570335,0,93,2,2,WAIT,high
highest_income,84,132,08:00,120,87.20865365175099,6.871863176558349,80.33679047519264,1,1.8330051935818568,0.0,113.26641002161287,4.900584784805275,0.0,120.0,0.0,0.0,19.63389479016671,1,230,2,0,WAIT,high
highest_income,85,132,08:00,120,73.56480167647867,9.407610232448427,64.15719144403025,1,1.0330400331758356,52.528311699055664,61.2116021672996,5.227046100468897,0.0,120.0,0.0,10.47853807995202,16.40034829847206,1,93,2,2,WAIT,high
highest_income,86,132,08:00,120,156.5180362820375,11.294392769584016,145.2236435124535,2,8.059429749125986,43.55822201257482,65.23436687938568,3.147981358913526,0.0,120.0,0.0,7.279663046882188,24.990030580500715,1,132,4,1,WAIT,high
highest_income,87,132,08:00,120,137.4657030242614,9.471473241802407,127.99422978245897,2,11.083369842968095,54.82738652335501,54.089243633676894,0.0,0.0,120.0,0.0,10.929478742981772,16.13187337645368,0,199,4,2,WAIT,high
highest_income,88,132,08:00,120,75.42681904714124,6.922934450023741,68.50388459711749,1,2.6627329872902648,18.083408708849362,99.25385830386037,0.0,0.0,120.0,0.0,1.6200262309961397,18.159786483357408,0,161,2,1,WAIT,high
highest_income,89,132,08:00,120,77.90696088904434,9.013539152392028,68.89342173665231,1,5.605632118781242,33.63589275272784,76.84770703189943,3.9107680965914966,0.0,120.00000000000001,-1.4210854715202004e-14,5.547315032160212,20.205653974674153,1,138,2,1,WAIT,high
highest_income,90,132,08:00,120,78.76533105163412,9.348347978240874,69.41698307339325,2,9.711163914843087,52.528311699055664,57.76052438610125,0.0,0.0,120.0,0.0,10.47853807995202,16.23102757216477,0,93,4,2,WAIT,high
highest_income,91,132,08:00,120,87.17786418511847,8.847152840580831,78.33071134453763,1,19.55122270084494,42.15399692506749,58.29478037408757,0.0,0.0,120.0,0.0,6.988158704348737,18.289420840167924,0,93,5,1,WAIT,high
highest_income,92,132,08:00,120,78.2739831776668,7.7348632697642365,70.53911990790257,1,23.42320994566702,5.764747419260081,90.81204263507291,0.0,0.0,120.00000000000001,-1.4210854715202004e-14,0.9442673102196014,21.155342031963933,0,202,6,1,WAIT,high
highest_income,93,132,08:00,120,82.14440690213492,8.01741731382002,74.1269895883149,1,1.0515184717481962,43.89433760149426,75.05414392675755,0.0,0.0,120.0,0.0,7.239163253180994,15.667743357733352,0,93,2,1,WAIT,high
highest_income,94,132,08:00,120,78.0864087315387,8.789603630602226,69.29680510093647,1,6.061886504708699,43.81925435023871,70.1188591450526,0.0,0.0,120.0,0.0,7.279663046882188,17.833490183409886,0,93,2,1,WAIT,high
highest_income,95,132,08:00,120,149.10814644540113,10.57786450777732,138.5302819376238,2,6.31534868682669,57.02661417764767,56.65803713552564,0.0,0.0,120.0,0.0,11.225838024067258,18.99663199815366,0,93,3,2,WAIT,high
highest_income,96,132,08:00,120,175.24918213685802,12.876605744659308,162.3725763921987,2,15.867426410612143,27.04756538135947,77.08500820802838,0.0,0.0,120.0,0.0,4.460751707301817,32.329550420296215,0,207,5,1,WAIT,high
highest_income,97,132,08:00,120,139.48032971737726,11.7503511394736,127.72997857790367,2,5.4680362604377795,39.152299331461855,72.04150139322057,3.3381630148797967,0.0,120.0,0.0,6.490546598814233,27.081885228253203,1,262,3,1,WAIT,high
highest_income,98,132,08:00,120,122.2405833012042,9.42276388627906,112.81781941492514,2,3.3154176540602642,43.575469610492426,72.19888549956097,0.9102272358863246,0.0,119.99999999999999,1.4210854715202004e-14,7.239163253180994,19.683019279044892,1,70,3,1,WAIT,high
highest_income,99,132,08:00,120,76.07495126998606,7.584977192145066,68.489974077841,1,3.377576313054959,33.25914700538475,80.19926713465865,3.1640095469016387,0.0,120.0,0.0,5.485181187136304,16.18618221899246,1,195,2,1,WAIT,high
highest_income,100,132,08:00,120,85.10807524799438,7.871895412419521,77.23617983557486,1,4.730296385046896,35.171797950226974,79.71700299584245,0.3809026688836781,0.0,120.0,0.0,5.800620334703995,16.690509415066067,1,138,2,1,WAIT,high
highest_income,101,132,08:00,120,78.21056417664553,11.188067982584236,67.02249619406129,1,2.064614531748233,80.60169302830911,6.791015949082592,30.54267649086006,0.0,120.0,0.0,16.491796489155753,15.4741120325135,1,132,2,2,WAIT,high
highest_income,102,132,08:00,120,94.62166638994546,8.414880978121808,86.20678541182366,2,20.37533589427623,33.25133426957525,66.37332983614851,0.0,0.0,120.0,0.0,5.483892691328659,18.558624389019364,0,199,6,1,WAIT,high
highest_income,103,132,08:00,120,75.93442738681003,8.503290666796087,67.43113672001394,1,6.017735830942698,41.315237472763656,62.21505458674086,10.451972109552784,0.0,120.0,0.0,6.863672418971716,17.43144377187425,1,138,2,1,WAIT,high
highest_income,104,132,08:00,120,80.8264535068852,9.923785872125364,70.90266763475984,1,20.00568411514325,51.11614980078293,48.87816608407381,0.0,0.0,119.99999999999999,1.4210854715202004e-14,10.249181488265936,18.10449243209225,0,93,5,2,WAIT,high
highest_income,105,132,08:00,120,78.28387484355446,9.510518609480707,68.77335623407374,1,25.98718200505408,39.152299331461855,44.94484781341921,9.915670850064856,0.0,120.0,0.0,6.490546598814233,20.68236371398779,1,93,6,1,WAIT,high
highest_income,106,132,08:00,120,86.21637827908951,5.813655463593965,80.40272281549555,1,8.47899685050637,8.430876627403084,103.09012652209054,0.0,0.0,120.0,0.0,1.126618214345614,15.483825967351427,0,68,3,1,WAIT,high
highest_income,107,132,08:00,120,91.87611462406468,10.36838447733639,81.50773014672829,3,12.178012218411347,29.312793571932676,72.77058425579584,5.738609953860163,0.0,120.00000000000003,-2.842170943040401e-14,8.321852223022558,21.302103426509987,1,138,5,2,WAIT,high
highest_income,108,132,08:00,120,80.0746089038159,8.791701715747088,71.2829071880688,1,28.212306819130028,42.15399692506749,49.63369625580248,0.0,0.0,120.0,0.0,6.988158704348737,18.13098905492866,0,93,7,1,WAIT,high
highest_income,109,132,08:00,120,75.00751505152154,10.971669440791903,64.03584561072964,2,8.218227362012883,52.72671293689303,40.14048446182612,18.91457523926796,0.0,119.99999999999999,1.4210854715202004e-14,10.516175643494385,20.831451330196774,1,93,4,2,WAIT,high
highest_income,110,132,08:00,120,76.98670886745502,7.5717771999326295,69.4149316675224,1,0.5759831543906431,23.00872960516973,86.18852683825111,10.226760402188518,0.0,120.0,0.0,3.794656872882214,17.838992269782445,1,195,2,1,WAIT,high
highest_income,111,132,08:00,120,75.82121348269114,6.363664261859981,69.45754922083115,1,18.114048850983227,5.764747419260081,96.1212037297567,0.0,0.0,120.0,0.0,0.9442673102196014,17.23763058080892,0,202,5,1,WAIT,high
highest_income,112,132,08:00,120,79.8079633013525,9.193122978517483,70.61484032283502,1,32.2014124328521,50.716362069215826,37.08222549793206,0.0,0.0,119.99999999999999,1.4210854715202004e-14,10.249181488265936,16.01688416464116,0,93,8,2,WAIT,high
highest_income,113,132,08:00,120,81.11869042137327,11.162601153857686,69.95608926751558,1,9.929180531245756,49.10292337258858,60.967896096165674,0.0,0.0,120.0,0.0,9.909480637255754,21.983665516623354,0,93,3,2,WAIT,high
highest_income,114,132,08:00,120,94.21489216048393,12.31147983093269,81.90341232955123,2,3.9942697384339,57.87537278486009,58.13035747670602,0.0,0.0,120.0,0.0,11.335566780540754,23.840089879266937,0,138,3,2,WAIT,high
highest_income,115,132,08:00,120,95.51861057257693,8.861937827197544,86.65667274537938,1,12.173853504022059,42.06457108435003,65.7615754116279,0.0,0.0,119.99999999999999,1.4210854715202004e-14,6.988158704348737,18.331663659072817,0,93,4,1,WAIT,high
highest_income,116,132,08:00,120,73.74231381032143,9.290330210126745,64.4519836001947,1,21.046629336328753,39.06924131705906,59.88412934661219,0.0,0.0,120.0,0.0,6.490546598814233,20.0532540015479,0,93,6,1,WAIT,high
highest_income,117,132,08:00,120,133.9383149921141,10.441956920342541,123.49635807177157,2,11.612424794524976,51.22305580893145,57.164519396543554,0.0,0.0,119.99999999999997,2.842170943040401e-14,10.249181488265936,19.58498114128419,0,93,4,2,WAIT,high
highest_income,118,132,08:00,120,165.37945765163562,12.020100124730357,153.35935752690526,2,10.15170732354717,55.80627201259041,54.04202066386242,0.0,0.0,120.0,0.0,11.080887213444068,23.262256000071243,0,164,4,2,WAIT,high
highest_income,119,132,08:00,120,61.62968024553736,8.59609062254363,53.03358962299373,1,7.826890125502961,57.21253272589051,49.37848754064084,5.582089607965685,0.0,120.0,0.0,14.02903538538622,10.531223536167007,1,132,3,2,WAIT,high
highest_income,120,132,08:00,120,77.0373279062301,8.005183083743336,69.03214482248677,1,2.2047762271750315,33.80456294305196,81.58735835781746,2.4033024719555414,0.0,120.0,0.0,5.57513253916503,17.29681912867308,1,138,2,1,WAIT,high
highest_income,121,132,08:00,120,62.09215018879558,7.893010723488992,54.19913946530659,1,5.592162434430026,27.04756538135947,86.68883906471945,0.6714331194910557,0.0,120.0,0.0,4.460751707301817,18.09070750266673,1,207,2,1,WAIT,high
highest_income,122,132,08:00,120,82.71174926007565,8.375066501979436,74.33668275809622,1,41.47231069098782,40.83728476026366,37.690404548748525,0.0,0.0,120.0,0.0,6.824926708865075,17.103834725361885,0,93,10,1,WAIT,high
highest_income,123,132,08:00,120,66.80514411264336,8.412735030665495,58.39240908197787,1,18.311466681437032,37.38598946472993,64.30254385383304,0.0,0.0,120.0,0.0,6.210909108635681,17.825476693265735,0,138,5,1,WAIT,high
highest_income,124,132,08:00,120,81.85783577320407,8.950556883422,72.90727888978208,1,27.230925239361106,42.15399692506749,50.61507783557141,0.0,0.0,120.0,0.0,6.988158704348737,18.584860962571266,0,93,7,1,WAIT,high
highest_income,125,132,08:00,120,78.49267392850602,8.660686889924282,69.83198703858174,1,11.122681078732954,44.29164126071658,64.58567766055047,0.0,0.0,120.0,0.0,7.35814036437716,17.38667932112079,0,93,3,1,WAIT,high
highest_income,126,132,08:00,120,78.8553956209962,7.80334403691468,71.05205158408152,1,10.351065799247468,27.53349240256558,82.11544179818695,0.0,0.0,120.0,0.0,4.54089199937273,17.754376677526356,0,138,3,1,WAIT,high
highest_income,127,132,08:00,120,67.68950516934933,7.503058845237028,60.1864463241123,1,37.22509127793629,43.55822201257482,39.21668670948889,0.0,0.0,120.0,0.0,7.279663046882188,14.157647939509323,0,93,9,1,WAIT,high
highest_income,128,132,08:00,120,78.5579676301689,10.566372491499585,67.99159513866931,1,10.179016669635256,57.114446996340504,52.70653633402424,0.0,0.0,120.0,0.0,11.225838024067258,18.96379766593156,0,93,3,2,WAIT,high
highest_income,129,132,08:00,120,82.12466643668998,10.586911170211753,71.53775526647823,1,4.354945363528364,49.10292337258858,66.54213126388306,0.0,0.0,120.0,0.0,9.909480637255754,20.338836991920687,0,93,2,2,WAIT,high
highest_income,130,132,08:00,120,80.57885182038017,9.609478358619576,70.9693734617606,1,2.8428833898262864,52.49967548612012,44.65104589442281,20.006395229630783,0.0,120.0,0.0,10.47853807995202,16.977114373246774,1,93,2,2,WAIT,high
highest_income,131,132,08:00,120,83.02935614798396,10.205450760173292,72.82390538781067,1,0.4917777435780463,49.78452281460173,69.72369944182023,0.0,0.0,120.0,0.0,10.022714290917222,19.135716452435048,0,93,2,2,WAIT,high
highest_income,132,132,08:00,120,79.84904992926097,8.689368046042897,71.15968188321807,1,6.295312150103738,37.04349080580259,70.44272291779748,6.2184741262961865,0.0,120.0,0.0,6.154010038398844,18.67275580743801,1,138,2,1,WAIT,high
highest_income,133,132,08:00,120,63.58322439338035,10.04349444142007,53.53972995196028,1,6.172995177267206,51.14772103664846,62.67928378608433,0.0,0.0,120.0,0.0,10.249181488265936,18.44651691579141,0,93,3,2,WAIT,high
highest_income,134,132,08:00,120,92.49713386062278,10.216158413348875,82.2809754472739,1,7.205177174545649,52.202086335759425,40.4130351661814,20.179701323513527,0.0,120.0,0.0,10.47853807995202,18.710485958187625,1,93,3,2,WAIT,high
highest_income,135,132,08:00,120,82.86360668033909,8.386217768620167,74.47738891171892,1,7.375587113658791,37.08634671139178,71.577628676616,3.9604374983334196,0.0,120.0,0.0,6.116372474856479,17.844249721201145,1,138,2,1,WAIT,high
highest_income,136,132,08:00,120,69.14964059122444,8.275749327964547,60.87389126325989,1,2.7075560993393433,44.29164126071658,64.08595396141321,8.914848678530873,0.0,120.00000000000001,-1.4210854715202004e-14,7.35814036437716,16.286857715521545,1,93,2,1,WAIT,high
highest_income,137,132,08:00,120,56.25218678939363,9.750619365684425,46.501567423709204,1,3.281552518040768,53.17684572812968,57.432908756623135,6.108692997206418,0.0,120.0,0.0,10.573074713731224,17.285837759652857,1,93,2,2,WAIT,high
highest_income,138,132,08:00,120,93.75302950590546,9.886496059048152,83.8665334468573,1,3.0021821549868166,52.75486751068661,64.24295033432658,0.0,0.0,120.0,0.0,10.516175643494385,17.730955953786047,0,93,2,2,WAIT,high
highest_income,139,132,08:00,120,86.48898485918262,9.373813104496708,77.11517175468592,1,18.195512839130615,41.16934827485739,53.028626324740834,7.606512561271174,0.0,120.00000000000001,-1.4210854715202004e-14,6.824926708865075,19.957396446839805,1,93,5,1,WAIT,high
highest_income,140,132,08:00,120,116.84343513960862,12.198354690229856,104.64508044937875,2,2.399313559377982,52.0887285202961,63.76862679195777,1.7433311283681547,0.0,120.00000000000001,-1.4210854715202004e-14,10.47853807995202,24.37390389213328,1,132,3,2,WAIT,high
highest_income,141,132,08:00,120,85.8714721074411,7.90690198867151,77.96457011876959,1,6.765482440534414,24.882546762131966,88.35197079733362,0.0,0.0,120.0,0.0,4.103691455634394,18.487457083427064,0,207,3,1,WAIT,high
highest_income,142,132,08:00,120,86.24180681145761,12.00944995365256,74.23235685780504,1,11.754632979779606,86.22270945203152,1.0,21.022657568188876,0.0,120.0,0.0,17.479908283556718,16.832805869736312,1,132,4,2,WAIT,high
highest_income,143,132,08:00,120,96.09633629007526,11.133668161255695,84.96266812881956,1,6.304865938203487,49.78452281460173,63.91061124719478,0.0,0.0,120.0,0.0,10.022714290917222,21.78776616981334,0,93,3,2,WAIT,high
highest_income,144,132,08:00,120,0.0,0.0,0.0,0,0.024655103205624772,0.0,0.0,119.97534489679437,0.0,120.0,0.0,0.0,0.0,1,132,1,0,WAIT,high
highest_income,145,132,08:00,120,89.12144527449898,11.259727242069687,77.8617180324293,1,28.54596363882374,48.797103128811656,42.65693323236461,0.0,0.0,120.0,0.0,9.909480637255754,22.261168625800497,0,93,7,2,WAIT,high
highest_income,146,132,08:00,120,75.5143127182614,8.416319884037192,67.0979928342242,1,26.897961514893986,43.668107498009746,49.43393098709626,0.0,0.0,120.0,0.0,7.239163253180994,16.807464986925268,0,93,7,1,WAIT,high
highest_income,147,132,08:00,120,87.81236409374404,7.32813016985042,80.48423392389361,1,7.107284468367666,27.04756538135947,85.84515015027286,0.0,0.0,120.0,0.0,4.460751707301817,16.476763063699384,0,207,2,1,WAIT,high
highest_income,148,132,08:00,120,90.75794220960353,10.34031920273246,80.41762300687107,1,10.826286597685762,51.52555396686268,26.595610479737196,31.052548955714343,0.0,119.99999999999997,2.842170943040401e-14,10.516175643494385,19.027593507169787,1,93,3,2,WAIT,high
highest_income,149,132,08:00,120,108.95011563474897,9.54126727303439,99.40884836171458,2,14.020804171801682,35.69565343448948,70.28354239370884,0.0,0.0,120.0,0.0,5.8870158831703945,21.37374775407072,0,138,5,1,WAIT,high
greedy_net_earnings,0,132,08:00,120,166.38013201728987,9.649317766841511,156.73081425044836,3,23.378620515574223,0.0,92.97976408487786,3.6416153995479164,0.0,120.0,0.0,0.0,27.569479333832888,1,230,7,0,WAIT,high
greedy_net_earnings,1,132,08:00,120,83.25499727001285,7.328904457787224,75.92609281222563,2,19.270360758604845,14.911237911033968,76.36774028962961,9.450661040731575,0.0,120.0,0.0,1.9098314449864104,19.029895577262803,1,186,6,2,WAIT,high
greedy_net_earnings,2,132,08:00,120,99.48657732598451,9.671956345473577,89.81462098051094,2,21.321478269328423,40.560427503989835,52.15915384014694,5.958940386534806,0.0,120.0,0.0,6.997438315663814,20.63672267140355,1,199,6,2,WAIT,high
greedy_net_earnings,3,132,08:00,120,107.52149435941315,10.38609692588767,97.13539743352548,4,32.40879688097895,23.941394052056328,46.94024501587496,16.70956405108977,0.0,120.00000000000001,-1.4210854715202004e-14,3.9689299578524526,25.705632687540895,1,199,8,1,WAIT,high
greedy_net_earnings,4,132,08:00,120,101.22682296342629,7.65953083415016,93.56729212927613,2,30.00527594793884,0.0,89.99472405206116,0.0,0.0,120.0,0.0,0.0,21.8843738118576,0,163,8,0,WAIT,high
greedy_net_earnings,5,132,08:00,120,94.61763578251943,7.6951614863948805,86.92247429612455,1,22.710716066527894,31.26713696900328,66.02214696446883,0.0,0.0,120.0,0.0,5.194388287755453,16.791787387658495,0,195,5,1,WAIT,high
greedy_net_earnings,6,132,08:00,120,75.99037129120421,8.025112946886157,67.96525834431806,1,26.364853177504603,33.07995788701999,53.558855943883486,6.996332991591913,0.0,119.99999999999999,1.4210854715202004e-14,5.483892691328659,17.44500144263179,1,199,6,1,WAIT,high
greedy_net_earnings,7,132,08:00,120,78.72627853754251,8.054834071331033,70.67144446621148,1,5.47031474995996,35.44782758019229,46.15375195988365,32.9281057099641,0.0,120.0,0.0,5.8764307758315235,17.13738085654286,1,70,3,1,WAIT,high
greedy_net_earnings,8,132,08:00,120,99.90249771605093,10.069970326911928,89.832527389139,2,25.463939571444214,31.76477641897683,33.21900022613066,29.552283783448274,0.0,119.99999999999997,2.842170943040401e-14,5.308684753545373,23.462659037631568,1,199,7,1,WAIT,high
greedy_net_earnings,9,132,08:00,120,91.20622573740393,8.33071189660692,82.87551384079701,2,7.187558806736083,19.97512252709047,92.83731866617345,0.0,0.0,120.0,0.0,5.18155674214191,18.620477248163574,0,170,3,1,WAIT,high
greedy_net_earnings,10,132,08:00,120,143.2610017198827,12.901536991130937,130.35946472875176,3,11.219249544804317,38.11196663017963,70.66878382501605,0.0,0.0,120.0,0.0,5.970953829863915,30.890580430510195,0,186,4,2,WAIT,high
greedy_net_earnings,11,132,08:00,120,84.46391604782545,7.744488185475918,76.71942786234953,1,15.686354591244664,31.26713696900328,73.04650843975206,0.0,0.0,120.0,0.0,5.194388287755453,16.932720813604313,0,195,5,1,WAIT,high
greedy_net_earnings,12,132,08:00,120,91.53832600697703,8.241650121075445,83.29667588590158,2,15.445630451270153,10.367495672962935,94.18687387576692,0.0,0.0,120.0,0.0,1.111820073635345,22.43575170086593,0,48,5,1,WAIT,high
greedy_net_earnings,13,132,08:00,120,86.7707564114015,6.1685329407237495,80.60222347067776,1,1.797602840379535,0.0,118.20239715962046,0.0,0.0,120.0,0.0,0.0,17.624379830639285,0,230,2,0,WAIT,high
greedy_net_earnings,14,132,08:00,120,85.15204870221844,6.982938890044649,78.16910981217379,3,45.967596214099004,5.833049760632471,66.75460142663898,1.444752598629563,0.0,120.00000000000001,-1.4210854715202004e-14,1.249516314823952,18.701737656732192,1,263,12,1,WAIT,high
greedy_net_earnings,15,132,08:00,120,87.69552683976805,7.470880748373019,80.22464609139503,2,4.255848484272932,7.255935836497811,108.48821567922923,0.0,0.0,119.99999999999997,2.842170943040401e-14,1.173438527333942,20.17193503944611,0,145,3,1,WAIT,high
greedy_net_earnings,16,132,08:00,120,73.42525367731517,7.040032656351889,66.38522102096329,1,10.872534405471209,35.1619126773766,37.732475283754766,36.23307763339743,0.0,120.0,0.0,5.8764307758315235,14.237948242316733,1,70,3,1,WAIT,high
greedy_net_earnings,17,132,08:00,120,83.17603212945374,9.221287641004631,73.95474448844911,1,6.321560801753297,31.95513390973077,65.06225918137032,16.661046107145623,0.0,120.00000000000001,-1.4210854715202004e-14,5.308684753545373,21.037851363610717,1,199,2,1,WAIT,high
greedy_net_earnings,18,132,08:00,120,100.16047001758288,9.257005730356703,90.90346428722617,2,8.911016903052927,32.023067913132024,57.266102999639806,21.799812184175238,0.0,120.0,0.0,5.308684753545373,21.13990304747378,1,199,4,1,WAIT,high
greedy_net_earnings,19,132,08:00,120,78.92841213096855,8.243410840923625,70.68500129004492,1,16.484510941461913,31.79901377309872,50.28652147469402,21.429953810745346,0.0,120.0,0.0,5.271541753992986,18.281060648645944,1,199,4,1,WAIT,high
greedy_net_earnings,20,132,08:00,120,154.84255692669876,11.583098076894586,143.25945884980416,3,19.136440644689777,31.54252945365764,69.3210299016526,0.0,0.0,120.00000000000001,-1.4210854715202004e-14,5.271541753992986,27.823024179991545,0,230,5,1,WAIT,high
greedy_net_earnings,21,132,08:00,120,98.0290164105092,7.097667266541811,90.9313491439674,1,8.63154831778949,10.656165903631408,94.68464217313927,6.027643605439835,0.0,120.0,0.0,1.7454830859471333,18.53356624702947,1,145,2,1,WAIT,high
greedy_net_earnings,22,132,08:00,120,86.96029750003765,10.263851811612767,76.69644568842489,2,7.6076064720099215,24.065426540851657,83.39280225555792,4.934164731580509,0.0,120.00000000000001,-1.4210854715202004e-14,3.9689299578524526,25.356360932469745,1,199,4,1,WAIT,high
greedy_net_earnings,23,132,08:00,120,88.70098507314667,8.092883866622534,80.60810120652414,1,10.262524657660418,34.59908164952886,70.54073064575074,4.5976630470599815,0.0,120.0,0.0,5.747922000839862,17.37460333236738,1,199,3,1,WAIT,high
greedy_net_earnings,24,132,08:00,120,92.44056995551718,8.357896081390685,84.0826738741265,1,10.323957645160824,27.81788099465722,69.95330425086128,11.904857109320687,0.0,120.00000000000001,-1.4210854715202004e-14,4.6213657288823615,19.258337360805314,1,199,3,1,WAIT,high
greedy_net_earnings,25,132,08:00,120,88.80654625011255,8.328725000195035,80.47782124991751,1,10.94118698041661,30.633933783155136,78.42487923642825,0.0,0.0,120.0,0.0,5.052224497764085,18.7441326456503,0,195,3,1,WAIT,high
greedy_net_earnings,26,132,08:00,120,93.21792382710863,8.631808568498379,84.58611525861025,3,11.670311438506316,27.754510109288155,66.76607039750706,13.809108054698456,0.0,119.99999999999999,1.4210854715202004e-14,4.577342788887638,20.08496740682202,1,195,4,1,WAIT,high
greedy_net_earnings,27,132,08:00,120,99.01703510502104,7.8601819654464755,91.15685313957457,1,18.153940269766245,35.296700760215394,55.24709094496792,11.302268025050438,0.0,120.0,0.0,5.851377440928088,16.606285317490414,1,199,5,1,WAIT,high
greedy_net_earnings,28,132,08:00,120,105.57269906728769,11.226662709622946,94.34603635766474,2,6.531761053646802,26.49098471067518,78.68841238110736,8.288841854570663,0.0,120.0,0.0,4.368959039754844,27.707220130596436,1,199,4,1,WAIT,high
greedy_net_earnings,29,132,08:00,120,117.68530027257698,9.397974003984116,108.28732626859286,4,19.492672673571988,31.95513390973077,57.65438876964515,10.897804647052098,0.0,120.00000000000001,-1.4210854715202004e-14,5.308684753545373,21.54266954355211,1,199,7,1,WAIT,high
greedy_net_earnings,30,132,08:00,120,85.19060026221815,7.5700247241149725,77.62057553810318,1,14.114200147145059,31.95513390973077,59.867767845228535,14.06289809789564,0.0,120.0,0.0,5.308684753545373,16.31995731535455,1,199,4,1,WAIT,high
greedy_net_earnings,31,132,08:00,120,74.51089778080716,7.48900700300328,67.02189077780388,1,1.363326091000525,26.49098471067518,85.26541645648396,6.8802727418403435,0.0,120.0,0.0,4.368959039754844,17.028203825968813,1,199,2,1,WAIT,high
greedy_net_earnings,32,132,08:00,120,97.46343852119074,7.410134608925169,90.05330391226556,2,13.909908707203837,8.177965723252129,97.91212556954403,0.0,0.0,120.0,0.0,0.8893747220987105,20.282438446258915,0,68,4,1,WAIT,high
greedy_net_earnings,33,132,08:00,120,83.62401717601757,8.238096696207082,75.3859204798105,1,4.526670611410101,35.4795613585596,79.81691553947859,0.17685249055172392,0.0,120.00000000000001,-1.4210854715202004e-14,5.851377440928088,17.686041691092147,1,199,2,1,WAIT,high
greedy_net_earnings,34,132,08:00,120,81.3823803860935,8.21130486978483,73.17107551630868,1,3.5279271767716684,36.975916449149445,71.88960467779695,7.60655169628194,0.0,120.0,0.0,6.142783956295462,17.318087100232624,1,199,2,1,WAIT,high
greedy_net_earnings,35,132,08:00,120,83.47014851890444,8.755617656764088,74.71453086214035,1,10.667956003800835,34.85226399626454,74.47977999993462,0.0,0.0,120.0,0.0,5.747922000839862,19.26812844705753,0,199,3,1,WAIT,high
greedy_net_earnings,36,132,08:00,120,89.46281789588024,8.913944023631128,80.5488738722491,2,7.106477885828948,8.253518800007585,104.64000331416348,0.0,0.0,120.00000000000001,-1.4210854715202004e-14,3.1402954808806487,22.328116015208288,0,142,3,1,WAIT,high
greedy_net_earnings,37,132,08:00,120,79.26883204629847,7.953852303218773,71.3149797430797,1,4.555890348111089,35.90694371668877,69.00013143394006,10.537034501260095,0.0,120.00000000000001,-1.4210854715202004e-14,5.965196240255829,16.76009605465495,1,199,2,1,WAIT,high
greedy_net_earnings,38,132,08:00,120,122.87558179570992,10.797703701285393,112.07787809442453,2,18.46972053756187,39.88540882802525,61.644870634412875,0.0,0.0,120.0,0.0,6.282778595866738,24.567803407805815,0,113,6,2,WAIT,high
greedy_net_earnings,39,132,08:00,120,86.16403775126692,7.080417683001921,79.08362006826499,2,41.704904104865456,0.0,78.29509589513455,0.0,0.0,120.0,0.0,0.0,20.22976480857692,0,239,10,0,WAIT,high
greedy_net_earnings,40,132,08:00,120,129.87512509556677,10.722669663558289,119.15245543200848,2,23.291005108825534,8.253518800007585,88.45547609116687,0.0,0.0,120.0,0.0,3.1402954808806487,27.495903557857325,0,239,7,1,WAIT,high
greedy_net_earnings,41,132,08:00,120,96.47272931040041,8.369865541505117,88.10286376889529,1,5.444854637782305,36.16969647892635,77.22664495895054,1.158803924340802,0.0,120.0,0.0,5.965196240255829,17.948705306901648,1,199,2,1,WAIT,high
greedy_net_earnings,42,132,08:00,120,81.1582105916307,8.184349219896566,72.97386137173415,2,21.310033793159054,6.06132495654234,91.0865975329538,1.5420437173448107,0.0,120.00000000000001,-1.4210854715202004e-14,0.7590455094643577,22.624809404525834,1,24,5,1,WAIT,high
greedy_net_earnings,43,132,08:00,120,58.92651199350556,8.347827774807108,50.57868421869845,1,1.9751589743705618,34.59908164952886,60.48211238870512,22.943646987395454,0.0,120.0,0.0,5.747922000839862,18.10301449860902,1,199,2,1,WAIT,high
greedy_net_earnings,44,132,08:00,120,91.41966221274042,8.91258584649215,82.50707636624827,2,20.98342113655083,30.411395263253077,57.8930150830721,10.712168517123999,0.0,120.00000000000001,-1.4210854715202004e-14,5.052224497764085,20.412306492213485,1,195,5,1,WAIT,high
greedy_net_earnings,45,132,08:00,120,136.78704884791762,8.48540514201659,128.30164370590103,3,8.473630079453326,0.0,111.52636992054667,0.0,0.0,120.0,0.0,0.0,24.244014691475975,0,186,4,0,WAIT,high
greedy_net_earnings,46,132,08:00,120,83.15199912370201,7.373777878169307,75.7782212455327,1,3.4753933045984393,27.652169217664103,43.50726937380399,45.36516810393347,0.0,120.00000000000001,-1.4210854715202004e-14,4.6213657288823615,16.44657106588709,1,199,2,1,WAIT,high
greedy_net_earnings,47,132,08:00,120,76.15188367871689,7.722448995305772,68.42943468341112,1,5.389827947798235,36.957770882104015,51.8706575653836,25.78174360471415,0.0,120.00000000000001,-1.4210854715202004e-14,6.126744487413468,15.937395499174453,1,199,2,1,WAIT,high
greedy_net_earnings,48,132,08:00,120,89.18073107778328,11.10433666202054,78.07639441576273,2,3.7140216428495725,34.59908164952886,62.39529949426218,19.291597213359367,0.0,119.99999999999999,1.4210854715202004e-14,5.747922000839862,25.978754176361683,1,199,3,1,WAIT,high
greedy_net_earnings,49,132,08:00,120,99.09035014705243,8.298505047117636,90.79184509993479,3,14.618018875458791,0.0,105.38198112454121,0.0,0.0,120.0,0.0,0.0,23.71001442033611,0,68,5,0,WAIT,high
greedy_net_earnings,50,132,08:00,120,58.26216451033295,3.1915415822468836,55.07062292808607,2,3.996821000395637,8.495519944444162,81.31256026366478,26.19509879149541,0.0,119.99999999999999,1.4210854715202004e-14,3.1402954808806487,5.978394754110447,1,132,3,1,WAIT,high
greedy_net_earnings,51,132,08:00,120,88.1149428003915,7.27353721669978,80.84140558369172,1,20.252086308502808,30.411395263253077,69.3365184282441,0.0,0.0,119.99999999999999,1.4210854715202004e-14,5.052224497764085,15.72931040709243,0,195,5,1,WAIT,high
greedy_net_earnings,52,132,08:00,120,87.91223906921455,9.259538468427975,78.65270060078657,3,27.229123063795562,27.81788099465722,62.18953463136019,2.763461310187026,0.0,120.0,0.0,4.6213657288823615,21.834458466626135,1,199,8,1,WAIT,high
greedy_net_earnings,53,132,08:00,120,109.30579368995805,8.707103242290327,100.59869044766772,2,26.148366684649993,32.32403447130765,61.52759884404237,0.0,0.0,120.00000000000001,-1.4210854715202004e-14,5.618475354578797,19.258962480536425,0,199,7,2,WAIT,high
greedy_net_earnings,54,132,08:00,120,74.78988826574013,9.090449121133977,65.69943914460616,1,8.900974097181273,32.18896889632003,78.9100570064987,0.0,0.0,120.0,0.0,5.308684753545373,20.664027021123136,0,199,3,1,WAIT,high
greedy_net_earnings,55,132,08:00,120,58.72027289156105,8.188914544462293,50.53135834709876,1,5.212903743635674,34.59908164952886,63.3263788616972,16.861635745138273,0.0,120.0,0.0,5.747922000839862,17.648976697623834,1,199,2,1,WAIT,high
greedy_net_earnings,56,132,08:00,120,73.03730028705081,7.888411863001441,65.14888842404937,1,9.687640670277634,31.26713696900328,65.15605711818752,13.889165242531575,0.0,120.00000000000001,-1.4210854715202004e-14,5.194388287755453,17.343931320820094,1,195,3,1,WAIT,high
greedy_net_earnings,57,132,08:00,120,116.44769805427805,8.134470499625603,108.31322755465244,2,8.234298781639078,37.246491529555534,74.51920968880539,0.0,0.0,120.0,0.0,6.142783956295462,17.098560328349123,0,199,4,1,WAIT,high
greedy_net_earnings,58,132,08:00,120,76.24083258648024,8.30779153326312,67.93304105321712,1,12.373608654539835,31.79901377309872,48.95666125303054,26.87071631933091,0.0,120.0,0.0,5.271541753992986,18.465005483901646,1,199,4,1,WAIT,high
greedy_net_earnings,59,132,08:00,120,117.48032781941397,10.451064427671078,107.02926339174289,2,6.613244096415434,37.759864439892404,64.61830736620995,11.008584097482228,0.0,120.00000000000001,-1.4210854715202004e-14,6.574243682402839,23.28594039665738,1,199,3,2,WAIT,high
greedy_net_earnings,60,132,08:00,120,98.72791811064988,9.984623131225788,88.74329497942409,2,9.047658314283854,41.87785998665164,67.27245659389048,1.8020251051740246,0.0,120.0,0.0,7.214712555079782,21.31278210556533,1,199,3,2,WAIT,high
greedy_net_earnings,61,132,08:00,120,81.59467308687515,7.241283062322245,74.35339002455291,2,4.3340361946185775,18.090190695605926,97.5757731097755,0.0,0.0,120.0,0.0,1.5032254509130585,19.1861547271505,0,186,3,2,WAIT,high
greedy_net_earnings,62,132,08:00,120,105.99968521776663,8.464036352545367,97.53564886522126,2,8.778148482596709,29.945907050508865,74.02269807365147,7.253246393242961,0.0,120.0,0.0,5.218446272676404,18.964514734596076,1,199,3,2,WAIT,high
greedy_net_earnings,63,132,08:00,120,88.45241196199538,7.769032071739213,80.68337989025616,1,8.050818838922446,36.957770882104015,56.39060101264984,18.600809266323694,0.0,120.0,0.0,6.126744487413468,16.07049000327,1,199,3,1,WAIT,high
greedy_net_earnings,64,132,08:00,120,87.21487299256269,8.101778292610149,79.11309469995254,1,6.21457016567276,31.9637540054736,81.82167582885364,0.0,0.0,120.0,0.0,5.271541753992986,17.876396224893153,0,199,3,1,WAIT,high
greedy_net_earnings,65,132,08:00,120,85.27345182376571,6.3248184274662425,78.94863339629947,2,25.152712265061684,10.656165903631408,84.19112183130692,0.0,0.0,120.0,0.0,1.7454830859471333,16.325426706813563,0,145,7,1,WAIT,high
greedy_net_earnings,66,132,08:00,120,72.50492348482817,8.133065049752247,64.37185843507592,1,6.854317231877232,35.22182204478431,72.79010622553758,5.133754497800879,0.0,120.0,0.0,5.851377440928088,17.38595127264976,1,199,3,1,WAIT,high
greedy_net_earnings,67,132,08:00,120,95.01881200689289,8.540077177623893,86.478734829269,2,15.627991318561266,28.188350758814774,76.18365792262396,0.0,0.0,120.0,0.0,4.648892867084566,19.751327640412274,0,195,5,1,WAIT,high
greedy_net_earnings,68,132,08:00,120,86.9574214674399,7.318659593174168,79.63876187426573,1,1.5755530216353402,35.4795613585596,82.94488561980506,0.0,0.0,120.0,0.0,5.851377440928088,15.059078539569535,0,199,2,1,WAIT,high
greedy_net_earnings,69,132,08:00,120,110.97658943428257,12.866592889819257,98.10999654446331,2,9.719776778573369,34.67263646976837,75.60758675165825,0.0,0.0,119.99999999999999,1.4210854715202004e-14,5.747922000839862,31.013771970072305,0,186,4,1,WAIT,high
greedy_net_earnings,70,132,08:00,120,97.97064361896807,9.018232290053934,88.95241132891414,2,7.140368161875005,33.00978178841174,59.8754557958402,19.974394253873058,0.0,120.00000000000001,-1.4210854715202004e-14,5.483892691328659,20.28248528025401,1,199,4,1,WAIT,high
greedy_net_earnings,71,132,08:00,120,83.0737377101839,8.135699518011705,74.9380381921722,1,1.6184241241468726,34.85226399626454,81.13120501174375,2.398106867844845,0.0,120.0,0.0,5.747922000839862,17.49693376490787,1,199,2,1,WAIT,high
greedy_net_earnings,72,132,08:00,120,138.02246566031818,11.511065948231765,126.51139971208642,3,28.939244205211544,42.90377165418927,48.15698414059919,0.0,0.0,120.00000000000001,-1.4210854715202004e-14,7.229375777275792,25.65938407481497,0,145,7,2,WAIT,high
greedy_net_earnings,73,132,08:00,120,80.13797938406492,9.024576893351995,71.11340249071293,2,10.765947803918642,0.0,95.1718951260446,14.062157070036747,0.0,119.99999999999999,1.4210854715202004e-14,0.0,25.78450540957713,1,230,3,0,WAIT,high
greedy_net_earnings,74,132,08:00,120,89.10308934495609,9.466103922811993,79.6369854221441,2,14.24043110068124,32.18896889632003,68.951568836205,4.6190311667937465,0.0,120.00000000000001,-1.4210854715202004e-14,5.308684753545373,21.737326454488894,1,199,5,1,WAIT,high
greedy_net_earnings,75,132,08:00,120,118.18535697265898,9.9007284865718,108.28462848608717,2,13.358031048325895,31.353975398715065,75.28799355295904,0.0,0.0,120.0,0.0,6.927039828089043,21.36075584783039,0,145,4,2,WAIT,high
greedy_net_earnings,76,132,08:00,120,79.51804800477198,7.228370503730627,72.28967750104135,2,29.38921580049684,0.0,83.45034481276821,7.16043938673495,0.0,120.0,0.0,0.0,20.65248715351608,1,239,8,0,WAIT,high
greedy_net_earnings,77,132,08:00,120,111.1468178861793,8.899586301994624,102.24723158418468,2,7.586671540862481,30.411395263253077,82.00193319588445,0.0,0.0,120.0,0.0,5.052224497764085,20.375164936506273,0,65,3,1,WAIT,high
greedy_net_earnings,78,132,08:00,120,94.32716406656718,8.250580416563375,86.0765836500038,1,2.7866809247693944,34.67263646976837,54.61088600866397,27.92979659679827,0.0,120.0,0.0,5.747922000839862,17.825164903626924,1,199,2,1,WAIT,high
greedy_net_earnings,79,132,08:00,120,85.36745195968582,8.051991642717619,77.3154603169682,1,8.12541668661234,34.67263646976837,57.60794317785415,19.59400366576513,0.0,119.99999999999999,1.4210854715202004e-14,5.747922000839862,17.257768406924765,1,199,3,1,WAIT,high
greedy_net_earnings,80,132,08:00,120,77.9608124761219,7.82454653367653,70.13626594244538,1,6.296176299193121,33.00978178841174,62.81182753912129,17.88221437327384,0.0,119.99999999999999,1.4210854715202004e-14,5.483892691328659,16.871954547747144,1,199,2,1,WAIT,high
greedy_net_earnings,81,132,08:00,120,95.62687433732613,8.4454340853802,87.18144025194593,2,12.82670330421316,24.32636984910596,79.60936828324333,3.2375585634375597,0.0,120.00000000000001,-1.4210854715202004e-14,4.011965376803933,20.117846295710926,1,195,5,1,WAIT,high
greedy_net_earnings,82,132,08:00,120,139.78510529743818,10.75390962091609,129.0311956765221,2,7.199135476094789,36.957770882104015,74.33431267340313,1.5087809683980566,0.0,119.99999999999999,1.4210854715202004e-14,6.126744487413468,24.598711572346794,1,141,3,1,WAIT,high
greedy_net_earnings,83,132,08:00,120,92.0218124314709,7.055858211617046,84.96595421985386,1,7.748571446057225,30.47604740444225,59.15235045040576,22.62303069909477,0.0,120.00000000000001,-1.4210854715202004e-14,5.052224497764085,15.107370392570335,1,195,3,1,WAIT,high
greedy_net_earnings,84,132,08:00,120,87.20865365175099,6.871863176558349,80.33679047519264,1,1.8330051935818568,0.0,113.26641002161287,4.900584784805275,0.0,120.0,0.0,0.0,19.63389479016671,1,230,2,0,WAIT,high
greedy_net_earnings,85,132,08:00,120,73.56480167647867,7.884482475059935,65.68031920141873,1,1.788495690029814,36.87936835866003,61.2116021672996,20.120533784010547,0.0,120.0,0.0,6.126744487413468,16.40034829847206,1,199,2,1,WAIT,high
greedy_net_earnings,86,132,08:00,120,138.6221158881694,11.725136283236903,126.89697960493248,2,6.9977579781485995,41.95999974859609,67.64642396426503,3.395818308990286,0.0,120.0,0.0,6.1442078214911175,27.35618155918575,1,186,3,2,WAIT,high
greedy_net_earnings,87,132,08:00,120,137.4657030242614,9.471473241802407,127.99422978245897,2,11.083369842968095,54.82738652335501,54.089243633676894,0.0,0.0,120.0,0.0,10.929478742981772,16.13187337645368,0,199,4,2,WAIT,high
greedy_net_earnings,88,132,08:00,120,85.8238260703726,6.7637890816051245,79.06003698876748,2,12.012267214426128,0.0,105.64570680348008,2.342025982093787,0.0,120.0,0.0,0.0,19.32511166172893,1,48,4,0,WAIT,high
greedy_net_earnings,89,132,08:00,120,107.57771249345595,8.67779665629314,98.89991583716281,2,8.913406945624482,10.656165903631408,91.24596738401581,9.18445976672831,0.0,120.00000000000001,-1.4210854715202004e-14,1.7454830859471333,23.048221646318982,1,145,4,1,WAIT,high
greedy_net_earnings,90,132,08:00,120,78.76533105163412,7.825220220852382,70.94011083078173,2,7.464518657584323,36.87936835866003,57.76052438610125,17.895588597654395,0.0,120.0,0.0,6.126744487413468,16.23102757216477,1,199,3,1,WAIT,high
greedy_net_earnings,91,132,08:00,120,87.17786418511847,8.24633690795632,78.93152727716215,1,4.143603849799691,31.79901377309872,58.29478037408757,25.762602003014024,0.0,120.0,0.0,5.271541753992986,18.289420840167924,1,199,2,1,WAIT,high
greedy_net_earnings,92,132,08:00,120,78.2739831776668,7.404369711187376,70.86961346647944,1,29.187957364927094,0.0,90.81204263507291,0.0,0.0,120.0,0.0,0.0,21.155342031963933,0,237,7,0,WAIT,high
greedy_net_earnings,93,132,08:00,120,82.14440690213492,7.531692279531503,74.61271462260342,1,2.965920737324832,35.4795613585596,75.05414392675755,6.500373977358009,0.0,119.99999999999999,1.4210854715202004e-14,5.851377440928088,15.667743357733352,1,199,2,1,WAIT,high
greedy_net_earnings,94,132,08:00,120,78.0864087315387,8.161084006158491,69.92532472538021,1,9.725507609780205,33.00978178841174,70.1188591450526,7.145851456755452,0.0,120.0,0.0,5.483892691328659,17.833490183409886,1,199,3,1,WAIT,high
greedy_net_earnings,95,132,08:00,120,149.10814644540113,8.417099773571211,140.69104667182992,2,8.007076126355157,30.411395263253077,56.65803713552564,24.92349147486614,0.0,120.00000000000001,-1.4210854715202004e-14,5.052224497764085,18.99663199815366,1,195,3,1,WAIT,high
greedy_net_earnings,96,132,08:00,120,177.179155306,11.514294288713318,165.66486101728668,3,32.960374627972826,0.0,87.03962537202717,0.0,0.0,120.0,0.0,0.0,32.89798368203806,0,142,9,0,WAIT,high
greedy_net_earnings,97,132,08:00,120,132.07018450249183,10.964129682710158,121.10605481978166,2,5.36714074236157,26.354450967600794,84.55944842621949,3.7189598638181565,0.0,120.00000000000001,-1.4210854715202004e-14,4.368959039754844,26.957125767988465,1,48,3,1,WAIT,high
greedy_net_earnings,98,132,08:00,120,93.11984216955591,7.6921177775786305,85.42772439197728,1,1.0113404553603897,35.22182204478431,65.95659641020703,17.810241089648272,0.0,120.0,0.0,5.851377440928088,16.126101923582286,1,199,2,1,WAIT,high
greedy_net_earnings,99,132,08:00,120,76.07495126998606,7.326906048586516,68.74804522139954,1,3.264164837409223,28.788282268127766,80.19926713465865,7.748285759804361,0.0,120.0,0.0,4.747835062683302,16.18618221899246,1,207,2,1,WAIT,high
greedy_net_earnings,100,132,08:00,120,85.10807524799438,7.889660399597954,77.21841484839642,1,4.803435645597946,35.4795613585596,79.71700299584245,0.0,0.0,120.0,0.0,5.851377440928088,16.690509415066067,0,199,2,1,WAIT,high
greedy_net_earnings,101,132,08:00,120,165.36519990206693,13.683523156820119,151.68167674524682,4,20.563711557987073,48.55944038762867,43.15744197295243,7.719406081431828,0.0,120.0,0.0,9.027370660638113,30.068409787419373,1,163,7,2,WAIT,high
greedy_net_earnings,102,132,08:00,120,99.08385159998177,9.420906667379032,89.66294493260274,2,8.933478580139852,28.76372437053811,73.54475250593322,8.75804454338882,0.0,120.0,0.0,3.9175659746878977,22.999310217823627,1,195,3,2,WAIT,high
greedy_net_earnings,103,132,08:00,120,75.93442738681003,7.8692838943734165,68.06514349243662,1,7.294306966490117,30.411395263253077,62.21505458674086,20.079243183515956,0.0,120.00000000000001,-1.4210854715202004e-14,5.052224497764085,17.43144377187425,1,195,2,1,WAIT,high
greedy_net_earnings,104,132,08:00,120,131.02791905396953,11.554474059063393,119.47344499490613,2,5.963548340481804,34.67263646976837,79.36381518974983,0.0,0.0,120.0,0.0,5.747922000839862,27.26486102505555,0,162,3,1,WAIT,high
greedy_net_earnings,105,132,08:00,120,146.21490601224374,13.867318178674822,132.34758783356892,3,7.24757834017991,23.941394052056328,88.81102760776376,0.0,0.0,120.0,0.0,3.9689299578524526,35.65197912407561,0,186,4,1,WAIT,high
greedy_net_earnings,106,132,08:00,120,86.21637827908951,5.4193390885729995,80.79703919051651,1,0.7657114987761084,0.0,103.09012652209054,16.144161979133344,0.0,120.0,0.0,0.0,15.483825967351427,1,48,2,0,WAIT,high
greedy_net_earnings,107,132,08:00,120,91.87611462406468,10.36838447733639,81.50773014672829,3,12.178012218411347,29.312793571932676,72.77058425579584,5.738609953860163,0.0,120.00000000000003,-2.842170943040401e-14,8.321852223022558,21.302103426509987,1,138,5,2,WAIT,high
greedy_net_earnings,108,132,08:00,120,80.0746089038159,8.190885783122575,71.88372312069333,1,8.596276104930393,31.79901377309872,49.63369625580248,29.97101386616842,0.0,120.00000000000001,-1.4210854715202004e-14,5.271541753992986,18.13098905492866,1,199,3,1,WAIT,high
greedy_net_earnings,109,132,08:00,120,75.00751505152154,9.37882664965841,65.62868840186313,2,19.52045018772074,35.98327894480795,40.14048446182612,24.35578640564519,0.0,120.0,0.0,5.965196240255829,20.831451330196774,1,199,6,1,WAIT,high
greedy_net_earnings,110,132,08:00,120,88.11069759021309,7.464569957332635,80.64612763288045,2,15.692429588846117,8.899425744060883,95.40814466709301,0.0,0.0,120.00000000000001,-1.4210854715202004e-14,1.4577285349515015,19.8696142002846,0,145,5,1,WAIT,high
greedy_net_earnings,111,132,08:00,120,90.27375915645003,6.438537940207392,83.83522121624263,2,5.318381867990599,0.0,114.6816181320094,0.0,0.0,120.0,0.0,0.0,18.395822686306836,0,75,3,0,WAIT,high
greedy_net_earnings,112,132,08:00,120,142.25754172431664,11.71769942646057,130.53984229785607,2,8.444933605159235,34.39297409936807,77.16209229547269,0.0,0.0,120.0,0.0,5.747922000839862,27.731219217618907,0,181,4,1,WAIT,high
greedy_net_earnings,113,132,08:00,120,104.796034781796,10.09708233631647,94.69895244547952,2,18.050291531982154,26.49098471067518,75.45872375734267,0.0,0.0,120.0,0.0,4.368959039754844,24.47984763543508,0,199,5,1,WAIT,high
greedy_net_earnings,114,132,08:00,120,94.21489216048393,12.245395001582636,81.96949715890129,2,5.139133628037172,56.73050889525682,58.13035747670602,0.0,0.0,120.0,0.0,11.14675298239774,23.840089879266937,0,199,3,2,WAIT,high
greedy_net_earnings,115,132,08:00,120,95.51861057257693,8.26112189457303,87.25748867800391,1,12.77395394671866,31.731555080019145,65.7615754116279,9.732915561634286,0.0,120.0,0.0,5.271541753992986,18.331663659072817,1,199,4,1,WAIT,high
greedy_net_earnings,116,132,08:00,120,73.74231381032143,8.54777456445596,65.19453924586547,1,14.807746303689148,26.298542415474312,59.88412934661219,19.009581934224343,0.0,120.0,0.0,4.368959039754844,20.0532540015479,1,199,4,1,WAIT,high
greedy_net_earnings,117,132,08:00,120,144.53351485063598,8.861524522291106,135.67199032834486,2,4.065185907795613,23.50395413334978,75.17607337676478,17.254786582089835,0.0,120.0,0.0,4.163845783623038,21.154795708637266,1,195,3,2,WAIT,high
greedy_net_earnings,118,132,08:00,120,107.25442593096335,8.857946098257282,98.39647983270606,3,29.592441685293025,36.256415628973635,54.15114268573333,0.0,0.0,120.0,0.0,5.802746515595712,19.505670907996524,0,195,9,2,WAIT,high
greedy_net_earnings,119,132,08:00,120,108.96241197468561,8.02564588325376,100.93676609143185,2,28.479564325857627,5.880480509657207,84.36092691811422,1.2790282463709417,0.0,119.99999999999999,1.4210854715202004e-14,1.249516314823952,21.680900494472507,1,170,7,1,WAIT,high
greedy_net_earnings,120,132,08:00,120,77.0373279062301,7.973249137000607,69.0640787692295,1,2.275222060540716,33.25133426957525,81.58735835781746,2.8860853120665553,0.0,119.99999999999999,1.4210854715202004e-14,5.483892691328659,17.29681912867308,1,199,2,1,WAIT,high
greedy_net_earnings,121,132,08:00,120,70.32387432061971,6.8630745648324325,63.46079975578728,2,8.105127942618608,0.0,108.56518195567273,3.329690101708664,0.0,120.0,0.0,0.0,19.608784470949807,1,142,3,0,WAIT,high
greedy_net_earnings,122,132,08:00,120,133.8958972260941,10.80677346872559,123.0891237573685,2,23.98675917576002,27.652169217664103,68.36107160657586,0.0,0.0,119.99999999999999,1.4210854715202004e-14,4.6213657288823615,26.255129896047897,0,162,7,1,WAIT,high
greedy_net_earnings,123,132,08:00,120,66.80514411264336,8.388891227346418,58.41625288529694,1,18.504682494516498,36.975916449149445,64.30254385383304,0.21685720250103202,0.0,120.00000000000001,-1.4210854715202004e-14,6.142783956295462,17.825476693265735,1,199,5,1,WAIT,high
greedy_net_earnings,124,132,08:00,120,132.23223749995338,11.531344379305667,120.70089312064772,2,6.715640128876737,31.79901377309872,81.48534609802454,0.0,0.0,120.0,0.0,5.271541753992986,27.675156472594637,0,162,3,1,WAIT,high
greedy_net_earnings,125,132,08:00,120,78.49267392850602,7.943377426133157,70.54929650237287,1,15.690687278012694,31.95513390973077,64.58567766055047,7.768501151706076,0.0,120.00000000000001,-1.4210854715202004e-14,5.308684753545373,17.38667932112079,1,199,4,1,WAIT,high
greedy_net_earnings,126,132,08:00,120,78.8553956209962,7.74316750104842,71.11222811994779,1,11.393573491137875,26.49098471067518,82.11544179818695,0.0,0.0,120.0,0.0,4.368959039754844,17.754376677526356,0,199,4,1,WAIT,high
greedy_net_earnings,127,132,08:00,120,124.25986406239029,10.398759510534035,113.86110455185626,2,18.501523539356683,32.81314173522569,68.68533472541765,0.0,0.0,120.00000000000003,-2.842170943040401e-14,5.483892691328659,24.226848767340016,0,239,6,1,WAIT,high
greedy_net_earnings,128,132,08:00,120,78.5579676301689,8.405607757293474,70.15235987287542,1,21.58011888502645,30.47604740444225,52.70653633402424,15.237297376507058,0.0,120.0,0.0,5.052224497764085,18.96379766593156,1,195,5,1,WAIT,high
greedy_net_earnings,129,132,08:00,120,97.3921666417446,8.114788951247998,89.27737769049659,2,22.258569241189647,8.899425744060883,88.84200501474947,0.0,0.0,120.0,0.0,1.4577285349515015,21.727382754328495,0,145,7,1,WAIT,high
greedy_net_earnings,130,132,08:00,120,80.57885182038017,8.115795175820903,72.46305664455926,1,6.342331596719278,37.465244231658154,44.65104589442281,31.541378277199755,0.0,120.0,0.0,6.210871843384377,16.977114373246774,1,70,3,1,WAIT,high
greedy_net_earnings,131,132,08:00,120,83.02935614798396,8.561155337004877,74.46820081097908,1,6.4204768975502,32.05170093216711,69.72369944182023,11.80412272846246,0.0,120.0,0.0,5.3247273675788875,19.135716452435048,1,199,3,1,WAIT,high
greedy_net_earnings,132,132,08:00,120,79.84904992926097,8.623283216692844,71.22576671256813,1,6.6642362420487,35.90694371668877,70.44272291779748,6.9860971234650435,0.0,120.0,0.0,5.965196240255829,18.67275580743801,1,199,2,1,WAIT,high
greedy_net_earnings,133,132,08:00,120,63.58322439338035,8.468053620820944,55.1151707725594,1,8.957825743484973,34.59908164952886,62.67928378608433,13.763808820901843,0.0,120.00000000000001,-1.4210854715202004e-14,5.747922000839862,18.44651691579141,1,199,3,1,WAIT,high
greedy_net_earnings,134,132,08:00,120,141.45688030866242,12.748210670712798,128.7086696379496,3,8.051275346467477,37.163057260137045,71.34318411719909,3.4424832761963984,0.0,120.00000000000001,-1.4210854715202004e-14,6.210871843384377,30.212587215795047,1,170,4,1,WAIT,high
greedy_net_earnings,135,132,08:00,120,82.86360668033909,8.063523303134808,74.80008337720429,1,15.672881116253368,31.49593746705424,71.577628676616,1.253552740076401,0.0,120.00000000000001,-1.4210854715202004e-14,5.194388287755453,17.844249721201145,1,195,4,1,WAIT,high
greedy_net_earnings,136,132,08:00,120,69.14964059122444,7.558439864173422,61.59120072705102,1,0.9314747287236483,31.95513390973077,64.08595396141321,23.027437400132385,0.0,120.00000000000001,-1.4210854715202004e-14,5.308684753545373,16.286857715521545,1,199,2,1,WAIT,high
greedy_net_earnings,137,132,08:00,120,56.25218678939363,8.200017600581912,48.05216918881172,1,7.306154890653228,37.05452422594416,57.432908756623135,18.206412126779483,0.0,120.0,0.0,6.142783956295462,17.285837759652857,1,199,3,1,WAIT,high
greedy_net_earnings,138,132,08:00,120,93.75302950590546,8.293653267914657,85.4593762379908,1,11.667211796144283,35.90694371668877,64.24295033432658,8.182894152840376,0.0,120.00000000000001,-1.4210854715202004e-14,5.965196240255829,17.730955953786047,1,199,4,1,WAIT,high
greedy_net_earnings,139,132,08:00,120,86.48898485918262,8.602566761502757,77.88641809767987,1,7.974902218056508,27.87701953644663,53.028626324740834,31.119451920756035,0.0,120.0,0.0,4.6213657288823615,19.957396446839805,1,199,3,1,WAIT,high
greedy_net_earnings,140,132,08:00,120,82.63907268611091,7.819303134813209,74.8197695512977,1,5.791160810232814,37.163057260137045,34.271597574876075,42.77418435475407,0.0,120.00000000000001,-1.4210854715202004e-14,6.210871843384377,16.129994256081936,1,70,3,1,WAIT,high
greedy_net_earnings,141,132,08:00,120,85.8714721074411,7.90690198867151,77.96457011876959,1,6.765482440534414,24.882546762131966,88.35197079733362,0.0,0.0,120.0,0.0,4.103691455634394,18.487457083427064,0,207,3,1,WAIT,high
greedy_net_earnings,142,132,08:00,120,130.25342029671972,11.50075830623138,118.75266199048835,2,30.593618151888165,57.42013963376955,29.131946254752563,2.85429595958972,0.0,120.0,0.0,9.800059560447387,23.059249885927983,1,195,8,2,WAIT,high
greedy_net_earnings,143,132,08:00,120,96.09633629007526,9.48937273808728,86.60696355198797,1,2.1948860349918258,32.05170093216711,63.91061124719478,21.842801785646287,0.0,120.0,0.0,5.3247273675788875,21.78776616981334,1,199,2,1,WAIT,high
greedy_net_earnings,144,132,08:00,120,0.0,0.0,0.0,0,0.024655103205624772,0.0,0.0,119.97534489679437,0.0,120.0,0.0,0.0,0.0,1,132,1,0,WAIT,high
greedy_net_earnings,145,132,08:00,120,108.18376851124849,10.383772381624778,97.79999612962371,3,21.24317766361439,32.05170093216711,53.16886544765901,13.5362559565595,0.0,120.0,0.0,5.3247273675788875,24.343193722777624,1,199,7,1,WAIT,high
greedy_net_earnings,146,132,08:00,120,116.19505837059472,12.024074962751097,104.17098340784362,2,5.7483386757649635,35.44782758019229,78.80383374404275,0.0,0.0,120.0,0.0,5.8764307758315235,28.47806911774304,0,233,3,1,WAIT,high
greedy_net_earnings,147,132,08:00,120,87.81236409374404,5.766867072294784,82.04549702144925,1,34.15484984972714,0.0,85.84515015027286,0.0,0.0,120.0,0.0,0.0,16.476763063699384,0,230,8,0,WAIT,high
greedy_net_earnings,148,132,08:00,120,161.9098961946691,13.85763202675589,148.05226416791322,3,8.169737571214519,35.44782758019229,76.38243484859319,0.0,0.0,120.0,0.0,5.8764307758315235,33.71680358632817,0,161,4,1,WAIT,high
greedy_net_earnings,149,132,08:00,120,104.70029671421068,9.935835356737398,94.76446135747328,2,7.757693377372319,40.68531375689701,71.55699286573068,0.0,0.0,120.0,0.0,6.997438315663814,21.390662703585896,0,199,4,2,WAIT,high
finite_horizon_value_iteration,0,132,08:00,120,166.38013201728987,9.649317766841511,156.73081425044836,3,23.378620515574223,0.0,92.97976408487786,3.6416153995479164,0.0,120.0,0.0,0.0,27.569479333832888,1,230,7,0,WAIT,high
finite_horizon_value_iteration,1,132,08:00,120,105.45837494776212,7.808621178625302,97.64975376913682,2,13.316593888409889,0.0,93.03979419925592,13.64361191233418,0.0,119.99999999999999,1.4210854715202004e-14,0.0,22.31034622464372,1,161,4,0,WAIT,high
finite_horizon_value_iteration,2,132,08:00,120,112.55392174572906,8.59932015531261,103.95460159041644,4,38.7661631935639,0.0,67.0403989454486,14.193437860987473,0.0,119.99999999999997,2.842170943040401e-14,0.0,24.56948615803603,1,186,10,0,WAIT,high
finite_horizon_value_iteration,3,132,08:00,120,133.72952543321935,11.17288641187054,122.55663902134881,6,32.07605758396779,14.987664138762327,72.93627827726988,0.0,0.0,120.0,0.0,2.4650545668752764,29.45747803846913,0,75,9,2,WAIT,high
finite_horizon_value_iteration,4,132,08:00,120,101.22682296342629,7.65953083415016,93.56729212927613,2,30.00527594793884,0.0,89.99472405206116,0.0,0.0,120.0,0.0,0.0,21.8843738118576,0,163,8,0,WAIT,high
finite_horizon_value_iteration,5,132,08:00,120,113.59367871245263,7.112811926418006,106.48086678603462,2,21.921703862384234,8.904151745316087,89.17414439229968,0.0,0.0,120.0,0.0,0.6603151301624585,19.662004659603276,0,237,6,1,WAIT,high
finite_horizon_value_iteration,6,132,08:00,120,96.70915577270455,7.7621758213306675,88.94697995137388,3,32.736475294893474,14.83816659610198,72.42535810900453,0.0,0.0,119.99999999999999,1.4210854715202004e-14,2.4650545668752764,19.712590636926635,0,263,8,2,WAIT,high
finite_horizon_value_iteration,7,132,08:00,120,122.06903113413611,6.858778452320131,115.21025268181597,4,59.692848128495015,0.0,60.30715187150499,0.0,0.0,120.0,0.0,0.0,19.596509863771804,0,234,16,0,WAIT,high
finite_horizon_value_iteration,8,132,08:00,120,99.90249771605093,10.069970326911928,89.832527389139,2,25.463939571444214,31.76477641897683,33.21900022613066,29.552283783448274,0.0,119.99999999999997,2.842170943040401e-14,5.308684753545373,23.462659037631568,1,199,7,1,WAIT,high
finite_horizon_value_iteration,9,132,08:00,120,91.20622573740393,8.33071189660692,82.87551384079701,2,7.187558806736083,19.97512252709047,92.83731866617345,0.0,0.0,120.0,0.0,5.18155674214191,18.620477248163574,0,170,3,1,WAIT,high
finite_horizon_value_iteration,10,132,08:00,120,143.2610017198827,12.656742764576112,130.6042589553066,3,17.788686721326304,31.54252945365764,70.66878382501605,0.0,0.0,120.0,0.0,5.271541753992986,30.890580430510195,0,90,6,1,WAIT,high
finite_horizon_value_iteration,11,132,08:00,120,105.57105297143875,6.664045543719529,98.90700742771922,2,21.154889907861836,8.904151745316087,89.2835187756697,0.6574395711523664,0.0,120.0,0.0,0.6603151301624585,18.379814994750483,1,137,6,1,WAIT,high
finite_horizon_value_iteration,12,132,08:00,120,91.53832600697703,7.852513095303074,83.68581291167396,2,25.813126124233087,0.0,94.18687387576692,0.0,0.0,120.0,0.0,0.0,22.43575170086593,0,246,7,0,WAIT,high
finite_horizon_value_iteration,13,132,08:00,120,86.7707564114015,6.1685329407237495,80.60222347067776,1,1.797602840379535,0.0,118.20239715962046,0.0,0.0,120.0,0.0,0.0,17.624379830639285,0,230,2,0,WAIT,high
finite_horizon_value_iteration,14,132,08:00,120,90.54973002015271,7.047766698807235,83.50196332134547,2,42.872214436823384,0.0,77.12778556317662,0.0,0.0,120.0,0.0,0.0,20.13647628230639,0,164,10,0,WAIT,high
finite_horizon_value_iteration,15,132,08:00,120,87.69552683976805,7.060177263806139,80.63534957596191,2,11.511784320770744,0.0,108.48821567922923,0.0,0.0,119.99999999999997,2.842170943040401e-14,0.0,20.17193503944611,0,233,5,0,WAIT,high
finite_horizon_value_iteration,16,132,08:00,120,87.06346018332891,7.2070467345260525,79.85641344880287,2,6.374385168948937,30.497153298601685,40.635002968617954,42.49345856383141,0.0,119.99999999999999,1.4210854715202004e-14,5.096833379444188,15.494728719201678,1,70,3,1,WAIT,high
finite_horizon_value_iteration,17,132,08:00,120,108.45354811535246,9.459005791530247,98.99454232382222,3,17.041025082460827,20.89934954703351,82.05962537050566,0.0,0.0,120.0,0.0,3.252689387129431,23.773041445814133,0,233,6,3,WAIT,high
finite_horizon_value_iteration,18,132,08:00,120,117.05482658012278,9.383114336624486,107.67171224349829,4,19.80994001067608,23.368186947491125,65.83302818403948,10.988844857793296,0.0,119.99999999999999,1.4210854715202004e-14,3.871695953241133,22.937202151400257,1,8,8,3,WAIT,high
finite_horizon_value_iteration,19,132,08:00,120,87.6419026947581,7.642713356064864,79.99918933869324,2,41.28617536579172,13.426087363367305,61.30615402683267,3.9815832440082914,0.0,119.99999999999999,1.4210854715202004e-14,2.214263697456449,19.622060177014593,1,237,10,2,WAIT,high
finite_horizon_value_iteration,20,132,08:00,120,146.14078023547373,10.882447984440038,135.2583322510337,3,21.946591049469795,32.75375375449933,65.29965519603088,0.0,0.0,120.0,0.0,5.473967481603665,25.61874104536787,0,229,6,1,WAIT,high
finite_horizon_value_iteration,21,132,08:00,120,98.0290164105092,6.486748186460314,91.54226822404888,1,14.571742138977532,0.0,94.68464217313927,10.743615687883207,0.0,120.0,0.0,0.0,18.53356624702947,1,161,3,0,WAIT,high
finite_horizon_value_iteration,22,132,08:00,120,107.1230287059639,9.51361322289847,97.60941548306543,3,23.81958591160769,0.0,94.8301592519999,1.3502548363924234,0.0,120.00000000000001,-1.4210854715202004e-14,0.0,27.181752065424206,1,163,8,0,WAIT,high
finite_horizon_value_iteration,23,132,08:00,120,100.90759821888255,6.624414888220821,94.28318333066173,2,33.63467182439807,9.42835414672862,76.9369740288733,0.0,0.0,119.99999999999999,1.4210854715202004e-14,0.7789661452253094,18.14793353540561,0,68,8,1,WAIT,high
finite_horizon_value_iteration,24,132,08:00,120,99.86303672322727,7.052783239198273,92.81025348402899,2,29.174167746571015,0.0,81.99852709241756,8.827305161011438,0.0,120.00000000000001,-1.4210854715202004e-14,0.0,20.150809254852213,1,229,8,0,WAIT,high
finite_horizon_value_iteration,25,132,08:00,120,112.74444446680113,7.292671396773841,105.45177307002729,2,17.44978221338834,8.683929606310135,91.8525512401127,2.0137369401888208,0.0,120.0,0.0,0.8738289522399111,19.96237503854249,1,161,5,1,WAIT,high
finite_horizon_value_iteration,26,132,08:00,120,106.28908839347874,7.9881349334009615,98.30095346007778,4,16.069837515039524,8.883581071493037,79.70368508972888,15.342896323738543,0.0,119.99999999999999,1.4210854715202004e-14,0.8429103207506001,21.980332346109293,1,113,6,1,WAIT,high
finite_horizon_value_iteration,27,132,08:00,120,124.64806642801773,7.03715209262242,117.61091433539531,3,29.386728854827094,9.42835414672862,81.1849169984443,0.0,0.0,120.0,0.0,0.7789661452253094,19.32718269083875,0,68,8,1,WAIT,high
finite_horizon_value_iteration,28,132,08:00,120,137.7690335140155,10.422860737562457,127.34617277645303,4,18.654231706290858,0.0,101.34576829370914,0.0,0.0,120.0,0.0,0.0,29.779602107321313,0,163,8,0,WAIT,high
finite_horizon_value_iteration,29,132,08:00,120,144.5567889346128,9.377834041699137,135.17895489291365,6,32.372495075103984,14.756623306147352,72.87088161874864,0.0,0.0,119.99999999999997,2.842170943040401e-14,2.444299961608333,24.349511586103496,0,74,10,2,WAIT,high
finite_horizon_value_iteration,30,132,08:00,120,108.00678664334731,7.455334577512042,100.55145206583526,2,15.210560973163005,14.713236180878914,78.31603882593687,11.760164020021193,0.0,119.99999999999999,1.4210854715202004e-14,2.444299961608333,18.856655974140363,1,162,5,2,WAIT,high
finite_horizon_value_iteration,31,132,08:00,120,103.86256049475364,6.9985201354831075,96.86404035927053,3,5.473265787012891,0.0,108.04262712959473,6.484107083392374,0.0,120.0,0.0,0.0,19.99577181566602,1,238,4,0,WAIT,high
finite_horizon_value_iteration,32,132,08:00,120,97.46343852119074,7.0988534561906205,90.36458506500011,2,15.693063825576555,0.0,97.91212556954403,6.39481060487941,0.0,120.0,0.0,0.0,20.282438446258915,1,246,4,0,WAIT,high
finite_horizon_value_iteration,33,132,08:00,120,102.97183300281904,7.264892636101344,95.7069403667177,3,14.86686862145089,7.05284258942362,98.0802887891255,0.0,0.0,120.00000000000001,-1.4210854715202004e-14,0.8099048503132977,19.9469312528334,0,249,6,1,WAIT,high
finite_horizon_value_iteration,34,132,08:00,120,118.68996472114624,7.1721474760435635,111.51781724510268,3,20.222323941826687,7.9108873495541365,91.8667887086192,0.0,0.0,120.00000000000003,-2.842170943040401e-14,0.6461705751342853,19.845679356418753,0,48,7,1,WAIT,high
finite_horizon_value_iteration,35,132,08:00,120,103.91565823273544,7.718848296759131,96.1968099359763,2,28.42616907753703,10.166252714481294,81.40757820798169,0.0,0.0,120.0,0.0,1.111820073635345,20.94203220281932,0,48,8,1,WAIT,high
finite_horizon_value_iteration,36,132,08:00,120,89.46281789588024,8.913944023631128,80.5488738722491,2,7.106477885828948,8.253518800007585,104.64000331416348,0.0,0.0,120.00000000000001,-1.4210854715202004e-14,3.1402954808806487,22.328116015208288,0,142,3,1,WAIT,high
finite_horizon_value_iteration,37,132,08:00,120,100.96036000034579,7.705567055610032,93.25479294473575,3,19.594250613488096,14.987664138762327,85.41808524774959,0.0,0.0,120.00000000000001,-1.4210854715202004e-14,2.4650545668752764,19.550851306296245,0,237,7,2,WAIT,high
finite_horizon_value_iteration,38,132,08:00,120,122.87558179570992,10.518093634697065,112.35748816101285,2,25.54198763036142,32.81314173522569,61.644870634412875,0.0,0.0,119.99999999999999,1.4210854715202004e-14,5.483892691328659,24.567803407805815,0,234,7,1,WAIT,high
finite_horizon_value_iteration,39,132,08:00,120,45.32773661641674,4.458703919603195,40.86903269681355,1,42.636000677898615,5.9109453452193845,55.86279458874026,15.590259388141746,0.0,120.0,0.0,1.249516314823952,11.489637741185179,1,199,10,1,WAIT,high
finite_horizon_value_iteration,40,132,08:00,120,129.87512509556677,10.722669663558289,119.15245543200848,2,23.291005108825534,8.253518800007585,88.45547609116687,0.0,0.0,120.0,0.0,3.1402954808806487,27.495903557857325,0,239,7,1,WAIT,high
finite_horizon_value_iteration,41,132,08:00,120,129.43088378592012,7.409132922000642,122.02175086391948,3,8.430441117076,0.0,103.49866409129646,8.070894791627538,0.0,120.0,0.0,0.0,21.168951205716123,1,151,5,0,WAIT,high
finite_horizon_value_iteration,42,132,08:00,120,81.1582105916307,7.918683291584041,73.23952730004666,2,28.913402467046197,0.0,91.0865975329538,0.0,0.0,120.0,0.0,0.0,22.624809404525834,0,166,7,0,WAIT,high
finite_horizon_value_iteration,43,132,08:00,120,91.00634912398499,7.6006669532491,83.40568217073589,3,42.53978334766015,0.0,77.46021665233982,0.0,0.0,119.99999999999997,2.842170943040401e-14,0.0,21.71619129499743,0,237,11,0,WAIT,high
finite_horizon_value_iteration,44,132,08:00,120,125.76763490163961,7.9751989272446755,117.79243597439493,4,40.20344919366248,8.620845679342043,66.31877071555002,4.856934411445465,0.0,120.0,0.0,0.8738289522399111,21.91245369703059,1,161,10,1,WAIT,high
finite_horizon_value_iteration,45,132,08:00,120,136.78704884791762,8.48540514201659,128.30164370590103,3,8.473630079453326,0.0,111.52636992054667,0.0,0.0,120.0,0.0,0.0,24.244014691475975,0,186,4,0,WAIT,high
finite_horizon_value_iteration,46,132,08:00,120,83.15199912370201,7.373777878169307,75.7782212455327,1,3.4753933045984393,27.652169217664103,43.50726937380399,45.36516810393347,0.0,120.00000000000001,-1.4210854715202004e-14,4.6213657288823615,16.44657106588709,1,199,2,1,WAIT,high
finite_horizon_value_iteration,47,132,08:00,120,96.1938823364006,7.221492533810036,88.97238980259057,2,24.58303557550827,22.390086336619667,71.70443903850868,1.3224390493633678,0.0,119.99999999999999,1.4210854715202004e-14,2.8745788276189073,17.75825698326691,1,262,7,3,WAIT,high
finite_horizon_value_iteration,48,132,08:00,120,123.93920364077407,10.657200444381887,113.28200319639218,5,20.980760439499946,8.620845679342043,90.39839388115803,0.0,0.0,120.00000000000001,-1.4210854715202004e-14,0.8738289522399111,29.57531517456549,0,163,7,1,WAIT,high
finite_horizon_value_iteration,49,132,08:00,120,99.09035014705243,8.298505047117636,90.79184509993479,3,14.618018875458791,0.0,105.38198112454121,0.0,0.0,120.0,0.0,0.0,23.71001442033611,0,68,5,0,WAIT,high
finite_horizon_value_iteration,50,132,08:00,120,58.26216451033295,3.1915415822468836,55.07062292808607,2,3.996821000395637,8.495519944444162,81.31256026366478,26.19509879149541,0.0,119.99999999999999,1.4210854715202004e-14,3.1402954808806487,5.978394754110447,1,132,3,1,WAIT,high
finite_horizon_value_iteration,51,132,08:00,120,98.54789058507748,6.47994339903164,92.06794718604584,2,18.342909172907667,8.620845679342043,79.52663491091255,13.509610236837744,0.0,120.0,0.0,0.8738289522399111,17.640295044993348,1,107,5,1,WAIT,high
finite_horizon_value_iteration,52,132,08:00,120,96.05528680175793,7.927344942989857,88.12794185876807,4,56.59565552851452,0.0,63.40434447148549,0.0,0.0,120.0,0.0,0.0,22.649556979971017,0,162,14,0,WAIT,high
finite_horizon_value_iteration,53,132,08:00,120,124.27169025836236,7.372760180187589,116.89893007817477,2,37.26205991160084,0.0,82.73794008839917,0.0,0.0,120.00000000000001,-1.4210854715202004e-14,0.0,21.065029086250256,0,100,9,0,WAIT,high
finite_horizon_value_iteration,54,132,08:00,120,74.78988826574013,7.553616605923677,67.23627165981645,1,21.70464017646882,8.927614981596776,78.9100570064987,10.457687835435692,0.0,119.99999999999999,1.4210854715202004e-14,0.917734710087371,20.664027021123136,1,142,5,1,WAIT,high
finite_horizon_value_iteration,55,132,08:00,120,70.05921709037344,6.472961435752068,63.58625565462137,2,39.96212616813101,9.42835414672862,70.60951968514038,0.0,0.0,120.00000000000001,-1.4210854715202004e-14,0.7789661452253094,17.715209385494887,0,246,9,1,WAIT,high
finite_horizon_value_iteration,56,132,08:00,120,103.25104765522786,7.694416673039143,95.55663098218872,3,12.770320598334589,8.904151745316087,98.32552765634935,0.0,0.0,120.00000000000003,-2.842170943040401e-14,0.6603151301624585,21.323732507092238,0,237,5,1,WAIT,high
finite_horizon_value_iteration,57,132,08:00,120,134.98810344579613,6.4873017557394705,128.50080169005665,3,28.448138742415352,7.968776083255511,83.58308517432914,0.0,0.0,120.0,0.0,0.6461705751342853,17.88897729840706,0,246,8,1,WAIT,high
finite_horizon_value_iteration,58,132,08:00,120,88.66145276309949,7.301705429938523,81.35974733316097,2,30.49604583111462,8.819046787483876,55.71163559301702,24.97327178838448,0.0,120.0,0.0,0.8429103207506001,20.01910519335947,1,186,8,1,WAIT,high
finite_horizon_value_iteration,59,132,08:00,120,55.37867317373292,3.9681761528089856,51.410497020923934,1,28.767644224783872,0.0,29.792498567295304,61.439857207920824,0.0,120.0,0.0,0.0,11.337646150882817,1,138,7,0,WAIT,high
finite_horizon_value_iteration,60,132,08:00,120,137.5320183943467,8.280741819224824,129.25127657512186,3,46.23276975858812,13.426087363367305,60.34114287804456,0.0,0.0,119.99999999999997,2.842170943040401e-14,2.214263697456449,21.444998643185908,0,263,12,2,WAIT,high
finite_horizon_value_iteration,61,132,08:00,120,81.59467308687515,6.946264450059536,74.64840863681562,2,13.393469488847742,9.03075740137676,97.5757731097755,0.0,0.0,120.0,0.0,0.6603151301624585,19.1861547271505,0,234,4,1,WAIT,high
finite_horizon_value_iteration,62,132,08:00,120,146.35125374824023,7.847019752581435,138.50423399565878,3,13.65727527629285,7.101161514300252,87.72722100516448,11.514342204242396,0.0,119.99999999999999,1.4210854715202004e-14,0.8099048503132977,21.610151585633663,1,107,5,1,WAIT,high
finite_horizon_value_iteration,63,132,08:00,120,112.65096580093943,6.839419407848473,105.81154639309096,4,26.527585261971012,19.08933395878369,74.3830807792453,0.0,0.0,120.0,0.0,1.7721352037978035,17.769063104340695,0,50,9,2,WAIT,high
finite_horizon_value_iteration,64,132,08:00,120,97.68786498779762,7.582405045543984,90.10545994225365,2,14.623114976986766,13.467005092317272,91.90987993069595,0.0,0.0,119.99999999999999,1.4210854715202004e-14,2.214263697456449,19.44975071838351,0,237,5,2,WAIT,high
finite_horizon_value_iteration,65,132,08:00,120,85.27345182376571,5.7138993473847455,79.55955247638097,2,35.808878168693084,0.0,84.19112183130692,0.0,0.0,120.0,0.0,0.0,16.325426706813563,0,161,9,0,WAIT,high
finite_horizon_value_iteration,66,132,08:00,120,113.01986165911345,7.4947650131803085,105.52509664593313,4,22.787058102286792,0.0,97.21294189771322,0.0,0.0,120.00000000000001,-1.4210854715202004e-14,0.0,21.413614323372315,0,141,8,0,WAIT,high
finite_horizon_value_iteration,67,132,08:00,120,114.01516523467387,7.554007307728888,106.46115792694499,3,21.38687172545862,6.441918148333696,92.1712101262077,0.0,0.0,120.00000000000001,-1.4210854715202004e-14,0.6994120758709287,20.883465946211608,0,161,6,1,WAIT,high
finite_horizon_value_iteration,68,132,08:00,120,86.9574214674399,5.270677488849337,81.68674397859056,1,29.79428078919856,0.0,82.94488561980506,7.26083359099637,0.0,119.99999999999999,1.4210854715202004e-14,0.0,15.059078539569535,1,170,7,0,WAIT,high
finite_horizon_value_iteration,69,132,08:00,120,87.5573953350936,6.9201654666540025,80.6372298684396,3,48.37819636395855,0.0,71.62180363604145,0.0,0.0,120.0,0.0,0.0,19.77190133329715,0,90,11,0,WAIT,high
finite_horizon_value_iteration,70,132,08:00,120,148.23800130197415,12.021801230960524,136.21620007101362,2,12.193731395797398,23.748287680779267,82.26536888701554,1.792612036407803,0.0,120.0,0.0,3.9689299578524526,30.379073559177613,1,181,4,1,WAIT,high
finite_horizon_value_iteration,71,132,08:00,120,92.31364111182579,6.556664915685517,85.75697619614027,2,23.94374550409313,9.42835414672862,86.62790034917825,0.0,0.0,120.0,0.0,0.7789661452253094,17.954362185304742,0,50,7,1,WAIT,high
finite_horizon_value_iteration,72,132,08:00,120,158.98375699828847,11.146922563282336,147.83683443500612,5,40.53414826536007,33.64882428994177,45.81702744469816,0.0,0.0,120.0,0.0,5.746591211690139,26.101758969116542,0,140,12,1,WAIT,high
finite_horizon_value_iteration,73,132,08:00,120,80.13797938406492,9.024576893351995,71.11340249071293,2,10.765947803918642,0.0,95.1718951260446,14.062157070036747,0.0,119.99999999999999,1.4210854715202004e-14,0.0,25.78450540957713,1,230,3,0,WAIT,high
finite_horizon_value_iteration,74,132,08:00,120,105.1531779941989,8.805286626951537,96.34789136724736,3,32.57832583830421,8.927614981596776,78.49405918009903,0.0,0.0,120.00000000000001,-1.4210854715202004e-14,0.917734710087371,24.240227081202736,0,246,9,1,WAIT,high
finite_horizon_value_iteration,75,132,08:00,120,118.18535697265898,9.289809406490305,108.89554756616867,2,21.940858125299282,20.560812416330474,75.28799355295904,2.210335905411199,0.0,120.0,0.0,5.18155674214191,21.36075584783039,1,161,6,1,WAIT,high
finite_horizon_value_iteration,76,132,08:00,120,79.51804800477198,7.228370503730627,72.28967750104135,2,29.38921580049684,0.0,83.45034481276821,7.16043938673495,0.0,120.0,0.0,0.0,20.65248715351608,1,239,8,0,WAIT,high
finite_horizon_value_iteration,77,132,08:00,120,103.33035664005988,7.48377688534624,95.84657975471363,3,10.333026645052776,15.062763827675738,89.16129429759978,5.442915229671698,0.0,119.99999999999999,1.4210854715202004e-14,1.5732410281108398,19.80897864430699,1,48,5,2,WAIT,high
finite_horizon_value_iteration,78,132,08:00,120,130.84498636449757,7.451259639789909,123.39372672470766,4,21.258074385035655,8.620845679342043,90.1210799356223,0.0,0.0,120.0,0.0,0.8738289522399111,20.41548430430269,0,164,7,1,WAIT,high
finite_horizon_value_iteration,79,132,08:00,120,85.36745195968582,6.312857093252526,79.05459486643329,1,40.95817309523029,9.42835414672862,57.60794317785415,12.00552958018693,0.0,120.0,0.0,0.7789661452253094,17.257768406924765,1,48,10,1,WAIT,high
finite_horizon_value_iteration,80,132,08:00,120,104.8494290179802,7.769920018858155,97.07950899912204,3,10.631507269192065,14.83816659610198,84.0316053649696,10.498720769736366,0.0,120.0,0.0,2.4650545668752764,19.7347169155766,1,230,5,2,WAIT,high
finite_horizon_value_iteration,81,132,08:00,120,108.44933690457002,7.382852171115888,101.06648473345413,3,14.15195708366997,0.0,88.23459050515419,17.613452411175857,0.0,120.00000000000001,-1.4210854715202004e-14,0.0,21.0938633460454,1,231,6,0,WAIT,high
finite_horizon_value_iteration,82,132,08:00,120,138.1107704518305,7.627061939768654,130.48370851206184,4,7.01943569292079,17.806662315795435,95.17390199128377,0.0,0.0,120.0,0.0,1.5032254509130585,20.2883800912831,0,163,5,2,WAIT,high
finite_horizon_value_iteration,83,132,08:00,120,111.33357067286002,6.4773072767998885,104.85626339606013,3,23.370634217531858,17.522753964276166,79.10661181819198,0.0,0.0,120.0,0.0,1.716739272990511,16.789852946437744,0,234,7,2,WAIT,high
finite_horizon_value_iteration,84,132,08:00,120,87.20865365175099,6.871863176558349,80.33679047519264,1,1.8330051935818568,0.0,113.26641002161287,4.900584784805275,0.0,120.0,0.0,0.0,19.63389479016671,1,230,2,0,WAIT,high
finite_horizon_value_iteration,85,132,08:00,120,107.04833682226356,6.732327831388706,100.31600899087486,3,10.834404285776909,8.904151745316087,100.261443968907,0.0,0.0,120.0,0.0,0.6603151301624585,18.57490724523385,0,137,5,1,WAIT,high
finite_horizon_value_iteration,86,132,08:00,120,87.64765551418937,8.461626506307404,79.18602900788196,1,3.654817157115259,34.38501125701366,38.12868246044948,43.8314891254216,0.0,120.0,0.0,5.746591211690139,18.429484520616732,1,70,2,1,WAIT,high
finite_horizon_value_iteration,87,132,08:00,120,147.52499271939064,8.62531857435969,138.89967414503096,3,21.759702662213968,34.962786665852796,56.493998399348854,6.783512272584375,0.0,120.0,0.0,7.646611309017186,16.99715604629622,1,262,6,3,WAIT,high
finite_horizon_value_iteration,88,132,08:00,120,85.8238260703726,6.7637890816051245,79.06003698876748,2,12.012267214426128,0.0,105.64570680348008,2.342025982093787,0.0,120.0,0.0,0.0,19.32511166172893,1,48,4,0,WAIT,high
finite_horizon_value_iteration,89,132,08:00,120,107.57771249345595,8.066877576211644,99.51083491724431,2,13.956104618073208,0.0,91.24596738401581,14.797927997910989,0.0,120.00000000000001,-1.4210854715202004e-14,0.0,23.048221646318982,1,161,5,0,WAIT,high
finite_horizon_value_iteration,90,132,08:00,120,88.60548348057212,6.67479141740052,81.93069206317159,4,27.48130261064196,19.07040445979738,73.44829292956067,0.0,0.0,120.0,0.0,1.7721352037978035,17.298697417346546,0,48,8,2,WAIT,high
finite_horizon_value_iteration,91,132,08:00,120,106.91154040600605,7.954872801609024,98.95666760439703,2,33.85258433772916,13.426087363367305,72.72132829890353,0.0,0.0,120.0,0.0,2.214263697456449,20.51394430714077,0,229,8,2,WAIT,high
finite_horizon_value_iteration,92,132,08:00,120,78.2739831776668,7.404369711187376,70.86961346647944,1,29.187957364927094,0.0,90.81204263507291,0.0,0.0,120.0,0.0,0.0,21.155342031963933,0,237,7,0,WAIT,high
finite_horizon_value_iteration,93,132,08:00,120,82.14440690213492,5.483710175206673,76.66069672692825,1,44.94585607324245,0.0,75.05414392675755,0.0,0.0,120.0,0.0,0.0,15.667743357733352,0,170,10,0,WAIT,high
finite_horizon_value_iteration,94,132,08:00,120,99.17278021897529,7.724677812012742,91.44810240696255,2,10.683194273927139,14.881553721370418,91.84333484901393,2.591917155688506,0.0,119.99999999999999,1.4210854715202004e-14,2.4650545668752764,19.605453467446846,1,238,4,2,WAIT,high
finite_horizon_value_iteration,95,132,08:00,120,190.5148984621853,8.696082421016825,181.81881604116847,5,20.193157307687954,14.805655650866992,85.00118704144506,0.0,0.0,120.00000000000001,-1.4210854715202004e-14,1.6822183777610094,23.163731396572782,0,140,7,2,WAIT,high
finite_horizon_value_iteration,96,132,08:00,120,179.57550325267655,12.028065552046321,167.54743770063024,3,18.087056126082345,9.42835414672862,92.48458972718903,0.0,0.0,120.0,0.0,0.7789661452253094,33.586935432049906,0,237,6,1,WAIT,high
finite_horizon_value_iteration,97,132,08:00,120,101.71497145485473,8.438329459823061,93.27664199503167,3,12.296662451884355,17.21433466679686,79.32982126323539,11.159181618083366,0.0,119.99999999999997,2.842170943040401e-14,2.892101873985741,21.217410868365864,1,207,6,2,WAIT,high
finite_horizon_value_iteration,98,132,08:00,120,140.43061794568894,7.081354578823556,133.3492633668654,4,23.68745988215894,0.0,96.31254011784107,0.0,0.0,120.0,0.0,0.0,20.232441653781592,0,170,9,0,WAIT,high
finite_horizon_value_iteration,99,132,08:00,120,108.95702640886925,6.9661222480122955,101.99090416085696,4,13.804958425517011,7.968776083255511,98.2262654912275,0.0,0.0,120.00000000000001,-1.4210854715202004e-14,0.6461705751342853,19.257035847757987,0,246,6,1,WAIT,high
finite_horizon_value_iteration,100,132,08:00,120,104.10194217592581,6.8027008942111085,97.2992412817147,2,7.974858487860949,8.743423085281362,90.73495706653708,12.546761360320616,0.0,120.00000000000001,-1.4210854715202004e-14,0.8738289522399111,18.562459316934685,1,186,4,1,WAIT,high
finite_horizon_value_iteration,101,132,08:00,120,127.70289177319542,10.836145808519777,116.86674596467564,5,14.27993531273237,46.90040319186997,36.6562227740593,22.163438721338366,0.0,120.0,0.0,8.078086517641575,22.88233007812923,1,7,7,4,WAIT,high
finite_horizon_value_iteration,102,132,08:00,120,122.66291882609377,8.174007386340426,114.48891143975335,3,25.012441622478267,14.987664138762327,79.99989423875941,0.0,0.0,120.0,0.0,2.4650545668752764,20.88925225124023,0,161,7,2,WAIT,high
finite_horizon_value_iteration,103,132,08:00,120,94.64120760594348,7.059503506603322,87.58170409934016,2,29.508944365570446,8.620845679342043,81.87020995508752,0.0,0.0,120.0,0.0,0.8738289522399111,19.296181066626726,0,163,7,1,WAIT,high
finite_horizon_value_iteration,104,132,08:00,120,124.03789617339291,7.63296832720314,116.40492784618976,4,29.031359067012055,0.0,90.96864093298794,0.0,0.0,120.0,0.0,0.0,21.808480934866118,0,236,8,0,WAIT,high
finite_horizon_value_iteration,105,132,08:00,120,139.1205299114578,13.32561706335721,125.79491284810058,2,11.942588850123162,26.354450967600794,81.23816804711925,0.46479213515681295,0.0,120.00000000000001,-1.4210854715202004e-14,4.368959039754844,33.70423256983719,1,186,4,1,WAIT,high
finite_horizon_value_iteration,106,132,08:00,120,86.21637827908951,5.4193390885729995,80.79703919051651,1,0.7657114987761084,0.0,103.09012652209054,16.144161979133344,0.0,120.0,0.0,0.0,15.483825967351427,1,48,2,0,WAIT,high
finite_horizon_value_iteration,107,132,08:00,120,53.95490276250575,7.030078114694675,46.92482464781108,4,44.47861595138231,20.560812416330474,54.96057163228723,0.0,0.0,120.00000000000001,-1.4210854715202004e-14,5.18155674214191,14.904380728414305,0,124,12,1,WAIT,high
finite_horizon_value_iteration,108,132,08:00,120,93.39666350898378,8.454120799469028,84.94254270951475,3,32.3020087468719,20.263416061766286,67.43457519136182,0.0,0.0,120.0,0.0,3.1093948757671894,21.04523597985861,0,236,10,3,WAIT,high
finite_horizon_value_iteration,109,132,08:00,120,103.92962601465797,9.070215848774419,94.85941016588355,5,26.019358186997888,16.64489802425095,77.33574378875113,0.0,0.0,119.99999999999997,2.842170943040401e-14,1.7632036743386217,24.151698750731153,0,137,10,2,WAIT,high
finite_horizon_value_iteration,110,132,08:00,120,115.20197299753023,7.412166502412526,107.7898064951177,3,10.891317281444504,0.0,109.1086827185555,0.0,0.0,120.0,0.0,0.0,21.177618578321503,0,236,5,0,WAIT,high
finite_horizon_value_iteration,111,132,08:00,120,90.27375915645003,6.438537940207392,83.83522121624263,2,5.318381867990599,0.0,114.6816181320094,0.0,0.0,120.0,0.0,0.0,18.395822686306836,0,75,3,0,WAIT,high
finite_horizon_value_iteration,112,132,08:00,120,142.25754172431664,11.71769942646057,130.53984229785607,2,8.444933605159235,34.39297409936807,77.16209229547269,0.0,0.0,120.0,0.0,5.747922000839862,27.731219217618907,0,181,4,1,WAIT,high
finite_horizon_value_iteration,113,132,08:00,120,130.95714036549967,9.0997143073207,121.85742605817897,3,27.820225186830008,0.0,92.17977481316998,0.0,0.0,120.0,0.0,0.0,25.999183735202003,0,230,8,0,WAIT,high
finite_horizon_value_iteration,114,132,08:00,120,101.70682858062429,10.378034081928291,91.328794498696,3,16.320505524946665,20.560812416330474,68.11151354664247,15.007168512080412,0.0,120.00000000000001,-1.4210854715202004e-14,5.18155674214191,24.46996920622464,1,142,5,1,WAIT,high
finite_horizon_value_iteration,115,132,08:00,120,111.10611809737229,8.062807233204861,103.04331086416742,2,15.700194015435557,13.426087363367305,76.54063335268289,14.333085268514239,0.0,119.99999999999999,1.4210854715202004e-14,2.214263697456449,20.822328397414587,1,233,5,2,WAIT,high
finite_horizon_value_iteration,116,132,08:00,120,107.93061333033059,9.761569198203867,98.16904413212671,4,14.60787150549774,20.322059245496376,85.07006924900588,0.0,0.0,120.0,0.0,3.1370471119641605,24.75315059718975,0,162,5,3,WAIT,high
finite_horizon_value_iteration,117,132,08:00,120,181.80691339672754,9.150851484294359,172.6560619124332,5,12.089747622636612,8.519325678418522,99.39092669894485,0.0,0.0,119.99999999999999,1.4210854715202004e-14,0.8171423248882266,25.32814763023852,0,68,7,1,WAIT,high
finite_horizon_value_iteration,118,132,08:00,120,111.51920886129274,7.8003584300991555,103.71885043119359,3,49.03832043044754,11.580017070854602,59.38166249869785,0.0,0.0,120.0,0.0,1.269745182208421,21.016993189503456,0,229,13,1,WAIT,high
finite_horizon_value_iteration,119,132,08:00,120,61.62968024553736,4.1232589478468356,57.50642129769052,1,39.1416967963385,5.9109453452193845,49.37848754064084,25.568870317801284,0.0,120.00000000000001,-1.4210854715202004e-14,1.249516314823952,10.531223536167007,1,199,9,1,WAIT,high
finite_horizon_value_iteration,120,132,08:00,120,89.45887480997352,7.339453943285312,82.11942086668822,2,9.810597103646414,14.987664138762327,95.20173875759126,0.0,0.0,120.0,0.0,2.4650545668752764,18.504813842511332,0,140,4,2,WAIT,high
finite_horizon_value_iteration,121,132,08:00,120,76.38747948477477,6.607885776762214,69.77959370801256,2,8.544271125844839,9.42835414672862,94.14433785490311,7.883036872523434,0.0,120.0,0.0,0.7789661452253094,18.100707502666733,1,48,3,1,WAIT,high
finite_horizon_value_iteration,122,132,08:00,120,133.8958972260941,10.80677346872559,123.0891237573685,2,23.98675917576002,27.652169217664103,68.36107160657586,0.0,0.0,119.99999999999999,1.4210854715202004e-14,4.6213657288823615,26.255129896047897,0,162,7,1,WAIT,high
finite_horizon_value_iteration,123,132,08:00,120,103.31676358183759,7.347712635349813,95.96905094648778,3,21.971551356100676,7.9108873495541365,90.11756129434521,0.0,0.0,120.00000000000003,-2.842170943040401e-14,0.6461705751342853,20.347294097293755,0,237,6,1,WAIT,high
finite_horizon_value_iteration,124,132,08:00,120,108.92009453710332,7.607521861867885,101.31257267523544,3,36.52483384227651,9.42835414672862,74.04681201099487,0.0,0.0,120.0,0.0,0.7789661452253094,20.95681060296865,0,163,10,1,WAIT,high
finite_horizon_value_iteration,125,132,08:00,120,121.66958451385995,7.987054524600079,113.68252998925986,4,16.94306702579252,14.756623306147352,88.30030966806011,0.0,0.0,119.99999999999997,2.842170943040401e-14,2.444299961608333,20.375855822963317,0,229,6,2,WAIT,high
finite_horizon_value_iteration,126,132,08:00,120,78.8553956209962,6.2140318371342245,72.64136378386198,1,27.579185808359263,0.0,82.11544179818695,10.305372393453794,0.0,120.00000000000001,-1.4210854715202004e-14,0.0,17.754376677526356,1,141,7,0,WAIT,high
finite_horizon_value_iteration,127,132,08:00,120,124.25986406239029,10.398759510534035,113.86110455185626,2,18.501523539356683,32.81314173522569,68.68533472541765,0.0,0.0,120.00000000000003,-2.842170943040401e-14,5.483892691328659,24.226848767340016,0,239,6,1,WAIT,high
finite_horizon_value_iteration,128,132,08:00,120,107.42035790517087,7.879612469181972,99.5407454359889,3,31.749690737210425,8.63917289278313,79.61113637000645,0.0,0.0,120.0,0.0,0.8738289522399111,21.639349531137153,0,164,8,1,WAIT,high
finite_horizon_value_iteration,129,132,08:00,120,104.26878478644436,7.693662001398247,96.5751227850461,3,19.82827473123352,0.0,100.17172526876648,0.0,0.0,120.0,0.0,0.0,21.98189143256642,0,161,6,0,WAIT,high
finite_horizon_value_iteration,130,132,08:00,120,110.17236374732634,6.748217616569929,103.42414613075641,3,44.861982394842364,8.923081244302397,66.21493636085523,0.0,0.0,120.0,0.0,0.6603151301624585,18.620306631465915,0,170,11,1,WAIT,high
finite_horizon_value_iteration,131,132,08:00,120,98.16046197448294,7.6869370792577065,90.47352489522524,2,16.15916295122521,0.0,86.45184501676164,17.388992032013135,0.0,119.99999999999999,1.4210854715202004e-14,0.0,21.962677369307734,1,263,5,0,WAIT,high
finite_horizon_value_iteration,132,132,08:00,120,136.30978734286137,9.132297674165088,127.17748966869628,4,17.016568699272085,6.837328698398982,96.14610260232897,0.0,0.0,120.00000000000003,-2.842170943040401e-14,0.8951311783107404,25.19714789073237,0,74,6,1,WAIT,high
finite_horizon_value_iteration,133,132,08:00,120,63.58322439338035,6.728919071355851,56.854305322024494,1,45.73199698958061,9.42835414672862,62.67928378608433,2.1603650776064285,0.0,120.0,0.0,0.7789661452253094,18.44651691579141,1,48,11,1,WAIT,high
finite_horizon_value_iteration,134,132,08:00,120,133.25901372950406,8.835045989058845,124.42396774044522,4,33.93423506983599,8.851109502141057,77.21465542802295,0.0,0.0,120.0,0.0,0.6603151301624585,24.58267341000567,0,237,10,1,WAIT,high
finite_horizon_value_iteration,135,132,08:00,120,103.74396826252814,7.170463797557645,96.5735044649705,3,14.635929462327432,18.000066195004287,87.36400434266828,0.0,0.0,120.0,0.0,1.320630260324917,19.16640916126836,0,230,5,2,WAIT,high
finite_horizon_value_iteration,136,132,08:00,120,75.79944324014821,6.996056928732646,68.80338631141557,2,20.821391619820538,14.713236180878914,74.92146279414769,9.543909405152846,0.0,119.99999999999999,1.4210854715202004e-14,2.444299961608333,17.544434120484944,1,236,6,2,WAIT,high
finite_horizon_value_iteration,137,132,08:00,120,75.39881316674762,7.443184117699441,67.95562904904817,3,31.45991082924324,16.81128632109509,71.72880284966166,0.0,0.0,119.99999999999999,1.4210854715202004e-14,1.4890808958848853,19.77715944039923,0,113,8,2,WAIT,high
finite_horizon_value_iteration,138,132,08:00,120,104.96162359934412,6.437630919520109,98.52399267982402,2,36.19684143161286,0.0,74.87457944164504,8.928579126742108,0.0,120.0,0.0,0.0,18.393231198628886,1,161,9,0,WAIT,high
finite_horizon_value_iteration,139,132,08:00,120,131.0473856851096,7.89974531214165,123.14764037296794,4,28.052143743169832,0.0,91.94785625683016,0.0,0.0,120.0,0.0,0.0,22.570700891833287,0,163,9,0,WAIT,high
finite_horizon_value_iteration,140,132,08:00,120,82.63907268611091,7.819303134813209,74.8197695512977,1,5.791160810232814,37.163057260137045,34.271597574876075,42.77418435475407,0.0,120.00000000000001,-1.4210854715202004e-14,6.210871843384377,16.129994256081936,1,70,3,1,WAIT,high
finite_horizon_value_iteration,141,132,08:00,120,85.8714721074411,6.791817127730052,79.07965497971104,1,22.720414221069603,8.927614981596776,88.35197079733362,0.0,0.0,120.0,0.0,0.917734710087371,18.487457083427064,0,142,6,1,WAIT,high
finite_horizon_value_iteration,142,132,08:00,120,144.0127964715991,10.38546639221828,133.6273300793808,3,47.32858508653578,35.62959004985852,37.0418248636057,0.0,0.0,120.0,0.0,5.621664014923214,24.051097105700446,0,161,11,2,WAIT,high
finite_horizon_value_iteration,143,132,08:00,120,132.70324668657508,9.122625687024492,123.58062099955059,5,25.58807314998112,0.0,94.41192685001887,0.0,0.0,120.0,0.0,0.0,26.06464482006998,0,161,8,0,WAIT,high
finite_horizon_value_iteration,144,132,08:00,120,0.0,0.0,0.0,0,0.024655103205624772,0.0,0.0,119.97534489679437,0.0,120.0,0.0,0.0,0.0,1,132,1,0,WAIT,high
finite_horizon_value_iteration,145,132,08:00,120,127.03332064774628,9.243990746216616,117.78932990152967,4,30.147419030003224,0.0,69.98272975974987,19.869851210246892,0.0,119.99999999999999,1.4210854715202004e-14,0.0,26.411402132047474,1,68,9,0,WAIT,high
finite_horizon_value_iteration,146,132,08:00,120,75.5143127182614,5.8826127454238435,69.63169997283755,1,67.51356793653551,0.0,49.43393098709626,3.0525010763682303,0.0,120.0,0.0,0.0,16.807464986925268,1,170,15,0,WAIT,high
finite_horizon_value_iteration,147,132,08:00,120,87.81236409374404,6.039505223123642,81.7728588706204,1,24.72649570299852,9.42835414672862,85.84515015027286,0.0,0.0,120.0,0.0,0.7789661452253094,16.476763063699384,0,48,6,1,WAIT,high
finite_horizon_value_iteration,148,132,08:00,120,140.9386025124047,12.15288915504257,128.78571335736214,2,13.800372226837192,34.92885307990353,53.248942563048516,18.02183213021077,0.0,120.00000000000001,-1.4210854715202004e-14,5.965196240255829,28.757344202722944,1,162,4,1,WAIT,high
finite_horizon_value_iteration,149,132,08:00,120,138.17178691754202,9.123479641888013,129.048307275654,4,20.97855061167876,9.42835414672862,89.59309524159264,0.0,0.0,120.00000000000001,-1.4210854715202004e-14,0.7789661452253094,25.288118545883297,0,140,8,1,WAIT,high
q_learning,0,132,08:00,120,166.38013201728987,9.649317766841511,156.73081425044836,3,23.378620515574223,0.0,92.97976408487786,3.6416153995479164,0.0,120.0,0.0,0.0,27.569479333832888,1,230,7,0,WAIT,high
q_learning,1,132,08:00,120,105.45837494776212,7.808621178625302,97.64975376913682,2,13.316593888409889,0.0,93.03979419925592,13.64361191233418,0.0,119.99999999999999,1.4210854715202004e-14,0.0,22.31034622464372,1,161,4,0,WAIT,high
q_learning,2,132,08:00,120,92.32097869557465,9.710673326133733,82.61030536944092,2,12.440645404019055,34.99052355528667,49.62653308445297,22.94229795624129,0.0,119.99999999999999,1.4210854715202004e-14,5.800620334703995,21.944160597106674,1,138,4,1,WAIT,high
q_learning,3,132,08:00,120,72.6454020855907,10.586237370237033,62.059164715353674,1,23.540704855734326,44.928643650576504,31.96117435976563,19.569477133923527,0.0,120.0,0.0,8.046347661808115,22.200044824583404,1,138,5,3,WAIT,high
q_learning,4,132,08:00,120,84.58746803343655,7.664399329490206,76.92306870394634,1,14.896792068955607,17.015573864962025,86.89551769335074,1.1921163727316326,0.0,120.00000000000001,-1.4210854715202004e-14,2.0943969379482295,19.803886860595217,1,48,4,2,WAIT,high
q_learning,5,132,08:00,120,94.61763578251943,7.122655737963752,87.49498004455567,1,19.33384796909317,34.64400506643799,66.02214696446883,0.0,0.0,120.0,0.0,3.5586575779522294,16.791787387658495,0,236,5,1,WAIT,high
q_learning,6,132,08:00,120,92.48312967957055,7.117475144366932,85.36565453520362,2,38.31614507579432,19.13969347809115,62.54416144611452,0.0,0.0,120.0,0.0,1.6752393894159918,18.660403880203816,0,161,9,1,WAIT,high
q_learning,7,132,08:00,120,135.9950199113594,10.99508334923873,124.99993656212068,2,15.248659472183542,34.99052355528667,69.76081697252977,0.0,0.0,119.99999999999997,2.842170943040401e-14,5.800620334703995,25.613903520263804,0,236,5,1,WAIT,high
q_learning,8,132,08:00,120,90.70886699224975,10.49041950171538,80.21844749053437,2,16.701359653566435,74.68452151408312,24.238877021357695,4.375241810992762,0.0,120.00000000000001,-1.4210854715202004e-14,7.899474047687739,22.073153100070492,1,186,5,2,WAIT,high
q_learning,9,132,08:00,120,91.20622573740393,8.33071189660692,82.87551384079701,2,7.187558806736083,19.97512252709047,92.83731866617345,0.0,0.0,120.0,0.0,5.18155674214191,18.620477248163574,0,170,3,1,WAIT,high
q_learning,10,132,08:00,120,81.97317255727546,8.626907695451422,73.34626486182404,1,10.497268833023664,37.41053506290781,40.16218102061541,31.930015083453114,0.0,120.0,0.0,6.521058068816938,18.12724963247284,1,138,3,2,WAIT,high
q_learning,11,132,08:00,120,103.32348437753481,7.125126463047685,96.19835791448713,2,18.01438377397387,17.162296211367835,84.82332001465831,0.0,0.0,120.00000000000001,-1.4210854715202004e-14,1.9479393488596028,18.409564831276644,0,211,6,1,WAIT,high
q_learning,12,132,08:00,120,91.53832600697703,7.852513095303074,83.68581291167396,2,25.813126124233087,0.0,94.18687387576692,0.0,0.0,120.0,0.0,0.0,22.43575170086593,0,246,7,0,WAIT,high
q_learning,13,132,08:00,120,86.7707564114015,6.1685329407237495,80.60222347067776,1,1.797602840379535,0.0,118.20239715962046,0.0,0.0,120.0,0.0,0.0,17.624379830639285,0,230,2,0,WAIT,high
q_learning,14,132,08:00,120,40.228935660362005,7.1425646036979975,33.08637105666401,2,14.413675511563742,60.00138457331893,43.09975949730826,2.485180417809076,0.0,120.00000000000001,-1.4210854715202004e-14,8.702906249246405,11.704421189890732,1,79,5,3,WAIT,high
q_learning,15,132,08:00,120,87.69552683976805,7.060177263806139,80.63534957596191,2,5.657263197053141,0.0,108.48821567922923,0.0,5.854521123717603,119.99999999999997,2.842170943040401e-14,0.0,20.17193503944611,0,233,3,1,WAIT,high
q_learning,16,132,08:00,120,73.42525367731517,7.013499001957254,66.41175467535791,1,18.584736222402988,34.70829717288997,37.732475283754766,28.974491320952268,0.0,120.0,0.0,5.800620334703995,14.237948242316733,1,138,5,1,WAIT,high
q_learning,17,132,08:00,120,109.81217366675705,9.441846264931206,100.37032740182585,3,11.645823900483567,25.44356469179535,82.91061140772109,0.0,0.0,120.0,0.0,2.767071999739535,24.20963161434962,0,68,5,1,WAIT,high
q_learning,18,132,08:00,120,89.05939572131734,8.729739249941506,80.32965647137584,1,13.221377893320653,33.46253436724933,51.96484854145297,21.351239197977037,0.0,120.0,0.0,5.547315032160212,19.394797110529804,1,138,4,1,WAIT,high
q_learning,19,132,08:00,120,150.3540209831401,13.318647488203531,137.03537349493655,2,10.627572689338574,33.020087000005404,76.35234031065602,0.0,0.0,120.0,0.0,5.473967481603665,32.579311056120716,0,48,4,1,WAIT,high
q_learning,20,132,08:00,120,98.95020426238187,9.416721167598586,89.53348309478329,2,18.77536718216976,58.37020539811873,42.854427419711506,0.0,0.0,120.0,0.0,7.1306677748466125,19.774249846863636,0,237,5,2,WAIT,high
q_learning,21,132,08:00,120,98.0290164105092,6.486748186460314,91.54226822404888,1,14.571742138977532,0.0,94.68464217313927,10.743615687883207,0.0,120.0,0.0,0.0,18.53356624702947,1,161,3,0,WAIT,high
q_learning,22,132,08:00,120,83.25315350884989,10.052822342601623,73.20033116624828,2,0.8726929008261001,32.17262522639688,78.09315759607556,8.861524276701473,0.0,120.00000000000001,-1.4210854715202004e-14,3.9151357231353243,24.80721382715503,1,236,3,1,WAIT,high
q_learning,23,132,08:00,120,107.27840867622663,7.713534797211589,99.56487387901504,2,9.243913257888094,30.545649316353014,80.21043742575888,0.0,0.0,120.0,0.0,3.096014561543284,18.942656287632687,0,249,3,1,WAIT,high
q_learning,24,132,08:00,120,99.86303672322727,7.7575430329673685,92.1054936902599,2,20.84758713631995,17.153885771262495,81.99852709241756,0.0,0.0,120.0,0.0,2.0135994107688426,20.150809254852213,0,236,6,1,WAIT,high
q_learning,25,132,08:00,120,112.74444446680113,7.292671396773841,105.45177307002729,2,17.44978221338834,8.683929606310135,91.8525512401127,2.0137369401888208,0.0,120.0,0.0,0.8738289522399111,19.96237503854249,1,161,5,1,WAIT,high
q_learning,26,132,08:00,120,109.53348227515804,7.826719043413258,101.70676323174477,4,19.158524259178495,8.883581071493037,89.94013172209381,2.017762947234658,0.0,120.0,0.0,0.8429103207506001,21.51914408900157,1,161,7,1,WAIT,high
q_learning,27,132,08:00,120,117.81890210022044,8.041710508763305,109.77719159145714,2,16.59521316284417,27.04756538135947,75.57571132780187,0.781510127994494,0.0,120.0,0.0,4.460751707301817,18.515564032021913,1,207,5,1,WAIT,high
q_learning,28,132,08:00,120,96.45806981415954,11.116875379686524,85.34119443447302,2,1.7840224489692516,39.09785552717583,72.18040997124709,6.9377120526078215,0.0,120.0,0.0,4.810266901446065,26.95223418337258,1,262,3,2,WAIT,high
q_learning,29,132,08:00,120,137.27581450613505,11.809711106042412,125.46610340009263,2,9.171386773645953,35.92179908650197,74.90681413985209,0.0,0.0,120.00000000000001,-1.4210854715202004e-14,5.955004300266679,27.78702743128307,0,161,4,1,WAIT,high
q_learning,30,132,08:00,120,107.42111670548404,7.7813554715114694,99.63976123397256,2,10.529497748870355,31.11760133152933,78.35290091960033,0.0,0.0,120.00000000000001,-1.4210854715202004e-14,3.3722157839848723,18.860228420333613,0,162,4,2,WAIT,high
q_learning,31,132,08:00,120,100.1951252750379,6.996804308814266,93.19832096622363,2,4.545002649462566,6.231925085666558,105.9783521404687,3.244720124402164,0.0,119.99999999999999,1.4210854715202004e-14,0.8023858489694058,19.188483604785638,1,239,3,1,WAIT,high
q_learning,32,132,08:00,120,83.29003217322065,7.008866783780833,76.28116538943982,1,5.488037398345326,17.174299712684448,89.95279276967847,7.384870119291762,0.0,120.0,0.0,2.0004471665855252,18.024886501359713,1,186,2,1,WAIT,high
q_learning,33,132,08:00,120,91.19845892750321,7.0852729180798955,84.11318600942332,2,5.771531421228625,16.507579788418806,83.79278646481094,13.928102325541616,0.0,119.99999999999999,1.4210854715202004e-14,1.9773061539794832,18.26633075482022,1,107,3,1,WAIT,high
q_learning,34,132,08:00,120,94.83420071039367,7.9298194840326754,86.904381226361,2,10.458360629116337,27.22397967394828,74.85596907300607,7.461690623929314,0.0,120.0,0.0,2.747672804741956,19.908954292494258,1,162,4,2,WAIT,high
q_learning,35,132,08:00,120,83.47014851890444,8.305108054025771,75.16504046487867,1,18.472654618705914,27.04756538135947,74.47977999993462,0.0,0.0,120.0,0.0,4.460751707301817,19.26812844705753,0,207,5,1,WAIT,high
q_learning,36,132,08:00,120,89.46281789588024,8.913944023631128,80.5488738722491,2,7.106477885828948,8.253518800007585,104.64000331416348,0.0,0.0,120.00000000000001,-1.4210854715202004e-14,3.1402954808806487,22.328116015208288,0,142,3,1,WAIT,high
q_learning,37,132,08:00,120,90.4648921905464,7.5441219450783406,82.92077024546805,2,12.55921926887533,33.31906543440121,74.12171529672347,0.0,0.0,120.0,0.0,3.841141710214256,17.713492418581005,0,114,4,1,WAIT,high
q_learning,38,132,08:00,120,125.2864252590476,10.569152219522696,114.71727303952491,2,21.34818165735858,33.359079853907204,60.4297944326991,4.862944056035104,0.0,119.99999999999999,1.4210854715202004e-14,5.57513253916503,24.622445230899817,1,141,6,1,WAIT,high
q_learning,39,132,08:00,120,55.49805054720301,5.487231898275644,50.01081864892736,3,33.66591313405902,23.070864797787067,63.26322206815391,0.0,0.0,120.0,0.0,3.8246163214391435,11.853189102205553,0,263,9,1,WAIT,high
q_learning,40,132,08:00,120,157.4855119905668,9.985852619185675,147.49965937138114,3,29.630361151241086,11.992804463946989,78.37683438481193,0.0,0.0,120.0,0.0,2.016396866840731,26.514610616546914,0,163,8,1,WAIT,high
q_learning,41,132,08:00,120,96.47272931040041,7.31105708824948,89.16167222215093,1,6.394267877130041,27.76197413963511,77.22664495895054,8.617113024284293,0.0,119.99999999999999,1.4210854715202004e-14,2.9400292309540106,17.948705306901648,1,236,3,1,WAIT,high
q_learning,42,132,08:00,120,74.4753928026778,8.047415564456895,66.4279772382209,2,23.918913990245652,5.93647356786505,90.14461244188931,0.0,0.0,120.00000000000001,-1.4210854715202004e-14,0.7668336662811481,22.225782232167123,0,166,6,1,WAIT,high
q_learning,43,132,08:00,120,76.3214061112996,8.35033144658523,67.97107466471437,2,14.09276812911789,34.55474349442407,71.35248837645804,0.0,0.0,120.0,0.0,3.565956558533825,20.292133288852547,0,162,5,1,WAIT,high
q_learning,44,132,08:00,120,102.97388081632556,9.173260844521497,93.80061997180407,3,28.691397353549693,41.43355740956901,49.8750452368813,0.0,0.0,120.0,0.0,5.2995112661329,20.90980543249995,0,236,8,1,WAIT,high
q_learning,45,132,08:00,120,136.78704884791762,8.48540514201659,128.30164370590103,3,8.473630079453326,0.0,111.52636992054667,0.0,0.0,120.0,0.0,0.0,24.244014691475975,0,186,4,0,WAIT,high
q_learning,46,132,08:00,120,83.15199912370201,8.013497687276981,75.13850143642503,1,2.803630764980663,42.74199883713285,43.50726937380399,30.9471010240825,0.0,120.0,0.0,6.449136612047146,16.44657106588709,1,70,2,2,WAIT,high
q_learning,47,132,08:00,120,92.49040300960098,7.309609213538204,85.18079379606277,2,20.888678043541827,34.215362083276425,64.89595987318177,0.0,0.0,120.00000000000001,-1.4210854715202004e-14,3.771208497489917,17.113389255476385,0,74,6,1,WAIT,high
q_learning,48,132,08:00,120,113.46644248334601,10.22577959367208,103.24066288967393,4,14.555264998517217,16.703153231333026,72.07700124122226,16.664580528927516,0.0,120.00000000000001,-1.4210854715202004e-14,1.7632036743386217,27.453309450438752,1,186,6,1,WAIT,high
q_learning,49,132,08:00,120,99.09035014705243,8.298505047117636,90.79184509993479,3,14.618018875458791,0.0,105.38198112454121,0.0,0.0,120.0,0.0,0.0,23.71001442033611,0,68,5,0,WAIT,high
q_learning,50,132,08:00,120,79.82741637718132,4.1600086288416716,75.66740774833966,2,12.725061488776607,30.61243678069839,54.1130854736694,22.549416256855594,0.0,119.99999999999999,1.4210854715202004e-14,6.591924564241296,5.29381437530634,1,132,4,2,WAIT,high
q_learning,51,132,08:00,120,98.54726104661006,6.479754867629076,92.06750617898098,2,18.344562945018147,8.683929606310135,79.52729302699478,13.444214421676932,0.0,120.0,0.0,0.8738289522399111,17.639756383843164,1,107,5,1,WAIT,high
q_learning,52,132,08:00,120,66.82512601755384,8.894398329025698,57.930727688528144,1,7.658717802100327,38.12957710513106,39.98582820748231,34.2258768852863,0.0,119.99999999999999,1.4210854715202004e-14,6.372401365816446,19.040165288542692,1,70,3,1,WAIT,high
q_learning,53,132,08:00,120,60.891426059568275,6.012102505548235,54.87932355402004,1,52.608090322835366,25.284751134864365,32.132326600919065,9.974831941381211,0.0,120.0,0.0,7.115965605095542,10.061470125042273,1,138,11,2,WAIT,high
q_learning,54,132,08:00,120,74.78988826574013,7.92981805135679,66.86007021438334,1,21.799082211436758,18.651094815068852,78.9100570064987,0.6397659669956823,0.0,120.0,0.0,1.992595982753407,20.664027021123136,1,236,5,1,WAIT,high
q_learning,55,132,08:00,120,66.39931962672044,7.7068308443263,58.69248878239414,2,15.935207954094341,30.545649316353014,71.98262611823614,1.5365166113165003,0.0,120.0,0.0,3.096014561543284,18.92350213653186,1,211,5,1,WAIT,high
q_learning,56,132,08:00,120,91.41716240018201,7.823827235474003,83.59333516470801,2,24.518414460662164,17.162296211367835,78.19597802917507,0.1233112987949454,0.0,120.00000000000001,-1.4210854715202004e-14,1.9479393488596028,20.40585275249469,1,231,7,1,WAIT,high
q_learning,57,132,08:00,120,116.44769805427805,6.347810771475979,110.09988728280207,2,35.61506679200355,9.865723519191056,74.51920968880539,0.0,0.0,120.0,0.0,1.0380418758679628,17.098560328349123,0,68,9,1,WAIT,high
q_learning,58,132,08:00,120,76.24083258648024,8.378640537926858,67.86219204855338,1,12.178884792692301,33.020087000005404,48.95666125303054,25.84436695427175,0.0,120.0,0.0,5.473967481603665,18.465005483901646,1,70,4,1,WAIT,high
q_learning,59,132,08:00,120,67.79288554332142,7.296660685563138,60.49622485775828,2,12.691563409826532,51.92155618612061,41.421281875637014,13.965598528415853,0.0,120.0,0.0,7.988466790556947,12.859135168194879,1,79,5,2,WAIT,high
q_learning,60,132,08:00,120,59.40939823731219,7.39667508811804,52.01272314919415,2,15.415623564626827,65.46468603180014,32.15505564932251,6.964634754250511,0.0,120.0,0.0,8.820423343226711,12.312934051396264,1,186,5,3,WAIT,high
q_learning,61,132,08:00,120,73.50696082170273,6.64820625011017,66.85875457159257,1,21.915680516850536,6.879595295941517,91.20472418720796,0.0,0.0,120.00000000000001,-1.4210854715202004e-14,0.784471241267107,18.210403759047665,0,234,5,1,WAIT,high
q_learning,62,132,08:00,120,113.46197566537916,9.224143173909951,104.2378324914692,2,13.063176841547442,25.284751134864365,81.6520720235882,0.0,0.0,120.00000000000001,-1.4210854715202004e-14,7.115965605095542,19.23872917750432,0,229,5,2,WAIT,high
q_learning,63,132,08:00,120,102.6405981515509,7.503917161886486,95.13668098966441,3,16.205011137523414,34.215362083276425,69.57962677920017,0.0,0.0,120.0,0.0,3.771208497489917,17.668554822185758,0,140,6,1,WAIT,high
q_learning,64,132,08:00,120,87.21487299256269,7.045820528898104,80.16905246366458,1,5.371360133473327,18.449897480506277,81.82167582885364,14.35706655716676,0.0,120.00000000000001,-1.4210854715202004e-14,2.2545195719585736,17.876396224893153,1,262,2,1,WAIT,high
q_learning,65,132,08:00,120,85.27345182376571,5.948518299164976,79.32493352460074,2,26.809353002447796,8.999525166245299,84.19112183130692,0.0,0.0,120.00000000000001,-1.4210854715202004e-14,0.6703398622292307,16.325426706813563,0,162,7,1,WAIT,high
q_learning,66,132,08:00,120,85.00686530675603,7.36156652950101,77.64529877725502,2,13.21096770137961,25.743052186450825,81.04598011216956,0.0,0.0,120.0,0.0,2.974671831327089,18.058375395818654,0,79,5,2,WAIT,high
q_learning,67,132,08:00,120,114.01516523467387,7.554007307728888,106.46115792694499,3,21.38687172545862,6.441918148333696,92.1712101262077,0.0,0.0,120.00000000000001,-1.4210854715202004e-14,0.6994120758709287,20.883465946211608,0,161,6,1,WAIT,high
q_learning,68,132,08:00,120,99.35135466960028,6.378923175082312,92.97243149451798,2,19.547534591776117,16.507579788418806,83.94488561980506,0.0,0.0,119.99999999999999,1.4210854715202004e-14,1.9773061539794832,16.24818863196998,0,211,5,1,WAIT,high
q_learning,69,132,08:00,120,113.74335456615556,12.50161249097296,101.2417420751826,2,9.186803954165779,36.67947233610448,74.13372370972975,0.0,0.0,120.00000000000001,-1.4210854715202004e-14,6.080609018691693,29.63828381265963,0,238,4,1,WAIT,high
q_learning,70,132,08:00,120,98.36360898164986,9.274478312842566,89.0891306688073,2,11.665820175070097,57.06374147871144,51.27043834621846,0.0,0.0,120.0,0.0,6.471771908161718,20.026737557102763,0,229,5,3,WAIT,high
q_learning,71,132,08:00,120,88.66591624717951,7.14721703369617,81.51869921348334,2,12.917484221460365,18.687093303484296,88.39542247505534,0.0,0.0,120.0,0.0,1.4041933469266459,19.016426749348124,0,230,5,1,WAIT,high
q_learning,72,132,08:00,120,139.3971053260374,12.500795439849238,126.89630988618816,3,21.220938515256545,59.36488073691027,38.79900307260893,0.6151776752242455,0.0,119.99999999999999,1.4210854715202004e-14,10.472852472403286,25.243705927165962,1,229,6,3,WAIT,high
q_learning,73,132,08:00,120,80.13797938406492,9.024576893351995,71.11340249071293,2,10.765947803918642,0.0,95.1718951260446,14.062157070036747,0.0,119.99999999999999,1.4210854715202004e-14,0.0,25.78450540957713,1,230,3,0,WAIT,high
q_learning,74,132,08:00,120,78.3753165897426,8.392804341038056,69.98251224870454,1,3.8923670533307817,32.17262522639688,61.675999235099376,22.259008485172956,0.0,120.0,0.0,3.9151357231353243,20.064305251259125,1,262,2,1,WAIT,high
q_learning,75,132,08:00,120,68.31433744156183,6.212675779224697,62.101661662337136,2,8.454816231922845,51.23576499117176,23.84303107377287,36.46638770313251,0.0,120.0,0.0,11.465481720750272,6.285020505606007,1,138,4,3,WAIT,high
q_learning,76,132,08:00,120,71.87045922714276,8.200740571718752,63.669718655424006,1,16.94537071661261,29.693021701634166,73.36160758175322,0.0,0.0,120.0,0.0,3.3783921158480945,20.05229523191977,0,162,5,1,WAIT,high
q_learning,77,132,08:00,120,110.31860182021538,7.512986423244515,102.80561539697086,3,14.365038934972794,8.683929606310135,96.95103145871708,0.0,0.0,120.00000000000001,-1.4210854715202004e-14,0.8738289522399111,20.59184654274442,0,158,6,1,WAIT,high
q_learning,78,132,08:00,120,120.05371539710204,8.272704075981038,111.781011321121,3,9.033222787821696,34.628204055369025,76.33857315680928,0.0,0.0,120.0,0.0,3.565956558533825,20.070340801411994,0,75,4,1,WAIT,high
q_learning,79,132,08:00,120,97.299345304886,7.8399642352565815,89.45938106962942,2,8.206117609008336,34.628204055369025,67.2603344064406,9.905343929182038,0.0,120.0,0.0,3.565956558533825,18.83394125648498,1,237,3,1,WAIT,high
q_learning,80,132,08:00,120,107.24707130790935,7.807309465569639,99.4397618423397,3,6.875495908324491,27.29243307117384,82.66586311578318,3.166207904718476,0.0,119.99999999999999,1.4210854715202004e-14,2.933471923900057,19.373126549156055,1,161,4,1,WAIT,high
q_learning,81,132,08:00,120,108.44933690457002,7.941655516533842,100.50768138803618,3,8.345014874603189,13.808083287530089,88.23459050515419,9.612311332712537,0.0,120.0,0.0,1.5965809869084397,21.0938633460454,1,249,5,1,WAIT,high
q_learning,82,132,08:00,120,101.54888113035031,8.350251420158019,93.1986297101923,2,8.674664755212428,47.31965175474194,64.00568349004564,0.0,0.0,120.0,0.0,4.9382773791836945,18.919583821267793,0,162,4,2,WAIT,high
q_learning,83,132,08:00,120,111.17440169430623,7.080372893848913,104.09402880045731,3,9.425449536568696,42.47725660675826,68.09729385667305,0.0,0.0,120.0,0.0,4.074631167503847,16.155005672064476,0,236,4,2,WAIT,high
q_learning,84,132,08:00,120,87.20865365175099,6.871863176558349,80.33679047519264,1,1.8330051935818568,0.0,113.26641002161287,4.900584784805275,0.0,120.0,0.0,0.0,19.63389479016671,1,230,2,0,WAIT,high
q_learning,85,132,08:00,120,90.42200780445798,7.361382568399359,83.06062523605861,2,16.029165583389588,23.347106182892784,80.62372823371763,0.0,0.0,120.0,0.0,2.756328774380701,18.276192849617466,0,229,5,2,WAIT,high
q_learning,86,132,08:00,120,87.64765551418937,8.807012734369271,78.8406427798201,1,1.453152252005006,38.68114734447586,38.12868246044948,41.737017943069645,0.0,120.0,0.0,6.733409006152611,18.429484520616732,1,138,2,2,WAIT,high
q_learning,87,132,08:00,120,126.84340554668766,10.66902969994519,116.17437584674248,3,17.198044958862358,52.44057197473704,50.3613830664006,0.0,0.0,120.0,0.0,9.58871268302184,20.894229316821566,0,142,5,4,WAIT,high
q_learning,88,132,08:00,120,85.8238260703726,6.7637890816051245,79.06003698876748,2,12.012267214426128,0.0,105.64570680348008,2.342025982093787,0.0,120.0,0.0,0.0,19.32511166172893,1,48,4,0,WAIT,high
q_learning,89,132,08:00,120,107.57771249345595,8.301496527991874,99.27621596546408,2,8.895686824278615,8.999525166245299,91.24596738401581,10.858820625460268,0.0,119.99999999999999,1.4210854715202004e-14,0.6703398622292307,23.048221646318982,1,162,4,1,WAIT,high
q_learning,90,132,08:00,120,86.18915238023007,7.152309708008872,79.0368426722212,3,24.866741030427235,17.162296211367835,76.86795106575309,1.1030116924518438,0.0,120.0,0.0,1.9479393488596028,18.48723124545146,1,68,7,1,WAIT,high
q_learning,91,132,08:00,120,87.17786418511847,7.183981707036633,79.99388247808183,1,2.8740768826766505,26.94938031552546,58.29478037408757,31.881762427710314,0.0,120.0,0.0,2.236241179936743,18.289420840167924,1,186,2,1,WAIT,high
q_learning,92,132,08:00,120,78.2739831776668,7.404369711187376,70.86961346647944,1,29.187957364927094,0.0,90.81204263507291,0.0,0.0,120.0,0.0,0.0,21.155342031963933,0,237,7,0,WAIT,high
q_learning,93,132,08:00,120,99.86325635907926,6.898618782112483,92.96463757696678,2,24.590118096899495,16.507579788418806,78.90230211468169,0.0,0.0,119.99999999999999,1.4210854715202004e-14,1.9773061539794832,17.733033223484757,0,162,7,1,WAIT,high
q_learning,94,132,08:00,120,78.0864087315387,6.828055350489057,71.25835338104964,1,11.923941756604876,19.13969347809115,70.1188591450526,18.81750562025138,0.0,120.0,0.0,1.6752393894159918,17.833490183409886,1,237,3,1,WAIT,high
q_learning,95,132,08:00,120,175.89410068001695,8.99671900483865,166.8973816751783,4,10.502183801196617,31.191194475643258,78.25732648831725,0.049295234842873015,0.0,120.0,0.0,3.522912921389741,22.1819985210064,1,263,5,2,WAIT,high
q_learning,96,132,08:00,120,175.24918213685802,11.580739892903084,163.66844224395493,2,32.97204217781078,9.942949614160836,77.08500820802838,0.0,0.0,120.0,0.0,0.7582778451411744,32.329550420296215,0,161,8,1,WAIT,high
q_learning,97,132,08:00,120,76.07755008712317,7.728675657013536,68.34887443010963,1,7.2704090322965005,28.913686105371003,53.748561178872826,30.06734368345967,0.0,120.0,0.0,4.793221093392962,17.288709355217144,1,70,3,1,WAIT,high
q_learning,98,132,08:00,120,113.3747506700847,7.569386316524514,105.80536435356018,2,2.4300813680215962,27.031260561514202,77.86595465970818,12.672703410756029,0.0,120.00000000000001,-1.4210854715202004e-14,3.1246376840927876,18.50218036312011,1,163,3,1,WAIT,high
q_learning,99,132,08:00,120,89.21590490188633,6.882149922069775,82.33375497981656,2,5.9121828987371,9.865723519191056,98.03671070980035,6.185382872271504,0.0,120.0,0.0,1.0380418758679628,18.625243615759967,1,231,3,1,WAIT,high
q_learning,100,132,08:00,120,100.58788954261017,7.071690108826057,93.51619943378411,2,9.48276592397292,16.507579788418806,94.00965428760827,0.0,0.0,120.0,0.0,1.9773061539794832,18.22752272838068,0,170,4,1,WAIT,high
q_learning,101,132,08:00,120,79.47791109867217,8.85451356142832,70.62339753724385,2,11.214346754286602,55.34219905376,20.892146926399057,32.55130726555434,0.0,119.99999999999999,1.4210854715202004e-14,8.41515376787317,16.883456407636316,1,70,4,2,WAIT,high
q_learning,102,132,08:00,120,72.07741477204871,7.591181363180273,64.48623340886844,4,17.261461551352728,40.20180131585492,62.536737132792325,0.0,0.0,119.99999999999997,2.842170943040401e-14,6.718721608348526,14.970368000737967,0,246,6,1,WAIT,high
q_learning,103,132,08:00,120,91.8407679475071,7.842272238377971,83.99849570912913,2,17.358827996197892,25.00638450411831,77.63478749968381,0.0,0.0,120.00000000000001,-1.4210854715202004e-14,2.714523495868643,19.691968613782702,0,164,5,1,WAIT,high
q_learning,104,132,08:00,120,80.8264535068852,8.46478550777438,72.36166799911082,1,3.608402408983474,36.67947233610448,48.87816608407381,30.833959170838227,0.0,120.0,0.0,6.080609018691693,18.10449243209225,1,70,2,1,WAIT,high
q_learning,105,132,08:00,120,78.28387484355446,8.916454682583263,69.3674201609712,1,7.943663261891613,28.913686105371003,44.94484781341921,38.19780281931817,0.0,119.99999999999999,1.4210854715202004e-14,4.793221093392962,20.68236371398779,1,70,3,1,WAIT,high
q_learning,106,132,08:00,120,86.21637827908951,5.4193390885729995,80.79703919051651,1,0.7657114987761084,0.0,103.09012652209054,16.144161979133344,0.0,120.0,0.0,0.0,15.483825967351427,1,48,2,0,WAIT,high
q_learning,107,132,08:00,120,121.05711630751685,12.73177555973638,108.32534074778047,3,19.647260131160674,29.29422704610182,71.05851282273751,0.0,0.0,120.0,0.0,8.321852223022558,28.054649376224248,0,162,7,2,WAIT,high
q_learning,108,132,08:00,120,89.35424442132104,7.257960685103378,82.09628373621766,2,29.495837284189776,26.94938031552546,58.56255901001927,4.99222339026548,0.0,119.99999999999999,1.4210854715202004e-14,2.236241179936743,18.500789348930056,1,68,8,1,WAIT,high
q_learning,109,132,08:00,120,75.00751505152154,9.081037611203907,65.92647744031763,2,6.54403847067894,55.722332922778946,40.14048446182612,17.593144144715993,0.0,120.0,0.0,5.114370416100108,20.831451330196774,1,186,4,2,WAIT,high
q_learning,110,132,08:00,120,115.20197299753023,7.412166502412526,107.7898064951177,3,10.891317281444504,0.0,109.1086827185555,0.0,0.0,120.0,0.0,0.0,21.177618578321503,0,236,5,0,WAIT,high
q_learning,111,132,08:00,120,90.27375915645003,6.438537940207392,83.83522121624263,2,5.318381867990599,0.0,114.6816181320094,0.0,0.0,120.0,0.0,0.0,18.395822686306836,0,75,3,0,WAIT,high
q_learning,112,132,08:00,120,152.0196661506622,10.726109168753199,141.293556981909,3,17.834162611133525,43.56306866369474,58.60276872517174,0.0,0.0,120.00000000000001,-1.4210854715202004e-14,6.916139638250561,23.72988655818715,0,170,6,2,WAIT,high
q_learning,113,132,08:00,120,113.27626319297661,10.3398628697152,102.93640032326141,2,5.224728524794428,32.17262522639688,82.6026462488087,0.0,0.0,120.0,0.0,3.9151357231353243,25.627329618908107,0,234,3,1,WAIT,high
q_learning,114,132,08:00,120,101.70682858062429,10.378034081928291,91.328794498696,3,16.320505524946665,20.560812416330474,68.11151354664247,15.007168512080412,0.0,120.00000000000001,-1.4210854715202004e-14,5.18155674214191,24.46996920622464,1,142,5,1,WAIT,high
q_learning,115,132,08:00,120,120.43527142527692,8.575105963686333,111.86016546159058,2,13.113960296894023,18.315869219339433,88.57017048376655,0.0,0.0,120.0,0.0,2.2545195719585736,22.24578318143095,0,234,5,1,WAIT,high
q_learning,116,132,08:00,120,73.74231381032143,8.4556417846153,65.28667202570614,1,13.396002865942261,37.31133721486388,59.88412934661219,9.408530572581654,0.0,119.99999999999999,1.4210854715202004e-14,4.10572252592439,20.0532540015479,1,79,4,1,WAIT,high
q_learning,117,132,08:00,120,105.51612812766886,6.800069280644303,98.71605884702456,3,24.90558476787217,48.42829523077524,46.666120001352596,0.0,0.0,120.0,0.0,7.666904007247843,11.761865366021594,0,114,8,2,WAIT,high
q_learning,118,132,08:00,120,92.79334227809423,9.133169472897439,83.6601728051968,2,7.628606671667046,39.80710961747154,53.15114268573333,19.413141025128084,0.0,120.0,0.0,6.59909901456759,19.495670907996523,1,70,4,1,WAIT,high
q_learning,119,132,08:00,120,61.62968024553736,6.047366199441893,55.58231404609546,1,9.64969517743828,25.99896818228179,49.37848754064084,34.97284909963909,0.0,120.0,0.0,6.746965605095542,10.531223536167007,1,70,3,2,WAIT,high
q_learning,120,132,08:00,120,88.23856176847517,7.048426679807187,81.19013508866797,2,6.820299987535226,20.339773576080233,92.83992643638453,0.0,0.0,119.99999999999999,1.4210854715202004e-14,1.6248324020845133,18.513529540221736,0,163,3,1,WAIT,high
q_learning,121,132,08:00,120,71.14273431464729,6.937487167791958,64.20524714685533,2,19.984670959646234,9.942949614160836,90.07237942619292,0.0,0.0,120.0,0.0,0.7582778451411744,19.063114062835847,0,161,6,1,WAIT,high
q_learning,122,132,08:00,120,102.06442100484404,9.088245620697242,92.9761753841468,3,8.332543055734272,58.927175999771734,52.74028094449399,0.0,0.0,120.0,0.0,6.468606220771356,19.49780983836362,0,236,4,3,WAIT,high
q_learning,123,132,08:00,120,76.81573705077805,7.6156870959990055,69.20004995477905,2,17.923709852938735,27.098392802187306,71.15605244359826,3.8218449012757105,0.0,120.0,0.0,2.7476728047419563,19.011433183826632,1,107,5,1,WAIT,high
q_learning,124,132,08:00,120,81.85783577320407,8.420589955461224,73.43724581774285,1,4.047097255771734,33.020087000005404,50.61507783557141,32.31773790865145,0.0,120.0,0.0,5.473967481603665,18.584860962571266,1,70,2,1,WAIT,high
q_learning,125,132,08:00,120,109.99686833653917,7.825193055084437,102.17167528145472,3,18.129801331152464,25.44356469179535,76.42663397705219,0.0,0.0,120.0,0.0,2.767071999739535,19.590622443358857,0,239,5,1,WAIT,high
q_learning,126,132,08:00,120,90.62563221906784,7.445359048053412,83.18027317101442,2,16.836270733264133,8.009510434049798,95.15421883268607,0.0,0.0,120.0,0.0,1.054059405940594,20.218395017069156,0,229,5,1,WAIT,high
q_learning,127,132,08:00,120,132.28218325810343,10.805417815132907,121.47676544297052,2,10.611308969819156,33.359079853907204,76.02961117627365,0.0,0.0,120.0,0.0,5.57513253916503,25.297489789786134,0,68,4,1,WAIT,high
q_learning,128,132,08:00,120,78.5579676301689,8.063450091702391,70.49451753846651,1,18.216979036397632,42.47725660675826,52.70653633402424,6.599228022819872,0.0,120.00000000000001,-1.4210854715202004e-14,4.074631167503847,18.96379766593156,1,237,4,2,WAIT,high
q_learning,129,132,08:00,120,93.07491797144793,8.795821735327758,84.27909623612017,2,4.798821587613052,32.17262522639688,82.5149223468116,0.513630839178461,0.0,120.0,0.0,3.9151357231353243,21.215783520658274,1,229,3,1,WAIT,high
q_learning,130,132,08:00,120,92.06089167915633,8.47277784601233,83.58811383314399,2,11.100225605376608,53.28029102613056,55.619483368492844,0.0,0.0,120.0,0.0,5.906712984265784,18.301223718626588,0,141,4,4,WAIT,high
q_learning,131,132,08:00,120,83.02935614798396,8.394552186304375,74.63480396167958,1,6.441927083053939,41.9041967477935,69.72369944182023,1.9301767273323378,0.0,120.0,0.0,4.848718365577454,19.135716452435048,1,79,3,1,WAIT,high
q_learning,132,132,08:00,120,88.88783798840313,8.272199347298514,80.61563864110462,2,11.01555562916711,33.31906543440121,75.66537893643168,0.0,0.0,120.0,0.0,3.841141710214256,19.7937135677815,0,137,4,1,WAIT,high
q_learning,133,132,08:00,120,79.06302775444475,8.343505789320096,70.71952196512466,2,5.95653119083152,34.55474349442407,79.48872531474441,0.0,0.0,120.0,0.0,3.565956558533825,20.27263141095216,0,229,3,1,WAIT,high
q_learning,134,132,08:00,120,98.68327355491598,9.089601240651989,89.593672314264,2,3.572536773610686,62.61018837816309,48.53513123873519,5.28214360949103,0.0,120.0,0.0,5.732998763098327,20.23729049590736,1,246,3,2,WAIT,high
q_learning,135,132,08:00,120,87.13993683187715,8.112621881018773,79.02731495085838,3,10.428333833109324,30.863590798967447,75.8385738554232,2.8695015125000225,0.0,120.0,0.0,3.43378181768991,19.74513784236373,1,107,4,3,WAIT,high
q_learning,136,132,08:00,120,75.79212763132804,7.366834873193455,68.42529275813459,2,13.858644899316111,31.11760133152933,75.02375376915457,0.0,0.0,120.0,0.0,3.3722157839848723,17.675883853710715,0,236,5,2,WAIT,high
q_learning,137,132,08:00,120,112.7443657978914,8.858262336545765,103.88610346134564,2,13.75831974837162,43.33350919929008,62.908171052338304,0.0,0.0,120.0,0.0,5.4524113463478745,19.856909615211457,0,138,5,2,WAIT,high
q_learning,138,132,08:00,120,101.98392892208088,8.13295922400512,93.85096969807576,2,4.9211474623765685,41.41348883752677,69.71315327713569,3.952210422960988,0.0,120.00000000000001,-1.4210854715202004e-14,4.609636426250879,18.627389928049467,1,262,3,2,WAIT,high
q_learning,139,132,08:00,120,96.30262440850746,8.784140625007812,87.51848378349965,2,8.718675029142796,35.27827421623311,60.1674235517681,15.835627202856003,0.0,120.00000000000001,-1.4210854715202004e-14,5.130148196039655,19.967396446839807,1,207,4,2,WAIT,high
q_learning,140,132,08:00,120,97.31665904776435,8.345062345877293,88.97159670188705,3,9.917522066467054,53.46661465956781,56.615863273965125,0.0,0.0,120.0,0.0,6.045959477032123,17.797075796903005,0,262,5,3,WAIT,high
q_learning,141,132,08:00,120,85.8714721074411,7.326114965762388,78.5453571416787,1,16.786209670319394,14.861819532346983,88.35197079733362,0.0,0.0,120.0,0.0,2.444299961608333,18.487457083427064,0,262,5,2,WAIT,high
q_learning,142,132,08:00,120,142.26309890904696,15.114436667503686,127.14866224154328,3,15.284623490679488,77.02946715359592,27.685909355724608,0.0,0.0,120.00000000000001,-1.4210854715202004e-14,17.51668180366058,25.66742296063567,0,237,5,4,WAIT,high
q_learning,143,132,08:00,120,106.13988244622948,8.904149642144425,97.23573280408505,2,15.928753941701912,25.51865792301724,73.23195546660392,5.320632668676922,0.0,120.0,0.0,3.0080238219487234,22.432403727035346,1,230,5,1,WAIT,high
q_learning,144,132,08:00,120,0.0,0.0,0.0,0,0.024655103205624772,0.0,0.0,119.97534489679437,0.0,120.0,0.0,0.0,0.0,1,132,1,0,WAIT,high
q_learning,145,132,08:00,120,89.12144527449898,9.87566052412351,79.24578475037546,1,11.107098771399574,35.92179908650197,42.65693323236461,30.31416890973385,0.0,120.0,0.0,5.955004300266679,22.261168625800497,1,70,3,1,WAIT,high
q_learning,146,132,08:00,120,75.5143127182614,7.912829862570241,67.60148285569116,1,4.739932169514668,34.99052355528667,49.43393098709626,30.835613288102408,0.0,120.00000000000001,-1.4210854715202004e-14,5.800620334703995,16.807464986925268,1,138,2,1,WAIT,high
q_learning,147,132,08:00,120,87.81236409374404,6.032264318094195,81.78009977564984,1,24.211900235566304,9.942949614160836,85.84515015027286,0.0,0.0,120.0,0.0,0.7582778451411744,16.476763063699384,0,161,6,1,WAIT,high
q_learning,148,132,08:00,120,161.9098961946691,13.85763202675589,148.05226416791322,3,8.169737571214519,35.44782758019229,76.38243484859319,0.0,0.0,120.0,0.0,5.8764307758315235,33.71680358632817,0,161,4,1,WAIT,high
q_learning,149,132,08:00,120,82.96247632311767,7.9773539234840065,74.98512239963367,3,22.01658340719782,40.20180131585492,56.322775289154805,1.4588399877924587,0.0,120.0,0.0,6.718721608348526,16.07371817303435,1,231,7,1,WAIT,high
dqn,0,132,08:00,120,166.38013201728987,9.649317766841511,156.73081425044836,3,23.378620515574223,0.0,92.97976408487786,3.6416153995479164,0.0,120.0,0.0,0.0,27.569479333832888,1,230,7,0,WAIT,high
dqn,1,132,08:00,120,105.45837494776212,8.32663861766574,97.13173633009639,2,8.740702613149622,9.035697118271047,93.03979419925592,9.183806069323396,0.0,119.99999999999999,1.4210854715202004e-14,1.4800498258298234,22.31034622464372,1,202,3,1,WAIT,high
dqn,2,132,08:00,120,108.84367672417953,8.955073091047758,99.88860363313177,3,27.62251147450129,22.737618101039235,69.63987042445949,0.0,0.0,120.00000000000001,-1.4210854715202004e-14,3.257741416460257,22.328181700819055,0,202,8,3,WAIT,high
dqn,3,132,08:00,120,120.72809382947246,10.625933953655192,110.10215987581726,6,36.894410372229515,20.98387893321476,62.12171069455573,0.0,0.0,120.0,0.0,2.7456516074643265,27.614159688693366,0,193,10,2,WAIT,high
dqn,4,132,08:00,120,101.22682296342629,7.65953083415016,93.56729212927613,2,30.00527594793884,0.0,89.99472405206116,0.0,0.0,120.0,0.0,0.0,21.8843738118576,0,163,8,0,WAIT,high
dqn,5,132,08:00,120,113.59367871245263,7.112811926418006,106.48086678603462,2,20.827085713150836,8.904151745316087,89.17414439229968,0.0,1.0946181492333977,120.0,0.0,0.6603151301624585,19.662004659603276,0,237,5,2,WAIT,high
dqn,6,132,08:00,120,75.99037129120421,6.674441845650706,69.31592944555351,1,25.626733108148375,20.234942991262127,53.558855943883486,20.57946795670601,0.0,120.0,0.0,1.6248324020845133,17.44500144263179,1,186,6,1,WAIT,high
dqn,7,132,08:00,120,116.86877760287047,7.800925482710308,109.06785212016015,3,41.220560118635404,16.422500215793345,62.35693966557123,0.0,0.0,119.99999999999999,1.4210854715202004e-14,1.9773061539794832,20.311052368049967,0,246,11,1,WAIT,high
dqn,8,132,08:00,120,99.90249771605093,10.572811587978215,89.32968612807272,2,24.024526355276073,38.795680633928285,33.21900022613066,23.96079278466496,0.0,119.99999999999997,2.842170943040401e-14,6.745374070877618,23.462659037631568,1,199,7,2,WAIT,high
dqn,9,132,08:00,120,114.13442368921238,10.17909621902026,103.95532747019212,4,16.114663274706892,20.560812416330474,81.00957951689809,0.0,2.3149447920645514,120.0,0.0,5.18155674214191,23.90157531220169,0,140,6,2,WAIT,high
dqn,10,132,08:00,120,117.40695641835951,9.070469406318463,108.33648701204105,4,18.954117303194323,21.35517657298673,79.69070612381894,0.0,0.0,120.0,0.0,2.524585828394967,23.391041046800638,0,141,6,2,WAIT,high
dqn,11,132,08:00,120,105.57105297143875,6.664045543719529,98.90700742771922,2,21.154889907861836,8.904151745316087,89.2835187756697,0.6574395711523664,0.0,120.0,0.0,0.6603151301624585,18.379814994750483,1,137,6,1,WAIT,high
dqn,12,132,08:00,120,91.53832600697703,7.852513095303074,83.68581291167396,2,25.813126124233087,0.0,94.18687387576692,0.0,0.0,120.0,0.0,0.0,22.43575170086593,0,246,7,0,WAIT,high
dqn,13,132,08:00,120,86.7707564114015,6.1685329407237495,80.60222347067776,1,1.797602840379535,0.0,118.20239715962046,0.0,0.0,120.0,0.0,0.0,17.624379830639285,0,230,2,0,WAIT,high
dqn,14,132,08:00,120,85.15204870221844,6.982938890044649,78.16910981217379,3,45.967596214099004,5.833049760632471,66.75460142663898,1.444752598629563,0.0,120.00000000000001,-1.4210854715202004e-14,1.249516314823952,18.701737656732192,1,263,12,1,WAIT,high
dqn,15,132,08:00,120,87.69552683976805,7.060177263806139,80.63534957596191,2,11.511784320770744,0.0,108.48821567922923,0.0,0.0,119.99999999999997,2.842170943040401e-14,0.0,20.17193503944611,0,233,5,0,WAIT,high
dqn,16,132,08:00,120,105.50108122595259,7.773134224376026,97.72794700157657,3,30.816529577738457,29.404999985280767,57.28981155579457,2.488658881186211,0.0,120.0,0.0,4.212052072205798,17.996902854582853,1,262,9,3,WAIT,high
dqn,17,132,08:00,120,97.44350961045905,10.124390237638728,87.31911937282032,2,12.551318837059629,36.29450069895169,71.15418046398867,0.0,0.0,119.99999999999999,1.4210854715202004e-14,5.774419640232498,23.15240961016387,0,193,4,6,WAIT,high
dqn,18,132,08:00,120,134.96662956783985,10.031176794561976,124.93545277327787,6,14.365959943268113,30.95057316199012,71.0058429045122,0.0,3.6776239902295345,119.99999999999997,2.842170943040401e-14,5.1136930287574325,23.546812098562505,0,140,7,5,WAIT,high
dqn,19,132,08:00,120,94.61986443609179,8.28290882228785,86.33695561380394,2,7.5472365457231305,29.40718223322193,55.20930584484868,27.83627537620626,0.0,120.0,0.0,3.5786452343355606,20.086808543629726,1,262,3,2,WAIT,high
dqn,20,132,08:00,120,138.64778126648656,8.41117931026383,130.23660195622273,5,32.95786594064576,21.274887205475984,63.74388014270923,2.023366711169018,0.0,120.0,0.0,2.524585828394967,21.50735505807312,1,263,9,2,WAIT,high
dqn,21,132,08:00,120,98.0290164105092,7.004765625500752,91.02425078500845,1,16.279660708589688,9.035697118271047,94.68464217313927,0.0,0.0,120.0,0.0,1.4800498258298234,18.53356624702947,0,202,4,1,WAIT,high
dqn,22,132,08:00,120,107.1230287059639,9.51361322289847,97.60941548306543,3,23.81958591160769,0.0,94.8301592519999,1.3502548363924234,0.0,120.00000000000001,-1.4210854715202004e-14,0.0,27.181752065424206,1,163,8,0,WAIT,high
dqn,23,132,08:00,120,100.90759821888255,6.624414888220821,94.28318333066173,2,33.63467182439807,9.42835414672862,76.9369740288733,0.0,0.0,119.99999999999999,1.4210854715202004e-14,0.7789661452253094,18.14793353540561,0,68,8,1,WAIT,high
dqn,24,132,08:00,120,126.62910984166926,10.407092736927575,116.22201710474168,3,4.454043885291947,29.353772400551527,86.15653566179388,0.0,0.0356480523626459,120.0,0.0,4.8069051545393595,24.927645522396574,0,237,3,6,WAIT,high
dqn,25,132,08:00,120,112.74444446680113,7.292671396773841,105.45177307002729,2,17.44978221338834,8.683929606310135,91.8525512401127,2.0137369401888208,0.0,120.0,0.0,0.8738289522399111,19.96237503854249,1,161,5,1,WAIT,high
dqn,26,132,08:00,120,106.28908839347874,7.9881349334009615,98.30095346007778,4,16.069837515039524,8.883581071493037,79.70368508972888,15.342896323738543,0.0,119.99999999999999,1.4210854715202004e-14,0.8429103207506001,21.980332346109293,1,113,6,1,WAIT,high
dqn,27,132,08:00,120,117.37773959618349,8.074095836469917,109.30364375971357,2,15.425824389459665,33.8742307811752,61.25141466333444,9.448530166030707,0.0,120.0,0.0,4.644056426785792,18.424788820271118,1,262,5,4,WAIT,high
dqn,28,132,08:00,120,121.42835530197664,11.140083579317189,110.28827172265945,3,12.07669802219305,17.56793635249322,88.46525901904545,1.8901066062682759,0.0,119.99999999999999,1.4210854715202004e-14,2.877633103274306,28.95117712334624,1,193,5,3,WAIT,high
dqn,29,132,08:00,120,144.5567889346128,9.377834041699137,135.17895489291365,6,32.372495075103984,14.756623306147352,72.87088161874864,0.0,0.0,119.99999999999997,2.842170943040401e-14,2.444299961608333,24.349511586103496,0,74,10,2,WAIT,high
dqn,30,132,08:00,120,108.00678664334731,7.88557521225589,100.12121143109142,2,11.719484550635077,22.217856239074727,78.31603882593687,7.746620384353307,0.0,119.99999999999999,1.4210854715202004e-14,3.673558918019329,18.856655974140363,1,202,4,3,WAIT,high
dqn,31,132,08:00,120,103.86256049475364,6.9985201354831075,96.86404035927053,3,5.473265787012891,0.0,108.04262712959473,6.484107083392374,0.0,120.0,0.0,0.0,19.99577181566602,1,238,4,0,WAIT,high
dqn,32,132,08:00,120,97.46343852119074,7.0988534561906205,90.36458506500011,2,15.693063825576555,0.0,97.91212556954403,6.39481060487941,0.0,120.0,0.0,0.0,20.282438446258915,1,246,4,0,WAIT,high
dqn,33,132,08:00,120,102.97183300281904,7.264892636101344,95.7069403667177,3,14.86686862145089,7.05284258942362,98.0802887891255,0.0,0.0,120.00000000000001,-1.4210854715202004e-14,0.8099048503132977,19.9469312528334,0,249,6,1,WAIT,high
dqn,34,132,08:00,120,103.42209075109525,7.033114000278335,96.38897675081692,2,8.211420772201626,17.40383501725673,83.11394946617149,11.270794744370164,0.0,120.0,0.0,1.4251367203595948,18.669474709007076,1,48,4,2,WAIT,high
dqn,35,132,08:00,120,83.47014851890444,7.016483107298994,76.45366541160544,1,36.091865853336756,9.42835414672862,74.47977999993462,0.0,0.0,120.0,0.0,0.7789661452253094,19.26812844705753,0,48,8,1,WAIT,high
dqn,36,132,08:00,120,89.46281789588024,8.913944023631128,80.5488738722491,2,7.106477885828948,8.253518800007585,104.64000331416348,0.0,0.0,120.00000000000001,-1.4210854715202004e-14,3.1402954808806487,22.328116015208288,0,142,3,1,WAIT,high
dqn,37,132,08:00,120,89.31230499404411,7.438033497088274,81.87427149695584,2,25.86236067383365,19.037531193161602,75.10010813300477,0.0,0.0,120.00000000000001,-1.4210854715202004e-14,3.1284239726931333,18.123100304701936,0,193,7,3,WAIT,high
dqn,38,132,08:00,120,92.48822377159544,6.686940637921552,85.80128313367389,2,29.977029464833603,29.17938535109196,49.18783022826582,11.655754955808618,0.0,120.0,0.0,2.4677427228351134,16.63780195694075,1,186,8,2,WAIT,high
dqn,39,132,08:00,120,86.16403775126692,7.080417683001921,79.08362006826499,2,41.704904104865456,0.0,78.29509589513455,0.0,0.0,120.0,0.0,0.0,20.22976480857692,0,239,10,0,WAIT,high
dqn,40,132,08:00,120,129.87512509556677,10.722669663558289,119.15245543200848,2,23.291005108825534,8.253518800007585,88.45547609116687,0.0,0.0,120.0,0.0,3.1402954808806487,27.495903557857325,0,239,7,1,WAIT,high
dqn,41,132,08:00,120,129.43088378592012,7.409132922000642,122.02175086391948,3,8.430441117076,0.0,103.49866409129646,8.070894791627538,0.0,120.0,0.0,0.0,21.168951205716123,1,151,5,0,WAIT,high
dqn,42,132,08:00,120,81.1582105916307,7.918683291584041,73.23952730004666,2,28.913402467046197,0.0,91.0865975329538,0.0,0.0,120.0,0.0,0.0,22.624809404525834,0,166,7,0,WAIT,high
dqn,43,132,08:00,120,91.00634912398499,8.078778085430601,82.92757103855439,3,34.09295046655423,8.446832881105923,77.46021665233982,0.0,0.0,119.99999999999997,2.842170943040401e-14,1.3660318062328616,21.71619129499743,0,193,10,1,WAIT,high
dqn,44,132,08:00,120,109.18715131887782,8.973751761083715,100.2133995577941,3,26.880339394218623,27.800889890231375,65.31877071555002,0.0,0.0,120.00000000000001,-1.4210854715202004e-14,4.002252924933044,21.637037821020428,0,193,7,4,WAIT,high
dqn,45,132,08:00,120,136.78704884791762,8.48540514201659,128.30164370590103,3,8.473630079453326,0.0,111.52636992054667,0.0,0.0,120.0,0.0,0.0,24.244014691475975,0,186,4,0,WAIT,high
dqn,46,132,08:00,120,114.40504067877103,8.289168133128728,106.1158725456423,2,24.919366214633904,30.49929120446599,62.46968979141306,2.111652789487053,0.0,120.00000000000001,-1.4210854715202004e-14,4.27659970909553,19.406737814129407,1,262,7,3,WAIT,high
dqn,47,132,08:00,120,92.41606469375662,7.221593569470297,85.19447112428632,2,6.354267700419397,26.1680906442823,65.95401586462046,21.523625790677855,0.0,120.00000000000001,-1.4210854715202004e-14,2.608254479022061,18.02487000517879,1,186,3,2,WAIT,high
dqn,48,132,08:00,120,115.161054010904,10.450416675280367,104.71063733562363,4,10.781652892020347,18.113793347044634,76.27894196298138,14.825611797953641,0.0,120.0,0.0,1.6527950974652206,28.205538260478694,1,48,5,2,WAIT,high
dqn,49,132,08:00,120,99.09035014705243,8.298505047117636,90.79184509993479,3,14.618018875458791,0.0,105.38198112454121,0.0,0.0,120.0,0.0,0.0,23.71001442033611,0,68,5,0,WAIT,high
dqn,50,132,08:00,120,58.26216451033295,3.1915415822468836,55.07062292808607,2,3.996821000395637,8.495519944444162,81.31256026366478,26.19509879149541,0.0,119.99999999999999,1.4210854715202004e-14,3.1402954808806487,5.978394754110447,1,132,3,1,WAIT,high
dqn,51,132,08:00,120,98.54789058507748,6.47994339903164,92.06794718604584,2,18.342909172907667,8.620845679342043,79.52663491091255,13.509610236837744,0.0,120.0,0.0,0.8738289522399111,17.640295044993348,1,107,5,1,WAIT,high
dqn,52,132,08:00,120,102.7084440184263,9.49318771035447,93.21525630807184,4,29.84370212060504,19.161080780517285,70.99521709887766,0.0,0.0,119.99999999999999,1.4210854715202004e-14,3.15853100767605,23.964862450479576,0,202,9,3,WAIT,high
dqn,53,132,08:00,120,109.30579368995805,7.5393129531752745,101.76648073678278,2,46.33646057407946,12.13594058187818,61.52759884404237,0.0,0.0,120.00000000000001,-1.4210854715202004e-14,2.2819316713929316,19.258962480536425,0,193,11,2,WAIT,high
dqn,54,132,08:00,120,88.21746827313022,8.281171669594812,79.93629660353541,2,13.179451838111522,14.861819532346983,86.34535697815183,0.0,5.613371651389656,119.99999999999999,1.4210854715202004e-14,2.444299961608333,21.216190522948278,0,141,3,3,WAIT,high
dqn,55,132,08:00,120,76.66408338404449,7.126486200571403,69.53759718347308,2,19.799388109520123,18.45911154810538,69.7158426458815,12.025657696492999,0.0,120.0,0.0,1.439281275387768,18.922107869101957,1,186,6,2,WAIT,high
dqn,56,132,08:00,120,103.25104765522786,7.694416673039143,95.55663098218872,3,11.952089363469522,8.904151745316087,98.32552765634935,0.0,0.8182312348650669,120.00000000000003,-2.842170943040401e-14,0.6603151301624585,21.323732507092238,0,237,4,2,WAIT,high
dqn,57,132,08:00,120,134.98810344579613,6.4873017557394705,128.50080169005665,3,28.448138742415352,7.968776083255511,83.58308517432914,0.0,0.0,120.0,0.0,0.6461705751342853,17.88897729840706,0,246,8,1,WAIT,high
dqn,58,132,08:00,120,87.56637496677297,8.440387524123306,79.12598744264966,2,18.881320881912256,30.093778449797362,56.29479330231987,14.730107365970511,0.0,119.99999999999999,1.4210854715202004e-14,4.183791623223628,19.931601302842964,1,262,6,3,WAIT,high
dqn,59,132,08:00,120,131.9802849862772,10.279461194547554,121.70082379172966,3,15.822847517299902,24.936552246030587,79.24060023666952,0.0,0.0,120.00000000000001,-1.4210854715202004e-14,4.3779402875170845,24.99194883976164,0,193,5,4,WAIT,high
dqn,60,132,08:00,120,119.98418026036447,9.000651812392414,110.98352844797205,3,14.099973761909885,20.56998304007228,71.05340917835969,14.276634019658147,0.0,120.0,0.0,3.693816276432285,22.022331758974616,1,262,5,3,WAIT,high
dqn,61,132,08:00,120,81.59467308687515,6.946264450059536,74.64840863681562,2,13.393469488847742,9.03075740137676,97.5757731097755,0.0,0.0,120.0,0.0,0.6603151301624585,19.1861547271505,0,234,4,1,WAIT,high
dqn,62,132,08:00,120,146.35125374824023,7.563553054971781,138.78770069326845,3,32.272778994835505,0.0,87.72722100516448,0.0,0.0,119.99999999999999,1.4210854715202004e-14,0.0,21.610151585633663,0,137,9,0,WAIT,high
dqn,63,132,08:00,120,112.65096580093943,6.839419407848473,105.81154639309096,4,26.527585261971012,19.08933395878369,74.3830807792453,0.0,0.0,120.0,0.0,1.7721352037978035,17.769063104340695,0,50,9,2,WAIT,high
dqn,64,132,08:00,120,97.68786498779762,8.060516177725486,89.62734881007214,2,6.176282095880847,21.913837973423195,91.90987993069595,0.0,0.0,120.0,0.0,3.5802955036893103,19.44975071838351,0,193,3,3,WAIT,high
dqn,65,132,08:00,120,85.27345182376571,6.808847737827342,78.46460408593836,2,16.709864756124635,19.099013412568457,84.19112183130692,0.0,0.0,120.0,0.0,3.1284239726931333,16.325426706813563,0,193,5,3,WAIT,high
dqn,66,132,08:00,120,104.26701558429836,7.727218238295057,96.53979734600331,3,18.99389872194342,8.446832881105923,92.55926839695067,0.0,0.0,120.00000000000001,-1.4210854715202004e-14,1.3660318062328616,20.711734588895876,0,193,6,1,WAIT,high
dqn,67,132,08:00,120,114.01516523467387,8.072024746769326,105.94314048790454,3,12.235010489539974,15.593779384252336,92.1712101262077,0.0,0.0,120.0,0.0,2.179461901700752,20.883465946211608,0,202,4,2,WAIT,high
dqn,68,132,08:00,120,86.9574214674399,5.270677488849337,81.68674397859056,1,29.79428078919856,0.0,82.94488561980506,7.26083359099637,0.0,119.99999999999999,1.4210854715202004e-14,0.0,15.059078539569535,1,170,7,0,WAIT,high
dqn,69,132,08:00,120,87.5573953350936,7.164959693208828,80.39243564188477,3,34.19704026960932,6.48605163850084,71.62180363604145,7.695104455848394,0.0,120.0,0.0,0.6994120758709287,19.77190133329715,1,186,8,1,WAIT,high
dqn,70,132,08:00,120,123.93758706589387,9.665957202723245,114.27162986317062,3,8.927652474375595,42.4613478614409,68.61099966418351,0.0,0.0,120.0,0.0,5.811414831034643,21.80560574817463,0,193,5,5,WAIT,high
dqn,71,132,08:00,120,86.87405602603997,8.02640409999796,78.847651926042,2,6.84943012430041,28.53003611899904,84.62053375670055,0.0,0.0,120.0,0.0,3.8866355126514995,19.045947630199816,0,193,3,4,WAIT,high
dqn,72,132,08:00,120,129.82793747402135,9.414528841028284,120.41340863299307,4,31.143298944226235,58.07547479020205,30.781226265571732,0.0,0.0,120.00000000000001,-1.4210854715202004e-14,9.751083111405238,17.14757072010414,0,193,9,3,WAIT,high
dqn,73,132,08:00,120,80.13797938406492,9.024576893351995,71.11340249071293,2,10.765947803918642,0.0,95.1718951260446,14.062157070036747,0.0,119.99999999999999,1.4210854715202004e-14,0.0,25.78450540957713,1,230,3,0,WAIT,high
dqn,74,132,08:00,120,89.10308934495609,8.463569245634028,80.63952009932206,2,21.15971596585871,14.861819532346983,68.951568836205,15.026895665589322,0.0,120.00000000000001,-1.4210854715202004e-14,2.444299961608333,21.737326454488894,1,262,6,2,WAIT,high
dqn,75,132,08:00,120,118.18535697265898,9.807826845530743,108.37753012712824,2,14.999332794791837,29.712673652249116,75.28799355295904,0.0,0.0,119.99999999999999,1.4210854715202004e-14,6.661606567971734,21.36075584783039,0,202,4,2,WAIT,high
dqn,76,132,08:00,120,79.51804800477198,7.228370503730627,72.28967750104135,2,29.38921580049684,0.0,83.45034481276821,7.16043938673495,0.0,120.0,0.0,0.0,20.65248715351608,1,239,8,0,WAIT,high
dqn,77,132,08:00,120,103.33035664005988,7.48377688534624,95.84657975471363,3,10.333026645052776,15.062763827675738,89.16129429759978,5.442915229671698,0.0,119.99999999999999,1.4210854715202004e-14,1.5732410281108398,19.80897864430699,1,48,5,2,WAIT,high
dqn,78,132,08:00,120,130.84498636449757,7.451259639789909,123.39372672470766,4,21.258074385035655,8.620845679342043,90.1210799356223,0.0,0.0,120.0,0.0,0.8738289522399111,20.41548430430269,0,164,7,1,WAIT,high
dqn,79,132,08:00,120,106.35755860571203,6.749326371311742,99.60823223440029,2,39.545659305211345,9.42835414672862,67.46697586341888,3.5590106846411516,0.0,120.0,0.0,0.7789661452253094,18.504823487093955,1,164,10,1,WAIT,high
dqn,80,132,08:00,120,104.8494290179802,7.769920018858155,97.07950899912204,3,10.631507269192065,14.83816659610198,84.0316053649696,10.498720769736366,0.0,120.0,0.0,2.4650545668752764,19.7347169155766,1,230,5,2,WAIT,high
dqn,81,132,08:00,120,109.62441843786694,7.6712516739372445,101.95316676392969,3,12.915883680020029,8.461357040946172,98.62275927903382,0.0,0.0,120.00000000000001,-1.4210854715202004e-14,0.8171423248882266,21.100719600646762,0,164,6,1,WAIT,high
dqn,82,132,08:00,120,138.1107704518305,7.627061939768654,130.48370851206184,4,7.01943569292079,17.806662315795435,95.17390199128377,0.0,0.0,120.0,0.0,1.5032254509130585,20.2883800912831,0,163,5,2,WAIT,high
dqn,83,132,08:00,120,111.99829237768397,6.637626420948439,105.36066595673553,3,21.47898753668458,18.65188315749804,79.86912930581738,0.0,0.0,120.0,0.0,2.048608794591353,16.91603812240419,0,234,7,2,WAIT,high
dqn,84,132,08:00,120,87.20865365175099,6.871863176558349,80.33679047519264,1,1.8330051935818568,0.0,113.26641002161287,4.900584784805275,0.0,120.0,0.0,0.0,19.63389479016671,1,230,2,0,WAIT,high
dqn,85,132,08:00,120,107.04833682226356,6.732327831388706,100.31600899087486,3,10.834404285776909,8.904151745316087,100.261443968907,0.0,0.0,120.0,0.0,0.6603151301624585,18.57490724523385,0,137,5,1,WAIT,high
dqn,86,132,08:00,120,120.44405684650215,8.221059937195882,112.22299690930626,4,31.081389272579816,19.398777217250593,69.5198335101696,0.0,0.0,120.00000000000001,-1.4210854715202004e-14,3.2020512010592768,20.286691476643245,0,193,9,3,WAIT,high
dqn,87,132,08:00,120,142.9482792290807,9.973646545151126,132.97463268392957,5,29.667562066505194,28.23275353594372,62.099684397551115,0.0,0.0,120.00000000000003,-2.842170943040401e-14,6.253469168587047,22.24266381755903,0,142,10,2,WAIT,high
dqn,88,132,08:00,120,85.8238260703726,6.7637890816051245,79.06003698876748,2,12.012267214426128,0.0,105.64570680348008,2.342025982093787,0.0,120.0,0.0,0.0,19.32511166172893,1,48,4,0,WAIT,high
dqn,89,132,08:00,120,107.57771249345595,9.16182596665424,98.41588652680171,2,9.198715532695804,19.180044210889328,91.24596738401581,0.3752728723990657,0.0,120.00000000000001,-1.4210854715202004e-14,3.1284239726931333,23.048221646318982,1,193,4,3,WAIT,high
dqn,90,132,08:00,120,88.60548348057212,6.67479141740052,81.93069206317159,4,27.48130261064196,19.07040445979738,73.44829292956067,0.0,0.0,120.0,0.0,1.7721352037978035,17.298697417346546,0,48,8,2,WAIT,high
dqn,91,132,08:00,120,101.29900514175073,8.200019146576457,93.09898599517427,2,20.425061736516547,18.354807260574322,81.22013100290914,0.0,0.0,120.00000000000001,-1.4210854715202004e-14,2.2545195719585736,21.174106561117014,0,137,6,1,WAIT,high
dqn,92,132,08:00,120,78.2739831776668,8.311794221166394,69.96218895650041,1,13.35989365136961,15.82806371355749,90.81204263507291,0.0,0.0,120.00000000000001,-1.4210854715202004e-14,2.592641457082911,21.155342031963933,0,193,4,3,WAIT,high
dqn,93,132,08:00,120,82.14440690213492,5.483710175206673,76.66069672692825,1,44.94585607324245,0.0,75.05414392675755,0.0,0.0,120.0,0.0,0.0,15.667743357733352,0,170,10,0,WAIT,high
dqn,94,132,08:00,120,99.17278021897529,7.724677812012742,91.44810240696255,2,10.683194273927139,14.881553721370418,91.84333484901393,2.591917155688506,0.0,119.99999999999999,1.4210854715202004e-14,2.4650545668752764,19.605453467446846,1,238,4,2,WAIT,high
dqn,95,132,08:00,120,174.16591510336494,8.197387678720025,165.96852742464492,4,26.712511396771205,16.28534053273855,77.00214807049025,0.0,0.0,120.0,0.0,2.1133401271167247,21.30776752636906,0,193,8,2,WAIT,high
dqn,96,132,08:00,120,179.57550325267655,12.028065552046321,167.54743770063024,3,16.29056456741894,9.42835414672862,92.48458972718903,0.0,1.796491558663405,120.0,0.0,0.7789661452253094,33.586935432049906,0,237,5,2,WAIT,high
dqn,97,132,08:00,120,126.51955479642382,9.148781817541897,117.37077297888192,4,10.0881816017531,19.746426315928584,90.1653920823183,0.0,0.0,119.99999999999999,1.4210854715202004e-14,2.9833314572056486,23.156045164342636,0,162,6,3,WAIT,high
dqn,98,132,08:00,120,107.07200678833244,6.793127473974573,100.27887931435787,2,2.833636662157891,16.38766138684219,72.63980692498806,28.138895026011866,0.0,120.00000000000001,-1.4210854715202004e-14,1.9773061539794832,17.431629485947873,1,211,3,1,WAIT,high
dqn,99,132,08:00,120,108.95702640886925,6.9661222480122955,101.99090416085696,4,13.804958425517011,7.968776083255511,98.2262654912275,0.0,0.0,120.00000000000001,-1.4210854715202004e-14,0.6461705751342853,19.257035847757987,0,246,6,1,WAIT,high
dqn,100,132,08:00,120,104.10194217592581,6.8027008942111085,97.2992412817147,2,7.974858487860949,8.743423085281362,90.73495706653708,12.546761360320616,0.0,120.00000000000001,-1.4210854715202004e-14,0.8738289522399111,18.562459316934685,1,186,4,1,WAIT,high
dqn,101,132,08:00,120,139.88365897411597,11.807731616149582,128.0759273579664,2,27.691664277224827,37.80333466417502,42.74164848496432,11.763352573635842,0.0,120.0,0.0,6.509900349321565,27.226475696820103,1,231,7,3,WAIT,high
dqn,102,132,08:00,120,117.76390524493253,8.895413778144395,108.86849146678813,3,25.572233801221287,5.833049760632471,88.59471643814626,0.0,0.0,120.00000000000003,-2.842170943040401e-14,1.249516314823952,24.165951622731463,0,33,7,1,WAIT,high
dqn,103,132,08:00,120,94.64120760594348,8.147187785202489,86.49401982074099,2,10.455606920715997,27.674183124196503,81.87020995508752,0.0,0.0,120.00000000000001,-1.4210854715202004e-14,3.9814983196661005,19.296181066626726,0,193,4,4,WAIT,high
dqn,104,132,08:00,120,116.78503644745153,9.120959036725987,107.66407741072554,3,10.776649962779675,30.414618941170563,78.80873109604977,0.0,0.0,120.0,0.0,4.986784819978343,21.07309814209591,0,193,4,5,WAIT,high
dqn,105,132,08:00,120,113.01263146997994,10.37701503909287,102.63561643088707,3,9.257282061454855,21.48148841193867,76.10515156985872,13.156077956747765,0.0,120.00000000000001,-1.4210854715202004e-14,2.2225301219820652,27.42608427542614,1,186,5,2,WAIT,high
dqn,106,132,08:00,120,86.21637827908951,5.4193390885729995,80.79703919051651,1,0.7657114987761084,0.0,103.09012652209054,16.144161979133344,0.0,120.0,0.0,0.0,15.483825967351427,1,48,2,0,WAIT,high
dqn,107,132,08:00,120,55.0706084522238,7.787303510686715,47.28330494153709,3,30.746760102147462,44.82221731638113,44.43102258147141,0.0,0.0,120.0,0.0,8.944840692759193,13.304597909202851,0,196,9,2,WAIT,high
dqn,108,132,08:00,120,106.25378534285979,8.045471316173172,98.20831402668661,3,29.31468706308032,18.354807260574322,69.44978742362956,2.8807182527157806,0.0,119.99999999999999,1.4210854715202004e-14,2.2545195719585736,20.73254133139335,1,74,8,1,WAIT,high
dqn,109,132,08:00,120,106.94544981066186,8.64243510518621,98.30301470547565,4,23.455049326493352,16.58181409728286,79.96313657622377,0.0,0.0,119.99999999999999,1.4210854715202004e-14,1.7632036743386217,22.929468054764836,0,162,9,1,WAIT,high
dqn,110,132,08:00,120,88.11069759021309,7.961536556245618,80.14916103396747,2,6.942888182092908,17.648967150814094,95.40814466709301,0.0,0.0,120.00000000000001,-1.4210854715202004e-14,2.877633103274306,19.8696142002846,0,193,4,3,WAIT,high
dqn,111,132,08:00,120,75.82121348269114,6.897485920217314,68.92372756247381,1,5.516615605579465,15.162720363655836,96.1212037297567,3.199460301008017,0.0,120.00000000000001,-1.4210854715202004e-14,2.46947204838341,17.23763058080892,1,262,2,2,WAIT,high
dqn,112,132,08:00,120,119.24674140797708,7.3310698170620485,111.91567159091504,4,23.228189345339636,35.604575701256,50.830292294901355,10.336942658503006,0.0,120.0,0.0,3.167154798706042,17.778758964328382,1,186,7,3,WAIT,high
dqn,113,132,08:00,120,130.95714036549967,9.0997143073207,121.85742605817897,3,27.820225186830008,0.0,92.17977481316998,0.0,0.0,120.0,0.0,0.0,25.999183735202003,0,230,8,0,WAIT,high
dqn,114,132,08:00,120,101.70682858062429,10.378034081928291,91.328794498696,3,16.320505524946665,20.560812416330474,68.11151354664247,15.007168512080412,0.0,120.00000000000001,-1.4210854715202004e-14,5.18155674214191,24.46996920622464,1,142,5,1,WAIT,high
dqn,115,132,08:00,120,120.43527142527692,8.575105963686333,111.86016546159058,2,13.113960296894023,18.315869219339433,88.57017048376655,0.0,0.0,120.0,0.0,2.2545195719585736,22.24578318143095,0,234,5,1,WAIT,high
dqn,116,132,08:00,120,113.17971078749858,8.05474138489905,105.12496940259953,4,31.37944595671928,7.95132578790704,73.02038018964211,0.0,7.648848065731585,120.00000000000001,-1.4210854715202004e-14,1.054059405940594,21.95948740805669,0,237,8,2,WAIT,high
dqn,117,132,08:00,120,163.17641104261602,8.938731908556468,154.23767913405956,3,25.261039305862024,5.833049760632471,83.99420133196013,4.9117096015453825,0.0,120.0,0.0,1.249516314823952,24.289717709623105,1,186,7,1,WAIT,high
dqn,118,132,08:00,120,126.06565795231788,9.584607482693997,116.48105046962388,5,22.445310045280863,27.53364470277201,70.02104525194714,0.0,0.0,120.00000000000001,-1.4210854715202004e-14,3.8858572689445756,23.498735538752555,0,193,8,4,WAIT,high
dqn,119,132,08:00,120,61.62968024553736,3.685928237658452,57.943752007878906,1,32.36996588494497,0.0,49.37848754064084,38.251546574414206,0.0,120.00000000000001,-1.4210854715202004e-14,0.0,10.531223536167007,1,138,8,0,WAIT,high
dqn,120,132,08:00,120,89.45887480997352,7.339453943285312,82.11942086668822,2,7.396715680967231,14.987664138762327,95.20173875759126,0.0,2.4138814226791823,120.0,0.0,2.4650545668752764,18.504813842511332,0,140,3,3,WAIT,high
dqn,121,132,08:00,120,76.38747948477477,6.607885776762214,69.77959370801256,2,8.544271125844839,9.42835414672862,94.14433785490311,7.883036872523434,0.0,120.0,0.0,0.7789661452253094,18.100707502666733,1,48,3,1,WAIT,high
dqn,122,132,08:00,120,115.47022637384637,9.259091391482269,106.2111349823641,3,23.519252405214832,34.38081410783471,62.09993348695046,0.0,0.0,120.0,0.0,4.899164945916461,21.555381886890025,0,202,7,4,WAIT,high
dqn,123,132,08:00,120,83.63700549368058,8.050199524799945,75.58680596888063,2,12.074625912114481,27.090931560443465,80.83444252744208,0.0,0.0,120.00000000000003,-2.842170943040401e-14,3.774594547827418,19.225975523029568,0,193,3,4,WAIT,high
dqn,124,132,08:00,120,106.15749632313216,7.7948122474968855,98.36268407563529,3,25.59440165225516,18.354807260574322,65.66271154423667,10.388079542933838,0.0,120.0,0.0,2.2545195719585736,20.016372563746813,1,236,7,1,WAIT,high
dqn,125,132,08:00,120,92.36865145022,8.373516424988678,83.99513502523132,2,7.654742707870247,29.832738367826686,73.12749211016153,9.385026814141511,0.0,119.99999999999997,2.842170943040401e-14,4.913772009991742,19.01056063283305,1,262,3,4,WAIT,high
dqn,126,132,08:00,120,78.8553956209962,6.575377211933367,72.28001840906283,1,31.581667380567342,6.302890821245708,82.11544179818695,0.0,0.0,120.0,0.0,1.0324153565689795,17.754376677526356,0,193,8,1,WAIT,high
dqn,127,132,08:00,120,88.16269203834952,6.5887009555609914,81.57399108278852,2,28.718925821580743,29.270640109533176,62.01043406888608,0.0,0.0,120.0,0.0,3.1048822279143367,15.719977645117066,0,202,7,2,WAIT,high
dqn,128,132,08:00,120,103.47038204022503,8.060677602930934,95.4097044372941,3,25.47848760451646,17.12820004384205,77.3933123516415,0.0,0.0,120.0,0.0,1.9059097754587193,21.124597661486806,0,164,7,2,WAIT,high
dqn,129,132,08:00,120,97.3921666417446,8.611755550160979,88.78041109158362,2,13.509027834436436,17.648967150814094,88.84200501474947,0.0,0.0,120.0,0.0,2.877633103274306,21.727382754328495,0,193,5,3,WAIT,high
dqn,130,132,08:00,120,110.17236374732634,6.748217616569929,103.42414613075641,3,44.861982394842364,8.923081244302397,66.21493636085523,0.0,0.0,120.0,0.0,0.6603151301624585,18.620306631465915,0,170,11,1,WAIT,high
dqn,131,132,08:00,120,98.16046197448294,7.6869370792577065,90.47352489522524,2,16.15916295122521,0.0,86.45184501676164,17.388992032013135,0.0,119.99999999999999,1.4210854715202004e-14,0.0,21.962677369307734,1,263,5,0,WAIT,high
dqn,132,132,08:00,120,119.09655850567556,8.56835487443243,110.52820363124313,3,19.337201664419055,12.21518556521837,88.44761277036261,0.0,0.0,120.00000000000003,-2.842170943040401e-14,2.0008509616510692,22.48016296529873,0,193,6,3,WAIT,high
dqn,133,132,08:00,120,79.36177294195275,6.893002009798687,72.46877093215406,2,40.09668818249859,9.42835414672862,70.47495767077278,0.0,0.0,119.99999999999999,1.4210854715202004e-14,0.7789661452253094,18.915325311342368,0,246,10,1,WAIT,high
dqn,134,132,08:00,120,133.25901372950406,8.835045989058845,124.42396774044522,4,31.211285330810984,8.851109502141057,77.21465542802295,0.0,2.7229497390250117,120.0,0.0,0.6603151301624585,24.58267341000567,0,237,9,2,WAIT,high
dqn,135,132,08:00,120,103.74396826252814,7.170463797557645,96.5735044649705,3,14.635929462327432,18.000066195004287,87.36400434266828,0.0,0.0,120.0,0.0,1.320630260324917,19.16640916126836,0,230,5,2,WAIT,high
dqn,136,132,08:00,120,75.79944324014821,6.996056928732646,68.80338631141557,2,20.821391619820538,14.713236180878914,74.92146279414769,9.543909405152846,0.0,119.99999999999999,1.4210854715202004e-14,2.444299961608333,17.544434120484944,1,236,6,2,WAIT,high
dqn,137,132,08:00,120,75.39881316674762,7.443184117699441,67.95562904904817,3,31.45991082924324,16.81128632109509,71.72880284966166,0.0,0.0,119.99999999999999,1.4210854715202004e-14,1.4890808958848853,19.77715944039923,0,113,8,2,WAIT,high
dqn,138,132,08:00,120,104.96162359934412,7.532579309962706,97.42904428938141,2,25.94537634746565,19.180044210889328,74.87457944164504,0.0,0.0,120.00000000000001,-1.4210854715202004e-14,3.1284239726931333,18.393231198628886,0,193,7,3,WAIT,high
dqn,139,132,08:00,120,125.76968420789824,8.664107983986742,117.1055762239115,3,16.298060999618194,15.51162706570366,88.19031193467814,0.0,0.0,119.99999999999999,1.4210854715202004e-14,1.8115451422202535,22.94304909774187,0,162,6,1,WAIT,high
dqn,140,132,08:00,120,121.40893836679088,8.394143888873678,113.0147944779172,4,22.301806878493856,23.732663223511473,73.96552989799467,0.0,0.0,120.0,0.0,3.1253696970377347,20.85789855688706,0,170,8,3,WAIT,high
dqn,141,132,08:00,120,85.8714721074411,7.5582942577986385,78.31317784964246,1,12.736342615920123,18.911686586746256,88.35197079733362,0.0,0.0,120.0,0.0,3.10766936742619,18.487457083427064,0,193,4,3,WAIT,high
dqn,142,132,08:00,120,165.98865539430847,12.627531600050244,153.36112379425822,4,26.115935330322262,49.807920350034735,44.076144319643,0.0,0.0,120.0,0.0,8.361525794602965,27.71713591982631,0,193,8,4,WAIT,high
dqn,143,132,08:00,120,126.21768868122999,9.111459473762235,117.10622920746775,4,23.099397885553522,8.446832881105923,88.45376923334055,0.0,0.0,120.0,0.0,1.3660318062328616,24.66670954737353,0,193,7,1,WAIT,high
dqn,144,132,08:00,120,0.0,0.0,0.0,0,0.024655103205624772,0.0,0.0,119.97534489679437,0.0,120.0,0.0,0.0,0.0,1,132,1,0,WAIT,high
dqn,145,132,08:00,120,127.03332064774628,9.549830879500584,117.48348976824569,4,33.38144956031128,8.743423085281362,69.98272975974987,7.892397594657481,0.0,120.0,0.0,0.8738289522399111,26.411402132047474,1,186,10,1,WAIT,high
dqn,146,132,08:00,120,102.32510940888986,8.21170573032534,94.11340367856452,3,28.003166536339776,25.596979399729637,66.3998540639306,0.0,0.0,120.00000000000001,-1.4210854715202004e-14,2.9835578023311315,20.478458570026987,0,246,8,2,WAIT,high
dqn,147,132,08:00,120,87.81236409374404,6.039505223123642,81.7728588706204,1,24.72649570299852,9.42835414672862,85.84515015027286,0.0,0.0,120.0,0.0,0.7789661452253094,16.476763063699384,0,48,6,1,WAIT,high
dqn,148,132,08:00,120,138.22578878158322,9.06369395639386,129.16209482518937,4,27.179676751086546,16.422500215793345,75.75546780713617,0.642355225983934,0.0,120.0,0.0,1.9773061539794832,23.91896229286012,1,230,9,1,WAIT,high
dqn,149,132,08:00,120,128.396241979503,8.98955129034509,119.40669068915791,4,19.57211778558212,15.261403907361089,85.1664783070568,0.0,0.0,120.00000000000001,-1.4210854715202004e-14,2.0284824600492612,23.655949798079572,0,230,7,2,WAIT,high
