origin,destination,start_time,estimate_source,expected_driver_revenue,expected_duration_minutes,expected_distance_miles,revenue_std,duration_std,distance_std,confidence,observed_trip_count,is_directly_observed,query_index,valid
88,183,11:35,global_od_time_adjusted,64.06368982547376,102.27487562478535,15.92,8.589269791755108,57.15333691892248,0.5580919876388307,0.23962264150943396,0.0,False,0,True
7,229,10:02,full_observed_sparse_eb,20.319234379995493,18.92525243996764,2.949678161590915,4.746879576754228,9.306013977967748,0.7603549294575904,0.37984856599862693,6.131880995162653,True,1,True
97,9,03:42,global_od_time_adjusted,35.928558082766756,31.121766378638227,13.650000000000002,0.5,1.0,0.1,0.21372549019607845,0.0,False,2,True
90,248,21:54,temporal_same_od_eb,40.92338660691789,39.50893042107192,11.639420662731277,3.2334370191193624,8.387123965398036,0.4473557470429339,0.1342386703625004,0.41373661858594346,True,3,True
50,48,11:51,observed_dense_eb,9.33242887685689,7.437891203796575,0.7744622152875669,3.70599165022469,3.5662646292542,0.3787543130186431,0.9940252060011265,96.03733940817966,True,4,True
97,78,09:12,temporal_same_od_eb,50.097598872521935,66.7355406692064,12.9,0.5,1.0,0.1,0.15194349412353253,0.0,False,5,True
177,4,22:58,temporal_same_od_eb,31.177586012173336,29.775857739937535,5.485103453255439,1.124876956938794,1.2968144998555702,0.19239718918943727,0.16553768031818566,0.15155468942059258,True,6,True
55,69,15:44,full_observed_sparse_eb,77.92680868324796,149.08720095229828,19.44041416782047,2.76076565960565,21.230839032497183,3.85352509954439,0.09627671243445479,0.9258950423083618,True,7,True
185,110,01:55,spatial_gravity_time_fallback,156.38385275449573,115.10185920559883,25.699778762882495,54.734348464073506,34.53055776167964,6.424944690720624,0.10550000000000001,0.0,False,8,True
228,247,20:34,temporal_same_od_eb,58.24906579853028,46.71488613456003,15.112097144445602,0.5,1.0,0.1,0.1586539241300797,0.0,False,9,True
218,127,15:22,temporal_same_od_eb,89.33743067022473,105.38230623167773,25.60080377369836,2.3369952898874424,6.6966695239140135,6.025277248546261,0.18590153101246848,0.0,False,10,True
224,199,08:20,spatial_neighbor_gravity_eb,43.175324651090186,32.91634930344649,8.362484180864621,8.227315606206979,8.450900086082427,1.3571403691015587,0.3892307692307692,0.0,False,11,True
176,214,14:57,spatial_eb,15.453654798973416,13.281259671831968,2.497698311847526,3.509628027140331,1.7575410712936246,0.8141389452803637,0.2609804212058259,0.0,False,12,True
165,176,09:24,spatial_gravity_time_fallback,69.92417482573666,58.58349678071301,9.62058717782601,24.47346118900783,17.575049034213905,2.4051467944565026,0.10550000000000001,0.0,False,13,True
97,211,14:44,full_observed_sparse_eb,21.24680734039309,19.742639755391544,2.9533129659638115,3.9619685395368327,5.510715403710057,0.48168934670370284,0.17303413872700985,1.8023119585691205,True,14,True
32,199,03:43,spatial_neighbor_gravity_eb,24.578932721743275,17.520775495992865,5.619252129877158,5.181442976449025,5.721419373482044,1.2639579487833,0.26815987186040746,0.0,False,15,True
153,263,18:06,global_od_time_adjusted,39.41552811920321,45.804070888923704,8.378333333333332,2.071081977024328,14.766718312721963,0.8136833263349914,0.275,0.0,False,16,True
199,65,07:41,spatial_neighbor_gravity_eb,62.349122076668216,58.412668882327175,11.704777348591394,9.651472254274784,13.63749458705936,1.0614189102908416,0.3892307692307692,0.0,False,17,True
230,238,22:34,full_observed_dense_eb,19.02780879013036,13.620022063425473,2.617012632078691,3.848521389733016,3.500324414284471,0.5048846509097235,0.9769526814549476,424.61255389939015,True,18,True
210,231,12:06,full_observed_sparse_eb,52.401745649751454,76.77686214955298,12.652252811169461,5.28617223459949,29.420953075362377,2.733699088137312,0.1351079514524382,1.5834249591721843,True,19,True
157,143,05:31,temporal_same_od_eb,27.025152356832198,16.808203233224244,7.344810487006529,6.672622718289435,1.9339851668433614,0.5329667976930705,0.21836821776099333,0.08208646910548723,True,20,True
74,177,03:23,temporal_same_od_eb,45.382321417295756,36.16384952913131,15.23418998966614,3.223063029831709,6.068643379314787,1.0390034602454343,0.127016345749562,0.4905075788036797,True,21,True
9,113,15:27,spatial_neighbor_gravity_eb,57.864180174627876,55.733776697578314,11.615023575982582,1.771466175261438,2.1582044453292615,0.25,0.1596301728924389,0.0,False,22,True
240,117,02:54,global_od_time_adjusted,59.981726358404856,55.339657765495105,22.1,0.5,1.0,0.1,0.21372549019607845,0.0,False,23,True
214,244,20:11,spatial_neighbor_gravity_eb,86.51731899315584,75.40118566567249,20.880131300655332,1.0,2.0,0.25,0.13019861277381034,0.0,False,24,True
38,253,04:35,global_od_time_adjusted,33.361361284211306,28.850614661232598,12.5,0.5,1.0,0.1,0.21372549019607845,0.0,False,25,True
137,110,09:44,spatial_neighbor_gravity_eb,88.72044386056142,77.59461816761718,18.306799505539672,8.536522016214764,10.877506384655403,0.8964100219586646,0.14812565268320382,0.0,False,26,True
52,39,15:08,temporal_same_od_eb,48.45256353808193,89.16997997109718,10.087385058317578,5.300611718588538,12.61764993950673,1.7761477123442708,0.1363504232698329,0.46712264503430134,True,27,True
165,84,00:08,spatial_gravity_time_fallback,85.15661695151346,60.48757308519211,13.712648520978426,29.804815933029708,18.14627192555763,3.4281621302446066,0.10550000000000001,0.0,False,28,True
100,9,14:32,temporal_same_od_eb,75.65809178598666,69.61987455958061,13.105,5.69999999999998,8.31867127987482,0.125,0.15362367804367488,0.0,False,29,True
67,38,06:24,spatial_neighbor_gravity_eb,82.69874440266389,77.90430644387912,22.763209542815318,7.323476909391006,21.882026450269297,1.8340776135862666,0.1811035033303589,0.0,False,30,True
117,241,14:45,global_od_time_adjusted,78.57789447576013,158.52349346288327,14.55,4.153311931459037,59.251343100782925,8.759423497011664,0.2518518518518519,0.0,False,31,True
65,248,01:52,temporal_same_od_eb,41.74324487965273,40.6757455385042,15.11523895229589,0.5,1.0,0.1,0.16918504072958296,0.0,False,32,True
203,185,11:56,temporal_same_od_eb,63.77171568234335,72.37360026704542,18.4,0.5,1.0,0.1,0.15271571679095652,0.0,False,33,True
154,84,19:20,spatial_gravity_time_fallback,113.3368035363323,92.09876254741869,15.656264145858167,39.66788123771631,27.629628764225608,3.9140660364645417,0.10550000000000001,0.0,False,34,True
114,109,19:29,global_od_time_adjusted,133.6870652297924,82.67964281829497,24.0,0.5,1.0,0.1,0.21372549019607845,0.0,False,35,True
105,245,00:11,spatial_neighbor_gravity_eb,50.80444179257702,28.261162619735202,10.115968352309734,12.014058328714132,6.934248940478066,2.531968531073749,0.1721336724562248,0.0,False,36,True
240,30,16:09,spatial_neighbor_gravity_eb,95.46113715346743,102.12096682767069,21.298748424698886,1.0,2.0,0.25,0.1246241277272922,0.0,False,37,True
230,24,10:04,full_observed_sparse_eb,25.2310818946695,23.913797806852557,3.5888380880985595,4.18709543562335,4.8977471275981195,0.5242733228751973,0.31706885708578836,4.7462387986417625,True,38,True
158,152,01:03,full_observed_sparse_eb,32.33606244175641,25.375611733577184,6.924683471910356,7.22384550326935,3.9326458437993033,0.7357989556095669,0.33702481046374394,5.270876360903884,True,39,True
247,23,15:15,spatial_neighbor_gravity_eb,95.91973123283024,116.29689082841516,22.702116730203777,9.551754928924012,3.0530429491752353,1.3843008664625516,0.13879559576122855,0.0,False,40,True
260,78,21:56,temporal_same_od_eb,31.895974909220406,24.540369428711298,8.126697100670695,0.5,1.0,0.1,0.16062982048193866,0.0,False,41,True
169,143,01:19,temporal_same_od_eb,37.84078944671931,28.20174999551452,9.65,0.5,1.0,0.1,0.15526326815885128,0.0,False,42,True
35,149,21:33,global_od_time_adjusted,26.93834870473101,27.564938565307713,5.2423369555479145,4.7901525819931035,6.1036022081145305,0.6856787882477194,0.3956440330346663,0.0,False,43,True
227,58,06:15,spatial_neighbor_gravity_eb,63.554623593051694,49.99396741739806,18.44812275463732,4.309575442435432,3.8577481293221454,0.8988722034730541,0.13586069867874023,0.0,False,44,True
40,122,07:52,spatial_neighbor_gravity_eb,75.52272412515936,75.32214159073634,17.473275987602392,5.935878374975042,6.074166730990855,0.36719059795657916,0.17089700096249047,0.0,False,45,True
15,221,22:57,spatial_gravity_time_fallback,119.21291848004626,90.41580727217307,18.901178982059992,41.724521468016185,27.12474218165192,4.725294745514998,0.10550000000000001,0.0,False,46,True
45,233,17:04,full_observed_sparse_eb,26.92944504616262,24.316928417669544,4.048401767103041,5.350388945782036,6.605061313828707,0.9851600292753883,0.4600417993572642,8.561504776861511,True,47,True
98,51,16:33,global_od_time_adjusted,45.38859330179451,49.2440745256611,12.285,0.5,3.690161730635685,1.2850000000000041,0.22692307692307692,0.0,False,48,True
90,45,05:37,full_observed_sparse_eb,15.13748682963434,11.076336789549003,2.4854028775852903,4.067944765624212,3.7439543514280356,0.5263745485231539,0.19464630238739328,2.4364823172433354,True,49,True
233,70,11:20,full_observed_sparse_eb,59.59249122194329,33.585437244266146,8.619455999269876,11.32523925063391,9.014443466970333,1.2734812351572857,0.1758148621686565,1.3306718918254887,True,50,True
219,6,13:51,spatial_neighbor_gravity_eb,100.43580381498954,82.1036072392661,20.17278055724158,18.830450954624418,25.11432440429359,2.8577149823785235,0.3415581644841347,0.0,False,51,True
116,133,20:15,global_od_time_adjusted,61.70877152594472,53.88126581180245,17.064999999999998,9.93500000000002,1.3282777528940661,1.0050000000000205,0.22692307692307692,0.0,False,52,True
229,139,14:01,global_od_time_adjusted,99.07459079369623,79.70023806000164,20.435,13.445000000000043,1.7686005074059454,1.0549999999999968,0.22692307692307695,0.0,False,53,True
217,9,09:20,spatial_neighbor_gravity_eb,57.15943820942324,60.253032275348176,12.28919195261697,6.348083261411732,14.510383626453692,1.2207544285260397,0.24687584556468556,0.0,False,54,True
11,13,15:26,global_od_time_adjusted,42.6750617361809,43.43503371642776,10.53625,6.539260159796379,4.059830832114045,1.5702303772058326,0.29655172413793107,0.0,False,55,True
5,185,18:21,spatial_gravity_time_fallback,203.3844898958165,178.2050494920767,27.226921667071327,71.18457146353576,53.461514847623015,6.806730416767832,0.10550000000000001,0.0,False,56,True
176,229,08:19,spatial_neighbor_gravity_eb,80.90295706967608,76.6666889747306,17.908292384739894,1.0,2.0,0.25,0.12646251501184605,0.0,False,57,True
196,180,10:24,temporal_same_od_eb,24.652194069488267,44.9010022170978,4.348950595599522,0.529375079515058,21.00594559746884,0.1,0.17730765431424145,0.0,False,58,True
93,55,13:36,global_od_time_adjusted,71.56553488634165,79.69465278260337,20.42,36.20853835768574,17.255275468963834,2.1168845032263675,0.2518518518518519,0.0,False,59,True
96,55,22:38,spatial_neighbor_gravity_eb,62.39989616422544,62.485879806982375,15.000789067976253,6.9018738809059546,14.368130603697281,1.8462291445271595,0.3137626994843596,0.0,False,60,True
108,196,12:18,temporal_same_od_eb,64.71450687408577,85.82722338949247,15.8,0.5,1.0,0.1,0.15282890409454156,0.0,False,61,True
6,198,07:46,spatial_neighbor_gravity_eb,64.89818703689967,59.55597091543379,15.034336803545656,1.0114166172931918,2.1635829193454392,1.986305868199309,0.15494885564988964,0.0,False,62,True
97,92,11:32,temporal_same_od_eb,49.176031386858476,43.118484464177385,10.980858574412391,0.5,1.0,0.1,0.1591783701590187,0.0,False,63,True
4,168,20:31,full_observed_sparse_eb,32.23848715497286,26.98705657391765,7.126038568885011,8.430579839352266,15.72313910190627,1.6297930015984055,0.09090909090909091,1.0,True,64,True
129,57,08:48,global_od_time_adjusted,17.214759630247663,15.965663256352787,2.2984198118780386,5.27641584446937,5.08701738068625,0.9284451252372581,0.4019633496942842,0.0,False,65,True
186,247,05:15,temporal_same_od_eb,31.353608444263845,16.80908198361709,9.046261207228536,0.6632017613125747,1.0889711784436655,0.12931058826717096,0.1812220633487876,0.02177911038976532,True,66,True
37,83,05:04,full_observed_sparse_eb,17.771114618218604,12.053712603932418,4.73519211599023,4.299638814992947,2.3427113136792475,0.8162281801624908,0.09090909090909091,1.0,True,67,True
21,245,12:36,spatial_neighbor_gravity_eb,37.18570361149342,39.0039896024553,6.094931059271715,1.0,2.0,0.25,0.12487006962943274,0.0,False,68,True
116,142,09:11,observed_sparse_eb,24.921898699740133,24.024916389597482,4.721623460846554,3.4740966535564604,2.8957669809661386,0.5613819855407743,0.9430501203341253,9.983550915097318,True,69,True
122,233,13:51,global_od_time_adjusted,50.473363306702375,64.78590688798525,16.575714285714287,1.7837955405854036,23.762520150134442,4.014274021335275,0.28596491228070176,0.0,False,70,True
24,186,02:23,temporal_same_od_eb,22.99078043311058,18.711357061753922,5.000957453755754,2.8411495450945905,2.952110565825812,0.44090275913401855,0.13399388532286255,0.4790984622532779,True,71,True
4,75,04:59,full_observed_sparse_eb,19.341510580634047,14.766575197240902,5.604865688052913,6.841884796042265,5.079684106217845,0.9151961232303956,0.22767767428736033,2.9517717188828207,True,72,True
161,241,01:41,temporal_same_od_eb,50.46872417779362,30.133793038578503,11.079999999999998,0.5,1.0,0.1,0.1520153843113248,0.0,False,73,True
193,176,20:20,spatial_neighbor_gravity_eb,64.55775924663634,71.15930647443768,20.275587221281484,45.199999999999996,3.7694060412171986,0.8599999999999315,0.1352774247805733,0.0,False,74,True
62,173,22:43,full_observed_sparse_eb,40.73655500416315,34.593116691632524,11.872673343175224,2.677053134995316,2.3712200440412743,0.7045255697902579,0.0999394008275738,0.8823619506846541,True,75,True
132,149,12:59,full_observed_sparse_eb,67.61792462349501,55.656180398317716,14.319468568993532,9.358753082057685,10.482166572078263,1.4360884972032213,0.3437951124417624,5.298160704590231,True,76,True
114,156,05:13,global_od_time_adjusted,67.26587523179748,33.28119026452556,18.02,0.5,1.0,0.1,0.21372549019607845,0.0,False,77,True
169,25,00:37,global_od_time_adjusted,43.65795446156703,57.896097300465996,13.638,0.5,22.02386248788658,1.254183399666884,0.26363636363636367,0.0,False,78,True
204,132,06:46,spatial_gravity_time_fallback,136.62641952745912,99.33953328833229,23.34974708238812,47.81924683461068,29.801859986499686,5.83743677059703,0.10550000000000001,0.0,False,79,True
181,188,10:20,observed_sparse_eb,17.87739703819885,19.241854152085196,2.527763735325017,3.8566913557936213,7.986128247601783,0.47763278512195984,0.931610325718994,7.316316666144772,True,80,True
236,49,03:34,temporal_same_od_eb,37.939376932358805,25.344790329014064,10.95,0.5,1.0,0.1,0.15385922761245815,0.0,False,81,True
37,82,22:46,full_observed_sparse_eb,26.26093075848202,22.49033138971728,5.206738612353939,4.298344023102362,5.3309512897907885,1.0616249197680236,0.16174870849660594,1.9350829521551987,True,82,True
89,130,11:16,temporal_same_od_eb,58.12124437098425,68.04200186572719,12.832023474523307,1.257794619394367,2.208600139207511,0.3050575296792692,0.16995955978115396,0.0762233524437761,True,83,True
57,223,20:34,full_observed_sparse_eb,18.742403600342595,18.757358057445252,5.3844666781310675,1.724470065132062,4.673628808601968,1.4369340982191476,0.11143229580078765,0.7104067479741332,True,84,True
214,176,10:07,spatial_neighbor_gravity_eb,33.00064647640145,13.751025413901774,2.6182055924445713,61.245348326764095,3.2596045194198053,0.5478036955779766,0.15549786852492142,0.0,False,85,True
59,252,03:24,global_od_time_adjusted,23.160779853885572,18.6647473318272,7.92,0.5,1.0,0.1,0.21372549019607845,0.0,False,86,True
140,191,15:52,full_observed_sparse_eb,80.7862462078291,92.29081182970768,15.934666446457797,11.379146551494388,18.691771252380708,2.2734411300994237,0.13678271368665568,0.5634536784261002,True,87,True
165,40,14:13,temporal_same_od_eb,36.58752968570295,38.7539263873708,6.04,0.5,1.0,0.1,0.16085134280430616,0.0,False,88,True
16,36,07:07,temporal_same_od_eb,35.74160384262816,28.736821558186016,10.54,0.5,1.0,0.1,0.15240768852506548,0.0,False,89,True
20,60,07:25,full_observed_sparse_eb,12.53859031320923,12.138060990364785,1.9703328969287235,2.562371833057651,4.300961121288781,0.4619391744656226,0.16892779444677053,1.3042533344532572,True,90,True
1,115,11:02,spatial_neighbor_gravity_eb,71.9338740541956,44.0355199780626,10.706249580922297,1.0,8.06715730855169,0.3370855650415644,0.14291885641588994,0.0,False,91,True
102,172,20:59,spatial_gravity_time_fallback,98.73993668124645,77.32997599242508,15.097393517301338,34.558977838436256,23.198992797727524,3.7743483793253345,0.10550000000000001,0.0,False,92,True
222,129,21:47,global_od_time_adjusted,41.895056189235895,42.1260998299103,11.152857142857142,1.3507186295918978,17.85974755457384,4.817577086004113,0.28596491228070176,0.0,False,93,True
152,98,15:58,spatial_neighbor_gravity_eb,62.41338589793621,70.36544544571814,12.124218548165109,6.333959118409446,15.700420845670639,2.4339284045483827,0.23672069382952088,0.0,False,94,True
184,152,23:18,global_od_time_adjusted,49.95421725740043,31.861167726512143,9.61,0.5,1.0,0.1,0.21372549019607845,0.0,False,95,True
164,14,21:56,full_observed_sparse_eb,60.749858466026495,39.23688485845895,12.99604934290377,8.37093604835316,8.85541735580402,1.3020321607453607,0.3984233392250246,6.712069512440749,True,96,True
116,211,09:18,full_observed_sparse_eb,42.37649272700804,46.837917629436326,9.173430360027508,5.358691532626827,5.4082108492573155,0.9405610925676875,0.5577866908238907,14.284336913143065,True,97,True
143,131,11:22,global_od_time_adjusted,91.97236479539137,83.72102776806285,17.490175793054018,6.787909204243669,19.04916059978423,2.0398724705940254,0.21802937098646036,0.0,False,98,True
145,58,01:00,temporal_same_od_eb,42.03578031701925,38.29779042580266,14.68,0.5,1.0,0.1,0.15164256582101246,0.0,False,99,True
66,117,02:59,global_od_time_adjusted,51.91497001407281,62.38342516286259,19.78875,23.16649614745397,16.713841932320662,3.754828349938251,0.29655172413793107,0.0,False,100,True
17,47,06:43,global_od_time_adjusted,42.82369805232293,48.588420023240914,14.567272727272728,3.366649264881482,22.394327417695898,1.5222835174296434,0.3262295081967213,0.0,False,101,True
63,73,13:39,temporal_same_od_eb,47.27329385308968,58.77884559702454,8.295500867025494,0.5,1.0,0.1,0.1571514211846885,0.0,False,102,True
210,258,00:33,global_od_time_adjusted,33.4307307539245,58.632120674229036,10.399999999999999,0.5,19.88579393359098,0.20000000000005114,0.22692307692307692,0.0,False,103,True
81,257,11:38,spatial_neighbor_gravity_eb,85.33410373214974,108.22744325979818,19.351208239137474,1.0,15.595240737685547,2.830455072625815,0.17472504211749484,0.0,False,104,True
191,259,23:12,global_od_time_adjusted,42.70588124840518,39.75741350787541,14.325,2.7459424611597223,4.6265331590446825,1.0568230693924228,0.2518518518518519,0.0,False,105,True
201,45,06:50,global_od_time_adjusted,54.06088690451256,49.64579580806455,19.37,0.6599999999998446,17.034588448846097,3.5699999999999963,0.2269230769230769,0.0,False,106,True
53,103,13:28,spatial_gravity_time_fallback,92.26625973558967,80.7887633296915,12.34563653189772,32.29319090745638,24.236628998907452,3.08640913297443,0.10550000000000001,0.0,False,107,True
184,199,17:17,spatial_neighbor_gravity_eb,36.455108550063834,32.93513243360989,7.457204923481488,5.232727497166304,4.178955071706987,1.0471662014307699,0.16405189772302045,0.0,False,108,True
253,193,21:58,spatial_neighbor_gravity_eb,38.10995275387582,29.975522720374922,8.054807687366482,5.516378278192954,4.276955901635512,1.3299570153959683,0.298336839485395,0.0,False,109,True
57,30,19:52,spatial_neighbor_gravity_eb,89.55962740343013,54.654217393814704,16.564966237627893,1.0,2.0,0.25,0.12687424602819575,0.0,False,110,True
244,221,18:56,spatial_neighbor_gravity_eb,95.47888013441258,80.25015473282228,21.26825437756532,1.0,2.0,0.25,0.12643277557188856,0.0,False,111,True
206,6,18:05,temporal_eb,17.793247181801068,15.74633022952683,2.771200428029389,3.754812965803138,3.889339462074132,0.7141571312836326,0.3779172198919364,0.36152259507137785,True,112,True
197,173,13:36,full_observed_sparse_eb,30.881757581541194,28.658211652727324,6.369198891480634,3.6867577561579084,6.433935457908348,0.8102111794724164,0.14196566037009545,0.5740237752697794,True,113,True
182,201,21:55,spatial_neighbor_gravity_eb,74.93710817016174,97.01673527859722,20.74344121851605,1.0,2.0,0.25,0.13753971969045328,0.0,False,114,True
108,179,12:17,spatial_neighbor_gravity_eb,90.5455091986147,124.54410867281982,18.17498579057937,4.11081436691548,28.917727350644675,4.506546892222557,0.2588602032545583,0.0,False,115,True
136,124,11:25,spatial_neighbor_gravity_eb,74.01414995080282,92.39577141783931,16.810180240742085,2.9927711976781914,27.665913624259517,4.273764414884366,0.25224778714101415,0.0,False,116,True
252,167,15:04,global_od_time_adjusted,33.58579129618187,31.641359778177797,7.85,4.306799275564209,2.416517412427436,0.2036663938896328,0.26363636363636367,0.0,False,117,True
45,197,07:53,temporal_same_od_eb,49.41875411442839,42.39235323124535,11.5,0.5,1.0,0.1,0.1586708065207287,0.0,False,118,True
248,88,10:45,global_od_time_adjusted,62.96101814317742,58.523481228413964,14.697999999999999,5.105563240231246,8.36663304602117,0.6237756006770799,0.26363636363636367,0.0,False,119,True
55,199,16:40,spatial_neighbor_gravity_eb,104.39411994239549,133.15729004366645,21.662797994708413,2.788815544150627,34.97159849228564,4.787300276286815,0.23874801676940446,0.0,False,120,True
62,23,16:43,spatial_neighbor_gravity_eb,66.90525452351186,58.67255756042582,14.073963867656659,1.0,2.0,0.26217431959389004,0.1404446712351897,0.0,False,121,True
176,192,18:07,spatial_gravity_time_fallback,154.6852530709187,136.24840101845382,20.44952694408152,54.13983857482154,40.874520305536144,5.11238173602038,0.10550000000000001,0.0,False,122,True
80,15,21:57,temporal_same_od_eb,37.181985253842896,34.504122663985385,11.43,5.389999999999989,1.6492687685695722,1.6300000000000021,0.16090322180243097,0.0,False,123,True
49,184,14:53,spatial_neighbor_gravity_eb,73.29286929173449,101.66924161283964,15.307553175705547,2.6810055936600983,39.751596347419905,6.471619288917352,0.27284279230943975,0.0,False,124,True
206,10,16:03,spatial_gravity_time_fallback,126.07924505885022,112.70931301401984,16.590488521529004,44.12773577059758,33.812793904205954,4.147622130382251,0.10550000000000001,0.0,False,125,True
229,236,13:06,observed_dense_eb,17.47299202173652,15.688193511726151,1.8530224157868542,4.706459883809307,5.601424109100659,0.3944854846962079,0.9949999999999999,315.50038283127503,True,126,True
44,76,11:56,spatial_gravity_time_fallback,155.33132702761725,137.7265514638171,20.96168582131662,54.36596445966604,41.31796543914513,5.240421455329155,0.10550000000000001,0.0,False,127,True
50,260,04:50,global_od_time_adjusted,25.227556909139082,18.115102773006747,5.947941176470588,9.103435931627457,8.183857988817845,1.7981146652761006,0.4833333333333333,0.0,False,128,True
146,72,00:38,temporal_same_od_eb,21.979959148434748,35.679981122671066,9.160203746631282,0.8200951483218737,1.0,0.46596515545213624,0.16064251341143265,0.0,False,129,True
192,193,06:15,global_od_time_adjusted,25.100071385264194,18.83570024464512,8.538,3.2500732299442716,3.255440086549771,0.6033042350257405,0.26363636363636367,0.0,False,130,True
106,243,11:35,global_od_time_adjusted,71.37501482620681,68.6945265142126,16.31875,8.541313935806363,23.48808140474229,2.192734807836991,0.29655172413793107,0.0,False,131,True
252,146,02:28,global_od_time_adjusted,30.917038145239953,22.384802472569895,8.69,4.234083922959759,3.855305489972168,0.9289061667717907,0.23962264150943396,0.0,False,132,True
150,120,17:27,spatial_neighbor_gravity_eb,91.28626845894169,136.8446178228891,20.509156565584686,2.5,5.551517049356866,0.25,0.13585499660369735,0.0,False,133,True
152,53,19:05,spatial_neighbor_gravity_eb,43.87880358994774,35.49884959963924,7.892245098404516,7.821717887423403,7.775649678865285,1.7678816356195337,0.35952502742478654,0.0,False,134,True
50,17,04:09,full_observed_sparse_eb,36.29906958983081,28.918603726971956,8.211061983804296,7.7374257331422065,7.1565911742332755,0.9593026670058535,0.09090909090909091,1.0,True,135,True
253,210,14:20,global_od_time_adjusted,78.9952451541793,74.7370269642052,18.91,0.5,1.0,0.1,0.21372549019607845,0.0,False,136,True
179,147,13:20,temporal_same_od_eb,27.68812578111873,28.196651674799533,5.895,1.0,2.054342685253425,1.2049999999999996,0.16031253940481782,0.0,False,137,True
168,90,18:19,temporal_same_od_eb,43.69618595522786,39.127105362994,5.199501750597211,0.5,1.0,0.1,0.16803383977916936,0.0,False,138,True
187,226,15:14,spatial_gravity_time_fallback,101.0205969458228,92.81453388591365,13.638046013244479,35.35720893103798,27.84436016577409,3.4095115033111196,0.10550000000000001,0.0,False,139,True
146,146,05:42,observed_sparse_eb,11.40407433956375,4.954525958606588,0.9603166371256863,3.756244999347639,4.371460832775853,0.4838697152952612,0.8838200083512053,3.5785139704152016,True,140,True
225,15,01:02,global_od_time_adjusted,43.50600740540627,39.82526873413763,15.27,4.629451911403732,3.5351807856581945,0.8964095046350197,0.2518518518518519,0.0,False,141,True
232,222,22:08,global_od_time_adjusted,57.0765186450124,65.47669370028356,16.55,2.608745973749687,10.72792078158602,6.275547784855119,0.275,0.0,False,142,True
81,242,16:57,temporal_eb,18.72984558547759,19.422624692211908,3.423646994742855,4.278445408412622,7.439910409535922,0.874368878263999,0.7180601497338902,0.6095738505307082,True,143,True
234,131,07:15,global_od_time_adjusted,56.30541549913932,43.337073469708656,13.501818181818182,21.768441331811704,18.44505842384547,3.8966998115697318,0.3262295081967213,0.0,False,144,True
21,64,17:13,spatial_gravity_time_fallback,176.2178038606988,171.36037210984418,22.956581124964845,61.676231351244574,51.40811163295324,5.739145281241211,0.23196404887126298,0.0,False,145,True
32,20,15:10,observed_sparse_eb,13.212741592880214,13.100400064606788,1.896921632303747,4.225496782909893,5.897036847712654,0.45254191755632794,0.6089145141105519,1.0,True,146,True
178,32,19:03,global_od_time_adjusted,72.13164100508959,173.7561745951154,8.3,0.5,1.0,0.1,0.21372549019607845,0.0,False,147,True
236,238,13:15,observed_dense_eb,12.70363937864497,11.725021807018154,1.385614995015293,3.321503668393898,3.4888540182683436,0.3631280874015745,0.995,568.0943423636157,True,148,True
197,219,12:19,observed_sparse_eb,34.54575104714573,20.03247288007948,5.112833847209593,8.902176062701612,5.469642108999566,0.8776654469198765,0.8113598305984917,1.7231620522351179,True,149,True
135,174,05:03,global_od_time_adjusted,34.09422539103211,41.699202225546955,15.5,0.8660254037844386,17.511269774018402,2.131900560532788,0.2518518518518519,0.0,False,150,True
99,86,13:03,spatial_gravity_time_fallback,167.2533443525364,148.64258069339783,22.74989674611607,58.53867052338774,44.59277420801935,5.687474186529018,0.10550000000000001,0.0,False,151,True
7,183,23:16,full_observed_sparse_eb,32.675664859637024,28.47190214614605,10.327267453199124,3.45775309548119,4.702650556847074,0.532323797297214,0.09445628761287277,0.9529910494761538,True,152,True
127,247,01:28,global_od_time_adjusted,19.979056344728487,21.0111173930212,3.8653846153846154,2.017793921016765,9.780798384500496,0.9289499066118062,0.34444444444444444,0.0,False,153,True
145,66,07:08,temporal_same_od_eb,24.758028071722308,23.9712408696238,5.843270895270484,0.7757561132250633,1.0,0.404422618268989,0.16920453187026446,0.0,False,154,True
238,253,00:01,global_od_time_adjusted,47.97070046943441,30.423618816757955,10.629999999999999,7.930000000000058,2.0808607209575514,0.5400000000000155,0.22692307692307692,0.0,False,155,True
237,236,12:10,observed_dense_eb,10.990923072914185,9.126904167047059,0.9775175642327667,3.4721649742284395,3.6383736385277112,0.3679306016250494,0.9950000000000001,2623.0345612342817,True,156,True
30,176,19:15,spatial_gravity_time_fallback,117.06911462673077,95.39987590451973,16.076256527120886,40.97419011935577,28.61996277135592,4.019064131780222,0.10550000000000001,0.0,False,157,True
231,128,23:27,global_od_time_adjusted,47.5879884466364,47.31738752603259,12.391428571428571,10.658808372344815,6.52666137121453,0.5383155891011742,0.28596491228070176,0.0,False,158,True
86,88,07:22,global_od_time_adjusted,67.47578730206229,75.41052118392986,20.875,8.27797881933339,17.881083307595457,4.48741295180196,0.3354838709677419,0.0,False,159,True
8,154,02:21,spatial_neighbor_gravity_eb,85.22703542340204,64.29796926774897,23.244824472376884,9.909999999999991,8.935390887117721,0.25,0.13240756504333656,0.0,False,160,True
39,165,11:28,full_observed_sparse_eb,25.33446528235976,31.053817974380767,4.349952033782581,4.669358785742005,11.441335029013178,1.6677292892292441,0.1755452443741598,2.138505812236893,True,161,True
25,93,13:14,global_od_time_adjusted,52.83006872442154,54.563739121534304,11.553846153846154,11.783104241333445,20.103807370577023,1.3955894175885823,0.34444444444444444,0.0,False,162,True
20,120,05:30,global_od_time_adjusted,14.669409232571887,13.587983017388062,3.025,5.670000000000003,4.783764702158549,0.47499999999999903,0.22692307692307692,0.0,False,163,True
132,136,07:56,full_observed_sparse_eb,93.809522279157,74.10253687804652,22.11895506319757,14.23032874204955,15.441138336191589,1.8937927726245485,0.24506311941745268,3.2601487733976384,True,164,True
51,135,19:36,global_od_time_adjusted,46.65631413316795,48.76887976616787,12.422,3.1903057324756317,16.876652699645458,1.1265771167567658,0.3615384615384616,0.0,False,165,True
14,262,23:50,temporal_same_od_eb,48.732409534907234,40.36845587001038,14.45923714437639,7.113862530914977,2.3566683360558374,1.1797830061976728,0.20407178338520338,0.0,False,166,True
75,244,22:11,observed_dense_eb,24.315432066349803,20.225390667712475,4.864898251313814,4.1147653387727985,4.623553894637139,0.766237824849622,0.9781314335783582,21.72443818495381,True,167,True
110,89,14:07,spatial_neighbor_gravity_eb,60.306458087551704,64.01574858459941,12.925210670012804,1.0,2.0,0.25,0.13592882232519832,0.0,False,168,True
166,236,16:54,observed_dense_eb,18.926161897214314,16.99124042351901,2.4008764507861127,3.561459079320495,2.8627992351998253,0.5480810333875429,0.9913316151039534,94.72621046922765,True,169,True
147,244,11:08,temporal_eb,26.60722167762306,28.369724071446697,3.95263881023131,41.77287340271597,9.555680520278013,1.1655128548599312,0.6514500472726674,0.0,False,170,True
239,30,14:12,spatial_neighbor_gravity_eb,87.37733918481625,99.95427974343777,18.202998285918255,8.28853228209357,15.733445869844493,3.6006620425037625,0.16710340740418436,0.0,False,171,True
238,146,13:34,temporal_same_od_eb,50.526583257103226,47.04144233700066,5.265336318306518,0.5,1.0,0.1,0.15440176825943216,0.0,False,172,True
252,113,00:17,global_od_time_adjusted,38.75784666944569,47.273317432770156,12.2,0.5,1.0,0.1,0.21372549019607845,0.0,False,173,True
97,99,07:42,spatial_neighbor_gravity_eb,60.281540573716256,50.61362976823273,14.50070584902629,3.3550000000000884,3.6164099743840286,1.1000000000000165,0.12758094195748584,0.0,False,174,True
14,64,05:45,global_od_time_adjusted,42.243139810397814,56.63575431922872,20.966666666666665,25.80455127814988,22.11445532575215,0.3091206165166281,0.23962264150943396,0.0,False,175,True
202,147,06:40,spatial_neighbor_gravity_eb,26.169354020453767,20.570537859660753,5.581366163740357,4.910711562443195,8.099687835242225,1.362910252241955,0.3892307692307692,0.0,False,176,True
65,135,04:37,global_od_time_adjusted,33.88500714509651,22.51899568439211,11.820833333333333,8.394992885974114,5.65791441948768,1.1826274302961624,0.3354838709677419,0.0,False,177,True
137,180,04:04,temporal_same_od_eb,31.27730161883272,35.80000773616782,16.58,0.5,1.0,0.1,0.1553765213643214,0.0,False,178,True
100,37,15:54,temporal_same_od_eb,68.47861303277361,78.15116957346474,8.037647540900661,10.796602210264709,18.653533791470444,1.5840759848029862,0.17887998390626167,0.7613113926094428,True,179,True
43,34,02:15,global_od_time_adjusted,44.58568014378845,30.024501601097953,9.046666666666667,5.145863735102912,5.438699431827861,0.8380002651816084,0.30677966101694915,0.0,False,180,True
32,76,04:04,temporal_same_od_eb,53.478422865695684,40.40148860648081,18.75452517808824,0.5,1.0,0.1,0.16058927654515065,0.0,False,181,True
198,192,10:31,full_observed_sparse_eb,31.8413612196948,26.19798087934592,6.58500108048697,4.426711718279179,5.720611420113448,0.6988362323938249,0.09585262428652164,0.9317499696931648,True,182,True
239,250,05:15,temporal_same_od_eb,25.70447554814904,19.434533595447,10.5,0.5,1.0,0.1,0.1616563400539492,0.0,False,183,True
248,247,00:23,observed_sparse_eb,21.35100010894578,17.733996445626417,4.168996473848229,4.4441553857587515,7.765628228882811,1.1408663954264315,0.6796538230711708,0.5416655655305789,True,184,True
135,159,15:04,global_od_time_adjusted,42.83895350434725,50.30415626162971,12.48,0.5,1.0,0.1,0.21372549019607845,0.0,False,185,True
113,238,08:47,full_observed_sparse_eb,37.048821665423645,30.56560113481034,5.297859365632706,7.0665194890075425,7.328235308358424,0.6634669779043909,0.4063357265199137,6.852331761341652,True,186,True
84,239,12:36,gravity_prior,102.41601474721932,95.51388083271898,20.759237890541165,35.845605161526755,28.6541642498157,5.189809472635291,0.05,0.0,False,187,True
118,188,17:24,spatial_neighbor_gravity_eb,67.3097539279147,62.1734204972983,11.968375755488463,1.0,2.0,0.25,0.13038393818467114,0.0,False,188,True
260,39,00:25,temporal_same_od_eb,44.28804890545838,42.436182109830156,16.254984122159755,2.2595170813031396,3.574406862807272,0.9224209415706659,0.14129516888240423,0.3182598857071852,True,189,True
107,41,16:14,full_observed_sparse_eb,39.058748780096764,35.57096578841473,5.941468455534078,5.607371493504746,8.915888740798222,1.0313281811258344,0.2967389717078502,4.308691207819805,True,190,True
175,169,03:30,global_od_time_adjusted,34.32768166418292,31.708203727580617,13.6,0.5,1.0,0.1,0.21372549019607845,0.0,False,191,True
37,151,21:30,full_observed_sparse_eb,45.28759807484174,36.723326889120216,11.070081944143933,5.597539500823383,10.698869881065963,1.9032389742615483,0.09090909090909091,1.0,True,192,True
152,123,19:36,global_od_time_adjusted,63.39227146589813,87.6913338921822,7.56,14.816244088462135,26.250662582657384,6.500297429092508,0.23962264150943396,0.0,False,193,True
107,55,17:28,full_observed_sparse_eb,71.43007364857851,78.13028027002358,14.177528034896667,10.63634042377918,25.612581301935805,3.490047981016699,0.09885152771507633,0.8879280250919379,True,194,True
246,257,19:35,full_observed_sparse_eb,49.47454376677378,30.52960617145318,8.413019899367853,8.579224369180023,7.747016906667163,1.1724661890919066,0.18980431912392995,2.3609473783333073,True,195,True
49,242,10:50,temporal_same_od_eb,53.72252874727802,92.93069616770707,17.37202361367001,1.7158740604266143,9.006233660412665,0.2975795348193133,0.1745080481544764,0.0,False,196,True
125,19,19:55,spatial_neighbor_gravity_eb,66.71684369910616,87.49600625362845,15.596471917162493,6.422348841232258,17.513355380770065,2.621317395907983,0.198968765300924,0.0,False,197,True
15,12,05:42,spatial_neighbor_gravity_eb,56.333252214682936,40.63827843873657,16.71747977007454,14.252588361417018,11.741596550933238,1.1776751462096624,0.15371381151001293,0.0,False,198,True
33,109,15:48,spatial_gravity_time_fallback,98.70951251739261,89.69116780289555,12.86851353279144,34.54832938108741,26.90735034086866,3.21712838319786,0.10550000000000001,0.0,False,199,True
262,255,04:03,global_od_time_adjusted,34.37088618652318,19.0760546056084,7.267273355728388,6.964600890036066,3.2111111043213807,1.3162747901617031,0.6256006185387958,0.0,False,200,True
104,29,00:27,spatial_neighbor_gravity_eb,49.51964570573352,41.68476587332995,11.925612263086782,10.09520086751896,17.760552142635532,0.7894178586499898,0.14927739893203765,0.0,False,201,True
103,165,10:15,spatial_neighbor_gravity_eb,44.90523175036477,36.97410583727557,7.649978508772704,14.988769790879244,12.011443039563877,3.022957156696343,0.21652192814840246,0.0,False,202,True
145,210,05:38,temporal_same_od_eb,38.84321861980964,32.96347818956298,16.72,0.5,1.0,0.1,0.15231551881273503,0.0,False,203,True
193,87,07:10,temporal_same_od_eb,29.729605586983414,25.71854931289033,7.8960806815469695,2.642915982519809,4.426982660327049,0.5694135806462626,0.2532008656839736,1.2219959934291467,True,204,True
22,83,21:23,global_od_time_adjusted,64.52993661482756,48.018572212548804,14.805,0.5,3.8332422452935964,0.7150000000000171,0.22692307692307692,0.0,False,205,True
263,234,20:25,full_observed_dense_eb,25.215751931418552,21.881489311848814,3.959148325538796,4.428655832334105,4.718645596181796,0.6267064049373336,0.8328838695093911,50.178349765636455,True,206,True
54,218,06:12,spatial_neighbor_gravity_eb,68.40003369299575,57.53013841165596,18.246417815661722,17.087731889301,8.598887181512698,6.184148425725607,0.19567610138862346,0.0,False,207,True
160,252,18:38,global_od_time_adjusted,32.0640712433608,29.626424763679594,7.823636363636364,3.881572485305077,8.239153646237472,1.370472862835516,0.41388888888888886,0.0,False,208,True
92,104,14:02,spatial_neighbor_gravity_eb,70.4766001127977,67.15917526900591,5.45479799320477,1.0,2.0,0.25,0.1252451993297571,0.0,False,209,True
115,118,20:23,temporal_same_od_eb,30.115750445814086,3.894030909450895,0.66,0.5,1.0,0.1,0.15456842252570013,0.0,False,210,True
142,4,00:20,full_observed_sparse_eb,27.07658374293132,21.636529062678882,4.692258788800067,7.656345360208257,4.14281400461768,0.7820685383084467,0.5152649288415108,10.64112701134345,True,211,True
238,244,03:32,full_observed_sparse_eb,18.760091592078833,14.117691886706403,4.381493521184134,5.508491555614674,4.208533115878765,0.8190801106687137,0.2474612692045918,3.3254947494895397,True,212,True
95,113,09:41,full_observed_sparse_eb,38.92212061506987,47.74248613762919,9.470174478183003,5.171293103351633,9.740079255685911,1.8641421937923037,0.115649990973511,0.7276714539285436,True,213,True
209,179,12:34,full_observed_sparse_eb,63.38666887898004,53.08761380994082,10.859086867925804,7.104852657010854,14.20447135599436,1.287964617343691,0.11056182288659258,0.7226895801805284,True,214,True
220,191,13:08,spatial_neighbor_gravity_eb,72.66560169462022,78.23261691669926,15.685727379992585,9.936463999826906,14.666655173582766,1.188606993136908,0.16953172615521814,0.0,False,215,True
199,216,08:52,spatial_neighbor_gravity_eb,56.32539581435782,43.559681349034264,10.955691145845234,14.825206405294102,11.782158405885124,1.9438275930105238,0.3892307692307692,0.0,False,216,True
176,140,15:35,global_od_time_adjusted,36.90309537650911,113.42979982927122,22.43,0.5,1.0,0.1,0.21372549019607845,0.0,False,217,True
86,121,08:27,temporal_same_od_eb,43.46186892798966,54.73231050033853,10.661744008874539,0.5,1.0,0.1,0.1574481897833158,0.0,False,218,True
63,169,17:16,temporal_same_od_eb,63.77047778206954,65.23498009768376,16.0,0.5,1.0,0.1,0.15649608407794915,0.0,False,219,True
55,53,20:11,global_od_time_adjusted,62.50653496659709,100.43231739555755,5.4,0.5,1.0,0.1,0.21372549019607845,0.0,False,220,True
4,236,21:27,full_observed_sparse_eb,26.545752796814206,21.48785653311975,5.100605719844951,6.199961400749673,5.682738010741632,0.8445243971410756,0.23076923076923078,3.0,True,221,True
222,212,21:31,global_od_time_adjusted,54.63492031960959,64.14244233029558,16.335713241241866,3.109958236783193,19.504655621548512,0.46124084866387266,0.23176527243384235,0.0,False,222,True
134,204,23:04,spatial_gravity_time_fallback,143.79935016271833,108.84178660859344,23.047940808297028,50.32977255695142,32.65253598257803,5.761985202074257,0.10550000000000001,0.0,False,223,True
130,178,19:33,global_od_time_adjusted,63.42641062655686,58.39640506189262,17.05,0.5,1.0,0.1,0.21372549019607845,0.0,False,224,True
89,171,13:12,temporal_same_od_eb,66.9785417822459,80.66811336095178,16.706099911665298,2.3097389502290726,3.0874387303216606,0.4764430088450746,0.14792282404847729,0.21287291546693865,True,225,True
219,181,02:58,temporal_same_od_eb,74.58764682206602,48.581871097953034,19.5,0.5,1.0,0.1,0.16106836619943718,0.0,False,226,True
43,260,10:24,temporal_same_od_eb,30.836235799740763,28.416408410110698,5.085529496203678,0.5,1.0,0.1,0.1618196143425007,0.0,False,227,True
169,39,22:20,global_od_time_adjusted,63.277072397124584,69.372158401618,20.862000000000002,8.361912699855257,22.49412447279303,3.1816624585269695,0.26363636363636367,0.0,False,228,True
173,6,05:41,spatial_neighbor_gravity_eb,63.837313703796816,36.99374622596753,17.62251660937228,3.136910117666169,4.078083785719457,0.9945234507241743,0.1663873697939502,0.0,False,229,True
91,44,21:22,spatial_gravity_time_fallback,113.05291901646147,88.34897632763796,17.413596046451506,39.568521655761515,26.50469289829139,4.3533990116128765,0.10550000000000001,0.0,False,230,True
52,150,23:58,global_od_time_adjusted,36.22378773638405,46.42157880796434,12.88,1.5299999999999738,2.3712937965786614,0.579999999999998,0.22692307692307692,0.0,False,231,True
131,190,07:01,spatial_neighbor_gravity_eb,53.75418399368807,56.60484631487806,12.903631734651942,2.4725363809147387,9.950893058650136,1.5229599780388037,0.22515155741881476,0.0,False,232,True
218,193,16:34,temporal_same_od_eb,53.2279949081327,80.31802601815453,11.9,0.5,1.0,0.1,0.15273511916704408,0.0,False,233,True
200,238,09:09,temporal_eb,34.241633723662545,33.11679271441428,8.866704588325256,9.56189820575899,11.79196271657239,0.811147137452584,0.5549309966430289,0.0,False,234,True
200,16,05:21,global_od_time_adjusted,33.935164141676054,27.942678332610974,10.2,0.5,1.0,0.1,0.21372549019607845,0.0,False,235,True
186,19,11:29,global_od_time_adjusted,74.73005511545249,57.29350548681226,14.612857142857141,21.90808256403681,24.03264842531851,5.063543971471016,0.28596491228070176,0.0,False,236,True
189,205,20:39,temporal_same_od_eb,40.0959065611451,54.21022598835843,13.0,0.5,1.0,0.1,0.1583202029868564,0.0,False,237,True
21,245,20:56,spatial_neighbor_gravity_eb,33.07595109543424,30.498337048614754,6.094931059271715,1.0,2.0,0.25,0.12487006962943273,0.0,False,238,True
66,26,18:58,full_observed_sparse_eb,34.52889151398689,31.72522273787133,6.4408107505062135,9.426134816391285,7.613009197670134,1.7253495106766266,0.10414453708773079,0.8587690330890752,True,239,True
129,164,09:53,full_observed_sparse_eb,37.403318174027596,37.2321994446809,7.0761557851896875,11.542389858862638,12.834263925635032,1.253700090034128,0.17734898704963958,2.33117440056445,True,240,True
156,228,13:00,temporal_eb,39.510293423457476,37.5055283913241,9.627878077762286,11.388687907081238,8.760401656785417,1.0583390915264541,0.20752616112263805,0.0,False,241,True
24,5,08:06,spatial_gravity_time_fallback,140.93688684722656,119.77211633362049,20.81311356558456,49.32791039652929,35.93163490008614,5.20327839139614,0.10550000000000001,0.0,False,242,True
15,46,07:18,spatial_neighbor_gravity_eb,22.96855005377396,18.408373742132486,5.013873606984696,1.0,2.0,0.25,0.12283752524795138,0.0,False,243,True
19,91,19:40,temporal_same_od_eb,57.868910741955176,67.22761165908311,19.82,0.5,1.0,0.1,0.1526829148161385,0.0,False,244,True
14,121,20:26,global_od_time_adjusted,56.42302978282462,65.39416720488025,20.6,4.5,12.656935588041348,0.19999999999976695,0.2269230769230769,0.0,False,245,True
50,175,18:25,global_od_time_adjusted,95.56989203358322,72.46377039678399,18.740000000000002,0.5549999999994245,3.5386110425225743,2.8599999999999888,0.22692307692307692,0.0,False,246,True
242,27,09:26,spatial_neighbor_gravity_eb,87.64871333333681,107.20937994160074,20.59162066320819,2.943663723210334,14.145692968911035,4.033546257306272,0.1320358388488057,0.0,False,247,True
187,110,22:25,spatial_gravity_time_fallback,41.30412858176399,23.981396419436496,6.19564682593696,14.456445003617397,7.1944189258309486,1.54891170648424,0.114,0.0,False,248,True
102,189,19:34,spatial_neighbor_gravity_eb,42.60336203467179,45.85258154258418,7.10921986745465,6.175355995665363,10.087969837206096,1.25052851720281,0.36137220373035767,0.0,False,249,True
188,64,19:43,global_od_time_adjusted,64.74838707815233,47.69105805996162,14.1,0.5,1.0,0.1,0.21372549019607845,0.0,False,250,True
107,149,11:49,full_observed_sparse_eb,64.36450055978477,82.09321525602344,13.732350955483845,7.8589739828960425,19.58898761540191,1.802407274334491,0.11159617075448039,0.730508948085884,True,251,True
220,149,09:35,temporal_same_od_eb,72.20021236262815,120.00945490444316,21.150797993201355,5.298989314209765,11.855895409362654,1.117438758330177,0.1375939903168281,0.34125143166811966,True,252,True
223,53,13:57,temporal_same_od_eb,33.70998925412387,35.57682317740779,6.501122441510122,3.3083162975163782,6.190842179781477,0.4449337076048465,0.1828747508728499,0.0,False,253,True
177,175,05:15,global_od_time_adjusted,30.48336220490504,23.657185978088073,10.905,2.6130585527308603,8.893130012884837,0.6519777603569057,0.2518518518518519,0.0,False,254,True
59,187,18:15,spatial_gravity_time_fallback,146.75628622679702,128.68246018587544,19.42170036334862,51.36470017937896,38.60473805576263,4.855425090837155,0.10550000000000001,0.0,False,255,True
225,138,18:12,full_observed_sparse_eb,55.041062659492894,39.93334201104829,9.561107532504362,6.0225946447129415,8.662397108144726,1.46660718627865,0.10796188081430061,0.7778529244353649,True,256,True
112,142,23:08,full_observed_sparse_eb,30.416082467302466,24.829286323677536,5.322622921697974,6.367405365952147,4.876322056359481,0.6554854411638174,0.3287529414861492,4.964065889289742,True,257,True
11,135,13:19,global_od_time_adjusted,63.927723331519495,87.96542857460622,17.225,0.5,18.577239264119275,6.651832454294075,0.29655172413793107,0.0,False,258,True
165,121,10:34,spatial_neighbor_gravity_eb,67.39375035463681,81.99748991383314,13.13935766885998,7.505709234090847,19.80593803107896,2.458942930225929,0.2596113610567653,0.0,False,259,True
235,12,12:26,global_od_time_adjusted,50.59705666591823,54.274385960353165,13.11,0.5,1.0,0.1,0.21372549019607845,0.0,False,260,True
107,256,06:08,temporal_same_od_eb,13.221650881818164,8.768395587813893,3.3454450837954393,0.9740367999395155,1.0101084219299328,0.11110960118485105,0.16763216979558765,0.0,False,261,True
86,223,11:50,global_od_time_adjusted,73.15522881986888,63.97289963827312,16.25,1.9350000000000955,2.1542907628661823,0.5500000000000083,0.22692307692307692,0.0,False,262,True
23,142,23:07,spatial_neighbor_gravity_eb,86.13327837807249,68.59202475118943,13.484320396584902,33.159999999999975,34.84809619629692,9.844999999999999,0.1344274760233658,0.0,False,263,True
173,25,08:42,global_od_time_adjusted,41.14921516734282,43.47317632576318,8.629999999999999,5.761924678438654,12.582123642193652,3.3968691467290917,0.26363636363636367,0.0,False,264,True
48,236,10:21,observed_dense_eb,21.80061895388422,19.00047337141503,2.821131417444562,5.364244528010385,6.032501649191071,0.6353794868722891,0.995,121.6031462257805,True,265,True
154,124,20:41,temporal_eb,31.52307555459428,23.05829488175923,7.479324014060614,3.642879184106996,4.287533912240357,1.7774894514454918,0.37434208059753793,0.0,False,266,True
18,241,19:24,full_observed_sparse_eb,11.033950614221347,9.249213238264737,1.1998453113650978,7.470920215411502,3.5340877445760075,0.5210467437188567,0.12049874720402873,1.3905834630931793,True,267,True
23,78,15:24,spatial_gravity_time_fallback,162.7354138209603,152.02097659457831,22.25456115491593,56.9573948373361,45.606292978373496,5.563640288728982,0.10550000000000001,0.0,False,268,True
52,185,05:00,global_od_time_adjusted,39.17046114965264,31.280994454722286,17.1,0.5,4.945652632189661,1.0000000000000284,0.22692307692307692,0.0,False,269,True
209,136,07:17,global_od_time_adjusted,46.19538189213101,40.73913078836962,14.356666666666667,5.956846667677656,2.4516284368082855,0.2614489540150075,0.23962264150943396,0.0,False,270,True
251,227,18:13,spatial_eb,39.81984277557874,32.93680958818454,8.345834351941269,0.6400000000000535,3.8333333333333277,0.25499999999998324,0.15088769394878324,0.0,False,271,True
233,180,00:50,global_od_time_adjusted,54.51815081509408,43.64717411500278,10.873333333333333,1.3735598518691385,9.269608801682601,0.1481740718059343,0.23962264150943396,0.0,False,272,True
17,131,18:03,global_od_time_adjusted,48.639595833387325,55.11753735158912,12.140999999999998,2.095008591867789,25.88334652774824,1.07696285915531,0.31666666666666665,0.0,False,273,True
124,27,05:06,global_od_time_adjusted,33.31342450992673,19.590490460320616,10.665,12.480000000000006,1.841824741619217,0.7350000000000239,0.22692307692307692,0.0,False,274,True
229,10,10:35,global_od_time_adjusted,77.65436195444481,57.223805606439235,15.23125,14.983824703138254,14.093845262057371,1.9816844949436359,0.3696969696969697,0.0,False,275,True
23,19,00:07,spatial_gravity_time_fallback,152.10991180016381,110.20557196031419,24.979723848946776,53.23846913005733,33.061671588094256,6.244930962236694,0.10550000000000001,0.0,False,276,True
186,212,06:09,temporal_same_od_eb,39.152677281799555,28.29064788137076,13.19,0.5,1.0,0.1,0.15937203770965172,0.0,False,277,True
223,10,02:57,temporal_same_od_eb,28.79361591457937,27.905185791000218,11.18994771514332,0.5,1.0,0.1,0.1643364325287465,0.0,False,278,True
258,58,16:00,global_od_time_adjusted,52.378548304939315,58.43745312739195,14.44,0.5,1.0,0.1,0.21372549019607845,0.0,False,279,True
255,41,02:45,full_observed_sparse_eb,35.77303171817139,26.057820380786566,10.061350639829392,9.586275258563957,5.200335358746717,1.289486099929382,0.09419917577540578,1.0542864002941954,True,280,True
81,191,00:28,global_od_time_adjusted,37.730129172830544,33.07406737294881,12.683333333333332,1.807170901344592,5.159351177069191,0.6355225321646188,0.23962264150943396,0.0,False,281,True
3,71,03:22,global_od_time_adjusted,68.65783748937557,44.783277986955085,18.9,0.5,1.0,0.1,0.21372549019607845,0.0,False,282,True
67,135,21:57,spatial_neighbor_gravity_eb,74.22276297407862,89.3357299970113,17.60235529096063,2.7378082656948974,15.404835091356176,4.601485403953376,0.22950199032901597,0.0,False,283,True
102,171,05:46,global_od_time_adjusted,23.22028982337091,15.344349491556201,7.553333333333334,3.2428759526760014,4.644449232619282,0.8064049162107629,0.30677966101694915,0.0,False,284,True
79,154,22:42,global_od_time_adjusted,74.35166705816144,56.57929817536272,10.91,0.5,1.0,0.1,0.21372549019607845,0.0,False,285,True
65,220,15:12,temporal_same_od_eb,71.09033833759368,72.38386516260022,17.89,0.5,1.0,0.1,0.1536402792578421,0.0,False,286,True
112,1,11:29,global_od_time_adjusted,168.97015559989325,115.04251264327317,25.486666666666668,22.11268313786362,16.589875662416063,11.522217186326985,0.23962264150943396,0.0,False,287,True
39,150,12:38,temporal_same_od_eb,34.26308595165812,37.20523728417707,6.858285048587497,0.5,1.0359589686022213,0.1,0.16384530406343345,0.0,False,288,True
250,247,19:48,full_observed_sparse_eb,27.501583671588257,24.09495348509892,4.836841520542042,3.7900981682993335,6.716575108077133,0.7651935569189079,0.10371583327063148,0.8192901065936127,True,289,True
32,66,00:48,spatial_neighbor_gravity_eb,52.60933093771526,53.34281592589245,13.336161141321636,5.340064596575041,18.326208389570255,2.9973299651606604,0.23549571918171258,0.0,False,290,True
244,176,07:17,spatial_neighbor_gravity_eb,99.10195860834061,75.3577970683199,15.03460699395848,1.0,2.0,0.25,0.13098606516261463,0.0,False,291,True
259,219,22:59,global_od_time_adjusted,55.37139018785186,70.239755149242,16.9,0.5,1.0,0.1,0.21372549019607845,0.0,False,292,True
181,168,20:38,temporal_same_od_eb,44.380444868931846,41.238646156278925,13.359721119836863,0.5,1.0,0.1,0.15318467101545086,0.0,False,293,True
257,31,03:35,spatial_neighbor_gravity_eb,65.80313181216208,51.40767640464168,16.944682895262726,1.0,2.0,0.25,0.13445721352522383,0.0,False,294,True
62,17,17:44,temporal_eb,16.581642923176855,17.73777523527162,2.162836609842918,5.051197921450007,7.722568809008384,2.549544038882085,0.8216669619596095,0.187772173144225,True,295,True
232,58,21:47,spatial_neighbor_gravity_eb,74.60482944209079,74.11303511616602,17.01460518567851,5.444503666647325,10.042418835186174,1.4454079818755479,0.25839388337103575,0.0,False,296,True
205,249,15:31,global_od_time_adjusted,57.85896387719562,69.7171240501733,2.2,0.5,1.0,0.1,0.21372549019607845,0.0,False,297,True
20,55,13:35,global_od_time_adjusted,87.09241881994309,105.53136757779791,16.700000000000003,1.299038105676658,13.458333946422044,4.902550356702102,0.2518518518518519,0.0,False,298,True
145,42,11:12,full_observed_sparse_eb,35.97311144925519,32.73415749988666,7.432954825251579,4.707588181643257,10.423473297295567,1.2419049360581822,0.09090909090909091,1.0,True,299,True
205,68,04:51,temporal_same_od_eb,38.360186194262894,37.648946664357524,16.31745330918458,0.5,1.0,0.1,0.15910095458064447,0.0,False,300,True
12,189,16:04,full_observed_sparse_eb,43.3797402485568,39.59708167573525,5.081959549562564,3.7712174702456456,7.22654911074984,0.26289164584562946,0.11016086573133518,0.7283472972440563,True,301,True
64,46,09:56,spatial_neighbor_gravity_eb,40.38907476560901,35.653410244446334,9.721161528806467,1.0,2.0,0.25,0.1300366211102303,0.0,False,302,True
169,114,08:50,global_od_time_adjusted,62.72923906147062,50.46955559222998,13.254999999999999,1.2799999999999294,5.320320071166968,0.15499999999998268,0.22692307692307692,0.0,False,303,True
129,27,21:26,global_od_time_adjusted,73.44140434471078,52.3602024957807,17.36,0.5,1.0,0.1,0.21372549019607845,0.0,False,304,True
164,55,21:25,temporal_same_od_eb,79.60489755324873,57.358321533841405,19.01396769386875,0.5,1.0,0.1,0.1623027074271974,0.0,False,305,True
57,119,12:40,spatial_neighbor_gravity_eb,43.3090624083804,42.88392405350431,8.518168552159134,3.104539177779671,13.8550239315101,2.557401832067576,0.24738801788624384,0.0,False,306,True
193,61,18:53,temporal_same_od_eb,56.45233705952048,50.28661967909827,2.4802932693475856,5.808555745969786,3.2312216540657426,0.12015112079575457,0.17318821807321833,0.0,False,307,True
191,117,02:14,temporal_same_od_eb,34.39137537254324,28.687128493374534,11.06,0.5,1.0,0.1,0.15168333600140516,0.0,False,308,True
120,59,15:10,spatial_neighbor_gravity_eb,37.954536801973546,45.824615518687345,6.143025947845041,1.395027011070619,2.0,0.25,0.16960979161048345,0.0,False,309,True
150,77,19:37,temporal_same_od_eb,54.024894879075774,42.59655281015269,0.37,0.5,1.0,0.1,0.15909718175249066,0.0,False,310,True
124,183,00:14,spatial_neighbor_gravity_eb,55.735906658238804,49.004424890906776,16.462134311389477,1.0,2.0,4.230731595101765,0.15517130904067566,0.0,False,311,True
202,9,15:38,global_od_time_adjusted,51.47579705114444,51.226564792438694,12.41,0.5,1.0,0.1,0.21372549019607845,0.0,False,312,True
75,143,11:18,full_observed_dense_eb,21.48827562107948,20.004914730312453,2.8261647097977254,4.447773526417063,4.883504093948845,0.5151886245518166,0.747461654719499,29.796154667898143,True,313,True
216,194,04:36,global_od_time_adjusted,39.66445360237096,26.31859208041538,13.76,0.5,1.0,0.1,0.21372549019607845,0.0,False,314,True
143,236,17:52,observed_dense_eb,17.650622893278104,15.360023664638742,2.1987030693005827,3.6038999792894533,3.1328753048486417,0.5734407427980162,0.9949999999999999,176.75844873556545,True,315,True
139,133,23:08,global_od_time_adjusted,56.3073866439017,47.33546931853303,16.96,0.5,1.0,0.1,0.21372549019607845,0.0,False,316,True
75,91,18:01,temporal_same_od_eb,90.00838551267273,84.77982051404435,20.88,0.5,1.0,0.1,0.15588537287786103,0.0,False,317,True
237,242,17:38,temporal_same_od_eb,79.65271495335159,75.67434096431958,10.172049437061098,0.7875664841582658,1.8347650191650586,0.47376981922427835,0.16564214451645887,0.0,False,318,True
164,132,07:17,full_observed_dense_eb,78.23680222014768,47.53665056324601,16.75012727460257,9.27152959153766,11.780077271122362,1.1880898231339274,0.8191567615498072,45.351171098624945,True,319,True
49,133,23:09,temporal_same_od_eb,24.473559814033507,20.803454280751197,4.108070883537234,0.5,1.0,0.1,0.17503443208660546,0.0,False,320,True
107,35,21:54,temporal_same_od_eb,40.36471566606667,45.2710257543212,8.702496217023565,0.5,1.0,0.1,0.15586166532850004,0.0,False,321,True
245,107,10:23,spatial_neighbor_gravity_eb,63.03560417981237,52.23185086174769,11.42358747250789,1.0,2.0,0.25,0.13114326545175348,0.0,False,322,True
45,203,21:45,global_od_time_adjusted,73.00294214172713,82.05445136424977,27.1,0.5,1.0,0.1,0.21372549019607845,0.0,False,323,True
99,117,01:13,spatial_neighbor_gravity_eb,78.20275904177403,59.99986514114911,21.50850555441462,1.0,2.0,0.25,0.12383197090591508,0.0,False,324,True
151,253,20:05,spatial_neighbor_gravity_eb,49.335665272571994,40.84975394395533,9.72692600136953,13.848923155703492,12.214567336180268,1.8815780535440703,0.3066413510093724,0.0,False,325,True
139,216,16:39,temporal_eb,21.77389812994486,19.672008943265023,4.811646557841097,4.579095313365819,5.108653545640252,1.0020367279529565,0.6670744575600374,0.3707523575966434,True,326,True
208,119,02:31,full_observed_sparse_eb,27.908580771894734,23.374420109432474,8.345447150413378,6.929491074756178,9.973804024186604,1.1208510157596652,0.09614090222739548,0.9306658243254269,True,327,True
143,45,00:01,temporal_same_od_eb,27.947214546493488,22.202702012553953,5.351739325035302,2.1708822773063234,1.0568575394640736,0.475404901692551,0.18114428063438648,0.0,False,328,True
34,93,19:36,temporal_same_od_eb,46.6679387487502,39.505540884036165,0.01,0.5,1.0,0.1,0.15257551490569254,0.0,False,329,True
52,247,11:20,global_od_time_adjusted,45.499315739586876,49.477355857418644,12.695,1.8849999999999691,4.865490823257984,0.36499999999997496,0.22692307692307692,0.0,False,330,True
169,107,07:14,temporal_same_od_eb,39.706242676601526,51.48460672747088,11.21507960672273,1.618658008268835,10.477233553298346,0.6230125502955803,0.19017035382401842,0.09660052685051568,True,331,True
131,164,11:22,temporal_same_od_eb,46.534073356087134,68.59560297774658,12.369295752258843,0.8376624692334487,5.167944577642404,0.44640726666261255,0.19496937161792638,0.0,False,332,True
98,83,23:24,temporal_same_od_eb,25.587241980472296,22.466691981683724,8.267122982190248,0.5,1.0,0.1,0.1625572873858609,0.0,False,333,True
65,166,00:46,temporal_same_od_eb,41.17378705808538,30.325273801414248,11.058983686777573,0.8240260324606554,1.1525756197815502,0.459882251343413,0.1740828315609047,0.0,False,334,True
76,176,12:27,spatial_gravity_time_fallback,109.01536689029426,96.01700946112018,14.615848816026311,38.15537841160298,28.805102838336055,3.653962204006578,0.10550000000000001,0.0,False,335,True
27,44,03:54,spatial_gravity_time_fallback,100.29534152127636,64.72097879482018,17.34930417990514,35.10336953244672,19.41629363844605,4.337326044976285,0.10550000000000001,0.0,False,336,True
3,30,06:55,spatial_neighbor_gravity_eb,70.11743402518977,78.68272751715082,19.999467009203165,1.0,9.680349024965818,2.399444389601053,0.1372067873037844,0.0,False,337,True
18,129,02:07,global_od_time_adjusted,35.65098335843526,30.963172576329246,11.888,4.430230994730044,9.00590635832873,3.8016385940801873,0.3615384615384616,0.0,False,338,True
32,142,04:20,global_od_time_adjusted,36.07505176437878,31.010154929516645,12.475454545454546,2.9439987985086016,8.652044057615502,1.9844457143969574,0.3262295081967213,0.0,False,339,True
28,190,07:16,global_od_time_adjusted,41.40221867025057,41.4599671627587,14.61948845447899,5.912125486131556,4.208480030797776,4.689627826190505,0.22005801228268304,0.0,False,340,True
168,17,18:56,temporal_same_od_eb,50.16021339066056,60.427675151245836,6.051861902246541,2.2100062876532727,6.426880771258878,0.6178386366172617,0.14759092278434108,0.26160450819332937,True,341,True
255,56,02:33,full_observed_sparse_eb,26.72050001852916,17.93217458903296,6.703012643842363,4.382109494462958,3.5073557400278874,0.5551477884246565,0.1696582668997056,1.6437018271839996,True,342,True
246,123,04:14,global_od_time_adjusted,48.94343384417426,33.41512613121388,12.682307692307692,15.205916436524163,13.271529970822094,1.9684322299197943,0.34444444444444444,0.0,False,343,True
32,72,02:34,global_od_time_adjusted,49.57192042411488,67.0547088726602,16.65,0.5,14.072171165703164,1.119151464279994,0.2518518518518519,0.0,False,344,True
70,22,13:08,full_observed_sparse_eb,93.98689102855506,79.42445986568288,20.381949154302923,7.022378221624025,6.00853648500709,1.5418697886964259,0.1261563461663876,0.5133791853159266,True,345,True
246,144,10:54,full_observed_dense_eb,24.291511560398433,22.062911150442666,2.9898563049552846,4.708860861813248,5.175244972134591,0.5442485799526129,0.7943125349986364,39.23937062668339,True,346,True
217,220,01:38,global_od_time_adjusted,35.70046116817245,43.94851537986692,16.323333333333334,26.21191374589467,14.307534228008336,0.6557607964968567,0.23962264150943396,0.0,False,347,True
86,172,12:51,spatial_neighbor_gravity_eb,114.95116269429371,94.26916869625987,22.708578095054165,15.964616087429153,21.36139964261171,0.9412495680119288,0.24645137718170684,0.0,False,348,True
247,65,00:52,global_od_time_adjusted,45.69228123804543,35.91469434203442,12.629999999999999,6.54064271311244,12.896818551276699,1.273873559720076,0.34444444444444444,0.0,False,349,True
259,93,21:55,global_od_time_adjusted,40.2137074952343,37.7261947802792,12.4925,1.9118642734253393,6.340340999031271,1.5833725872327087,0.2518518518518519,0.0,False,350,True
134,146,05:14,temporal_same_od_eb,23.87092514285091,18.88037138190969,10.213333333333333,0.5,1.0,0.17913371790060367,0.1597254425775665,0.0,False,351,True
70,178,06:59,global_od_time_adjusted,69.80786224976407,46.18167730220637,17.496470588235294,14.244410279876575,13.516461167022886,2.324369468394719,0.3776119402985074,0.0,False,352,True
9,156,01:35,spatial_gravity_time_fallback,132.1922094210338,96.54487156901062,21.56600529941303,46.26727329736181,28.963461470703187,5.391501324853257,0.10550000000000001,0.0,False,353,True
231,232,18:19,full_observed_dense_eb,16.64247867196848,14.580012080591075,1.7843858629748095,4.548211943489796,4.429312686606206,0.8331098241906477,0.8962199199024721,87.85153421554764,True,354,True
98,60,13:52,temporal_same_od_eb,56.91617342188441,57.76161969201935,14.78,0.5,1.0,0.1,0.13075388788318254,0.4377688868318046,True,355,True
184,223,11:35,global_od_time_adjusted,40.768176844155214,50.61571879616919,12.879999999999999,0.5,1.0,0.6000000000000351,0.22692307692307692,0.0,False,356,True
31,29,17:11,spatial_neighbor_gravity_eb,94.49586539420208,137.99196631481314,21.898877516079924,3.1809388795904674,34.79166346699717,8.33585246177864,0.15115248272871393,0.0,False,357,True
159,43,02:52,global_od_time_adjusted,26.552677868399222,22.598899253932554,4.415,7.4065594872045635,6.739975316859348,2.335883130638174,0.29655172413793107,0.0,False,358,True
47,237,07:43,temporal_same_od_eb,24.954831951463976,52.513396333716614,7.310941611280159,0.5,1.0,0.1,0.15594684799459904,0.0,False,359,True
125,110,13:21,spatial_gravity_time_fallback,104.17921183485008,91.55335884374323,13.982090578534702,36.46272414219753,27.46600765312297,3.4955226446336756,0.10550000000000001,0.0,False,360,True
90,232,16:48,full_observed_sparse_eb,23.251167251978803,21.36703567525142,2.927722708920669,3.7775365273168555,4.746397678096271,0.7858267962225398,0.6563714870603735,19.28656556814755,True,361,True
239,254,00:12,temporal_same_od_eb,37.73489944262927,33.33913248507579,12.707218472208972,4.0317963759570254,3.1546040595160205,0.30992044895633475,0.19658330395385004,0.4209392990468075,True,362,True
76,148,00:52,temporal_same_od_eb,41.25161308332086,34.116447918464985,8.82,0.5,1.0,0.1,0.1589746809736058,0.0,False,363,True
45,153,22:24,global_od_time_adjusted,49.69631855435302,65.12657945769256,15.8,0.5,1.0,0.1,0.21372549019607845,0.0,False,364,True
125,103,06:08,spatial_neighbor_gravity_eb,16.288326635447774,10.21903255776712,2.6373927577579974,4.287624239794657,2.4658468650340564,0.5265703640199995,0.3892307692307692,0.0,False,365,True
197,211,13:06,global_od_time_adjusted,55.084260633570196,76.78879543657825,8.513333333333334,8.083585563075085,35.77476268986359,5.59812667079106,0.23962264150943396,0.0,False,366,True
56,45,22:44,global_od_time_adjusted,31.463694649580237,38.30011190563775,8.997777777777777,11.391205618023877,19.471770792588693,3.7615149955474587,0.30677966101694915,0.0,False,367,True
176,10,14:05,spatial_gravity_time_fallback,140.4394721494543,126.23668620264908,19.211885275380837,49.153815252309,37.871005860794725,4.802971318845209,0.10550000000000001,0.0,False,368,True
224,261,20:39,full_observed_sparse_eb,20.4471454051373,20.82723931880212,3.8102287431206583,4.678808447393866,3.9260964200930943,0.9403997444086305,0.20704952697953627,1.1861467008060913,True,369,True
38,82,18:15,temporal_eb,37.59312879364662,38.82774455894167,9.847772778846917,8.493379239683726,10.768133530213952,1.910001135822433,0.4854365093695523,0.0,False,370,True
8,26,04:53,spatial_neighbor_gravity_eb,59.29435373994874,46.06500091815124,14.896164515263703,8.124619074477758,12.564826219270884,1.8237849777838133,0.23554399199431394,0.0,False,371,True
71,1,15:59,spatial_neighbor_gravity_eb,101.56827471265669,76.4300609040936,13.710915240157757,13.094203127932452,19.22368769464697,5.940692065931566,0.13747380615879262,0.0,False,372,True
235,100,04:41,global_od_time_adjusted,29.809237003306862,29.133927326137844,10.007272727272728,6.3607341000871465,11.645113747726015,2.2639457011467923,0.4783132530120482,0.0,False,373,True
138,229,16:38,observed_dense_eb,50.38518070477197,36.98447983166931,9.190638874695521,9.141372575883654,9.883447432711154,1.0653808834683929,0.9950000000000001,179.45764073864274,True,374,True
141,23,05:25,spatial_neighbor_gravity_eb,67.30909952856837,37.86860559083195,17.863639234612545,24.539847791748276,3.018497448497561,4.801626454918088,0.19809817677370298,0.0,False,375,True
106,70,17:42,global_od_time_adjusted,63.75851523997116,50.58716009632637,12.54,0.5,1.0,0.1,0.21372549019607845,0.0,False,376,True
166,197,03:36,global_od_time_adjusted,43.28938930078314,37.8181240872633,14.153333333333334,7.559696266311804,14.271906373671332,1.6586909162214432,0.3354838709677419,0.0,False,377,True
52,39,20:50,full_observed_sparse_eb,41.90272099595406,53.54060010670051,10.779128271869826,8.530332519642597,14.103403487014159,3.135074741654466,0.11967198640307691,0.6973220255247128,True,378,True
258,254,21:30,global_od_time_adjusted,53.246715567804735,53.967838822779676,17.906666666666666,0.9284515185094746,3.852713157688563,0.48251655124169834,0.23962264150943396,0.0,False,379,True
63,263,18:04,global_od_time_adjusted,68.46828871629916,60.23061732579751,14.77,4.378616219766318,5.114512267847289,4.442908956978521,0.26363636363636367,0.0,False,380,True
173,86,02:34,global_od_time_adjusted,42.37580139354809,52.87749267170085,13.488,3.55434607206442,23.141474923568154,4.1877507089128425,0.26363636363636367,0.0,False,381,True
242,175,01:12,spatial_neighbor_gravity_eb,37.03830119409889,28.473226787771488,9.32890768060788,1.9034804978372062,4.231527890428327,0.5533832225556518,0.16312133625887484,0.0,False,382,True
145,38,15:46,temporal_same_od_eb,70.91989716171695,61.59816940604871,14.803256662475015,0.8263804941401491,1.633374621884553,0.3504289626165591,0.16346355949946978,0.0,False,383,True
56,205,21:24,observed_sparse_eb,35.24231312953175,26.495205094216022,8.628461465156198,5.255455293468268,8.848236323512673,1.963465523143329,0.6525197397921929,1.0,True,384,True
115,18,18:52,spatial_gravity_time_fallback,148.3871504577544,124.83851779411944,20.112161272220096,51.935502660214034,37.45155533823583,5.028040318055024,0.10550000000000001,0.0,False,385,True
110,107,08:48,spatial_neighbor_gravity_eb,73.22563162627026,68.28415901036333,16.79874170829882,1.0,2.0,0.25,0.12389225125145374,0.0,False,386,True
212,44,17:49,spatial_gravity_time_fallback,213.68742042181424,191.09492723956228,28.298326140003503,74.79059714763497,57.32847817186868,7.074581535000876,0.10550000000000001,0.0,False,387,True
60,7,07:42,global_od_time_adjusted,26.01139389920715,31.65386747988474,6.892857142857143,3.0068931012673135,15.762198969563041,1.6550762976432236,0.353125,0.0,False,388,True
241,211,05:39,temporal_same_od_eb,19.991842760367057,31.042533463810003,15.08,0.5,1.0,0.1,0.15482287787666169,0.0,False,389,True
81,142,16:06,global_od_time_adjusted,63.67844569085052,61.62543516102923,15.174999999999997,7.4120384227449065,18.18415472604459,1.7468423893795877,0.38529411764705884,0.0,False,390,True
27,197,19:53,spatial_neighbor_gravity_eb,87.99506874857326,63.45095637933312,19.269114794524448,5.5821410085555225,6.653395749885217,2.773240827232359,0.14611614391623895,0.0,False,391,True
248,67,05:05,spatial_neighbor_gravity_eb,62.11766552466831,45.977809611550754,19.370223277911577,1.0,2.0,0.6660201700134195,0.15948402819530633,0.0,False,392,True
137,70,15:45,full_observed_sparse_eb,48.46760350932598,40.436772331637194,9.302355957920332,7.000452403058381,23.056480750613076,1.4531059489958726,0.16538017980463118,1.9830183734211317,True,393,True
172,167,04:23,spatial_gravity_time_fallback,114.91735526959354,69.05448955972763,20.607920436348756,40.22107434435774,20.716346867918286,5.151980109087189,0.10550000000000001,0.0,False,394,True
101,248,11:21,spatial_neighbor_gravity_eb,52.32899521286849,53.61593977438393,11.88182468359432,2.357840866400189,7.958922792730338,0.8300161025663779,0.18124500061531262,0.0,False,395,True
57,174,12:58,spatial_neighbor_gravity_eb,52.14350721360303,51.786240214883,11.54972878444666,6.089675076380583,11.330248387346815,0.9637375733339812,0.24349623029850748,0.0,False,396,True
236,9,15:18,global_od_time_adjusted,78.71419796551001,62.8811615531696,15.505,17.7443773911625,23.200177501173144,1.990031406787335,0.31666666666666665,0.0,False,397,True
218,18,17:24,full_observed_sparse_eb,74.38096768010938,84.88970961591683,17.239946428853646,5.141935097006944,11.419307925621254,1.2947256827904678,0.12147267717400903,0.5687316680441228,True,398,True
31,18,11:36,observed_sparse_eb,11.795815487483132,10.656401088865255,1.417903616658001,4.695949910521855,4.7261526358839285,0.662698446330781,0.45420978269684276,0.5964179307762478,True,399,True
191,56,08:07,full_observed_sparse_eb,33.287614025420496,28.68940122314907,8.208687559360133,5.559141444294147,8.7363689437638,0.7736647033880395,0.21465530032395239,1.5723789993459576,True,400,True
187,60,06:23,spatial_gravity_time_fallback,109.79867530223319,75.31395909691273,19.511829834019082,38.42953635578162,22.594187729073816,4.8779574585047705,0.10550000000000001,0.0,False,401,True
236,156,07:16,global_od_time_adjusted,91.1024869314731,68.48509814947616,24.2,0.5,1.0,0.1,0.21372549019607845,0.0,False,402,True
15,169,20:04,temporal_same_od_eb,34.176400867338984,69.76923085992283,21.800000000000004,0.5,1.0,0.1,0.15276539297186364,0.0,False,403,True
101,83,05:31,temporal_same_od_eb,30.04562345170945,28.59102018405157,14.88193805493226,0.5,1.0,0.1,0.16705402339644052,0.0,False,404,True
82,103,06:40,spatial_neighbor_gravity_eb,43.539983283472374,33.410119181872496,9.789742508202794,19.39496976725479,10.736334688442858,0.9613764237275577,0.19426281245190297,0.0,False,405,True
81,252,07:41,spatial_neighbor_gravity_eb,35.048295027656394,31.73505643675834,8.015663032730128,4.5138639423294755,7.376257370841929,1.0626877124022585,0.2595888491434958,0.0,False,406,True
123,242,15:06,global_od_time_adjusted,76.46730168786675,97.73570887300048,8.5,2.0,41.24120687897695,3.4000000000000004,0.22692307692307692,0.0,False,407,True
86,73,19:45,global_od_time_adjusted,81.53326087251136,60.24088446276202,15.23,0.5,1.0,0.1,0.21372549019607845,0.0,False,408,True
220,150,18:46,global_od_time_adjusted,82.93561529128061,137.21760362184955,25.2,0.5,1.0,0.1,0.21372549019607845,0.0,False,409,True
21,255,22:57,global_od_time_adjusted,50.40085220083579,52.34441467122609,13.553999999999998,6.492881024630029,12.359043042021957,1.715967365657062,0.26363636363636367,0.0,False,410,True
195,10,02:44,global_od_time_adjusted,74.14003140191785,58.32755145667696,23.03266666666667,17.75420701317481,4.990846407094895,3.9089222157634262,0.3615384615384616,0.0,False,411,True
21,169,23:59,spatial_neighbor_gravity_eb,75.44896509376072,79.42868458797572,19.77132417768389,1.0,15.760438970307636,0.4119687514643029,0.16170616141995264,0.0,False,412,True
18,105,18:27,spatial_neighbor_gravity_eb,68.02466251046407,93.26293426454605,15.293033152734154,4.600000720457172,27.45193166082007,1.4291424436725033,0.1721336724562248,0.0,False,413,True
47,177,20:50,temporal_same_od_eb,55.73632541823173,57.70717791637173,18.815771877621035,0.5,1.0,0.1,0.15914282921167464,0.0,False,414,True
26,263,22:23,global_od_time_adjusted,45.51588111857739,68.5716633372071,9.67,2.5455844122714852,17.14567706904024,7.2294167584022055,0.23962264150943396,0.0,False,415,True
86,206,12:39,spatial_neighbor_gravity_eb,113.25612124558832,93.08008721776456,22.681112052346208,13.283678885989948,23.652054478514362,1.37868500385106,0.2889379553492872,0.0,False,416,True
172,123,17:54,spatial_neighbor_gravity_eb,46.490274762728234,45.189862261600624,9.559669934117803,2.780944438828679,5.868473262622791,1.0179925875927078,0.15009313905177374,0.0,False,417,True
169,180,08:43,global_od_time_adjusted,60.69167309489913,61.19359422366575,17.064844940180294,2.4610124297377314,13.808572406817996,1.2867395969569695,0.239670147711989,0.0,False,418,True
51,183,11:32,full_observed_sparse_eb,14.957036986910492,14.915345187670582,2.2488151016314717,4.040941782603244,5.886622265869668,0.6558305530467038,0.1046851922896304,0.8527655462094756,True,419,True
237,130,20:39,global_od_time_adjusted,55.35325357775953,42.183748853379434,12.8675,5.310779133046323,13.65099602543496,1.5506833171218415,0.29655172413793107,0.0,False,420,True
91,172,17:53,spatial_gravity_time_fallback,77.28734918834556,66.89449025845846,9.93897788597266,27.050572215920944,20.068347077537535,2.484744471493165,0.10550000000000001,0.0,False,421,True
220,153,18:14,temporal_same_od_eb,18.762124718736175,14.589034328434643,0.08023076469035595,0.8468228120239423,1.5171880032302432,0.12457702819892229,0.15541634179998476,0.08976864659669559,True,422,True
79,186,07:51,observed_dense_eb,16.070110133292932,13.12299856674477,2.0216116046513295,3.702778062465817,2.7315682883541976,0.30149165854861604,0.9949999999999999,99.07995234777627,True,423,True
206,183,06:19,spatial_neighbor_gravity_eb,84.65758814996425,73.01647580339268,25.455222619686335,1.0,2.0,0.25,0.12413469854547013,0.0,False,424,True
93,24,14:58,global_od_time_adjusted,82.38625018954205,49.26304664122546,10.066666666666668,22.85604764365194,32.60736330499868,1.103670643303,0.275,0.0,False,425,True
41,109,19:33,spatial_gravity_time_fallback,143.32963503010416,116.93306474160411,20.33308033864954,50.165372260536444,35.07991942248123,5.083270084662385,0.10550000000000001,0.0,False,426,True
255,78,02:33,temporal_same_od_eb,38.65356092814119,35.023333528574284,13.661274826342709,0.5,1.0,0.1,0.15316257630739522,0.0,False,427,True
110,13,01:36,spatial_neighbor_gravity_eb,64.51121327390061,49.61937687048664,15.457588651769969,22.663751287959464,16.802819895706733,2.5792536663262386,0.12936364672409878,0.0,False,428,True
131,126,17:26,global_od_time_adjusted,51.819591128769716,51.95889852034203,12.8,0.5,1.0,0.1,0.21372549019607845,0.0,False,429,True
165,188,11:57,observed_sparse_eb,19.4955055869665,25.79646181739841,3.0931383402733923,3.5641185649169973,13.057538722339558,1.619716602688567,0.7649039924205598,0.7671756120483906,True,430,True
204,197,10:08,spatial_gravity_time_fallback,160.56343088171926,139.02067309957152,22.493541028633782,56.197200808601735,41.706201929871455,5.6233852571584455,0.10550000000000001,0.0,False,431,True
74,84,08:36,spatial_gravity_time_fallback,159.380052981377,137.73063348014887,22.945921558798762,55.783018543481944,41.31919004404466,5.7364803896996905,0.10550000000000001,0.0,False,432,True
81,187,22:56,spatial_gravity_time_fallback,148.24554420172257,113.14041424090358,23.64119244132972,51.8859404706029,33.94212427227107,5.91029811033243,0.10550000000000001,0.0,False,433,True
156,2,19:48,spatial_gravity_time_fallback,122.20464959177176,99.46514853186541,17.690351390396597,42.77162735712011,29.83954455955962,4.422587847599149,0.10550000000000001,0.0,False,434,True
19,104,06:52,spatial_gravity_time_fallback,99.37384001947964,72.23437781601169,16.685102362817503,34.780844006817865,21.67031334480351,4.171275590704376,0.10550000000000001,0.0,False,435,True
80,218,20:07,temporal_same_od_eb,53.71150182527898,47.50333758922419,14.894908586879053,0.5,1.0,0.1,0.1530248430773169,0.0,False,436,True
189,261,18:04,temporal_same_od_eb,31.47299456212719,30.759463641147512,4.168233234684472,2.162585312716237,3.855611521148231,0.24908888578924387,0.157883135976353,0.2524988075487897,True,437,True
4,90,06:37,observed_sparse_eb,16.30137548517048,12.762883520979544,2.0946718428469646,3.4242456025329404,2.6467853379689843,0.3888420042944277,0.969003200590498,4.9601497691458505,True,438,True
79,62,21:36,full_observed_sparse_eb,34.23288153424888,27.755294696189566,5.523023180610203,6.736806285166786,6.027645903274447,0.896916223545113,0.2857142857142857,4.0,True,439,True
162,238,13:27,full_observed_dense_eb,26.273539676828424,23.286048204533635,3.0272728517176084,5.651485244874756,6.6062930218977876,0.4727981905534877,0.9010707083687091,91.21665984258405,True,440,True
60,73,17:46,global_od_time_adjusted,34.865294208150914,31.880280419843956,7.92,0.5,1.0,0.1,0.21372549019607845,0.0,False,441,True
71,30,01:23,spatial_neighbor_gravity_eb,64.3276656811755,56.8287638977131,16.120966314692218,4.289920835753887,14.456187652264443,3.119126395131995,0.25344169448592985,0.0,False,442,True
52,263,12:43,temporal_same_od_eb,68.55578255560356,59.31144318032486,11.72,0.5,1.0,0.1,0.1608590772227701,0.0,False,443,True
258,22,19:49,global_od_time_adjusted,54.92970263708981,50.29084245789413,15.096666666666666,8.557719062668314,13.010742202091706,0.808943069003554,0.3354838709677419,0.0,False,444,True
61,102,06:38,temporal_same_od_eb,19.53514300759977,17.35640611968889,4.615001178049342,2.7015173339618164,5.472353872647834,0.9105346694045849,0.1336384939647651,0.4742570973203968,True,445,True
3,125,04:32,global_od_time_adjusted,53.11879481764055,38.95437050295209,19.12,0.5,1.0,0.1,0.21372549019607845,0.0,False,446,True
151,112,14:48,full_observed_sparse_eb,47.81138883167558,49.31074414246006,8.017414438718845,11.696413814580076,11.39096783250179,2.055290927177839,0.09090909090909091,1.0,True,447,True
197,137,21:04,temporal_same_od_eb,40.49230507563026,39.83080394726247,13.1,0.5,1.0,0.1,0.15199664745126173,0.0,False,448,True
11,251,09:18,global_od_time_adjusted,295.2994897786206,29.335348448018657,8.12,0.5,1.0,0.1,0.21372549019607845,0.0,False,449,True
83,199,16:22,spatial_neighbor_gravity_eb,52.62610360532223,17.761077577345496,4.41874852390178,16.18939402967909,6.1166506235274145,0.795808886164188,0.3892307692307692,0.0,False,450,True
251,133,14:23,spatial_neighbor_gravity_eb,46.194116659738555,45.21914923228479,8.957518146558598,4.365600366787812,6.278007853554799,0.6149451243311452,0.15066433866290718,0.0,False,451,True
117,88,00:22,global_od_time_adjusted,59.241382057160685,97.12806038893295,17.366666666666664,1.6329931618555449,12.050474555418276,1.8080068829761038,0.23962264150943396,0.0,False,452,True
65,180,23:02,temporal_same_od_eb,38.572395567526804,41.22339209645844,10.615591212555813,0.5,1.0,0.1,0.17398397961938147,0.0,False,453,True
242,136,07:43,full_observed_sparse_eb,22.76256299379211,24.241552623298535,3.528665782638721,6.206836010697091,11.100045266970787,0.6486155878028939,0.16798836344328047,1.7222692871023284,True,454,True
144,146,02:02,full_observed_sparse_eb,31.890744488370515,22.640196700471378,6.2961735112211805,7.034921302378359,6.858723007807109,1.1733600786883138,0.11361246151992346,1.3246581997349054,True,455,True
12,209,01:38,global_od_time_adjusted,9.93338407343972,7.409595763638247,0.9983185840707964,2.8606880731495337,2.547623127066692,0.3110584347540244,0.6852760736196319,0.0,False,456,True
106,199,06:36,spatial_neighbor_gravity_eb,56.44337283497784,46.0327496776205,13.479133480564045,7.881591852665554,6.109454888242931,1.3346993632354056,0.2809930117387642,0.0,False,457,True
22,173,23:43,global_od_time_adjusted,66.05870963520088,46.39831103421774,17.47,0.5,1.0,0.1,0.21372549019607845,0.0,False,458,True
11,27,03:10,global_od_time_adjusted,29.081800599944025,26.670988315334327,10.99,0.5,1.0,0.1,0.21372549019607845,0.0,False,459,True
26,57,17:02,spatial_neighbor_gravity_eb,87.1751204040313,104.2397371776437,16.515443007611935,14.042090166273848,22.650342614420612,1.4081855080157186,0.1778270694319099,0.0,False,460,True
254,118,02:41,spatial_neighbor_gravity_eb,101.02681168297678,84.51433120151054,26.136388979833846,1.0,2.0,0.25,0.12470206012980127,0.0,False,461,True
50,113,09:23,full_observed_sparse_eb,23.726937337708605,21.37258823741695,3.046755795194381,4.456990907337975,5.548967179375175,0.466874345756066,0.5901849173110335,14.656984088275394,True,462,True
10,40,23:44,global_od_time_adjusted,77.99218224094102,47.064644417414215,17.740000000000002,22.875,10.428903309773508,6.039999999999997,0.22692307692307692,0.0,False,463,True
213,183,19:45,full_observed_sparse_eb,14.308096340591254,16.40199177089209,3.488066300467417,2.5979051393301096,3.075023804558519,0.8374002509672607,0.16713949799675967,1.9473383362245613,True,464,True
12,96,20:56,spatial_neighbor_gravity_eb,44.72944190768264,38.07543054239962,9.643776042623406,4.7636605147729325,4.094498363117044,0.9374223209647857,0.17352501711296406,0.0,False,465,True
175,199,05:26,spatial_neighbor_gravity_eb,35.58507457941685,19.421988790371202,9.45437739320511,10.536953622471726,6.05634421246368,2.3939100738357286,0.21350261509406848,0.0,False,466,True
258,246,01:35,global_od_time_adjusted,40.64761395691447,33.33781663548626,11.170645784830937,3.789490662470068,5.329093065297994,0.5247494444666693,0.2646824367475388,0.0,False,467,True
87,191,19:50,global_od_time_adjusted,65.11209222549843,88.20867355666024,19.702754418946363,12.3882720353399,29.111311550844285,4.263012589716405,0.3058684986258899,0.0,False,468,True
94,52,02:43,spatial_neighbor_gravity_eb,53.61968499624847,65.70818166455636,14.488569538934453,1.0,2.0,0.25,0.12859356604881786,0.0,False,469,True
247,147,01:30,full_observed_sparse_eb,15.8839776759965,14.45931994761101,2.457765770064543,4.714271310545755,3.8404015590622045,0.8576191499146159,0.1670429297831111,1.9609492476911736,True,470,True
217,245,15:04,spatial_neighbor_gravity_eb,62.37458871395953,57.622330610575005,14.295215591727015,1.0,2.0,0.25,0.1315205683025151,0.0,False,471,True
204,155,10:09,spatial_gravity_time_fallback,116.81406059929974,100.3010508179673,16.221976914546108,40.88492120975491,30.090315245390187,4.055494228636527,0.10550000000000001,0.0,False,472,True
12,107,06:31,global_od_time_adjusted,21.370454288852724,14.867389117657318,4.534489795918367,4.740737316717995,3.070921663560483,0.799198734510267,0.6635135135135135,0.0,False,473,True
219,256,04:53,temporal_same_od_eb,40.19173013589254,20.84171406376003,11.272484612098108,0.5,1.0,0.1,0.1616132623800437,0.0,False,474,True
141,156,09:41,spatial_neighbor_gravity_eb,92.13367143942969,75.40118132897501,18.43901616075756,1.0,2.2790265048136207,0.25,0.13388346543800284,0.0,False,475,True
83,118,05:39,spatial_neighbor_gravity_eb,82.44802492541397,37.49927449583986,17.898771793590335,1.0,2.0,0.25,0.1337329419716114,0.0,False,476,True
91,232,04:44,full_observed_sparse_eb,31.004746072346578,30.153287733962976,9.12948673292313,5.415904445347784,12.20116453785979,0.7376283297783621,0.09625710214398235,1.070593748300567,True,477,True
120,165,00:23,spatial_neighbor_gravity_eb,66.36298680400236,71.387233938116,16.28226255336304,10.600668826622805,15.818261702071077,1.6264804639027226,0.20672447126504556,0.0,False,478,True
120,66,22:56,global_od_time_adjusted,61.40680726995509,40.4398189966888,13.48,0.5,1.0,0.1,0.21372549019607845,0.0,False,479,True
152,74,00:42,observed_sparse_eb,14.131156294193971,11.602125838630187,1.7783448841978813,3.8622645039072174,2.2218317652416886,0.5307550683987629,0.9646959539792012,9.06349254018135,True,480,True
204,246,16:05,spatial_gravity_time_fallback,137.80868273025837,123.48435008404417,18.185201665024447,48.23303895559043,37.04530502521325,4.546300416256112,0.10550000000000001,0.0,False,481,True
210,24,11:23,global_od_time_adjusted,65.30487299359449,107.95468708754828,18.3,0.5,1.0,0.1,0.21372549019607845,0.0,False,482,True
244,242,19:13,temporal_same_od_eb,29.08352804749945,23.28010047846235,6.149794838504235,1.143668137550664,3.158035783875157,0.3841530777032474,0.20572646779457227,0.0,False,483,True
139,82,21:20,temporal_same_od_eb,42.05933415825658,36.588888434318314,12.117815110793611,0.5,1.0,0.1,0.1618534231773264,0.0,False,484,True
227,104,21:36,spatial_neighbor_gravity_eb,28.282003056666948,24.044828788471257,5.59598018371046,5.8272876770619675,4.772790117900875,0.5777005039379829,0.14061128210609852,0.0,False,485,True
174,179,20:20,temporal_same_od_eb,45.92644990555544,31.406136206146797,10.015,6.46499999999997,1.798951818036544,0.6150000000000004,0.1660800381437909,0.0,False,486,True
167,226,19:14,temporal_same_od_eb,45.84155755993898,34.361177153189296,9.7,0.5,1.0,0.1,0.1558054389939017,0.0,False,487,True
70,244,03:14,temporal_same_od_eb,41.1281922377852,22.441859505659824,9.318984976608544,0.5,1.0,0.1,0.15355708027709933,0.0,False,488,True
212,137,00:30,global_od_time_adjusted,33.45419065614886,44.9260975194176,10.906857142857143,4.504939003867989,17.95588433562218,1.9233627864142697,0.48823529411764705,0.0,False,489,True
218,248,18:23,spatial_neighbor_gravity_eb,64.54900310332796,68.828901158621,14.55373413124163,2.920053019152659,19.9664271522348,2.1411173876897767,0.22153792114553073,0.0,False,490,True
182,146,21:26,global_od_time_adjusted,38.09335412868262,36.87117499008351,10.812017453251185,3.871320031349702,4.354681073994797,1.2787930756678991,0.30433333331232126,0.0,False,491,True
13,13,13:43,full_observed_dense_eb,13.114386500531904,8.620240200808944,0.9316197397096028,13.212000769503879,7.674448479339476,1.4012486619458469,0.7619047619047619,32.0,True,492,True
41,16,08:15,global_od_time_adjusted,65.11272938334116,60.36370897923238,13.555,20.2,5.369894615818223,0.5549999999999878,0.22692307692307692,0.0,False,493,True
193,232,16:18,temporal_same_od_eb,34.53964810961169,28.437186401968372,5.0182022538975755,5.397256558037163,7.877408201514411,1.022690083917855,0.1636789110294894,0.0,False,494,True
31,1,10:46,spatial_neighbor_gravity_eb,123.3204191104341,97.32596516978907,22.864212138359047,1.0,2.0,0.25,0.12684373767887436,0.0,False,495,True
129,237,22:20,temporal_same_od_eb,25.926239217120077,21.70021525854195,5.203724309779955,4.915805387377567,5.397347952239659,0.8877716076087334,0.15864593394934157,0.3442761722301526,True,496,True
52,46,04:13,spatial_neighbor_gravity_eb,61.66197668027896,54.3182512723528,16.069583714121755,1.0,13.243073493946374,2.5644486050832143,0.14429650102325411,0.0,False,497,True
208,158,04:38,spatial_neighbor_gravity_eb,61.89238967942754,46.09189280100872,16.533332179522347,7.2287449633808185,8.796632669810606,1.9212256959914642,0.2620830876694036,0.0,False,498,True
135,219,16:29,temporal_same_od_eb,35.59223336405185,91.63754430863499,6.3,0.5,1.0,0.1,0.15640806002989968,0.0,False,499,True
225,110,01:45,spatial_gravity_time_fallback,88.79492876402331,65.89287345193569,14.25600857677594,31.07822506740815,19.76786203558071,3.564002144193985,0.10550000000000001,0.0,False,500,True
249,49,06:06,temporal_same_od_eb,22.23278373493143,14.286974705012785,4.550104490373506,0.5,1.0,0.12582181680692456,0.1789536297143209,0.0,False,501,True
172,151,08:02,spatial_gravity_time_fallback,116.58227537175276,98.16590197638477,17.183536661684357,40.80379638011346,29.44977059291543,4.295884165421089,0.10550000000000001,0.0,False,502,True
244,193,20:50,global_od_time_adjusted,37.3692476909326,31.23825647538758,7.6157142857142865,7.51218486384429,6.780903300943864,0.686208155484224,0.4512820512820513,0.0,False,503,True
144,69,03:28,temporal_same_od_eb,45.343718276941274,26.526260442924784,11.332836942992408,0.5,1.0,0.1,0.16050836066025156,0.0,False,504,True
220,253,11:16,spatial_neighbor_gravity_eb,54.25316745510726,53.17978545648307,11.576110114130515,5.050540815220496,7.694800513864749,1.5136908287369095,0.19636050777730646,0.0,False,505,True
79,41,16:16,full_observed_sparse_eb,40.860364022302804,38.66678200287585,7.035054622242134,6.724843809533581,7.176593184047145,1.1012794194219584,0.3433792117064753,5.2712387160748335,True,506,True
88,252,21:24,temporal_same_od_eb,58.39828654125615,48.34717547701389,16.023945772518946,5.273438219754876,6.597749563089296,1.406003151992167,0.1866555471558599,0.0,False,507,True
248,82,21:19,global_od_time_adjusted,34.86333320304589,28.705693476365894,9.503333333333332,4.602069884543468,5.251668632778323,0.9437984718972434,0.275,0.0,False,508,True
57,79,22:46,full_observed_sparse_eb,48.388825944803344,27.216677939529376,9.37,0.5,1.0,0.1,0.09569395733985836,0.9324830094759733,True,509,True
104,9,08:49,spatial_neighbor_gravity_eb,84.5466543490577,75.29622577427531,16.11817691156708,3.8453303392681297,5.4399526603533905,2.062407750885679,0.13582647549734933,0.0,False,510,True
261,238,22:35,full_observed_sparse_eb,38.480764169893035,28.62584938369502,6.98321070613568,6.654981284878166,6.460995105871376,0.685507020028475,0.5312349313231877,11.343053827131271,True,511,True
80,139,00:16,temporal_same_od_eb,41.903900993561976,39.18796499075861,14.95,0.5,1.0,0.1,0.15659874892782114,0.0,False,512,True
251,207,21:26,spatial_gravity_time_fallback,101.77920836419926,79.17346734899937,15.618191243538957,35.62272292746974,23.752040204699806,3.9045478108847393,0.10550000000000001,0.0,False,513,True
13,221,11:04,global_od_time_adjusted,76.6022824053501,46.27864395877973,12.06,0.5,1.0,0.1,0.21372549019607845,0.0,False,514,True
101,47,12:13,global_od_time_adjusted,57.078538845952785,58.716363900998815,14.975,5.865000000000031,1.100468616180687,0.19500000000001189,0.22692307692307692,0.0,False,515,True
87,142,08:35,full_observed_sparse_eb,38.58339066812507,35.09040840244755,6.454515577890507,7.814674051752352,12.722386689005253,1.0932358754814673,0.30121859725352934,4.373762646443822,True,516,True
197,99,20:31,spatial_gravity_time_fallback,133.33167700736288,105.97082490771666,20.377451636198117,46.666086952577004,31.791247472314996,5.094362909049529,0.10550000000000001,0.0,False,517,True
152,158,07:26,full_observed_sparse_eb,28.755215657815672,26.603393209518988,6.609042641015961,6.528503527205224,5.361228128785864,1.102150302580276,0.14205885426150838,1.787706355627229,True,518,True
40,16,16:31,spatial_neighbor_gravity_eb,86.85190361907918,96.01943643699506,18.492553459602405,5.355903452185269,6.475409553478421,1.2359110021030886,0.18232151408085256,0.0,False,519,True
132,88,19:31,full_observed_dense_eb,84.34428554195773,73.83472813847695,21.51331416393047,7.583705088893727,11.367211498132248,2.2299100101031595,0.8163218508542802,44.51919844583142,True,520,True
235,178,18:00,spatial_neighbor_gravity_eb,83.85564888831153,111.85288528787079,17.27447535973455,2.061312843351089,12.352923946754116,3.05054184982291,0.18329256936921787,0.0,False,521,True
33,245,14:28,spatial_neighbor_gravity_eb,39.62196741885144,40.82891682113484,9.924601622200816,1.0,2.0,0.25,0.13016982836817312,0.0,False,522,True
76,180,10:31,full_observed_sparse_eb,15.363615245308488,15.40794689025614,2.4065269476883397,3.4677655608679627,4.9343151067488185,0.736643387330559,0.1688472886235294,1.8274604581939968,True,523,True
111,200,04:15,spatial_neighbor_gravity_eb,69.28137376393113,50.792848771499465,19.905389622569366,8.709999999999935,4.067458489781473,1.4750000000000278,0.13606985226038074,0.0,False,524,True
210,195,00:36,global_od_time_adjusted,37.60371232533062,36.3419007631271,10.211111111111112,9.272010449615431,12.491796243659326,3.042708750966785,0.30677966101694915,0.0,False,525,True
147,186,02:56,global_od_time_adjusted,33.51290534911709,32.14868721009038,8.64,6.7931560227923375,8.760326919284251,0.5393514624064791,0.29655172413793107,0.0,False,526,True
123,26,00:24,observed_sparse_eb,18.769225917266642,18.120935494785932,2.9127820607370483,4.236381321805147,6.129177507192171,1.0812547829543708,0.7606678367745836,1.3681321475324353,True,527,True
231,158,04:19,observed_sparse_eb,12.73757863054678,7.198800714333078,1.43119613147323,2.555369811350091,2.530377850244841,0.360049227380484,0.9949845217935067,7.400866474246257,True,528,True
122,40,04:10,spatial_neighbor_gravity_eb,59.5555695929214,61.64889006640345,15.693317638452715,1.0,8.724301952808986,0.8860441317046777,0.16355795532299583,0.0,False,529,True
257,105,01:58,spatial_neighbor_gravity_eb,19.650231500344482,12.901134742661505,3.6451418759874876,7.172291345915552,2.629538884578791,0.45740444313823814,0.25119483618011534,0.0,False,530,True
123,132,00:11,global_od_time_adjusted,54.38667865801595,41.447600848488975,15.796666666666667,1.4377837884125597,1.0,0.9191421120927026,0.23962264150943396,0.0,False,531,True
26,20,10:06,spatial_neighbor_gravity_eb,79.5229981534091,94.55847290160767,18.12494358265115,5.301848168922609,36.06713546054383,1.9224644184227282,0.18861118892613987,0.0,False,532,True
58,49,22:26,spatial_neighbor_gravity_eb,55.887138077359275,68.69514334392301,14.039789311509388,1.0,16.724077985774038,1.7545706929238127,0.16369429198522825,0.0,False,533,True
14,35,06:44,temporal_same_od_eb,28.86693100113941,56.4772327506405,17.06,0.5,1.0,0.1,0.15643775628592244,0.0,False,534,True
83,52,01:16,global_od_time_adjusted,33.61567314799196,32.441230899340084,8.203333333333333,4.4446897154544756,3.84878231954037,0.2613214283002851,0.23962264150943396,0.0,False,535,True
86,59,09:27,spatial_neighbor_gravity_eb,84.81738347698325,96.16045507439578,19.791105992902544,4.3949030891246075,23.548673868596932,5.960177015442017,0.22739130773513916,0.0,False,536,True
244,12,06:21,global_od_time_adjusted,34.650414514217196,38.08615637864703,12.16,0.5,1.0,0.1,0.21372549019607845,0.0,False,537,True
94,79,22:16,global_od_time_adjusted,47.49172269449776,46.29751138976675,12.512222222222222,8.32547644430583,20.962952676177792,0.9055603271857732,0.30677966101694915,0.0,False,538,True
38,194,23:57,spatial_neighbor_gravity_eb,54.66074417267962,47.68320661197807,13.817333087053644,5.3846391658554325,11.256134926257019,3.4572157901681297,0.18559518085928867,0.0,False,539,True
128,164,02:13,global_od_time_adjusted,39.00330195691281,41.32656754150329,11.553333333333333,2.762913116420493,5.475157365717387,0.910726205959966,0.23962264150943396,0.0,False,540,True
243,33,10:00,full_observed_sparse_eb,50.1009176980062,60.80294365350198,13.224840275111982,12.838681539325771,25.1275933748142,2.4234502409695287,0.093322947609811,0.967339729361214,True,541,True
92,109,20:55,spatial_gravity_time_fallback,144.08623961496983,114.3133252346243,22.2446779457168,50.43018386523943,34.29399757038729,5.5611694864292,0.10550000000000001,0.0,False,542,True
172,218,06:44,global_od_time_adjusted,60.457291923808405,64.40836187615719,24.62,0.5,1.0,0.1,0.21372549019607845,0.0,False,543,True
116,122,01:19,spatial_neighbor_gravity_eb,56.379831113628576,52.90937308595657,15.778337134868249,4.817951431566587,14.313436855548527,2.3482650138708085,0.2344092838653207,0.0,False,544,True
192,73,12:07,temporal_same_od_eb,9.676229259299497,8.822999412962584,1.0476088898267426,0.5,1.0,0.1,0.15533215599161676,0.0,False,545,True
91,128,04:17,global_od_time_adjusted,54.93539223252602,59.48011361587584,14.65,0.5,5.294334539011955,7.450000000000005,0.22692307692307692,0.0,False,546,True
27,260,09:27,spatial_neighbor_gravity_eb,115.50759389282058,116.16009283193883,26.394628420403784,1.0,2.0,0.25,0.1250178893798944,0.0,False,547,True
31,93,17:07,global_od_time_adjusted,47.77965139639525,43.87493352757592,10.76,0.5,1.0,0.1,0.21372549019607845,0.0,False,548,True
203,60,02:48,global_od_time_adjusted,42.808102608290405,46.90293124787415,18.61,0.5,1.0,0.1,0.21372549019607845,0.0,False,549,True
163,112,23:32,full_observed_sparse_eb,26.226457090463978,18.591126109562104,4.180105505578945,4.752967483947,4.07416494441748,0.6302596708600147,0.4300910346021014,7.612457934256739,True,550,True
15,246,02:28,spatial_neighbor_gravity_eb,51.5558718125105,49.06742523392595,12.75627996585537,5.421491428046979,9.763417516686141,1.353397434954468,0.22340252982972086,0.0,False,551,True
238,233,22:55,full_observed_sparse_eb,24.614754883711143,19.73948020131407,3.8493934163854666,5.18964653486962,4.922813238149149,0.7388449697867991,0.581138818238943,13.95210133068879,True,552,True
220,91,15:39,global_od_time_adjusted,82.32417317592393,130.2727985299591,20.466666666666665,0.5,24.435757030855733,3.039005685344394,0.23962264150943396,0.0,False,553,True
200,57,12:46,spatial_neighbor_gravity_eb,55.44223725776454,60.62969132369835,12.593156047211863,1.0,8.008434398429875,1.036517376220415,0.1633551751023969,0.0,False,554,True
14,88,04:25,global_od_time_adjusted,25.57120193188137,20.383575149987152,8.10925925925926,12.185794682493862,10.782308107431696,1.5412667371376272,0.44545454545454544,0.0,False,555,True
35,254,19:56,temporal_same_od_eb,64.95330464015241,60.53072508972697,18.455542820240353,1.7497152073138664,7.757309768762847,1.1422346467862372,0.1449655959233195,0.25370017276587475,True,556,True
145,126,19:03,global_od_time_adjusted,59.827386536948126,65.06090178667057,9.492857142857144,46.42961735085632,67.93395481094811,3.3730135499525113,0.28596491228070176,0.0,False,557,True
139,24,21:12,global_od_time_adjusted,59.33722835837601,78.55943061404027,19.380000000000003,2.4000000000001402,16.964448316825163,2.145134028446699,0.26363636363636367,0.0,False,558,True
214,248,21:07,spatial_neighbor_gravity_eb,95.88794320037658,96.73375181276445,24.65487973315719,2.2349999999997214,2.0,0.25,0.13504857465587145,0.0,False,559,True
239,44,04:05,global_od_time_adjusted,104.1993397053195,73.58407397259387,34.2,0.5,1.0,0.1,0.21372549019607845,0.0,False,560,True
52,210,21:00,temporal_same_od_eb,37.99069007210031,55.14963215312154,13.43,0.5,1.0,0.1,0.15619723715564568,0.0,False,561,True
72,26,10:32,full_observed_sparse_eb,31.780654992268094,39.81847327255353,4.704388363469669,6.872167765401249,12.039125350341259,1.3227962183381412,0.15404079315843333,1.83333846969132,True,562,True
13,246,14:42,observed_dense_eb,21.0222312419277,20.581914714629892,2.9259947750614406,4.627642366762743,5.110369754572793,0.5257843837829677,0.9924279821864515,99.23183286529321,True,563,True
205,204,11:06,spatial_gravity_time_fallback,186.3566872656296,165.40725931441662,25.59462919850351,65.22484054297036,49.62217779432498,6.398657299625878,0.10550000000000001,0.0,False,564,True
187,219,05:50,spatial_gravity_time_fallback,109.91476880925802,68.12996849323319,19.915708268446572,38.47016908324031,20.438990547969958,4.978927067111643,0.10550000000000001,0.0,False,565,True
122,127,22:27,spatial_neighbor_gravity_eb,62.08233749265077,59.36522826140569,16.126722789894288,6.359742299349407,14.294055852673193,1.9650409302918754,0.19048773002345465,0.0,False,566,True
124,60,19:05,spatial_neighbor_gravity_eb,66.96654533956772,66.454773089855,15.12165306636065,8.00965072349624,16.100959591172085,2.8599922233293333,0.2121796327107046,0.0,False,567,True
183,182,00:25,global_od_time_adjusted,14.729976296501029,12.089615189253761,2.8600000000000003,4.52151125178296,3.8570308955737125,0.9148005247047011,0.31666666666666665,0.0,False,568,True
69,195,13:56,global_od_time_adjusted,61.43421636545948,62.17853690223866,12.506666666666668,6.902745226840297,30.517857809085225,4.556543524305332,0.275,0.0,False,569,True
118,81,09:12,spatial_gravity_time_fallback,180.00143638355377,154.88007788986647,25.58427858311344,63.000502734243824,46.464023366959935,6.39606964577836,0.10550000000000001,0.0,False,570,True
172,126,21:53,spatial_gravity_time_fallback,130.43022225474925,102.57439794936619,20.194814775196296,45.650577789162234,30.772319384809855,5.048703693799074,0.10550000000000001,0.0,False,571,True
156,68,04:38,spatial_eb,56.852824779805495,28.003227996216033,14.678051623025668,19.272745970864587,8.016664149568795,2.9847435163172165,0.05,0.0,False,572,True
75,220,12:17,full_observed_sparse_eb,39.96100302081883,40.82102598003301,8.377174820445102,7.056348833623515,15.010022001158717,1.1731915327024807,0.10663628579239924,0.8675222380254723,True,573,True
50,219,15:51,global_od_time_adjusted,119.02461531686133,96.46315802231595,23.034999999999997,21.499983268727302,25.667087941987774,4.546202627834955,0.275,0.0,False,574,True
22,181,04:50,temporal_eb,26.549342678406546,20.187399757745194,5.1522894827453465,5.809740203544982,9.928199982081102,1.5747427514929209,0.6704797729786585,0.0,False,575,True
11,6,03:57,spatial_neighbor_gravity_eb,19.2689037121534,12.33082119365189,4.926304952317543,1.3675467901534755,2.0,0.4448178394824466,0.1822397637651221,0.0,False,576,True
108,27,18:56,spatial_neighbor_gravity_eb,97.90016195860439,97.36391311401243,19.716986138480884,5.217478229463724,8.550454520852917,1.9732839242984643,0.341869137412442,0.0,False,577,True
105,241,08:38,spatial_neighbor_gravity_eb,72.20903273717914,69.65287148304691,16.049571344531053,6.837932665353088,9.996377654831942,1.614740389866423,0.2103023786034622,0.0,False,578,True
105,28,20:17,spatial_neighbor_gravity_eb,61.99051294970605,47.838237934070136,13.687673260431012,9.577201006358877,7.904743562265592,1.4030087367682615,0.1820919427722012,0.0,False,579,True
65,47,10:11,global_od_time_adjusted,54.64020400501932,68.73005442486652,14.129999999999999,6.734759089974868,31.42800271301376,5.758647410633856,0.31666666666666665,0.0,False,580,True
169,37,19:18,temporal_same_od_eb,55.50254926812014,44.59432070057983,12.7,0.5,1.0,0.1,0.1554515330356424,0.0,False,581,True
209,131,03:06,global_od_time_adjusted,38.013055213790025,82.1151691798018,16.726999999999997,14.305467486244556,25.61343701750573,2.5229667060823693,0.31666666666666665,0.0,False,582,True
26,49,00:06,temporal_same_od_eb,32.921313914936185,30.662462806006843,8.53,0.5,1.0,0.1,0.15249602212499036,0.0,False,583,True
214,127,01:12,spatial_neighbor_gravity_eb,95.38402444203126,65.26829404640236,25.068024364543852,1.0,2.0,0.25,0.12553773827189083,0.0,False,584,True
47,206,21:49,spatial_gravity_time_fallback,114.3144518022621,89.5303904731482,17.609686774415238,40.010058130791734,26.85911714194446,4.402421693603809,0.10550000000000001,0.0,False,585,True
63,115,03:40,spatial_neighbor_gravity_eb,52.10197670907521,36.83864051805966,16.105207992519748,1.0,2.0,0.25,0.12547349584816375,0.0,False,586,True
244,24,13:14,full_observed_sparse_eb,23.739270070493557,24.06048470220512,3.3827092729815815,4.406617094789868,5.191147063649891,0.795430311043834,0.1299328372782976,1.8585224201225472,True,587,True
136,162,07:10,temporal_same_od_eb,48.221733190667166,40.08161477620054,10.696250388432823,2.181890857897371,2.741513104217457,0.5283445706085332,0.16365006602104912,0.0,False,588,True
205,243,23:19,global_od_time_adjusted,54.52066576241052,55.58641804757121,20.286,4.4989314286838455,3.0765638945310276,2.205017913759417,0.26363636363636367,0.0,False,589,True
149,143,01:35,spatial_neighbor_gravity_eb,52.033379479451625,59.74409319316356,13.80214446865958,6.6085493777634206,17.706795788075404,2.9126250896642993,0.2756661456674203,0.0,False,590,True
12,41,02:10,global_od_time_adjusted,47.86632740368671,38.196459345619,10.653,7.696484652099336,3.539976964390437,0.7907597612422999,0.31666666666666665,0.0,False,591,True
200,235,13:48,global_od_time_adjusted,26.97648346067136,25.755991683601884,4.747630492241734,4.702210220137907,6.901587584680178,1.4254391064853074,0.3071508430967994,0.0,False,592,True
64,105,18:16,spatial_neighbor_gravity_eb,80.6550021208947,71.8785014982987,16.021995604779917,8.184999999999967,9.086897307382218,0.34999999999992204,0.1330819587421725,0.0,False,593,True
249,37,20:05,full_observed_sparse_eb,37.623023084825746,32.186717532079186,5.781000209203962,7.113013470330424,6.929927466402617,1.0871494309880092,0.26705172493112983,3.660341393746563,True,594,True
1,3,12:45,spatial_neighbor_gravity_eb,122.44364915078843,109.93056372209342,24.10741682898772,1.0,2.0,0.25,0.1277059988182818,0.0,False,595,True
49,219,05:37,full_observed_sparse_eb,34.12622789066377,33.86206536095996,14.20246697274013,4.4456363847995135,6.069809656026834,1.298305481744465,0.12190498231332791,0.5626316143817682,True,596,True
152,80,17:23,global_od_time_adjusted,54.938045846168464,53.81186774165579,11.35125,4.792818683979169,19.448288689925135,1.1187318434280664,0.29655172413793107,0.0,False,597,True
197,174,20:39,global_od_time_adjusted,49.33809051934462,53.739633919062285,17.415,4.973765061690027,35.739009926427386,4.607317549290482,0.3354838709677419,0.0,False,598,True
24,122,16:05,global_od_time_adjusted,103.2233106244129,71.33975958564086,17.66,0.5,1.0,0.1,0.21372549019607845,0.0,False,599,True
13,154,12:19,global_od_time_adjusted,61.37873125848179,39.257652003325425,10.02,0.5,1.0,0.1,0.21372549019607845,0.0,False,600,True
6,216,18:07,spatial_gravity_time_fallback,108.9076890045472,94.95192573934366,14.25726752077345,38.117691151591515,28.4855777218031,3.5643168801933625,0.10550000000000001,0.0,False,601,True
250,54,00:38,spatial_neighbor_gravity_eb,56.27087597850736,49.081449036457116,14.806917366118974,3.893603256336821,4.613580241437353,0.25,0.156772115277771,0.0,False,602,True
171,98,05:19,global_od_time_adjusted,11.88687200229947,9.399511757597056,3.1855555555555553,3.891990350564713,4.999160086961603,1.3102214495701034,0.3852941176470589,0.0,False,603,True
259,13,06:39,temporal_same_od_eb,46.214551118262165,43.85193207541974,17.7,0.5,1.0,0.1,0.13553565535781817,0.3702956242142541,True,604,True
137,228,14:56,temporal_same_od_eb,51.071744622079805,39.4892326248395,9.821304799459988,6.9508030532594045,8.098660496377756,0.8262274215014697,0.20661308943810297,0.5980804961980368,True,605,True
126,25,10:22,full_observed_sparse_eb,55.27903663041651,52.30276349052337,14.09859104330446,3.3674355719036315,3.1985477782892073,0.18989926479452643,0.12554608804943204,0.5112536908726071,True,606,True
172,31,11:11,spatial_gravity_time_fallback,169.07828295275004,150.21691179909413,23.122221987855514,59.17739903346251,45.06507353972823,5.780555496963879,0.10550000000000001,0.0,False,607,True
71,35,02:19,observed_sparse_eb,16.472577920293983,15.065387839096505,2.4288487710839117,3.269739832547897,6.413560783604983,0.6854559024833723,0.8809293162572838,1.2518411178035755,True,608,True
27,187,10:09,spatial_gravity_time_fallback,95.64221165563897,81.53382726703536,13.191661085720924,33.47477407947364,24.46014818011061,3.297915271430231,0.10550000000000001,0.0,False,609,True
198,86,16:04,global_od_time_adjusted,67.72655773843736,60.179307946727754,14.894000000000002,4.5538555093458415,3.5415327650781254,2.2489606488331537,0.26363636363636367,0.0,False,610,True
254,232,06:18,global_od_time_adjusted,40.82907753284551,49.637400197929885,12.453333333333333,5.727989757905167,11.350267769278183,3.755931605104413,0.23962264150943396,0.0,False,611,True
31,6,07:43,spatial_gravity_time_fallback,134.99806095216195,111.40773318097102,20.53489790288322,47.24932133325668,33.422319954291304,5.133724475720805,0.10550000000000001,0.0,False,612,True
99,263,18:21,gravity_prior,92.51826698309696,85.41578963546254,18.633338792128445,32.38139344408394,25.624736890638772,4.658334698032111,0.05,0.0,False,613,True
194,129,13:21,temporal_eb,30.909440258472024,23.09312188981766,5.835322572776441,20.238013363195723,11.874553974729555,1.6948242780103575,0.447432173355844,0.0,False,614,True
148,63,03:06,temporal_same_od_eb,32.14703669761853,23.833878496682704,9.576092995992418,6.491761561142419,3.6465221587072807,1.7686259176071883,0.14573328066645844,0.39062977917798847,True,615,True
20,226,16:48,global_od_time_adjusted,54.633940017430234,57.37768431663171,10.97,0.5,1.0,0.1,0.21372549019607845,0.0,False,616,True
171,29,02:10,global_od_time_adjusted,51.39077285972434,50.499685976635234,5.2,0.5,1.0,0.1,0.21372549019607845,0.0,False,617,True
151,159,09:44,full_observed_sparse_eb,31.700547154128916,33.95337467675538,5.120955769073738,7.308828593763031,13.795985947321673,1.6708655781529673,0.09090909090909091,1.0,True,618,True
75,177,17:00,full_observed_sparse_eb,60.09110810208526,70.31790363007397,13.885876823095677,12.107091778174995,27.909516283495506,2.5479929948527795,0.09150893940137311,0.9923391479815962,True,619,True
191,74,19:01,global_od_time_adjusted,58.3952479834251,59.79869373728223,16.4775,4.792031171643254,21.001527910652868,2.258118409207098,0.4,0.0,False,620,True
149,18,04:04,spatial_neighbor_gravity_eb,73.06504104793856,61.08145311557182,17.27056007292905,1.0,2.0,0.25,0.14106631010782766,0.0,False,621,True
128,96,08:01,spatial_neighbor_gravity_eb,62.28580473119435,52.42371076464957,15.265125823623638,1.5901225998066026,2.0,1.0350798055345378,0.14123876487916015,0.0,False,622,True
79,132,03:33,full_observed_sparse_eb,70.19127052206015,39.87606513117882,17.20504550562287,7.691528047524057,9.998666819102274,2.0375298223065084,0.30289186043364336,4.384777673713611,True,623,True
165,2,04:35,spatial_neighbor_gravity_eb,58.16967005077527,40.78361745858203,14.37407980125008,2.917937658447116,10.501699666472849,1.3646767254546244,0.18424343653924533,0.0,False,624,True
44,30,17:08,spatial_gravity_time_fallback,169.6582629625255,152.9756907518485,22.32152462298308,59.38039203688392,45.892707225554545,5.58038115574577,0.10550000000000001,0.0,False,625,True
105,247,06:04,spatial_neighbor_gravity_eb,46.40361429058032,32.0742775544899,11.541738124843258,7.746123468302997,16.79796542896108,1.3089560860459062,0.2379866375854538,0.0,False,626,True
204,83,06:16,spatial_gravity_time_fallback,119.54296091297671,79.9675125401201,21.492391508232522,41.840036319541845,23.990253762036026,5.373097877058131,0.10550000000000001,0.0,False,627,True
115,152,10:39,spatial_gravity_time_fallback,113.14277556082233,98.38822419579748,15.491745463751013,39.59997144628782,29.51646725873924,3.872936365937753,0.10550000000000001,0.0,False,628,True
31,252,13:35,spatial_neighbor_gravity_eb,35.966344086514376,31.653720162736455,6.888082613161194,3.1807047457693836,4.974264532859623,1.0636652959767416,0.2052284623274717,0.0,False,629,True
192,206,16:45,spatial_gravity_time_fallback,127.0235827760346,113.61196266634325,16.722056675028725,44.45825397161211,34.08358879990297,4.180514168757181,0.10550000000000001,0.0,False,630,True
200,201,18:56,spatial_neighbor_gravity_eb,103.96179675216084,125.81494734988314,24.928109882810595,1.0,16.15228341458883,1.5195028426721175,0.1274863208600068,0.0,False,631,True
201,103,02:08,spatial_neighbor_gravity_eb,60.12147975160039,85.65479715974459,13.439483687910666,1.0,2.0,0.25,0.1242328906511471,0.0,False,632,True
189,252,07:46,global_od_time_adjusted,47.22338890408339,54.11851536223224,11.55,3.724999999999956,22.875387606594785,1.3499999999999965,0.22692307692307692,0.0,False,633,True
41,132,20:47,full_observed_sparse_eb,76.20601409090362,53.93554722112315,17.545119248253314,12.054630068855664,14.126368710793622,2.579426781968926,0.2381416957463452,3.1341788625834823,True,634,True
126,178,19:29,spatial_neighbor_gravity_eb,71.43981589097538,82.97459751717223,17.784400486245367,1.0,8.968742725983894,2.390437633967332,0.14766482120448593,0.0,False,635,True
32,154,10:52,spatial_neighbor_gravity_eb,89.9007106244785,128.64606193517966,21.981008952314937,1.0,14.372298538609082,2.084446475224232,0.15232604136137415,0.0,False,636,True
262,243,21:59,full_observed_sparse_eb,29.361049821098263,26.71234376839228,6.36490895973956,7.530804977268228,7.945171251534062,0.8684541588909661,0.36821154978131915,5.847938715101549,True,637,True
228,163,10:38,full_observed_sparse_eb,55.133516601012545,54.06840205565044,10.354814131519088,8.08858135921588,5.2678218857820704,0.6597201704920506,0.12371046674772046,0.5371552761784031,True,638,True
262,4,20:32,full_observed_sparse_eb,21.6779853460318,19.899895376811767,4.602951040151798,4.7734769894343065,4.385329280283588,0.611882328946899,0.38845755100614987,6.430641632196796,True,639,True
23,126,15:40,spatial_gravity_time_fallback,154.6064209706117,143.54707833548002,20.635105334379322,54.11224733971409,43.064123500644,5.1587763335948305,0.10550000000000001,0.0,False,640,True
249,29,21:46,temporal_same_od_eb,60.26420584602639,48.25838773038493,15.940530596365289,3.076823696431632,1.071157040541921,0.2209660387864874,0.16811430906166341,0.0,False,641,True
53,196,13:44,temporal_same_od_eb,25.051476631361,23.321300082071414,4.992170652678915,0.5,1.0,0.1,0.15314999778707375,0.0,False,642,True
175,157,23:26,global_od_time_adjusted,31.137149280225472,25.133461954611956,9.2725,7.754709456194995,2.6147709442593863,1.2925822024149873,0.2518518518518519,0.0,False,643,True
263,72,06:14,temporal_same_od_eb,44.25322598517145,52.23468849851566,23.85,0.5,1.0,0.1,0.16128838447202679,0.0,False,644,True
81,121,00:27,global_od_time_adjusted,37.82276463278931,37.375339169667114,14.325,1.1519195935480933,12.311808549909106,1.8029628393286505,0.2518518518518519,0.0,False,645,True
136,210,00:13,global_od_time_adjusted,67.85394846809437,84.30755893052225,24.625,1.299038105676658,17.16330404875313,2.9810862114336834,0.2518518518518519,0.0,False,646,True
75,28,14:52,full_observed_sparse_eb,50.87878934722304,57.65794033176654,12.368297674293636,7.621509681329332,9.686038497895495,2.1897293733329506,0.13293119817383442,0.5001465734672124,True,647,True
91,106,02:27,temporal_same_od_eb,23.112952459415983,20.38436247582071,5.959999999999999,0.5,1.0,0.1,0.1554697843858843,0.0,False,648,True
245,86,05:10,spatial_neighbor_gravity_eb,77.4994553458597,55.432878160798126,22.597237934516414,1.0,2.0,0.25,0.12202918968087537,0.0,False,649,True
64,253,07:17,temporal_same_od_eb,26.559295146236046,25.03626560473196,8.48,0.5,1.0,0.1,0.16059563213858358,0.0,False,650,True
254,243,00:38,temporal_same_od_eb,26.321997380149835,22.448725857609173,7.355373433475653,2.5149589458795587,4.982740118829719,0.7495564423947707,0.13184133630065392,0.46677472363324,True,651,True
189,218,07:05,global_od_time_adjusted,39.64420096115316,43.26240346967384,12.41,5.715080926811068,12.805482591973075,1.3289469515371914,0.2518518518518519,0.0,False,652,True
142,205,13:31,temporal_same_od_eb,91.67443960490232,98.93157184974594,16.001005193471702,0.5,1.0,0.1,0.1533980328904257,0.0,False,653,True
31,147,14:08,global_od_time_adjusted,20.455666141763473,20.660267027464897,3.5774999999999997,4.006928374703011,5.522619475352473,0.7592883180979422,0.2518518518518519,0.0,False,654,True
102,181,20:29,full_observed_sparse_eb,35.528057100116904,39.09427620135004,7.929442299356513,6.743015755461397,11.968644700018697,1.1890297271805492,0.09547142238846607,0.9356230950816666,True,655,True
16,35,18:13,global_od_time_adjusted,54.673181097594764,58.50823825267236,12.424285714285714,5.002206451932531,20.091986221376313,0.8147542511677369,0.28596491228070176,0.0,False,656,True
88,237,07:09,full_observed_sparse_eb,30.90450074841831,24.573918605897536,6.587517590644569,7.170365526465053,6.635186416951342,0.7455504507504578,0.25412923412836613,3.67928129526463,True,657,True
70,16,19:23,full_observed_sparse_eb,44.22991650239005,31.425476236700252,9.020528809160243,8.099202746363408,5.724897076751288,1.147556778932641,0.09090909090909091,1.0,True,658,True
7,47,19:10,full_observed_sparse_eb,37.88447049953333,31.517926582004783,8.833722718895164,4.036891110280537,7.890305680596132,0.927042888025274,0.17186607912324411,1.3109655489748206,True,659,True
161,63,08:07,global_od_time_adjusted,59.27678513392402,66.35485758921564,14.54315789473684,16.929187960033694,32.776585600469446,5.364571943125005,0.3927536231884058,0.0,False,660,True
188,216,03:28,temporal_same_od_eb,36.21330965002777,23.590983800165514,9.80154317348458,0.5,1.0,0.1,0.15321757896046764,0.0,False,661,True
123,183,09:39,spatial_neighbor_gravity_eb,86.30894231637723,93.36689127189985,14.77215902002694,4.388692687741894,28.69937414066589,6.059332745958925,0.1446810847672289,0.0,False,662,True
215,122,06:32,full_observed_sparse_eb,11.826144904615138,10.888481662236329,2.6897731804541074,3.729942437236232,2.365494464664576,0.5926476335642588,0.09934153974102353,0.899972203567188,True,663,True
1,163,09:33,spatial_eb,89.34938666086069,57.25242306585558,15.71425408961393,13.35669921383599,13.709149474748136,1.2888162096366715,0.21571256811902195,0.0,False,664,True
249,250,11:34,temporal_same_od_eb,51.97104018550979,81.13464955191537,14.498279437907879,5.708974397374601,5.122204421342402,1.0028139359727888,0.14158415839221586,0.284948054336013,True,665,True
220,66,12:56,spatial_neighbor_gravity_eb,66.79299695366213,72.17190531191835,13.746095563510675,6.405357665687152,20.88489995138712,1.9674531455363968,0.23100611717759822,0.0,False,666,True
206,36,19:26,spatial_neighbor_gravity_eb,66.71687932334049,59.630688358232376,14.73031600625783,1.0,2.0,0.25,0.1296111325994325,0.0,False,667,True
87,227,18:07,global_od_time_adjusted,40.38836778620444,32.15910880014848,7.064047619047619,7.856677753189361,10.765666485388046,2.549772220941472,0.5195652173913043,0.0,False,668,True
217,145,14:17,global_od_time_adjusted,28.002312648176673,26.14552956749918,4.15695652173913,5.684585265508103,13.85050569170358,1.1055607854313358,0.42054794520547945,0.0,False,669,True
207,3,08:49,spatial_neighbor_gravity_eb,43.35681668237436,36.940785744893574,9.992262861251014,7.076400420552236,6.338672498615527,1.7745143510414336,0.24098319408493568,0.0,False,670,True
115,252,16:17,spatial_gravity_time_fallback,139.7082980633279,125.09028289240408,18.50003578394014,48.89790432216476,37.52708486772122,4.625008945985035,0.10550000000000001,0.0,False,671,True
208,163,11:52,temporal_same_od_eb,64.55109801126639,68.82829542533396,13.560166624553169,5.8388481821495075,11.307543953277989,1.3589729570741615,0.24410170828660313,0.0,False,672,True
198,230,13:44,temporal_same_od_eb,41.957095479756255,60.24980687432442,7.719316363367345,0.5,1.0,0.1,0.16374423630447998,0.0,False,673,True
181,182,00:04,temporal_same_od_eb,52.37850933594224,45.886364187124336,17.475205928315813,0.5,1.0,0.1,0.17509121988684997,0.0,False,674,True
174,81,05:04,full_observed_sparse_eb,12.180307066376969,9.696468878604517,2.6092491702908074,3.760145087477903,3.587944248646332,1.5588673533147464,0.12487278855586972,1.4856808763489369,True,675,True
113,127,19:47,full_observed_sparse_eb,50.19666016571718,53.71579925768428,11.413851701605127,9.691282368928738,11.960537724731624,1.5431976297369268,0.18537014719473482,2.314218472871545,True,676,True
263,15,05:13,temporal_same_od_eb,34.73316885668869,22.400974478774167,12.13,0.5,1.0,0.1,0.1610356853949456,0.0,False,677,True
105,59,00:04,spatial_neighbor_gravity_eb,59.350005610072294,43.45315223566631,13.6912568385591,1.0,2.0,0.25,0.12676531763933144,0.0,False,678,True
13,195,17:42,full_observed_sparse_eb,27.229331049400997,18.480319360864325,3.883259756856226,5.772323036468114,7.9738179267060065,1.025966656038441,0.27326704592211737,3.7734602357825366,True,679,True
79,77,00:46,full_observed_sparse_eb,49.8983385820846,33.663945003540746,11.739047402798903,12.830650482964558,6.845142865243506,4.294813758776527,0.09833818248561602,0.9279379872765401,True,680,True
172,244,15:23,spatial_gravity_time_fallback,150.26480582536666,140.0800939952797,20.51238480279249,52.59268203887833,42.02402819858391,5.128096200698122,0.10550000000000001,0.0,False,681,True
158,252,15:35,global_od_time_adjusted,93.9881694012181,63.394757780529716,15.440000000000001,0.5,1.0,0.1,0.21372549019607845,0.0,False,682,True
180,158,23:46,spatial_neighbor_gravity_eb,57.356771399071334,44.58228163778937,12.887980978087283,10.485850041854652,5.725698336820859,3.1530686045231286,0.19677443930988758,0.0,False,683,True
103,78,04:19,spatial_neighbor_gravity_eb,52.13474633040174,46.62710971165025,14.193978068653163,9.086356530535186,18.54279281329924,1.194016331546617,0.13633876098770673,0.0,False,684,True
246,39,02:36,global_od_time_adjusted,67.91462343068861,49.294382943146736,15.485714285714284,25.861762728564596,11.237997882463903,7.940794953264814,0.28596491228070176,0.0,False,685,True
146,253,01:37,spatial_neighbor_gravity_eb,40.15951966951406,29.044855184838617,8.94803201870609,5.538454822194598,5.72308967909356,1.9650720190443476,0.3892307692307692,0.0,False,686,True
182,167,10:28,temporal_same_od_eb,21.95157191654477,21.356581533363563,3.05583996662484,1.5860651010494742,2.352169144142777,0.2038180554628852,0.17833438064887525,0.14667543486065426,True,687,True
240,181,01:23,spatial_neighbor_gravity_eb,66.14030785587232,69.62930086853947,16.79078217584443,6.524313549475663,17.60423641746773,2.734544318648594,0.2579855688642063,0.0,False,688,True
65,116,08:27,temporal_same_od_eb,45.945656960427925,39.98340178854066,11.01,0.5,1.0,0.1,0.15190085251998856,0.0,False,689,True
107,151,03:08,full_observed_sparse_eb,28.306680195432257,21.08653315541038,5.453596457481401,5.392038397540671,4.805206976609015,0.6749000748913199,0.20294543418848662,2.5659487733403914,True,690,True
95,43,15:34,temporal_same_od_eb,48.547611534222256,43.82120230838321,7.76,0.5,1.0,0.1,0.16020792378736787,0.0,False,691,True
100,228,11:37,temporal_same_od_eb,53.43369540706521,45.93763062691536,8.531746201367197,3.12530890806208,5.406082997530177,0.7128592066768723,0.18575720195195525,0.0,False,692,True
85,130,20:36,temporal_same_od_eb,44.141148682275016,48.45973885627359,13.175885052892083,2.9257150742375946,3.7119142165228967,0.7972549400184218,0.14260733485277943,0.37150673621242447,True,693,True
38,14,02:38,global_od_time_adjusted,53.10280082844672,68.63698758021215,21.9,0.5,1.0,0.1,0.21372549019607845,0.0,False,694,True
9,65,10:41,global_od_time_adjusted,63.60386676295152,67.95380807236123,12.3,13.479999999999997,15.627512974301778,1.0999999999999908,0.22692307692307692,0.0,False,695,True
221,100,08:54,spatial_neighbor_gravity_eb,61.883639202349826,53.75864769318823,12.31932660476749,3.6134674797700805,5.312791608288748,0.8536664991148697,0.2001014165609598,0.0,False,696,True
86,2,06:35,spatial_neighbor_gravity_eb,19.64086807609091,12.778787977266074,3.7779180329996898,5.740814629072738,4.1126878255696075,1.0898586539421709,0.38923076923076927,0.0,False,697,True
252,100,07:15,global_od_time_adjusted,44.764694908601484,34.29005190187249,12.185,7.682553286505721,9.10573673496918,1.8742665232031381,0.2518518518518519,0.0,False,698,True
33,93,17:47,global_od_time_adjusted,55.56794155363164,47.37579129207091,11.778461538461539,8.1978820327256,16.87704221100735,1.1949113012066943,0.34444444444444444,0.0,False,699,True
35,106,18:21,global_od_time_adjusted,31.403893888367897,41.78645156861056,5.082857142857143,6.394175125112863,17.461330934479548,0.9832731677662021,0.6083333333333334,0.0,False,700,True
158,121,14:22,global_od_time_adjusted,63.68642304926351,54.198749038858764,13.69,2.144999999999985,3.3742487002073123,0.41999999999996734,0.22692307692307692,0.0,False,701,True
63,222,10:47,temporal_same_od_eb,19.10662839119628,18.827322184585125,2.8302513347884504,0.5,1.0,0.1,0.1598359555755742,0.0,False,702,True
206,210,13:58,spatial_neighbor_gravity_eb,44.67712605965121,47.07796241178399,9.266803805259798,1.0,2.0,0.25,0.12413469854547013,0.0,False,703,True
30,23,20:24,spatial_gravity_time_fallback,120.91905830613284,96.318583006166,18.352685897286317,42.321670407146485,28.8955749018498,4.588171474321579,0.10550000000000001,0.0,False,704,True
162,37,08:47,full_observed_sparse_eb,43.749066115992605,39.12304409530607,7.159734685914943,8.134100972178716,14.86880853256825,2.0301497112317146,0.09090909090909091,1.0,True,705,True
241,91,11:19,global_od_time_adjusted,95.63250664344396,100.46747644692051,25.79,0.5,1.0,0.1,0.21372549019607845,0.0,False,706,True
80,229,01:10,full_observed_sparse_eb,26.862638605754462,18.703134058685528,6.024368698592346,5.8164190602693,5.492574523320269,1.5008080871435838,0.13932784639825918,1.6923882034951063,True,707,True
143,53,18:51,global_od_time_adjusted,84.31718173822954,65.40350294567233,17.661840228109277,9.490396253496414,2.8772240539578045,0.6391581536468972,0.20488331133717125,0.0,False,708,True
158,167,20:17,global_od_time_adjusted,42.348267963407416,35.71543816216839,11.332,2.755271311504622,6.138097462556087,1.3132615885649022,0.26363636363636367,0.0,False,709,True
5,27,21:11,spatial_gravity_time_fallback,96.82891944573457,75.48695890171763,14.825563116556786,33.8901218060071,22.64608767051529,3.7063907791391966,0.10550000000000001,0.0,False,710,True
250,200,20:41,global_od_time_adjusted,34.94276745453864,29.665922870769762,8.834615384615384,8.699669652981406,9.838275589120501,1.422498427116155,0.34444444444444444,0.0,False,711,True
73,88,03:23,global_od_time_adjusted,39.3475662902935,84.4396074182076,13.1,0.5,1.0,0.1,0.21372549019607845,0.0,False,712,True
52,39,03:00,global_od_time_adjusted,35.651488399193966,43.60976568313284,8.625499999999999,11.854681857287451,17.57742846344508,4.057062946270371,0.5111111111111111,0.0,False,713,True
186,134,06:35,global_od_time_adjusted,49.00619044765778,30.70344999859244,11.646481481481484,16.9677812874152,12.779259320397838,2.8416832240686682,0.5634615384615385,0.0,False,714,True
237,24,09:57,full_observed_sparse_eb,23.112372995890244,20.563813158120333,3.076688250042416,4.833548744776744,5.355694973727266,0.4880714846178503,0.4020948124221006,7.784839903095076,True,715,True
11,233,21:37,global_od_time_adjusted,55.24103067092562,43.612149301473906,13.8825,10.692339255279931,14.191775779426813,2.1815404534411,0.2518518518518519,0.0,False,716,True
188,68,11:42,temporal_same_od_eb,51.8732190643998,60.80625543388739,8.768474173808125,6.553771540551946,9.436080435224737,0.5948163321171178,0.2083296628270578,0.3525635957757487,True,717,True
179,184,23:52,global_od_time_adjusted,24.500730867869706,23.22034359193474,8.8,0.5,1.0,0.1,0.21372549019607845,0.0,False,718,True
114,129,09:27,temporal_same_od_eb,33.88899765269113,95.10222159872089,7.5,0.5,1.0,0.1,0.1555591218293718,0.0,False,719,True
127,183,21:06,spatial_neighbor_gravity_eb,39.6178485916557,39.60504788515976,7.989094383796674,4.197412091981703,7.6814539894174505,1.8205703708970533,0.24397189344815,0.0,False,720,True
217,47,12:17,spatial_neighbor_gravity_eb,58.78223505071706,60.587466062981335,12.49912682954789,4.404624868692912,17.638668137995474,1.1723825217968302,0.2704918959669119,0.0,False,721,True
72,4,13:04,global_od_time_adjusted,59.33661551575946,65.35305791982083,8.42,10.269828820384495,15.243168051734536,0.4986983055916668,0.31666666666666665,0.0,False,722,True
79,182,07:10,temporal_same_od_eb,35.12727363552483,30.614541781692186,11.1,0.5,1.0,0.1,0.1541000785849575,0.0,False,723,True
216,249,07:06,temporal_same_od_eb,60.013243797358484,46.17709674302519,14.58,0.5,1.0,0.1,0.1544090862224961,0.0,False,724,True
198,217,03:16,temporal_same_od_eb,15.153633185600206,13.121940897016946,3.1968144973945134,0.7114989763359016,1.441805347092855,0.4391370819167165,0.1661320601819977,0.0,False,725,True
85,151,18:05,global_od_time_adjusted,57.36517541102033,68.66212661716767,14.856666666666667,2.087906979622258,17.420225351292917,1.1681989937030755,0.23962264150943396,0.0,False,726,True
211,247,23:52,temporal_same_od_eb,37.05843953820278,29.980834392521054,11.359830742386691,0.5,1.0,0.1,0.17264612470941154,0.0,False,727,True
159,117,02:13,global_od_time_adjusted,59.22409992965571,82.26242906762596,20.729999999999997,10.702917406015937,27.019535329081577,3.4773696956176705,0.31666666666666665,0.0,False,728,True
21,240,02:48,spatial_gravity_time_fallback,125.06461944015678,88.63346560635767,20.919691221062305,43.77261680405488,26.590039681907307,5.229922805265576,0.10550000000000001,0.0,False,729,True
144,123,11:45,temporal_same_od_eb,54.73218352769542,44.88648682203081,9.7,0.5,1.0,0.1,0.15623791330499484,0.0,False,730,True
213,23,22:09,spatial_gravity_time_fallback,140.9623182805054,110.46789701907439,21.964889580303666,49.33681139817689,33.140369105722314,5.4912223950759165,0.10550000000000001,0.0,False,731,True
188,119,05:21,global_od_time_adjusted,53.11620053220449,40.401847579990516,18.19,13.02086839995274,13.502657480909193,2.9659118890036607,0.275,0.0,False,732,True
223,142,03:32,temporal_same_od_eb,37.771181094999335,21.771918946964743,8.967370316261759,3.0889744234685548,1.8581380250821191,0.3057928877098051,0.1563378849965748,0.1476576357857553,True,733,True
159,34,19:12,global_od_time_adjusted,46.41045985423119,38.491993638906884,10.83,0.5,1.3010183671500473,1.7300000000000018,0.22692307692307692,0.0,False,734,True
37,182,12:05,temporal_same_od_eb,59.55169520568732,67.6860469198877,15.538759726802917,1.5446569998134099,9.581044981842165,1.3689869882827537,0.28087066451936044,0.0,False,735,True
66,26,15:33,temporal_same_od_eb,37.787293242828,34.653571131498275,6.449631532643258,2.290628982799974,1.0,0.1,0.1748085925080025,0.0,False,736,True
46,35,01:10,global_od_time_adjusted,50.22887246860813,47.33885287663077,16.6,1.0,9.88331078395313,1.9999999999999858,0.22692307692307692,0.0,False,737,True
193,190,12:44,spatial_neighbor_gravity_eb,58.9426465587619,70.22887998186934,9.461642611065663,10.05968203097512,16.051358497874435,1.7259200383324307,0.3404109940966093,0.0,False,738,True
72,60,21:12,global_od_time_adjusted,67.66264201048845,59.7866402277372,19.75,0.5,1.0,0.1,0.21372549019607845,0.0,False,739,True
181,120,09:39,global_od_time_adjusted,55.38745265827116,58.56316319193422,15.193333333333333,1.6259834630840353,7.3565695944090645,0.6031215097768793,0.23962264150943396,0.0,False,740,True
159,50,09:03,temporal_same_od_eb,35.73422591220698,56.681071173849496,7.940250175486768,1.048315151196261,1.5944918054728168,0.21539499472318557,0.1674694064688224,0.0,False,741,True
238,111,19:54,spatial_neighbor_gravity_eb,56.661700075718116,51.60715475238476,11.368625050094167,13.402303746424606,18.912663440990798,1.636541108440029,0.3685101352863863,0.0,False,742,True
66,203,02:32,spatial_neighbor_gravity_eb,66.94666872269762,62.055890512588356,17.885854943342135,10.204760821521504,18.50571590049804,3.5390084519786633,0.21917028958477047,0.0,False,743,True
185,162,00:32,global_od_time_adjusted,37.82729611079395,37.23756099105762,10.933333333333332,7.095438479912465,11.765510064241827,1.2291957623675118,0.3354838709677419,0.0,False,744,True
103,188,14:26,spatial_neighbor_gravity_eb,37.32799754587051,42.205964337952864,6.05039792522383,6.934681591961189,19.630573385742387,0.9877666561947689,0.2470088764045028,0.0,False,745,True
89,169,04:04,global_od_time_adjusted,52.994208615352285,47.45472593203576,18.661,15.593949339407303,24.869512717064328,1.9107875339764917,0.31666666666666665,0.0,False,746,True
243,135,12:14,temporal_same_od_eb,54.1695434319855,54.45556752780383,13.89,0.5,1.0,0.1,0.1530442456352748,0.0,False,747,True
247,4,21:12,temporal_same_od_eb,38.228008203269965,25.836163587634967,8.32459196433611,1.9056508236631626,1.7001794827535055,0.7633000486317336,0.15964112011502044,0.16746820540691942,True,748,True
30,27,22:59,spatial_eb,23.147444457889932,15.385842691874458,4.846805455322109,1.5050000000000123,2.0166666666666564,0.8150000000000055,0.27854481783221,0.0,False,749,True
123,116,22:32,global_od_time_adjusted,59.65926517870253,53.93839696807801,8.0,0.5,1.0,0.1,0.21372549019607845,0.0,False,750,True
7,231,22:59,full_observed_sparse_eb,39.4500869020195,28.50318225967504,8.955295389130661,9.382767209307842,7.117061347497941,1.353624214070367,0.23631118712376264,2.825003483362792,True,751,True
47,81,20:06,temporal_same_od_eb,29.527633518739478,28.37971866461185,8.15,0.5,1.0,0.1,0.15824756144043878,0.0,False,752,True
151,34,15:12,global_od_time_adjusted,60.16703234885661,57.04073169650723,10.190000000000001,3.1600000000000676,9.481004997210999,1.7899999999999952,0.2269230769230769,0.0,False,753,True
183,127,01:45,temporal_same_od_eb,23.05655135876569,24.40096975435381,8.529065606385737,0.5235662610956239,1.0095149145027646,0.11056583725124362,0.16721655380466346,0.005940973867883059,True,754,True
204,240,20:04,spatial_gravity_time_fallback,196.74170781099264,160.50588053148238,29.836677863649697,68.85959773384741,48.15176415944472,7.459169465912424,0.10550000000000001,0.0,False,755,True
10,40,16:26,global_od_time_adjusted,102.09548227988245,71.08501837266365,17.740000000000002,22.875,15.75150078277618,6.0399999999999965,0.2269230769230769,0.0,False,756,True
235,146,00:59,global_od_time_adjusted,33.91394742669862,40.0874114183091,9.729999999999999,4.188372794614487,18.393989187821138,1.2658857241736714,0.23962264150943396,0.0,False,757,True
24,241,16:53,temporal_same_od_eb,45.288165492277614,47.109969864821245,7.3,0.5,1.0,0.1,0.15447578909749501,0.0,False,758,True
224,14,07:49,global_od_time_adjusted,50.736333175422274,43.18830653082256,10.44134451015869,7.980754201864259,9.400637440097954,0.7934827747287351,0.2838182632040119,0.0,False,759,True
259,100,09:33,temporal_same_od_eb,50.4239909383905,64.80954952780134,14.510456211165511,1.3592935835640407,6.9081739884220275,0.5343739674998721,0.14814488500498998,0.20980715948739004,True,760,True
239,236,07:38,observed_dense_eb,14.2229272057513,11.190185533520859,1.559436752787717,3.584178617993521,3.9678634778350284,0.3597363627086978,0.9949999999999999,414.62801834625463,True,761,True
258,83,08:48,full_observed_sparse_eb,28.756297445099825,27.69188382928893,4.923549889660231,4.23875450317332,5.658537966918462,1.040787812588122,0.10703348463321646,0.7899471622544922,True,762,True
59,34,17:49,spatial_neighbor_gravity_eb,72.19704248439264,67.58209487291465,11.92060559049077,1.0,2.0,0.25,0.12928703516864234,0.0,False,763,True
160,198,15:03,observed_sparse_eb,14.155694260604449,12.588110733561745,1.9354584577061391,0.5360733650671118,2.4086062743907695,0.3372284876717376,0.7960909214020018,3.7968964244274304,True,764,True
122,254,16:34,global_od_time_adjusted,55.038079503551415,57.56864666048681,14.35,1.261542265993796,10.564462799053299,0.8778382538941908,0.23962264150943396,0.0,False,765,True
232,16,12:31,global_od_time_adjusted,49.66823968458744,70.49988198602627,12.1,0.5,1.0,0.1,0.21372549019607845,0.0,False,766,True
27,260,13:00,spatial_neighbor_gravity_eb,118.62518592476137,124.4419590881035,26.394628420403784,1.0,2.0,0.25,0.1250178893798944,0.0,False,767,True
259,258,04:28,global_od_time_adjusted,45.53586752206292,38.53397096905134,19.175,9.178243295968986,9.68868840383566,2.0689792169086605,0.2518518518518519,0.0,False,768,True
256,93,00:19,temporal_same_od_eb,29.410044821248928,20.97599323852421,8.011528001376288,0.5,1.0,0.1,0.15918626651344142,0.0,False,769,True
59,61,02:13,global_od_time_adjusted,42.54881634586429,74.0328171810261,13.6,0.5,1.0,0.1,0.21372549019607845,0.0,False,770,True
222,263,17:43,global_od_time_adjusted,84.44171008293593,71.39816968699644,15.98,0.5,1.0,0.1,0.21372549019607845,0.0,False,771,True
253,203,03:32,global_od_time_adjusted,37.7569675181236,38.20518280894592,16.46,3.6800000000000366,10.094206739823614,3.2399999999999967,0.22692307692307692,0.0,False,772,True
180,25,11:41,global_od_time_adjusted,48.20610600975409,58.637568940452056,13.89,11.122499219549951,16.000244714743065,9.129141982318671,0.275,0.0,False,773,True
214,135,06:33,spatial_gravity_time_fallback,97.54060761862306,68.74654546011189,16.981510139816358,34.13921266651807,20.623963638033565,4.245377534954089,0.10550000000000001,0.0,False,774,True
248,101,01:12,spatial_neighbor_gravity_eb,44.29599049223788,36.75599413423008,11.44909186601975,2.0645054347698277,5.581416177765442,2.5457437409826316,0.1863328978232987,0.0,False,775,True
146,189,06:18,full_observed_sparse_eb,32.68245849746072,26.92741804031857,7.099811816524814,4.829361483312954,4.0906981319576685,0.6748444150481664,0.10991936982998261,0.8111504625181105,True,776,True
241,160,23:20,spatial_neighbor_gravity_eb,51.93756869363708,54.94109513280972,13.89380664811257,5.84492539130527,17.023397806521977,2.2206260485534854,0.1993919058577537,0.0,False,777,True
137,21,10:56,global_od_time_adjusted,59.639150008759984,64.1446070789176,13.445769230769232,16.61941312007202,34.62727665763698,1.5118612397584679,0.43947368421052635,0.0,False,778,True
262,236,01:05,observed_sparse_eb,9.948263428536126,5.85085916262277,0.8516312744923464,1.614542806566244,1.4879862518773537,0.19330170342844105,0.9950000000000001,11.300554887648367,True,779,True
155,218,11:37,full_observed_sparse_eb,44.73112939785308,42.951587907060045,10.448971545189199,1.6038826736680512,11.245937728195324,0.6964998466956781,0.12615302874188383,0.5026894373926325,True,780,True
245,231,12:49,spatial_neighbor_gravity_eb,54.00316420500454,46.35048197645233,10.120234225600065,7.325072659190933,7.784305657080847,0.6776119661681919,0.212801621021808,0.0,False,781,True
234,58,16:18,temporal_same_od_eb,86.67293612217087,78.30088841577859,13.599999999999998,0.5,1.0,0.1,0.15710443340244634,0.0,False,782,True
179,44,19:26,spatial_gravity_time_fallback,165.83572506053514,135.8239740490287,23.358090490394012,58.0425037711873,40.747192214708605,5.839522622598503,0.10550000000000001,0.0,False,783,True
204,263,22:00,spatial_gravity_time_fallback,136.9357876875178,107.8510538814864,21.27882231127626,47.92752569063122,32.355316164445924,5.319705577819065,0.10550000000000001,0.0,False,784,True
235,224,17:15,spatial_neighbor_gravity_eb,65.73474635034788,83.86708743388766,12.751263367726136,4.09781721663163,21.128014071801303,1.5537199948823566,0.38583864146055635,0.0,False,785,True
216,93,18:28,global_od_time_adjusted,34.12461951141757,29.93494844334068,5.9624,12.916795850364746,12.552583709325384,1.853501076341744,0.43333333333333335,0.0,False,786,True
3,72,16:05,global_od_time_adjusted,73.55454353776443,80.23846456759819,19.86,0.5,1.0,0.1,0.21372549019607845,0.0,False,787,True
158,99,11:32,spatial_neighbor_gravity_eb,89.06042383973767,72.64180471328201,18.409178134429762,1.0,2.0,0.25,0.13180740460928603,0.0,False,788,True
1,252,21:36,spatial_gravity_time_fallback,129.08665868242193,101.24362858206513,19.948083686200192,45.18033053884767,30.373088574619537,4.987020921550048,0.10550000000000001,0.0,False,789,True
93,62,17:48,global_od_time_adjusted,53.30546786639587,46.047978848664215,11.454333483898093,14.49679367237611,8.247395955533367,0.9559560543947496,0.32268388074590054,0.0,False,790,True
73,234,10:11,temporal_same_od_eb,42.173508918734164,53.92153584087039,10.9,0.5,1.0,0.1,0.15203456062884396,0.0,False,791,True
85,58,12:26,spatial_neighbor_gravity_eb,76.70242568557167,89.23964490696903,16.611495671019725,5.288596893005898,25.240450807418032,5.039977788084169,0.1818566489078816,0.0,False,792,True
188,128,18:40,global_od_time_adjusted,101.42250692364166,79.76751744947161,17.963333333333335,12.765728425053588,19.052663821330853,3.266622448680314,0.23962264150943396,0.0,False,793,True
60,81,03:01,global_od_time_adjusted,20.923535641103015,17.81523932330584,6.704285714285715,4.076918666876583,1.8462193423614444,1.9399952661419195,0.353125,0.0,False,794,True
220,234,09:05,temporal_same_od_eb,48.22966198187277,79.13653289844831,13.320307484856336,0.5,1.0,0.1,0.1561518375125561,0.0,False,795,True
167,51,15:08,full_observed_sparse_eb,36.65721521452109,37.67745797479395,7.794061899212494,3.529440051285561,8.697428150979311,0.9391507344560142,0.14958610578612375,0.5224842639983862,True,796,True
66,176,15:16,spatial_neighbor_gravity_eb,65.00322131220415,70.4494282137436,13.436597269370871,1.0,2.0,0.25,0.1310150215868576,0.0,False,797,True
262,57,15:32,global_od_time_adjusted,27.82468020637039,25.798288975228445,6.31,7.700000000000005,4.031859841740812,2.1399999999999997,0.22692307692307692,0.0,False,798,True
214,213,09:05,spatial_neighbor_gravity_eb,103.09753661162847,114.85537774379377,24.432647015801784,2.2349999999997214,2.0,0.25,0.131365996615989,0.0,False,799,True
174,102,04:07,global_od_time_adjusted,44.74089542374479,38.10677192749095,17.84,0.5,1.0,0.1,0.21372549019607845,0.0,False,800,True
258,152,10:06,global_od_time_adjusted,63.71068702066236,59.434139020464826,16.176666666666666,4.317795219270688,13.179350493341152,1.9194675187550205,0.23962264150943396,0.0,False,801,True
205,83,20:33,global_od_time_adjusted,40.18854895383899,33.82219159893171,10.939166666666667,7.106379567371542,5.607627985129607,2.8761822448439434,0.3354838709677419,0.0,False,802,True
164,134,08:22,temporal_same_od_eb,53.98148531351276,40.40518212667335,11.492766034635952,4.028382888236022,6.013828722625781,0.5181308526505236,0.1371775019438915,0.4375169745958658,True,803,True
262,173,00:35,global_od_time_adjusted,37.28922013880987,26.801956337952035,9.616,10.806027207072907,14.054834047606157,0.5431242951664006,0.26363636363636367,0.0,False,804,True
103,104,06:17,spatial_gravity_time_fallback,7.127698352855484,3.4288027549224553,0.6589054676190462,2.494694423499419,2.0,0.25,0.10550000000000001,0.0,False,805,True
172,84,22:12,spatial_neighbor_gravity_eb,15.251032880627106,11.355179836093523,2.2556885665097597,1.0,2.0,0.25,0.12470206012980127,0.0,False,806,True
11,11,05:09,observed_sparse_eb,11.692056132365497,6.146602788326648,1.1662265641143748,6.688885352979682,2.671034433194499,0.3463931940699168,0.5595993427764661,0.6130853895520438,True,807,True
253,198,05:14,global_od_time_adjusted,24.6054117354853,15.955898094203498,8.635,3.685000000000024,1.1151577235397665,0.6049999999999945,0.22692307692307695,0.0,False,808,True
248,92,18:51,global_od_time_adjusted,36.54573567090243,30.659078939785296,7.977777777777778,2.0464060637561428,11.868721438510846,1.1215443497227635,0.30677966101694915,0.0,False,809,True
256,176,20:00,spatial_neighbor_gravity_eb,68.43536006923266,52.6391553035577,15.106456341919138,1.0,2.0,0.25,0.12646251501184605,0.0,False,810,True
14,124,10:21,global_od_time_adjusted,56.386401375789454,67.66812249710426,11.924285714285714,9.971737203574037,33.03046893605635,5.163594697890379,0.28596491228070176,0.0,False,811,True
112,263,18:39,full_observed_sparse_eb,33.08777715757171,29.261761823307445,5.66856468447201,5.877254811795166,8.457110218725557,1.4105504864672218,0.21224083870768873,2.8685089160984063,True,812,True
262,233,14:54,observed_dense_eb,16.771993772072793,17.49642467920404,2.490259304048438,3.731991613140702,8.366746772221646,0.42107736214680425,0.9920720615957436,39.70869775652136,True,813,True
185,48,20:42,global_od_time_adjusted,45.696333755897754,52.50212207068613,12.85125,6.534777038086284,31.294602884067984,1.7888364758971167,0.29655172413793107,0.0,False,814,True
112,130,01:58,temporal_same_od_eb,26.801720056959564,28.439437053855002,10.794063841469026,4.315789093140745,2.681068948164417,0.47484544328497813,0.18414280433617958,0.15391062208410844,True,815,True
213,125,06:58,temporal_same_od_eb,40.278656632290875,44.697512095346156,16.958165497102428,0.5,1.0,0.10196660186217807,0.15413168816085568,0.0,False,816,True
95,88,22:46,global_od_time_adjusted,43.798342904003825,42.501264743435755,12.269473684210526,7.223511094656486,16.012268171471273,0.9619003870311413,0.5022727272727272,0.0,False,817,True
195,181,08:38,observed_sparse_eb,16.17936720588817,15.284461534571772,2.0218439259906127,5.585169276118405,6.416473643711731,0.7847457994283628,0.8407509750335915,2.9228915996824867,True,818,True
71,104,15:07,spatial_neighbor_gravity_eb,37.99669612134879,47.796931342816414,6.660663068829029,2.0851645320077994,16.405772627979786,2.3122339545739448,0.18582806249413802,0.0,False,819,True
262,17,03:06,global_od_time_adjusted,39.3402356016954,32.52746297720853,8.980512820512821,9.613226301357127,19.971196660428262,2.1630391116559995,0.5067415730337079,0.0,False,820,True
65,113,04:25,temporal_same_od_eb,12.97701418560343,9.947264583978944,3.7,0.5,1.0,0.1,0.1526083488787059,0.0,False,821,True
70,50,09:25,full_observed_sparse_eb,68.02757582717497,44.663820167224074,11.860792119761587,10.766413595963922,11.685037810730893,2.0206841657827432,0.1831334625145189,2.31880851395762,True,822,True
253,247,18:45,spatial_neighbor_gravity_eb,41.77416627173816,36.672220722571545,9.096192005631234,4.52346195132361,10.57074567671738,1.4057579842558656,0.21036510505975592,0.0,False,823,True
66,112,05:20,observed_sparse_eb,24.153769122086175,14.258548966308204,4.148662326477181,6.29858818131747,6.549160627972839,0.8178871393393371,0.8734190639500434,0.6584599224271912,True,824,True
27,176,19:31,spatial_gravity_time_fallback,81.91129263561551,65.4946565379269,11.351431908938142,28.668952422465424,19.648396961378065,2.8378579772345356,0.10550000000000001,0.0,False,825,True
228,156,17:43,spatial_neighbor_gravity_eb,57.18211405962789,48.8789981360481,12.122099835709282,1.356720104178899,2.0300081020441527,0.3570316063628286,0.13473643677457117,0.0,False,826,True
43,42,05:15,temporal_same_od_eb,11.321695255123547,8.286083436722286,2.455986272340141,1.6183456224017498,1.0223694082262167,0.44074417700510027,0.1985714805362709,0.011097825103593806,True,827,True
205,247,08:54,global_od_time_adjusted,25.415810880181034,67.77576915391157,18.906666666666666,25.424922156550778,8.851620554153497,0.9168545262048357,0.23962264150943396,0.0,False,828,True
36,44,11:21,spatial_gravity_time_fallback,151.09314870257919,134.604600569285,20.534485219702766,52.88260204590271,40.381380170785505,5.133621304925692,0.10550000000000001,0.0,False,829,True
97,116,19:48,full_observed_sparse_eb,53.30148763472586,46.84155092889393,12.954354925337658,8.71170397578998,17.407323834352358,1.7783486882467476,0.09090909090909091,1.0,True,830,True
223,159,10:20,temporal_same_od_eb,25.56734375144254,22.796232450773015,5.0,0.5,1.0,0.1,0.15792564106621498,0.0,False,831,True
38,141,18:19,global_od_time_adjusted,69.4886685474412,75.76280629134354,16.8,2.5,15.024000511302575,0.3741657386773759,0.2518518518518519,0.0,False,832,True
7,82,06:57,observed_sparse_eb,20.83835814769624,16.399656792446223,3.930155989932323,2.950268549063158,3.648090098291977,0.6115037473099236,0.9404821013741056,2.537007268699263,True,833,True
53,65,14:09,global_od_time_adjusted,46.94711731972984,50.352617616992944,12.840000000000002,3.9585940265032136,1.0,0.15769168230020228,0.23962264150943396,0.0,False,834,True
244,249,21:57,full_observed_sparse_eb,36.269732729581875,37.25744575961504,8.868821380623919,5.935823270485699,5.670575983472134,1.3739240379295838,0.09090909090909091,1.0,True,835,True
69,72,20:57,temporal_same_od_eb,56.91280445652097,57.38448549436601,18.8,0.5,1.0,0.1,0.16072034532365656,0.0,False,836,True
260,198,00:29,full_observed_sparse_eb,20.286501193170665,16.64228735170876,3.725946001099739,5.759151283722196,3.9649918238139046,1.1620542931714535,0.10174840453118116,0.917137923351639,True,837,True
128,177,09:00,spatial_neighbor_gravity_eb,70.00433371851429,64.09109246180208,16.97900600537136,1.7099573848316998,3.4898063437447115,1.7000549600634172,0.1697319294997366,0.0,False,838,True
163,109,09:11,spatial_neighbor_gravity_eb,110.83271222525923,89.4227269254057,21.57281731188088,8.822606038152905,9.411815148653236,2.9349575022492806,0.17709347598535474,0.0,False,839,True
138,207,19:53,temporal_same_od_eb,18.18761199038356,9.770545637992212,2.5438269912337828,9.824969143808232,5.902106491874313,1.0017400422379663,0.1491642129486658,0.4983336483987273,True,840,True
263,241,01:48,temporal_same_od_eb,29.96472678767201,23.06515835070786,8.46,0.5,1.0,0.1,0.1519159135067988,0.0,False,841,True
40,129,12:42,global_od_time_adjusted,45.672471460037066,38.07000141059652,9.739166666666668,6.225712754822151,6.679949885769226,0.7296112930107786,0.427027027027027,0.0,False,842,True
263,41,07:06,full_observed_sparse_eb,14.70012144313267,13.109423259304425,2.3921989648513406,3.6302761372212617,3.3791636807206316,0.4309827661324317,0.6615914536324733,20.445097839443928,True,843,True
233,178,11:08,temporal_same_od_eb,53.77158584533922,64.74811515821247,11.631468654413833,0.5,1.0,0.1,0.15533355163672635,0.0,False,844,True
249,7,05:05,full_observed_sparse_eb,30.498560133301055,18.486149871454966,6.829351405444518,6.61141777460518,3.454515964491333,1.2921531623549305,0.2869157734763422,4.449717613183623,True,845,True
145,111,19:04,spatial_neighbor_gravity_eb,58.49655495297161,64.1866594488491,11.286808762352592,7.3482621583703,12.088107204494788,1.7788595499482256,0.3892307692307692,0.0,False,846,True
15,90,16:33,full_observed_sparse_eb,55.202628281284625,87.23641638682564,14.194289094143642,0.8372743326840574,12.856672446115619,0.9065485577115345,0.10335027201855648,0.8244483687832513,True,847,True
212,27,06:59,spatial_neighbor_gravity_eb,74.0050904253766,73.72781170570042,21.35112425844914,1.0,3.871014305461467,0.936176669481315,0.1290102670757738,0.0,False,848,True
253,61,22:52,spatial_neighbor_gravity_eb,50.988913022871216,42.42660212062795,11.338124467846118,10.970268222118825,9.521336580530175,2.2867525977725007,0.3437072087738801,0.0,False,849,True
167,1,18:59,spatial_neighbor_gravity_eb,123.55669125068556,87.88522517644843,22.457814820778395,1.0,2.0,0.25,0.12749075481797204,0.0,False,850,True
4,210,03:49,global_od_time_adjusted,44.50043159286875,39.95302680378849,15.9175,5.712074929480508,20.487708279385984,3.1073169696701317,0.2518518518518519,0.0,False,851,True
73,9,06:43,temporal_eb,11.376816795317751,8.76692657926782,1.758580844005249,1.8289296524113223,2.813804245335086,0.49286594195043965,0.45435649341572154,0.0,False,852,True
239,108,10:19,global_od_time_adjusted,76.69263554687497,89.35016860355321,13.3275,18.954420988254967,23.34800714135609,6.831073762593988,0.2518518518518519,0.0,False,853,True
5,118,13:43,spatial_neighbor_gravity_eb,38.10974409515908,32.02891464586932,5.862831371615876,1.0,2.0,0.25,0.12344414433542353,0.0,False,854,True
119,95,07:02,global_od_time_adjusted,35.63697291693489,34.44445694315897,12.454285714285714,0.615871706756983,6.583174152567013,0.9913750500168668,0.28596491228070176,0.0,False,855,True
128,58,06:51,spatial_neighbor_gravity_eb,42.87905445567688,32.846429862995606,10.1520021241651,1.278057714749293,2.0508378411246233,0.3646460538973193,0.14823832804083004,0.0,False,856,True
117,250,02:42,global_od_time_adjusted,52.94686551179534,71.65389093631879,19.4,0.5,1.0,0.1,0.21372549019607845,0.0,False,857,True
9,25,22:19,global_od_time_adjusted,43.92577021770057,48.645032674217035,16.39,0.5,1.0,0.1,0.21372549019607845,0.0,False,858,True
16,236,20:34,global_od_time_adjusted,51.456605360756384,50.983629010634914,16.4925,6.524708326814322,6.089185698204323,0.7759631112366028,0.2518518518518519,0.0,False,859,True
201,115,09:42,spatial_neighbor_gravity_eb,61.997354109408306,48.689705719404735,12.356370890619669,1.0,2.0,0.25,0.12223541714202538,0.0,False,860,True
225,229,14:07,temporal_same_od_eb,50.10403770431064,48.49814895486257,7.985464631404386,0.5,1.0,0.1,0.1577574458398749,0.0,False,861,True
151,254,16:57,full_observed_sparse_eb,46.24396213785104,46.36458287158735,11.32915472544152,5.156681748043639,21.67844157353815,0.8744588273500342,0.10765020482907901,1.220982703743843,True,862,True
96,85,20:55,spatial_neighbor_gravity_eb,43.48753979046354,46.21535339862748,8.085721813249247,5.483798891008268,6.857351495193426,1.1713925320867036,0.34139641796480924,0.0,False,863,True
36,249,11:32,temporal_same_od_eb,36.02836360695226,37.50901338124096,5.82084677146086,1.595266914299556,2.0135071414632435,0.2292387017376949,0.20720059616677672,0.0,False,864,True
21,113,04:07,global_od_time_adjusted,28.868845202754176,51.67177960006556,10.184615384615386,10.22258782183593,11.058279602158553,0.8383556743330269,0.34444444444444444,0.0,False,865,True
101,244,12:00,temporal_same_od_eb,66.3754269464692,68.74648304661855,17.490121401621675,0.5,1.0,0.1,0.16478465397139685,0.0,False,866,True
67,158,14:57,full_observed_sparse_eb,42.99163720550095,40.479739705477904,9.814780769657261,3.267080643802505,6.732738268921826,0.3144510392553819,0.1051861033547877,0.7985438197795389,True,867,True
39,123,05:52,temporal_same_od_eb,21.74223534469462,20.647948661681824,6.69103890017403,2.535480515212,4.108393595240027,1.0939665000154783,0.13152603784484596,0.4617270457832454,True,868,True
179,158,22:38,global_od_time_adjusted,40.0129299795926,38.59806377148008,7.271739130434781,6.658623188011466,8.973589376072674,1.5618290619986548,0.42054794520547945,0.0,False,869,True
214,234,00:05,spatial_neighbor_gravity_eb,51.91606582034422,38.47757349094387,14.418213168200808,2.2212537770174365,2.055135599342563,0.25,0.16352523412956485,0.0,False,870,True
239,148,02:52,full_observed_sparse_eb,31.56049083258995,23.52435377636886,6.441127346080983,5.289415746755959,4.829069008525961,0.9362347641311772,0.25943831448079935,3.5217773235505483,True,871,True
97,147,22:42,full_observed_sparse_eb,50.92710561697048,41.029745754541295,14.050578631631655,6.238416555583192,13.866945033626926,1.0438541360493026,0.10860571804465474,0.7739908602676877,True,872,True
31,16,09:20,spatial_neighbor_gravity_eb,42.79921897992479,41.78254406577906,8.987806421244107,1.2004471784773385,6.262224685318891,0.25,0.1454996751196083,0.0,False,873,True
138,91,00:14,full_observed_sparse_eb,77.2129383456926,47.678306054314135,18.17570606596574,12.440038049266422,10.604104936528529,2.51109920223554,0.29807702315787016,4.294233151157311,True,874,True
2,215,17:18,spatial_neighbor_gravity_eb,59.19661001137295,51.588291767758435,12.661451434968514,4.7533969226345985,9.834625999079213,1.750512159167914,0.23523334243118796,0.0,False,875,True
2,219,18:45,global_od_time_adjusted,13.238042110102734,22.260709975145538,5.94,0.5,1.0,0.1,0.21372549019607845,0.0,False,876,True
236,6,11:05,spatial_neighbor_gravity_eb,86.77329182258879,72.66800200774541,17.080972219071356,1.9472685605441533,5.480144827046937,0.25,0.17738852396060573,0.0,False,877,True
150,231,01:18,global_od_time_adjusted,42.17514246356725,77.93255013353532,12.0,0.5,1.0,0.1,0.21372549019607845,0.0,False,878,True
170,65,20:01,full_observed_sparse_eb,33.665170188383456,24.130240446905468,6.274427439319986,5.95731623755234,9.479024638774439,3.5529520730334583,0.5010201564593544,10.042846571292884,True,879,True
38,26,03:34,global_od_time_adjusted,61.59075741797112,48.88495763644587,19.36,8.933552236123935,21.574583588903753,4.152934705321849,0.23962264150943396,0.0,False,880,True
121,206,21:26,spatial_gravity_time_fallback,109.93891881165027,85.74053413750288,16.91548457543329,38.47862158407759,25.72216024125086,4.228871143858322,0.10550000000000001,0.0,False,881,True
35,193,02:37,global_od_time_adjusted,42.073645805496454,38.21486764173332,14.994818853386722,2.141352091364979,3.69357651576907,1.822953305187933,0.2669119711757758,0.0,False,882,True
106,111,02:44,spatial_neighbor_gravity_eb,16.14677950848647,12.109114930711016,2.4577716442080106,4.986086987047317,4.192859040152395,0.7519012700491332,0.3892307692307692,0.0,False,883,True
157,2,02:37,spatial_neighbor_gravity_eb,58.47986269272844,41.0525957371803,13.653257400495185,5.6742478138919745,5.457788056323354,1.5989112017748,0.1881307473259402,0.0,False,884,True
171,258,18:41,global_od_time_adjusted,38.22749324777594,39.46430568685988,8.12,1.3923770641924538,24.093536574568805,1.3782476797247607,0.275,0.0,False,885,True
95,130,13:26,observed_sparse_eb,18.612350499339843,18.095898159434068,3.5001227979307368,2.419850167778042,3.451416530749523,0.7005273895687691,0.8787792540366544,4.291710212912584,True,886,True
98,1,20:48,spatial_gravity_time_fallback,136.85935742591218,108.62156141523586,21.03790852708893,47.90077509906925,32.586468424570754,5.259477131772233,0.10550000000000001,0.0,False,887,True
12,181,07:54,global_od_time_adjusted,30.309229709132705,25.363276240917493,4.4544,4.2266581408957045,5.680520814166688,0.5934312428580117,0.43333333333333335,0.0,False,888,True
193,8,07:03,global_od_time_adjusted,8.412228759238294,10.53039677095437,2.06,0.5,1.0,0.1,0.21372549019607845,0.0,False,889,True
56,108,08:42,global_od_time_adjusted,56.72055924362317,92.21245973308115,17.224999999999998,7.098949257147502,39.884563626355245,2.7328724204885098,0.275,0.0,False,890,True
111,171,18:37,spatial_neighbor_gravity_eb,85.69622717298753,93.50577165100162,17.998339377469122,7.079806920477223,25.835633021837804,2.8124566375214144,0.23297849481236665,0.0,False,891,True
254,34,09:37,full_observed_sparse_eb,55.612760051770046,83.4255907779722,13.370658961159277,0.5,10.926884115997517,4.115063515635652,0.13222827172142576,0.5583941457798858,True,892,True
250,18,04:58,temporal_same_od_eb,20.290928271883246,10.172837522614058,3.6671769518230874,0.5,1.0,0.1,0.1643829091029444,0.0,False,893,True
22,225,10:21,global_od_time_adjusted,45.27514721185186,48.86484066895332,9.555,3.318391929835872,9.047057727440944,2.3239675126817065,0.2518518518518519,0.0,False,894,True
236,223,16:16,full_observed_sparse_eb,41.74171377274793,33.52132917050168,6.222202837060815,6.925700497288807,9.22591205879666,1.1904164648762954,0.16666666666666666,2.0,True,895,True
93,100,16:38,temporal_same_od_eb,79.7053167523402,52.84710925812838,8.029574240536963,9.55337337060608,12.028099454365728,0.8722779194418828,0.15298935227197613,0.4432832576682557,True,896,True
186,96,13:06,global_od_time_adjusted,72.5217458320584,57.447026219481444,14.743333333333336,22.81883773454634,7.073801530232933,3.8306164284906163,0.23962264150943396,0.0,False,897,True
216,38,01:29,full_observed_sparse_eb,24.284169040439856,19.446911490255644,6.3950254701295774,5.726751070001704,6.195792665937016,1.8185915858089374,0.09551579885922096,0.9470448444218498,True,898,True
116,193,00:20,temporal_same_od_eb,31.863493999057773,20.09503188709244,6.569614514685329,1.612255266353035,1.098211886474464,0.26518135295004697,0.14159398499351,0.3397267509454771,True,899,True
95,155,01:59,global_od_time_adjusted,42.96411452138492,34.1952907868728,12.260555555555555,7.330022169134282,15.474022401181344,3.6574299905538137,0.38529411764705884,0.0,False,900,True
235,192,21:28,global_od_time_adjusted,35.74069237980607,46.93008828887824,10.1,0.5,1.0,0.1,0.21372549019607845,0.0,False,901,True
223,120,20:11,global_od_time_adjusted,37.79441254887813,23.542798241387285,7.00579404248689,12.464702670607897,6.678927156090992,0.669511686427475,0.21591655082498737,0.0,False,902,True
24,92,02:43,global_od_time_adjusted,40.97889469281051,28.08477728489722,10.439333333333334,8.40296154142496,5.584200620624296,0.801743655346818,0.3615384615384616,0.0,False,903,True
151,238,12:23,observed_dense_eb,8.802262607314635,6.901387329194227,0.7222667668689382,2.657618479994273,2.2216853612536243,0.2985487448298573,0.995,307.03226366901913,True,904,True
223,131,21:40,full_observed_sparse_eb,33.39110727384286,30.935322239599664,10.233033302276088,2.1348306938938917,7.99092325286212,0.3873051923617843,0.11946922545859104,0.6540590995927715,True,905,True
12,166,11:56,global_od_time_adjusted,56.67424401410925,50.40949603501886,8.56857142857143,15.388825657016223,18.548595844164122,2.2822509475855366,0.28596491228070176,0.0,False,906,True
121,202,02:21,spatial_neighbor_gravity_eb,39.9990466609673,37.49154377652999,9.687524636387835,6.793638501509012,13.553924518405,1.6644251271428214,0.2938096769033305,0.0,False,907,True
119,41,14:30,observed_sparse_eb,20.05000973822774,21.349147819577816,3.038617832751322,1.7258645654748055,1.2117052209637245,0.38863236110498545,0.7657245571581821,1.9847301284416687,True,908,True
85,36,15:56,temporal_same_od_eb,43.439025756109686,50.866425667665744,5.295226640234789,2.425594503325027,6.01891186393628,0.34251013525770346,0.18193790442357582,0.0,False,909,True
108,249,10:37,temporal_same_od_eb,56.414677860713276,76.10512954427328,18.65,0.5,1.0,0.1,0.15931432640306112,0.0,False,910,True
177,63,12:41,full_observed_sparse_eb,16.953307625203994,17.793766727561497,2.223390543595401,5.045036212664414,8.603772923740491,0.6506240527399488,0.2261211079685807,2.145194904519009,True,911,True
5,213,11:21,spatial_gravity_time_fallback,184.72107891866813,165.2549506533936,25.218291994603103,64.65237762153384,49.576485196018076,6.304572998650776,0.10550000000000001,0.0,False,912,True
203,77,20:07,temporal_same_od_eb,37.035000553963556,35.52485568671262,11.14,0.5,1.0,0.1,0.15230977171725163,0.0,False,913,True
251,54,05:21,spatial_gravity_time_fallback,45.80863661139481,25.37739406589892,8.058884840227904,16.033022813988183,7.613218219769676,2.014721210056976,0.10550000000000001,0.0,False,914,True
143,77,08:54,temporal_same_od_eb,72.3852761715607,70.97922098683176,19.8,0.5,1.0,0.1,0.15483174526458054,0.0,False,915,True
144,49,10:06,full_observed_sparse_eb,26.66439511108748,22.089457906761712,3.589411781934087,4.064311398114151,5.218640295254019,0.5543569414794739,0.16666666666666666,2.0,True,916,True
71,26,12:08,temporal_same_od_eb,31.562665148266237,39.08598951482535,3.6997466910762586,0.5,1.0,0.1,0.16536402113965867,0.0,False,917,True
223,192,14:38,full_observed_sparse_eb,30.187709374645678,27.12833332611348,6.7839084919722605,4.3624209815969195,7.468375448328661,1.482403484540777,0.16703366955495322,2.0885814746358307,True,918,True
198,39,18:17,temporal_same_od_eb,36.004809505704124,47.120954666148954,5.158791338147877,1.0124902809098186,1.8609960233903347,0.28634764242061733,0.16821663857804292,0.13570929833825573,True,919,True
196,41,02:38,global_od_time_adjusted,33.72482957095281,31.778776706590406,10.431999999999999,4.645139395109699,10.898439674364646,1.031492123091604,0.26363636363636367,0.0,False,920,True
81,149,02:09,spatial_neighbor_gravity_eb,81.43636770516531,87.03391894181098,21.65004120107428,3.7860030303890095,6.0865325011473885,1.2663919861730617,0.1701106663195328,0.0,False,921,True
186,50,00:00,full_observed_dense_eb,13.825005909748091,10.609875368823108,1.5627869342447473,3.797781221537158,4.4629721103393605,0.3909539150304953,0.9341202914279547,141.82581057252384,True,922,True
118,40,21:52,spatial_neighbor_gravity_eb,45.623966349386336,38.080108373192985,11.712410111601727,1.0,2.0,0.25,0.14076828663665955,0.0,False,923,True
241,227,21:41,spatial_neighbor_gravity_eb,71.16818003229065,88.79442590616446,16.950455377780557,1.8284017520581188,26.270598790154885,4.354426461355445,0.23934058803197628,0.0,False,924,True
141,170,10:04,observed_dense_eb,17.488768633256647,15.376557024657183,1.8940694307346027,4.891382323629817,6.453724125780505,0.5044523528078011,0.995,179.66576332870892,True,925,True
178,123,22:03,temporal_eb,12.473517055084335,11.495042122385934,1.5319693298758956,4.332356429915211,5.447777072485076,0.682151750960055,0.725807317252724,0.0,False,926,True
81,133,20:50,global_od_time_adjusted,64.05045878921959,77.56168868427856,19.266666666666666,0.5,17.713971289684455,4.120544732057759,0.275,0.0,False,927,True
152,171,02:34,global_od_time_adjusted,33.68870658868469,30.744779729308924,12.006666666666666,2.0006887702877467,3.1492231888559608,0.7656950364792119,0.23962264150943396,0.0,False,928,True
126,152,06:55,temporal_same_od_eb,9.433185314361152,28.818547246704412,4.323321992376426,0.5,1.0,0.1,0.16143468122978039,0.0,False,929,True
102,85,10:21,global_od_time_adjusted,40.59940898094706,37.00063985469514,7.397,6.13003230007801,5.90627920817526,0.6085729208566509,0.31666666666666665,0.0,False,930,True
169,24,06:50,temporal_same_od_eb,28.787371983190972,17.755190899818277,6.922344952027177,0.5,1.0,0.1,0.15474669672352714,0.0,False,931,True
162,122,23:21,temporal_same_od_eb,25.30883709513077,17.98912395370667,6.200343208232277,4.283205213153018,3.8576053456063666,0.9283956280307607,0.13153397971218214,0.426761379435618,True,932,True
167,132,05:43,temporal_same_od_eb,40.48831728064803,33.61068110620619,16.73,0.5,1.0,0.1,0.16116934284170106,0.0,False,933,True
58,113,12:12,temporal_same_od_eb,72.07560819362155,69.42999120968878,16.74,0.5,1.0,0.1,0.16070117617637297,0.0,False,934,True
160,35,11:16,global_od_time_adjusted,29.593907591324733,26.546156269118665,5.525882352941176,6.339849473724191,7.273275850382085,0.9717301660290995,0.3776119402985074,0.0,False,935,True
261,186,04:11,observed_sparse_eb,23.862774070086626,15.390991289972245,3.4008526980332867,4.812340498552552,1.8463374360496567,0.21619654367364244,0.9836852523258366,1.765142953342341,True,936,True
77,262,02:41,global_od_time_adjusted,49.8661125481105,53.5207115553098,20.58,0.5,1.0,0.1,0.21372549019607845,0.0,False,937,True
85,159,12:52,global_od_time_adjusted,67.23572158993142,61.57296935362523,15.78,0.5,1.0,0.1,0.21372549019607845,0.0,False,938,True
18,65,20:50,global_od_time_adjusted,53.722077438591654,64.85789587498883,14.780000000000001,8.663160348407654,14.062100436711356,2.8566880590408585,0.275,0.0,False,939,True
199,240,13:17,spatial_neighbor_gravity_eb,51.04129811625383,41.95000029721342,9.603388367781088,9.807298501721197,11.5380840489912,0.9398579587602879,0.24302699508289882,0.0,False,940,True
251,149,11:04,spatial_neighbor_gravity_eb,44.51493361837939,45.375730486231085,10.562385053759048,1.0,2.0,0.25,0.12556889958197975,0.0,False,941,True
62,246,10:40,temporal_same_od_eb,36.994856841464994,77.02084323242093,10.913889691036726,0.5,1.0,0.1,0.16195504566587637,0.0,False,942,True
126,21,04:25,global_od_time_adjusted,50.72922624214631,53.009224669645164,22.166666666666668,0.5,3.7326993379818747,3.765043898224228,0.23962264150943396,0.0,False,943,True
165,125,23:25,global_od_time_adjusted,32.14584538688886,41.71472435277679,9.155,5.1858003239615975,22.247117297258427,0.5278178347372179,0.275,0.0,False,944,True
261,253,12:17,spatial_neighbor_gravity_eb,68.66415678674683,63.99023389974411,12.535541248068114,15.183146524371972,21.655355446452464,2.4116271514928687,0.29136460633297423,0.0,False,945,True
176,153,04:23,spatial_gravity_time_fallback,135.23249824440035,81.6980127260366,24.361494890929812,47.33137438554012,24.509403817810977,6.090373722732453,0.10550000000000001,0.0,False,946,True
106,2,03:06,spatial_neighbor_gravity_eb,74.45111547152396,53.78242028494462,20.188072262465973,1.0,4.984890154997405,1.8196989042526408,0.13149344645107666,0.0,False,947,True
130,97,09:11,temporal_same_od_eb,79.83305571069548,63.25938773801079,14.021444056109068,0.5,1.0,0.1,0.16667276106008636,0.0,False,948,True
89,25,05:20,observed_sparse_eb,24.259090250849816,20.11640689305109,4.2660130187390015,3.8317234840456047,8.020324008365849,0.8907834455698543,0.8536298668483331,1.700920724432038,True,949,True
249,53,22:31,global_od_time_adjusted,59.402592775698395,60.870370348591315,17.646666666666665,16.147032751148615,37.73103419352315,3.7589478433318213,0.23962264150943396,0.0,False,950,True
236,118,12:28,spatial_neighbor_gravity_eb,94.60654002029239,83.33527869416052,19.428481438297553,5.024507436377864,7.61357237959532,0.7277252559047521,0.1587268907854077,0.0,False,951,True
246,128,03:49,global_od_time_adjusted,30.115079157577714,31.054388667180767,9.90810810810811,11.35724520734588,3.9725740498096984,1.726433345490267,0.4977011494252873,0.0,False,952,True
14,230,18:50,temporal_same_od_eb,60.49038627809613,76.37121841917062,11.312019294882369,13.601774440204,24.64739742554319,0.6228927645854991,0.28679603816500127,0.0,False,953,True
233,256,23:29,full_observed_sparse_eb,28.470268243840145,19.074215863670638,5.449837956068501,4.637818621480154,3.8203430760119494,0.6060016139378746,0.09787401673385518,1.0919370208868884,True,954,True
92,149,11:33,global_od_time_adjusted,75.63870412684268,79.12641990675007,20.14546853546933,5.1076355346842925,14.72256251255526,0.40543686815817576,0.23012460998408774,0.0,False,955,True
166,257,20:14,temporal_same_od_eb,65.69110004922022,40.94244081373817,12.95293358224769,0.5,1.0,0.1,0.162360831951391,0.0,False,956,True
248,255,03:35,global_od_time_adjusted,38.92806239720377,30.580689920718388,13.254999999999999,1.0149999999999868,2.041969439050555,0.24499999999999184,0.2269230769230769,0.0,False,957,True
246,176,03:21,global_od_time_adjusted,66.54024182510352,42.032311113540004,17.735,7.93500000000004,1.0,0.1,0.22692307692307695,0.0,False,958,True
162,91,19:29,temporal_same_od_eb,68.63418354186511,68.93589326331175,19.355702744754385,0.5,1.0,0.1,0.1623414088077872,0.0,False,959,True
201,234,17:14,temporal_same_od_eb,109.63845598756939,109.642957974848,19.51,0.5,1.0,0.1,0.156479765403944,0.0,False,960,True
78,207,12:44,spatial_neighbor_gravity_eb,37.052259771930736,35.467910881089246,7.112496454829694,6.422565748857238,9.731164278937854,2.877218260824446,0.25804273031917657,0.0,False,961,True
162,243,21:10,full_observed_dense_eb,39.339013535977756,37.811245145891505,8.93963506681873,8.315949473828638,5.893808315401581,0.8903874468091829,0.6507937432671625,18.936515103205096,True,962,True
28,111,02:06,spatial_neighbor_gravity_eb,64.62903402671401,59.627921115974374,16.520536833679742,11.347903032745037,16.43573014611131,2.693319789954503,0.22125070964897683,0.0,False,963,True
6,133,08:37,global_od_time_adjusted,36.02404040369911,33.75899388418793,9.445,3.494999999999963,1.1521425624692911,0.1,0.22692307692307692,0.0,False,964,True
103,128,09:09,spatial_neighbor_gravity_eb,63.80964440809661,67.58320142047471,12.721228897317513,19.91526486456476,15.450368245034813,2.8570129910579727,0.13715562362833178,0.0,False,965,True
30,82,23:57,global_od_time_adjusted,41.12701872856714,38.16624541410276,9.53,0.5,1.0,0.1,0.21372549019607845,0.0,False,966,True
184,40,13:24,spatial_neighbor_gravity_eb,84.81461421343766,89.38176734990877,14.99634788044933,1.0,2.0,0.25,0.13270102830255417,0.0,False,967,True
116,5,20:10,spatial_gravity_time_fallback,150.18045677526146,121.4160120540073,22.742701146979005,52.56315987134151,36.42480361620218,5.685675286744751,0.10550000000000001,0.0,False,968,True
139,39,07:33,observed_sparse_eb,38.669274565034314,31.04875733272464,10.087101442797275,6.951119432052365,9.91748604750596,2.260125112085396,0.5842243102985367,1.0,True,969,True
213,188,11:29,full_observed_sparse_eb,65.93002301779633,72.05878398288245,18.1504539123199,5.721574346133778,8.310960412302848,1.8175350639784817,0.09358497253969568,0.9622418980109373,True,970,True
112,209,15:47,full_observed_sparse_eb,34.49152141891834,30.636053227536596,5.015474393240501,5.419160425128023,7.49740972829929,1.30951319761559,0.09090909090909091,1.0,True,971,True
16,254,03:56,global_od_time_adjusted,26.914074127294004,23.21582993325146,10.5,0.5,1.0,0.1,0.21372549019607845,0.0,False,972,True
177,26,15:54,temporal_same_od_eb,54.470403061678795,70.41179958731752,4.712431063956226,2.855753563153524,1.0,0.2043218023554042,0.15941176819754754,0.0,False,973,True
37,42,06:42,temporal_same_od_eb,39.91518225475478,34.304591099614775,12.170305045433535,5.091553961901246,7.188966630230979,1.9113850209848606,0.22594632736621867,0.0,False,974,True
96,40,09:57,spatial_neighbor_gravity_eb,52.45127596591066,67.2967227495837,9.833536818770158,4.688095382322494,20.61729449975847,3.3104136948606016,0.1921789885056719,0.0,False,975,True
34,193,01:36,temporal_same_od_eb,23.81692985065289,18.80233698235955,5.79,0.5,1.0,0.1,0.15429126418868044,0.0,False,976,True
186,26,01:49,global_od_time_adjusted,45.791737337320114,34.946310020754446,10.114169817109866,7.148065126950257,6.382976333301904,0.9933404325025508,0.47991331520077296,0.0,False,977,True
75,252,08:02,full_observed_sparse_eb,39.08613519430021,43.687768439806334,10.734381806553936,9.822752428842113,19.491434152623764,0.7760692607594752,0.10201267256364854,0.8553533933998949,True,978,True
75,141,23:03,observed_dense_eb,13.297544257565871,10.472611928352702,1.751462411928228,2.865690240831057,2.6540231277367607,0.5509706965670407,0.9901352408224259,27.220553326001294,True,979,True
21,212,02:09,global_od_time_adjusted,60.2123895826699,107.7922691702355,20.7,0.5,1.0,0.1,0.21372549019607845,0.0,False,980,True
190,168,02:14,spatial_neighbor_gravity_eb,48.080841618213164,38.32279563455808,12.627783933720973,8.3365977882132,7.492494130583958,1.7382365643660191,0.3022989292133337,0.0,False,981,True
120,37,00:05,global_od_time_adjusted,48.73297260540157,36.28446772284997,13.82,0.5,1.0,0.1,0.21372549019607845,0.0,False,982,True
243,185,10:34,global_od_time_adjusted,29.277740289748607,29.984312364612233,5.211111111111111,5.744411992171382,6.220211522707056,2.430406662106133,0.30677966101694915,0.0,False,983,True
85,19,08:44,temporal_same_od_eb,52.90461474789043,68.87986695534995,19.2,0.5,1.0,0.1,0.15331382357593193,0.0,False,984,True
59,69,10:03,spatial_eb,14.298928114333554,13.03899942136351,1.8434630791976199,1.0832153781937972,6.110752514731411,0.3044484995674808,0.358974358974359,0.0,False,985,True
33,99,14:42,spatial_gravity_time_fallback,96.4501778407101,87.37298166390825,12.978213366451516,33.75756224424853,26.211894499172473,3.244553341612879,0.10550000000000001,0.0,False,986,True
210,129,22:42,global_od_time_adjusted,85.60863558764771,64.40949065021817,22.086666666666662,3.2998316455369157,7.5547844805413,0.45389670875907,0.23962264150943396,0.0,False,987,True
193,13,07:06,temporal_same_od_eb,27.974242713153224,23.957701224062422,7.920070242321057,3.371796769605955,3.1507713724332307,0.36504066248090683,0.1367668845691768,0.36689093242613424,True,988,True
72,175,23:40,global_od_time_adjusted,53.32285254463814,38.895587292037895,11.622,6.893478077139347,9.493690152786453,2.211157163116176,0.26363636363636367,0.0,False,989,True
18,262,13:20,global_od_time_adjusted,43.9141870691152,41.07523537562708,8.41,13.725302668186712,14.463345674119115,3.2593148564281615,0.275,0.0,False,990,True
105,221,18:18,spatial_neighbor_gravity_eb,50.10466055734884,36.14455114607518,9.03671728113887,10.82042694601309,5.804568609909861,0.6599563647944078,0.21130661372268872,0.0,False,991,True
93,156,14:55,spatial_neighbor_gravity_eb,103.1724103009739,99.13030962855044,21.561142658049636,1.0,2.0,0.25,0.13178485640416365,0.0,False,992,True
37,239,18:53,full_observed_sparse_eb,57.957152143323526,46.72730932885191,8.803612567903766,4.48391050261436,6.639357249165578,0.613930367950004,0.13264415029056736,0.5479485857544546,True,993,True
194,35,21:36,global_od_time_adjusted,57.82540990318196,49.875527787395754,16.52,4.831537597448257,6.502381401204329,2.19642133177282,0.23962264150943396,0.0,False,994,True
33,236,17:18,full_observed_sparse_eb,49.49862740677769,40.92604876362432,8.884283118161523,8.420559378358774,9.559428508542908,1.2688120484743441,0.2050781018649086,2.632616856668193,True,995,True
98,11,04:39,spatial_neighbor_gravity_eb,77.47792998551084,54.72817043443329,22.754004298924656,15.175826681399634,2.0,0.27710127216890196,0.14588373902799756,0.0,False,996,True
213,133,22:40,global_od_time_adjusted,70.15481050001156,58.39889988357453,20.0,0.5,1.0,0.1,0.21372549019607845,0.0,False,997,True
176,227,00:04,global_od_time_adjusted,40.587133614784925,42.17672930249341,9.4,0.5,1.0,0.1,0.21372549019607845,0.0,False,998,True
127,53,09:28,spatial_neighbor_gravity_eb,43.67047708153571,36.792642474289394,9.197400015199179,4.892648972096546,6.4153934720369135,0.8034464652623232,0.2781421196230962,0.0,False,999,True
43,159,18:46,temporal_same_od_eb,31.42553956023057,14.667434912894347,2.98,0.5,1.0,0.1,0.15337456544863184,0.0,False,1000,True
249,214,11:00,global_od_time_adjusted,72.55023668176182,58.988724204776545,15.45,4.200000000000039,1.9608079073249425,0.1,0.22692307692307692,0.0,False,1001,True
251,241,02:09,spatial_gravity_time_fallback,131.23192048779967,94.41170842842666,21.593881914287493,45.93117217072988,28.323512528528,5.398470478571873,0.10550000000000001,0.0,False,1002,True
199,247,21:39,spatial_neighbor_gravity_eb,30.21482149735889,20.008264876731957,5.664298320730274,8.770815326608489,9.48020042518192,1.3088564812424337,0.3892307692307692,0.0,False,1003,True
211,229,05:34,temporal_same_od_eb,15.497026430972502,11.240014049994985,3.164182247894425,2.395676326539489,1.5452388852560688,0.4641323460394798,0.23940752690005784,1.1321486457479608,True,1004,True
60,4,16:28,temporal_same_od_eb,42.619507114133064,137.61107811808492,13.3,0.5,1.0,0.1,0.15692667171380667,0.0,False,1005,True
244,244,09:52,observed_sparse_eb,10.49493941802237,8.29701312446265,0.9382941057063051,4.017573620874903,3.7453629378844644,0.42016986446829035,0.9790608707915192,18.7983298516923,True,1006,True
166,44,03:05,spatial_neighbor_gravity_eb,133.02494316265967,75.46081104992912,30.676777765175174,1.0,2.0,0.25,0.13530152043023747,0.0,False,1007,True
20,174,05:45,temporal_eb,13.69637085987675,10.495371721818174,2.1306435348470796,4.516398227486758,10.265225758488354,1.6308732628415064,0.6149570864342723,0.0,False,1008,True
179,231,20:14,full_observed_sparse_eb,41.2836934471545,37.63551530509024,9.406780161310813,6.397950328018601,10.227993247139628,1.5041147600228686,0.09754858095019696,0.9247127324040605,True,1009,True
73,206,06:51,spatial_gravity_time_fallback,103.4612207921134,75.23274247918951,17.411964135031365,36.211427277239686,22.569822743756852,4.352991033757841,0.10550000000000001,0.0,False,1010,True
106,128,21:54,spatial_neighbor_gravity_eb,67.97984783011924,60.98569258041556,15.712870418962904,5.278346990150626,5.623737217296522,0.49579955367529494,0.17366953610588715,0.0,False,1011,True
88,201,17:09,global_od_time_adjusted,106.40397403217398,84.78158129274674,20.790625,22.339896756909464,21.915969724198554,5.599520591923472,0.3696969696969697,0.0,False,1012,True
123,227,09:51,temporal_same_od_eb,25.748079060823052,27.603718746853147,4.018341381102967,2.3931310056759627,3.810941521992217,0.7457917861939168,0.171396489932108,0.8193470733215804,True,1013,True
107,182,21:46,temporal_same_od_eb,57.393249646499974,35.4737689697159,11.718926973307532,0.5,1.0,0.1,0.15673609349550227,0.0,False,1014,True
4,167,17:28,global_od_time_adjusted,40.28062116755462,45.780385779680884,9.6008,8.103698375433279,24.078621184710332,1.3335364112014383,0.43333333333333335,0.0,False,1015,True
71,249,16:13,temporal_same_od_eb,60.79637914255846,78.9466930715312,9.101767734324186,1.6389256091419968,4.02471842130014,0.44410652587688604,0.15446252412245196,0.10322751739850844,True,1016,True
63,182,15:06,temporal_same_od_eb,71.74553184026287,69.67753165833106,2.6,0.5,1.0,0.1,0.1543132001010671,0.0,False,1017,True
196,113,19:44,temporal_same_od_eb,36.01502622905312,34.32338280281489,8.98,0.5,1.0,0.1,0.15652150504099466,0.0,False,1018,True
13,166,05:57,temporal_same_od_eb,27.257209431981963,22.541712113582243,7.800428691746448,5.972103492849991,2.4033861027086085,0.5477724345924436,0.24312739602546868,0.3929694893619313,True,1019,True
60,54,01:25,spatial_neighbor_gravity_eb,50.98414585706695,49.829094557938,12.560021570351726,4.103698182799234,7.79044327220118,0.8532100251044774,0.16906691385326197,0.0,False,1020,True
16,228,21:33,global_od_time_adjusted,50.05990930717611,87.54836981430027,17.5,0.5,1.0,0.1,0.21372549019607845,0.0,False,1021,True
72,120,10:53,global_od_time_adjusted,74.64950333449531,77.80378979984884,19.16,0.5,1.0,0.1,0.21372549019607845,0.0,False,1022,True
92,6,14:50,global_od_time_adjusted,68.21503128878807,89.8484479539707,22.37,0.5,1.0,0.1,0.21372549019607845,0.0,False,1023,True
232,149,02:04,global_od_time_adjusted,43.55709755167776,38.36623739043151,11.068000000000001,9.231597694873846,11.782536977715903,2.7561378775380563,0.31666666666666665,0.0,False,1024,True
163,161,03:32,observed_sparse_eb,10.618759801001314,6.33390285164838,0.7748871375277624,1.77066968842519,1.4182579182152484,0.33015386880306025,0.995,5.332196396215782,True,1025,True
185,220,05:36,temporal_same_od_eb,20.537194374925946,15.319840369981533,5.64460160097889,1.95390764567341,1.5645979283774385,0.5900897260492166,0.13433852281587796,0.38718779616088383,True,1026,True
174,103,05:44,spatial_neighbor_gravity_eb,54.28700759897427,47.37036760178314,15.982540033917513,1.5409637824097788,15.194573254487938,1.8572085689655724,0.20450509721674914,0.0,False,1027,True
111,125,13:04,spatial_neighbor_gravity_eb,33.960670873897406,36.590819801570376,5.948036661857851,4.492928383263852,12.578220578484231,0.9305899770271401,0.32977354162270645,0.0,False,1028,True
260,104,06:36,spatial_neighbor_gravity_eb,35.635873458136174,29.610465231458083,8.667811360738849,4.604342249204534,10.236112795599915,1.1424050184491892,0.23053316013335856,0.0,False,1029,True
127,245,13:51,global_od_time_adjusted,113.09550643756668,103.9828139844566,26.6,0.5,1.0,0.1,0.21372549019607845,0.0,False,1030,True
125,92,20:32,temporal_same_od_eb,54.451259352144376,41.73002089792224,13.49,0.5,1.0,0.1,0.16097218832223062,0.0,False,1031,True
47,98,10:52,spatial_neighbor_gravity_eb,52.68518156617463,60.82643959482658,11.768286333597896,2.219874195179612,18.023984355533983,1.8275121667474223,0.18808766208828742,0.0,False,1032,True
117,102,09:35,full_observed_sparse_eb,46.10975471782743,49.48472918734709,11.38551584389496,5.855645431497837,13.76517823194687,1.2109387579972248,0.09090909090909091,1.0,True,1033,True
126,90,14:02,temporal_same_od_eb,54.95917478195063,44.113253261621864,9.027351867074248,0.9043260718293586,3.7802488845350073,0.31763235960555053,0.153075907735863,0.12279340639214809,True,1034,True
211,229,19:09,full_observed_dense_eb,25.505198754202137,22.63106188265421,3.55492069824189,4.334772219174257,4.734427632748986,0.6786224558017943,0.7513265714971149,30.267292411227416,True,1035,True
241,33,18:49,global_od_time_adjusted,59.489600885076584,113.16833458789544,6.4,0.5,1.0,0.1,0.21372549019607845,0.0,False,1036,True
152,13,16:30,full_observed_sparse_eb,43.82211515653955,45.93831477277884,8.39611295505613,6.717428478623642,8.452263837295705,0.582984680633339,0.09090909090909091,1.0,True,1037,True
195,12,21:31,global_od_time_adjusted,22.07967277147895,17.59581675478846,3.5300000000000002,8.820000000000002,3.0383043437140493,1.129999999999999,0.22692307692307692,0.0,False,1038,True
123,69,20:48,global_od_time_adjusted,59.47143432417652,82.82079849688276,20.295,4.305000000000021,47.936513653156716,2.194999999999995,0.22692307692307692,0.0,False,1039,True
161,38,01:48,global_od_time_adjusted,76.87036676768636,52.87674575725493,19.4075,14.827177696294752,11.666991592074748,2.4285219270165186,0.3696969696969697,0.0,False,1040,True
224,186,14:19,observed_dense_eb,16.965759968101978,16.535385119243074,1.782530137070345,3.419503784430395,3.943908207504229,0.26765670052182994,0.9732642806178434,21.81612023321143,True,1041,True
188,150,04:06,temporal_same_od_eb,21.132195738393783,18.55326945600961,6.346963836855918,0.5,1.0,0.1,0.159014609978493,0.0,False,1042,True
170,200,08:27,temporal_same_od_eb,61.000805278082545,45.77411200394889,12.916074228721062,10.299840626461958,4.056729961665356,0.46389835788798106,0.17744974836769964,0.4245231159829075,True,1043,True
214,93,12:38,spatial_gravity_time_fallback,123.90332877207828,109.50735208017544,16.673192947774496,43.3661650702274,32.85220562405263,4.168298236943624,0.10550000000000001,0.0,False,1044,True
115,206,09:36,global_od_time_adjusted,133.20273203245597,98.01014678215193,26.05,0.5,1.0,0.1,0.21372549019607845,0.0,False,1045,True
167,131,17:52,global_od_time_adjusted,51.50658379366095,54.023083854313455,13.485,1.9249999999998961,1.0068225386346044,0.38500000000003237,0.22692307692307692,0.0,False,1046,True
192,193,11:09,global_od_time_adjusted,36.984843447125606,32.94379727948441,8.538,3.2500732299442716,5.693791941570764,0.6033042350257405,0.26363636363636367,0.0,False,1047,True
5,104,18:49,spatial_gravity_time_fallback,95.48604747586135,79.49314568022608,12.725990546452273,33.420116616551475,23.847943704067823,3.1814976366130683,0.10550000000000001,0.0,False,1048,True
254,26,10:42,spatial_neighbor_gravity_eb,86.26067994960593,123.24651851551299,18.463476704306878,3.2846570132393897,19.499641063869408,1.226202181132705,0.160761716388649,0.0,False,1049,True
148,192,06:53,global_od_time_adjusted,33.76064627975096,26.12452192220217,10.10375,10.773539054089895,13.246803488960932,2.8366659016352287,0.29655172413793107,0.0,False,1050,True
20,102,17:16,global_od_time_adjusted,54.234950364141724,55.04382973289542,13.5,0.5,1.0,0.1,0.21372549019607845,0.0,False,1051,True
103,204,21:34,spatial_neighbor_gravity_eb,84.20185462194759,57.40904348283851,17.743916966205347,1.0,2.0,0.25,0.12467201499130764,0.0,False,1052,True
180,121,23:51,full_observed_sparse_eb,26.86645163318687,19.34959238326018,6.010595206468645,2.580292285623816,3.563516629373785,0.8364138365966681,0.12038037387729968,0.6094340972267673,True,1053,True
22,142,16:47,global_od_time_adjusted,54.38929158911941,114.0689265903302,13.726666666666667,5.615578529610477,33.70008515741642,0.9206278051175428,0.275,0.0,False,1054,True
206,252,05:06,spatial_gravity_time_fallback,98.79815982511975,56.16535487069727,18.23581250047403,34.579355938791906,16.849606461209184,4.558953125118507,0.10550000000000001,0.0,False,1055,True
107,9,17:21,global_od_time_adjusted,59.401012627332435,51.07100968669652,12.555,2.0499999999999687,2.600221021874715,0.4550000000000173,0.22692307692307692,0.0,False,1056,True
22,39,23:58,temporal_same_od_eb,26.459813616715607,35.3347012487641,9.80543929391898,1.3019054312168978,3.1388937509134562,0.5383536402587242,0.15443188052137913,0.15816913371703833,True,1057,True
128,139,10:12,spatial_neighbor_gravity_eb,78.52518017594416,91.93190993979331,18.7489211034315,4.6635963465269015,21.25152335162043,1.1362209498429956,0.17383232526852743,0.0,False,1058,True
236,149,23:46,temporal_same_od_eb,76.986316816546,44.31225451018408,16.74,0.5,1.0,0.1,0.1529929635677897,0.0,False,1059,True
192,168,17:10,global_od_time_adjusted,38.647147571843846,38.78337626353801,9.51,0.5,1.0,0.1,0.21372549019607845,0.0,False,1060,True
71,96,23:19,global_od_time_adjusted,35.27382907004028,28.070710439301678,7.2,0.5,1.0,0.1,0.21372549019607845,0.0,False,1061,True
49,6,23:20,spatial_neighbor_gravity_eb,42.319825998570664,34.24599165070424,9.595714251092524,5.225355683464812,2.650892121011079,1.0959701822641688,0.19456140251503842,0.0,False,1062,True
153,242,05:00,global_od_time_adjusted,18.94936309525419,16.208168190109664,5.5,1.9041260462480354,4.761898761144128,1.561191852399954,0.26363636363636367,0.0,False,1063,True
10,128,12:27,global_od_time_adjusted,79.98200512536985,95.88812903924709,24.23,0.5,1.0,0.1,0.21372549019607845,0.0,False,1064,True
247,41,05:40,temporal_eb,15.735259727988261,10.707051445496308,2.1285980570948198,6.655770038904878,8.642903077136342,0.9544848459108051,0.830737480449095,0.0,False,1065,True
127,112,19:48,global_od_time_adjusted,59.12246857408489,47.06221577484673,14.083333333333334,9.52696290652078,3.243765715433631,0.7908364067379539,0.23962264150943396,0.0,False,1066,True
236,191,11:18,temporal_same_od_eb,59.53460198519505,108.92700754332512,13.2,0.5,1.0,0.1,0.1518996792556377,0.0,False,1067,True
250,245,18:23,spatial_gravity_time_fallback,145.02737259342234,125.89797098350562,19.298888230752052,50.75958040769781,37.76939129505169,4.824722057688013,0.10550000000000001,0.0,False,1068,True
185,101,22:44,spatial_neighbor_gravity_eb,38.465605613250254,40.3047214612461,10.928775742605426,1.0,2.0,0.25,0.1276869348096508,0.0,False,1069,True
154,47,02:34,global_od_time_adjusted,80.38112644081805,69.11851836918007,26.98,0.5,1.0,0.1,0.21372549019607845,0.0,False,1070,True
63,209,17:36,global_od_time_adjusted,47.9258119452865,70.76132140148776,9.836666666666666,9.776193811095345,17.63502287159805,3.3508489803166164,0.38529411764705884,0.0,False,1071,True
173,89,14:45,global_od_time_adjusted,60.80527586791015,59.496941944885265,14.827777777777776,10.638354033552847,17.793887172601668,2.021183799315976,0.38529411764705884,0.0,False,1072,True
195,230,07:00,temporal_eb,47.691475266127924,31.544503332497708,8.39223790136653,18.059804148581282,8.323602178019168,1.5811333966746044,0.7306196291068348,0.02079524906280028,True,1073,True
96,188,14:24,global_od_time_adjusted,44.75338742831175,51.31554604004877,7.92,0.5,1.0,0.1,0.21372549019607845,0.0,False,1074,True
260,226,12:05,observed_sparse_eb,12.17234224794447,9.488314491038441,1.4392299817460485,3.467749704052677,3.577102613811207,0.5361671199845235,0.9442828643431035,8.215998739871928,True,1075,True
112,152,20:21,full_observed_sparse_eb,44.602802695389656,36.62429907096242,10.1119825908008,7.703690710406949,8.352878381548768,3.335434304787408,0.09090909090909091,1.0,True,1076,True
201,157,01:30,spatial_neighbor_gravity_eb,93.30197322677951,63.18113695128737,22.623961926503583,3.344674510903357,3.9597645240764217,4.23905673984839,0.16874307091911583,0.0,False,1077,True
246,87,23:06,full_observed_dense_eb,24.70173697476732,19.729796205277527,3.946186923125646,6.75728221791851,3.1445657235801936,0.6971239399227028,0.8583069225531617,60.57854050892141,True,1078,True
184,97,22:25,spatial_neighbor_gravity_eb,65.01812902190346,77.64300127667524,16.368816492397432,3.2601365271151694,26.496651961767988,3.2941832746850377,0.25129645045445415,0.0,False,1079,True
191,173,04:03,global_od_time_adjusted,26.161643349056508,18.67423390985067,8.637142857142857,6.902016892779136,3.406664842783089,2.0993267466298926,0.4070422535211268,0.0,False,1080,True
178,175,21:49,global_od_time_adjusted,88.15634911921876,78.11388210284983,25.82,0.5,1.0,0.1,0.21372549019607845,0.0,False,1081,True
71,31,17:56,spatial_neighbor_gravity_eb,82.62896851958774,91.1716186586832,18.014208236540114,8.674118919271134,11.257171369150761,0.914480485538145,0.16819725697195845,0.0,False,1082,True
108,256,00:43,global_od_time_adjusted,42.29660064753284,47.021499951483555,9.43,8.261752067341543,16.069219147674637,4.6216447288817,0.275,0.0,False,1083,True
220,251,06:31,spatial_gravity_time_fallback,121.9525398515201,86.29660662343053,21.50817577279695,42.68338894803203,25.88898198702916,5.377043943199237,0.10550000000000001,0.0,False,1084,True
5,258,15:05,spatial_gravity_time_fallback,145.32146124688558,134.57495389609414,19.853656303668142,50.862511436409946,40.37248616882824,4.9634140759170355,0.10550000000000001,0.0,False,1085,True
112,167,11:59,global_od_time_adjusted,57.726199128949474,46.10295237638955,11.314,10.254137506392237,11.724897261580587,2.08239861697995,0.26363636363636367,0.0,False,1086,True
226,214,23:01,temporal_same_od_eb,53.80868855744934,47.580064903723404,16.847455810190198,0.6316732179974831,1.1898543886675685,0.21485000154561784,0.15681631463722032,0.0,False,1087,True
18,141,10:55,temporal_same_od_eb,41.91655834980227,46.20149101236217,10.508057259962197,0.5,1.0,0.1,0.1614463750713292,0.0,False,1088,True
123,250,06:45,spatial_neighbor_gravity_eb,69.6744300701632,68.0125401172825,15.276330155767186,1.243401519279394,16.02053257047511,2.11378258277497,0.14118731149358385,0.0,False,1089,True
33,61,11:27,observed_sparse_eb,23.536828187141637,29.821541845323264,3.5531276883619336,3.4860973818560668,11.75059857002309,0.6850613590161555,0.9111667151979029,9.227786873654281,True,1090,True
97,129,14:17,temporal_same_od_eb,37.14658990426045,32.597316915953556,8.266488676284784,2.6197241108619957,1.0,0.3622552733401036,0.17417720562050368,0.0,False,1091,True
37,100,17:12,temporal_same_od_eb,37.543242004945796,63.77410428809155,6.7,0.5,1.0,0.1,0.1528430976757678,0.0,False,1092,True
29,219,09:53,spatial_neighbor_gravity_eb,69.37104772233263,71.12652957216352,15.72916725514516,9.975249560787086,21.556861138224523,1.4886032273298768,0.23114822209559022,0.0,False,1093,True
7,253,03:26,temporal_same_od_eb,23.786208162311773,29.99671873938253,5.13,0.5,1.0,0.1,0.15384174928150912,0.0,False,1094,True
23,243,17:37,spatial_gravity_time_fallback,162.1562192475302,144.90828191627224,21.33754182148761,56.754676736635574,43.472484574881676,5.334385455371902,0.10550000000000001,0.0,False,1095,True
178,215,09:05,global_od_time_adjusted,62.14398388582428,62.674271357343244,17.46,0.5,1.0,0.1,0.21372549019607845,0.0,False,1096,True
58,106,10:05,spatial_neighbor_gravity_eb,72.5775287007433,67.91419956249074,15.752807999925992,1.0,2.0,0.25,0.12512707777103885,0.0,False,1097,True
237,52,13:12,full_observed_sparse_eb,54.24018464871831,39.12442138860217,8.64894445714341,5.6905817411314175,9.463422240662577,0.5945848396033594,0.15189136294231356,1.8049659908385394,True,1098,True
169,72,10:34,global_od_time_adjusted,64.78342799058684,109.84661694905127,18.46166666666667,6.619835513230108,38.247479469046226,1.6696348569539037,0.275,0.0,False,1099,True
235,36,12:08,temporal_same_od_eb,56.201333623034145,68.67324028682961,14.450000000000001,3.5,14.383394640560354,2.1500000000000004,0.16729814315104302,0.0,False,1100,True
36,184,06:11,spatial_neighbor_gravity_eb,50.85695879910569,37.360342601629945,14.996386523941869,5.8128586675763625,12.667604502598289,2.2345630861058248,0.2295734876848148,0.0,False,1101,True
230,113,20:03,full_observed_dense_eb,19.64807006385717,17.01327268207737,2.360073352813176,4.045284963707234,4.34092231184501,0.5021227709561114,0.9144413951732995,106.91615632407749,True,1102,True
143,131,21:08,full_observed_sparse_eb,70.4989088870197,56.44829122037313,15.277649249905345,5.903425011793226,12.97550074397875,1.7695220071435875,0.12556494078124897,0.5109876688772488,True,1103,True
251,213,15:16,spatial_gravity_time_fallback,144.55155044517576,134.3546606971979,19.72650007891142,50.593042655811516,40.30639820915936,4.931625019727855,0.10550000000000001,0.0,False,1104,True
34,214,02:01,spatial_neighbor_gravity_eb,46.090590129149525,33.02434440273153,11.133283425479034,4.028033288904888,2.0,0.25,0.1549773637673278,0.0,False,1105,True
42,19,20:52,global_od_time_adjusted,50.63864291991713,67.45477712404531,17.064999999999998,2.1910442715746195,18.505258246307097,0.49262054362366636,0.2518518518518519,0.0,False,1106,True
130,97,16:46,temporal_same_od_eb,63.17658287537729,54.36147048398242,11.297129468783599,0.5,1.0317494045742903,0.11290490672089942,0.16786863158716628,0.0,False,1107,True
120,230,10:55,global_od_time_adjusted,46.46501767489447,41.520214467746015,7.605,0.8149999999997134,3.584866589936248,0.7050000000000055,0.22692307692307692,0.0,False,1108,True
38,104,22:14,spatial_neighbor_gravity_eb,68.48024970785474,86.96518380461903,17.389525340849172,6.3999999999999675,43.870845949823135,0.8390470785361258,0.1447427869404823,0.0,False,1109,True
248,126,05:47,observed_sparse_eb,13.331023647978036,9.100724922613269,2.2581023177361312,2.1778199785092704,1.3402019787442492,0.2680617334691612,0.6402313258426158,1.72633966775048,True,1110,True
2,124,22:23,temporal_same_od_eb,7.444733614532421,6.405386876423309,1.48,0.5,1.0,0.1,0.15240520725942358,0.0,False,1111,True
190,64,14:16,spatial_neighbor_gravity_eb,89.23607270238469,98.57745658606088,18.190030339442952,5.622441396785364,7.29853119156698,0.482297830775882,0.1468655181579335,0.0,False,1112,True
85,229,07:02,temporal_same_od_eb,47.962993382516416,46.56168062678926,10.7,0.5,1.0,0.1,0.1567794514841416,0.0,False,1113,True
34,231,15:15,full_observed_sparse_eb,24.047970342501344,18.30769952961396,2.8863261189838223,13.588101413266376,6.956839546035706,0.7137059888899743,0.16678458368422344,1.987761893089285,True,1114,True
33,147,18:43,temporal_same_od_eb,56.60082376160776,57.03814710886292,14.100567836694955,0.5,1.0,0.1,0.15865184835360235,0.0,False,1115,True
126,133,05:51,spatial_neighbor_gravity_eb,50.429175763717446,47.74606980578612,14.701160673708575,1.4311805824529205,11.515810085579314,4.716017695084873,0.18474867837624848,0.0,False,1116,True
59,258,16:42,spatial_neighbor_gravity_eb,59.96502556281536,59.05581145392668,13.562507627763814,4.275343881380868,13.926580760740837,2.18474662324347,0.2187278859744422,0.0,False,1117,True
102,117,10:14,global_od_time_adjusted,44.18290183768345,46.11640961715635,10.99,6.503091061318498,14.14740071433822,3.3282222218317563,0.3927536231884058,0.0,False,1118,True
142,144,12:38,full_observed_dense_eb,34.22782861765977,31.771933848468784,4.5814389957894175,5.553980327344348,5.470189327586086,0.6709846807482727,0.7211494632391895,27.02828075785544,True,1119,True
47,92,14:11,global_od_time_adjusted,41.977190729983334,44.07338331688497,11.227142857142857,9.327894746842027,28.27608113214596,4.159693375669878,0.28596491228070176,0.0,False,1120,True
168,170,22:45,temporal_same_od_eb,25.63951151532753,18.1068874851194,5.996716102006498,4.72796533658797,3.686162510367115,0.368980502239284,0.1857733696050029,0.03216091590002179,True,1121,True
107,149,02:54,global_od_time_adjusted,47.24115580003492,54.09561782818952,13.071071428571429,11.631139255578228,18.507817074491076,2.6734840020437067,0.4512820512820513,0.0,False,1122,True
28,263,11:50,global_od_time_adjusted,87.16611059309774,51.69737982790987,13.130526315789472,14.289295724393485,12.624000370734214,0.9385569757217318,0.3927536231884058,0.0,False,1123,True
258,92,07:41,full_observed_sparse_eb,30.68369959519941,26.000225031584407,7.5885294698793295,5.731260611416302,6.139444108531031,0.9735805114155799,0.23076923076923078,3.0,True,1124,True
129,241,06:44,global_od_time_adjusted,34.165298762680074,30.389280437647344,12.116333333333333,6.74139587424839,9.241588968084278,1.0438310314520338,0.4625,0.0,False,1125,True
72,189,10:57,temporal_same_od_eb,25.302610919320795,27.398451495478312,3.6015526338067816,0.6194865958425941,1.0538472895295388,0.11255234535790781,0.18791667163878178,0.0,False,1126,True
121,166,11:38,global_od_time_adjusted,57.875121244053275,65.16934673290875,13.776,8.25651887904341,23.540571266109062,1.235161527898272,0.26363636363636367,0.0,False,1127,True
41,142,11:10,observed_dense_eb,19.126088556533876,19.752677005485907,2.8111846377107685,4.573169463379147,7.323196552861545,0.564814746263006,0.9786659720587181,22.890803822532412,True,1128,True
103,140,03:30,spatial_neighbor_gravity_eb,31.51462811566575,21.49664017258686,6.6387025488490625,6.506519455880236,6.264841103054437,0.747611576064066,0.3892307692307692,0.0,False,1129,True
101,3,02:02,spatial_neighbor_gravity_eb,44.24528018081919,34.397482066540235,12.342562455595111,1.3712887095147621,2.0,0.3851918463508919,0.17122387605199269,0.0,False,1130,True
98,49,15:49,spatial_neighbor_gravity_eb,66.7911594766916,81.23334579026384,14.503187719813726,4.7848743112804435,23.2949328076989,1.4984062243938345,0.2610682833418161,0.0,False,1131,True
14,176,05:46,spatial_neighbor_gravity_eb,38.02859201250668,24.51328137452635,9.483006858808416,26.152095647120316,14.285516046720655,4.879933627439296,0.1498713401908085,0.0,False,1132,True
64,139,22:20,temporal_same_od_eb,26.776147435675682,25.659481121935926,8.657345055852291,0.6565335569966155,2.447429328152139,0.16842187945541282,0.17033418221502133,0.0,False,1133,True
17,60,16:17,full_observed_sparse_eb,54.30124687093465,101.80420469091928,12.84734851046682,3.227682282702688,35.73303666443469,2.6802109498362534,0.16828195603925608,1.738485107743145,True,1134,True
208,210,03:32,spatial_neighbor_gravity_eb,76.99462572338102,56.670207078023736,21.40742568278583,6.043674392098406,7.467361817274842,2.1659878559068013,0.20487985975302148,0.0,False,1135,True
142,6,15:08,global_od_time_adjusted,82.28384286166386,65.16941401449176,16.135,1.0,1.4674495109878327,0.23500000000001528,0.2269230769230769,0.0,False,1136,True
155,14,10:56,temporal_eb,38.72854273001123,52.528441409152286,9.953564858805942,5.509814995741316,12.019542421962688,3.5502656821653935,0.672189303769708,0.0,False,1137,True
243,52,15:24,global_od_time_adjusted,54.822145077562354,88.52774603337429,14.0,3.550000000000059,33.54349940634938,0.7000000000000065,0.22692307692307695,0.0,False,1138,True
259,26,02:27,global_od_time_adjusted,58.73013445945629,101.31763856854164,9.0,0.5,1.6475557626854576,1.9,0.2269230769230769,0.0,False,1139,True
148,27,19:21,global_od_time_adjusted,132.65933503657016,83.37671340583105,23.85,0.5,1.0,0.1,0.21372549019607845,0.0,False,1140,True
49,34,09:26,full_observed_sparse_eb,12.33949435520318,11.7338770634191,1.2960386592303539,3.738671878843931,3.250307842918824,0.32291705548527744,0.17844190542467117,1.452554965245497,True,1141,True
235,107,21:10,global_od_time_adjusted,36.27696769910374,59.300803186326746,10.452,1.3546758136175383,20.96183330625012,1.1245870353156375,0.43333333333333335,0.0,False,1142,True
78,97,00:40,global_od_time_adjusted,42.86366825196042,55.42349290552021,14.501666666666669,4.406081655570556,24.581591283364034,1.30064620691237,0.275,0.0,False,1143,True
10,243,16:25,temporal_same_od_eb,101.01176182983238,87.38007783348996,18.21964796598376,0.5,1.0,0.1,0.15918626651344142,0.0,False,1144,True
141,93,01:39,temporal_same_od_eb,18.831349177103803,15.825742050820137,4.53,0.5,1.0,0.1,0.15498595193969494,0.0,False,1145,True
142,203,01:49,global_od_time_adjusted,63.74627334685729,83.9279897875959,20.025,6.284256121451497,25.70079686543959,3.7312028891498326,0.2518518518518519,0.0,False,1146,True
247,144,19:19,temporal_same_od_eb,47.51558964137733,39.026248949805165,10.752698193366358,0.5,1.0,0.1,0.15577435549043706,0.0,False,1147,True
28,192,00:57,full_observed_sparse_eb,15.622480215208864,11.2541386677819,4.100735291493432,3.1028275446041027,2.278185790258654,0.8734779494589401,0.09090909090909091,1.0,True,1148,True
33,260,03:08,temporal_same_od_eb,24.37211349235305,21.940962482930008,8.989512069177806,2.636116358079385,1.6369026480854927,0.765456147454726,0.15548186813308057,0.0,False,1149,True
68,146,21:05,full_observed_sparse_eb,33.34716371792639,29.07642967596908,4.8967403014446305,7.011413766375577,8.021424630352051,0.9092411143992409,0.34595466736386254,5.545598148741362,True,1150,True
246,88,08:26,full_observed_sparse_eb,26.54972288584926,21.710667601639184,4.049713085489808,6.584001651395923,4.481873927997504,0.591787887706511,0.5431448761233117,12.58869256739871,True,1151,True
180,233,01:14,global_od_time_adjusted,34.56924090061724,30.87103045310773,10.620000000000001,1.4400000000001378,5.2328600675926324,0.7199999999999801,0.22692307692307692,0.0,False,1152,True
187,260,18:43,spatial_neighbor_gravity_eb,76.69349321278948,76.0843806657865,18.260109792849267,1.0,2.0,0.25,0.12392614468184632,0.0,False,1153,True
231,101,15:52,global_od_time_adjusted,86.52728075634211,78.29736552601531,19.04,5.790000000000047,5.998713815112168,0.3899999999999509,0.22692307692307692,0.0,False,1154,True
72,142,14:32,global_od_time_adjusted,51.835588959625866,77.28159044307367,10.9908,7.8862100301729345,25.922804756554704,2.2659495493059842,0.55,0.0,False,1155,True
88,12,23:11,temporal_same_od_eb,15.817353855415487,3.581722388768126,0.5137845909319019,14.119293092347043,3.6672543892861524,0.9205340638523029,0.24324038359414515,0.0,False,1156,True
42,164,16:56,full_observed_sparse_eb,39.683908696244245,38.779982809225004,6.604118842694619,5.816201207945735,11.434875374321152,1.2902701939209498,0.1844818609568688,2.9556708939985583,True,1157,True
40,10,05:06,spatial_neighbor_gravity_eb,56.13398451424294,46.38494497425444,15.176139020906977,9.462207464758666,13.643379507272671,4.163189218082427,0.292070647302713,0.0,False,1158,True
94,132,09:14,global_od_time_adjusted,77.87204826306859,85.16482169308217,23.615000000000002,12.67000000000001,6.3149076210005095,2.844999999999978,0.22692307692307692,0.0,False,1159,True
263,263,17:39,observed_dense_eb,8.490097447427779,6.1856472562930644,0.6596581996149504,7.8143588688419925,5.970878037088161,0.8495838792902333,0.995,372.27377081807134,True,1160,True
188,54,20:07,global_od_time_adjusted,23.89134353347459,31.929787331476305,4.823636363636364,2.960628981642582,12.305496992276279,1.0593331755682442,0.3262295081967213,0.0,False,1161,True
238,73,23:31,global_od_time_adjusted,45.96287312528602,46.60570264049516,11.969999999999999,8.774079248939248,5.947954685071713,7.560321862636982,0.23962264150943396,0.0,False,1162,True
107,235,23:36,temporal_same_od_eb,37.95754015068281,31.869052349855075,10.641642876298862,2.4232810757690317,6.665930607616286,0.4124196589862223,0.13665389479887127,0.38173692704572204,True,1163,True
218,210,14:31,global_od_time_adjusted,47.346681080623505,50.90869723399111,12.778856483609369,3.6481817162638746,13.16735777307668,0.9890728900385695,0.28851277195871106,0.0,False,1164,True
57,128,09:20,spatial_neighbor_gravity_eb,54.05663096871041,53.59743041162696,12.2118313921128,1.0,2.0,0.25,0.13439445775451167,0.0,False,1165,True
189,144,18:04,temporal_same_od_eb,33.48967367153976,27.553339797379962,3.51611950496093,2.4627341062049726,3.2242640854668263,0.26401633224575854,0.18184692265633787,0.5145203505910274,True,1166,True
201,145,07:20,global_od_time_adjusted,64.46425738757733,65.81504000902906,17.98,0.5,1.0,0.1,0.21372549019607845,0.0,False,1167,True
150,164,13:30,spatial_neighbor_gravity_eb,67.73157048819374,75.56549728284338,13.630208236992198,8.83454404954368,20.5459475125328,2.585854453787665,0.26312325560274485,0.0,False,1168,True
49,187,02:25,spatial_neighbor_gravity_eb,49.621439811452376,41.702066076577154,13.462792554510537,1.0,2.0,0.25,0.13209088995403148,0.0,False,1169,True
164,262,17:29,full_observed_dense_eb,27.303279116925122,24.10422240519849,3.4224727190333892,4.8498732425287345,5.9617616839017735,0.3483697223717782,0.8768875262337587,71.23706181194285,True,1170,True
139,49,13:43,spatial_eb,45.630930663717294,77.06931552787407,13.074836196320947,5.055013891594615,20.601730086815987,2.479886475590811,0.5798319327731093,0.0,False,1171,True
155,115,15:48,spatial_neighbor_gravity_eb,56.73418284379444,45.88142263431425,10.816266251572326,1.0,2.0,0.25,0.13048802477814345,0.0,False,1172,True
108,120,00:51,spatial_neighbor_gravity_eb,75.21087807235719,78.65955649449214,19.62371533170795,5.881351343787607,16.99976233645571,4.097296754893961,0.17417851177735563,0.0,False,1173,True
7,24,23:44,temporal_same_od_eb,26.870878464064994,20.467753648815272,6.128423680520155,0.9584319415596674,1.7983441137896685,0.2944411743360304,0.1879681495033465,0.08487296823112445,True,1174,True
169,150,01:45,spatial_neighbor_gravity_eb,78.18572096033003,82.85464278899008,21.756225182173694,1.0,17.66378061364163,1.2739288593953426,0.13856012920519287,0.0,False,1175,True
234,146,16:27,temporal_same_od_eb,42.08671922984004,39.67985372023944,3.4392572016738114,5.829340518775485,4.504905345954828,1.1891110477900757,0.18656631917110364,0.4160723038559979,True,1176,True
161,183,21:33,full_observed_sparse_eb,51.25260189401257,45.43758838862511,13.143532122323695,9.745671884574497,19.62957318179546,2.460831207203663,0.10860328458954824,0.8061813652003451,True,1177,True
100,136,07:27,temporal_same_od_eb,33.88555737010094,49.29976159761652,9.96846972166664,0.6200396782725779,10.658411278381436,0.37587907891680705,0.1813483878359145,0.0,False,1178,True
191,247,20:36,global_od_time_adjusted,46.910892171686065,96.85565324844661,15.5,0.5,1.0,0.1,0.21372549019607845,0.0,False,1179,True
87,169,02:59,global_od_time_adjusted,41.105525739945904,33.55448460341847,13.485,9.130225862789835,10.662450016086423,1.8173630163875711,0.3354838709677419,0.0,False,1180,True
242,207,00:02,spatial_neighbor_gravity_eb,33.26348200554769,25.590632210315107,7.771398696394533,3.810193885319235,6.179828842376396,1.1106433101527127,0.25601400431516497,0.0,False,1181,True
83,167,12:05,global_od_time_adjusted,42.68664732576126,34.804252135113366,8.863333333333335,4.030740213244537,6.160648074117313,0.3760614606978541,0.23962264150943396,0.0,False,1182,True
252,171,23:20,temporal_eb,12.08903595636878,8.851374912508183,1.8556606997729959,4.700026992843692,4.013546623715132,0.7865664418762237,0.6039950618263357,0.0,False,1183,True
29,188,05:47,temporal_same_od_eb,22.794081108401976,18.62003589974941,6.705495753356974,0.6364755702897448,1.0,0.1,0.1743532714179359,0.0,False,1184,True
122,223,19:08,temporal_same_od_eb,44.306746612746416,41.655984299378794,11.642399282216761,0.5,1.0,0.1,0.1571727669616622,0.0,False,1185,True
232,202,13:38,global_od_time_adjusted,41.45326411904254,45.25692093183892,8.1525,3.564467000829171,8.706009255112559,0.936279205151963,0.2518518518518519,0.0,False,1186,True
88,16,00:31,global_od_time_adjusted,71.26933749744393,45.9332553976032,17.628333333333334,9.9422444649083,1.3669110620172087,1.582639321583472,0.275,0.0,False,1187,True
144,199,20:00,spatial_neighbor_gravity_eb,48.70878587911081,36.09047919119335,9.273145264253316,12.370134100562412,14.215438967228922,1.7048195966872486,0.3892307692307692,0.0,False,1188,True
144,95,17:27,temporal_same_od_eb,45.47742582564949,34.8225414407427,8.406696020934952,0.5,1.0,0.1,0.1576877090252662,0.0,False,1189,True
48,113,12:25,full_observed_dense_eb,20.56338038067654,18.570172956098897,2.4857821454082827,4.1082062101020185,5.201375355634331,0.4465282593060493,0.8095231658394695,43.056974083108905,True,1190,True
82,62,05:25,global_od_time_adjusted,28.854470155234726,29.6944892565159,9.340909090909092,9.271009031981075,13.333680147460036,1.5838414437715183,0.41388888888888886,0.0,False,1191,True
30,3,06:27,spatial_neighbor_gravity_eb,67.58760238554706,61.85687338555108,19.962521176013986,1.0,7.0043988084335895,1.8100367387330007,0.13103218601697475,0.0,False,1192,True
114,102,16:34,temporal_same_od_eb,60.820726719698406,76.68664039183848,8.4,0.5,1.0,0.1,0.15751816003487476,0.0,False,1193,True
192,122,23:32,global_od_time_adjusted,21.944054259294514,17.05905138941749,6.353333333333333,2.6412286703140797,3.0755550540246577,0.16759740119970618,0.23962264150943396,0.0,False,1194,True
124,110,16:15,spatial_gravity_time_fallback,127.28637203341397,113.69060694217873,16.805150690801568,44.55023021169489,34.10718208265362,4.201287672700392,0.10550000000000001,0.0,False,1195,True
51,155,16:18,global_od_time_adjusted,78.69982227830826,117.107321147295,16.34,3.200000000000108,43.23813422461053,5.4386027617394515,0.26363636363636367,0.0,False,1196,True
51,195,00:19,spatial_neighbor_gravity_eb,66.38239204105966,64.94687952100514,18.260113829948168,3.035000000000077,31.2183212656347,1.7699999999999856,0.1296803378334651,0.0,False,1197,True
143,45,21:37,full_observed_sparse_eb,30.66241914659173,27.420003530895514,5.282558035312411,5.6035766717977396,6.103789856701464,0.8614066104316154,0.1261896483487574,1.4657033582035979,True,1198,True
38,20,07:54,spatial_neighbor_gravity_eb,62.10812405556861,61.613974758578564,14.891349903119405,4.958134331125236,14.226188710815705,2.0346920171071448,0.2180655423212468,0.0,False,1199,True
40,233,09:18,full_observed_sparse_eb,36.40302975677811,34.43652199004514,7.382090393946958,4.583452992009596,10.637684031516057,1.124640022945666,0.22715008650543952,2.4181319689401946,True,1200,True
17,83,11:44,global_od_time_adjusted,34.84098978576056,30.48492106874425,6.571935483870967,5.529590761117131,9.906815406090875,1.127132872365413,0.4679012345679012,0.0,False,1201,True
165,51,01:25,global_od_time_adjusted,61.76665136585288,107.65337310681495,22.35,1.0,22.55968794545074,0.75,0.22692307692307692,0.0,False,1202,True
242,15,16:58,spatial_neighbor_gravity_eb,34.202983639119665,36.67872965994806,5.845574168386015,3.123918852978653,11.087906030343515,0.8633910406540224,0.17523316380195192,0.0,False,1203,True
161,123,19:03,full_observed_sparse_eb,80.36044337683879,69.69447847956826,15.36141385824909,14.896438020612823,17.95611245900743,4.748428663941592,0.10717341911348849,1.214689132298048,True,1204,True
212,59,18:48,global_od_time_adjusted,14.550254936027413,14.86553420921504,2.9,0.5,1.0,0.1,0.21372549019607845,0.0,False,1205,True
153,260,03:56,global_od_time_adjusted,22.093130143847876,24.64970550803435,11.15,13.267720932775156,3.7106574493480218,0.6217314532818695,0.2518518518518519,0.0,False,1206,True
221,243,16:47,spatial_gravity_time_fallback,136.87157706421226,122.698808839589,18.031560420221265,47.90505197247429,36.80964265187669,4.507890105055316,0.10550000000000001,0.0,False,1207,True
27,223,23:11,spatial_neighbor_gravity_eb,116.04401558745623,87.82189717200204,31.624598182870365,1.6792018193180063,3.4955791192120804,0.3745664160064421,0.13332552562386962,0.0,False,1208,True
23,113,12:37,spatial_gravity_time_fallback,95.36827956376393,83.54802683482824,12.720708461516171,33.378897847317376,25.06440805044847,3.180177115379043,0.10550000000000001,0.0,False,1209,True
92,216,10:02,full_observed_sparse_eb,35.96201452463424,30.95002879438693,7.4318574856827615,4.373263622372702,6.23115336466937,1.4290642228449513,0.09922986973016323,0.8874171411498324,True,1210,True
170,157,03:28,temporal_same_od_eb,30.535744503311022,15.876281026108506,6.783122263734219,7.121199558556657,1.3120533171697086,1.1554507362113247,0.17312679880988185,0.0,False,1211,True
191,207,16:52,global_od_time_adjusted,27.069245314495433,49.2665223039149,12.135000000000002,13.225000000000003,1.6192043524186546,0.1,0.22692307692307692,0.0,False,1212,True
215,46,03:01,global_od_time_adjusted,41.787108121906975,40.560509051254094,15.25,0.5,6.065122848785638,0.44999999999998486,0.22692307692307692,0.0,False,1213,True
88,138,11:07,full_observed_sparse_eb,68.91373393820624,52.01561166322229,13.521754679435134,7.889974537233377,9.873966283352473,1.4288407360051494,0.6012690824525693,15.238810020304555,True,1214,True
254,230,15:26,temporal_same_od_eb,51.98300396450208,98.46457690320487,13.907764050393203,0.5,1.0,0.1,0.15918626651344142,0.0,False,1215,True
261,202,06:49,global_od_time_adjusted,46.39665528749529,35.09578131343871,10.025970017764418,6.410303112692139,4.900269419717271,1.705406080531135,0.341287393178518,0.0,False,1216,True
172,254,08:28,spatial_gravity_time_fallback,171.9498864801164,149.29804606692187,25.011206210699058,60.18246026804073,44.78941382007656,6.2528015526747645,0.10550000000000001,0.0,False,1217,True
7,236,00:15,temporal_same_od_eb,24.642728233175156,16.010971492791338,5.103584027075285,8.667476536937299,3.781519085110687,1.1102744418709818,0.2112793355632626,0.0,False,1218,True
209,19,17:10,global_od_time_adjusted,69.3588453697637,75.4473374011293,18.5,6.280000000000037,10.839811007048743,2.399999999999998,0.2269230769230769,0.0,False,1219,True
73,101,15:15,global_od_time_adjusted,32.75053072006319,47.91056376188889,7.343333333333334,4.267632703137514,24.163695811519144,0.22156012477178505,0.23962264150943396,0.0,False,1220,True
55,235,22:54,temporal_same_od_eb,75.84192883508398,80.74814377900452,28.200000000000003,0.5,1.0,0.1,0.15227104602447522,0.0,False,1221,True
206,126,23:27,spatial_gravity_time_fallback,102.65431116934458,74.99905683367525,16.497461266054476,35.9290089092706,22.499717050102575,4.124365316513619,0.10550000000000001,0.0,False,1222,True
208,246,11:48,temporal_same_od_eb,52.61106753871325,75.62704938927965,13.485,2.184999999999818,29.988926482209376,1.1850000000000227,0.15384407419901858,0.0,False,1223,True
11,61,18:20,global_od_time_adjusted,55.574675392054814,72.22117594333152,11.52,6.725000000000037,7.808847974965786,1.919999999999998,0.22692307692307692,0.0,False,1224,True
108,187,21:32,spatial_gravity_time_fallback,59.03488206313434,44.690987598413244,8.817904031779486,20.66220872209702,13.407296279523974,2.2044760079448715,0.10550000000000001,0.0,False,1225,True
193,84,19:25,spatial_neighbor_gravity_eb,131.45100042189557,87.8725205567178,25.332291200513495,1.2145862717502511,6.496423666462805,0.6901061976829356,0.14754635904712804,0.0,False,1226,True
79,114,01:28,observed_dense_eb,10.713231647146838,7.196732950440201,0.9172288390269928,2.9025100896536737,2.5565753139783873,0.3047829514349502,0.995,277.41680048510335,True,1227,True
203,76,23:00,observed_sparse_eb,30.644989903802582,23.7469035359986,7.8904604541617775,5.694084435829724,8.437254069650132,0.9693000724159176,0.6008977534935168,0.9858225428192924,True,1228,True
127,135,14:10,global_od_time_adjusted,55.78012449544727,62.75986387570404,16.0,0.5,1.0,0.1,0.21372549019607845,0.0,False,1229,True
87,221,06:22,global_od_time_adjusted,40.45497660679765,28.89270388247662,12.673333333333334,8.177057335415109,3.788904248541547,0.7734913631637226,0.23962264150943396,0.0,False,1230,True
80,167,21:50,temporal_same_od_eb,46.854342121358236,42.3094000740818,13.99,0.5,1.0,0.1,0.1579535496799638,0.0,False,1231,True
234,197,10:36,global_od_time_adjusted,59.66056126382671,46.48088083471573,12.355,22.246637251503874,10.76163687001479,1.9059446476747404,0.31666666666666665,0.0,False,1232,True
189,75,12:55,full_observed_sparse_eb,46.91675726593818,67.93630448054887,9.911963513243753,5.688031953094963,17.724466790698777,1.3194589338561644,0.16968681092690913,1.3600917079457702,True,1233,True
166,79,09:25,full_observed_sparse_eb,41.82492387370708,38.205767134256575,7.453522939293325,7.507863471426836,7.803135687594098,1.0766974981168556,0.31901747007265596,4.6993668715257755,True,1234,True
89,177,02:46,full_observed_sparse_eb,21.486458663047543,22.369734643626906,4.368117009069721,3.950052434339464,6.8686666336430475,1.4526347254179692,0.10023525643748339,0.9020119340662198,True,1235,True
239,160,08:13,temporal_same_od_eb,46.488470972283146,48.315473561595056,8.870675666334867,1.1785425696131808,1.926201665941998,0.2210113543447612,0.1520489963197418,0.13728366842024542,True,1236,True
83,129,17:55,observed_sparse_eb,16.622671869643206,10.94123143165833,1.6353843486495074,32.16268342780093,3.0733918486767577,1.3467509456433482,0.8597848689973482,1.6441382394444304,True,1237,True
178,197,11:55,global_od_time_adjusted,48.84403479635918,78.3225001337573,12.42,3.7947331922020666,14.18337052523276,1.9913814300630666,0.26363636363636367,0.0,False,1238,True
2,252,13:02,spatial_neighbor_gravity_eb,91.26870648595714,80.7668844134643,20.73183758678522,1.518728543577501,2.28531540145476,1.3237153351477444,0.1406580009333591,0.0,False,1239,True
67,84,21:26,spatial_gravity_time_fallback,73.32703982883808,56.231855574298194,11.093380151370795,25.664463940093327,16.86955667228946,2.7733450378426987,0.10550000000000001,0.0,False,1240,True
40,83,13:58,global_od_time_adjusted,39.03154061230184,33.231380812786085,8.52142857142857,4.051348477951008,11.295745949858027,1.01230188285947,0.28596491228070176,0.0,False,1241,True
234,21,22:34,full_observed_sparse_eb,56.92366583879311,40.996950473230456,13.051552693249999,8.136903416750815,5.308853773985563,1.9751461821775442,0.1724196564239596,1.4098040794455073,True,1242,True
115,230,22:14,spatial_eb,62.1216639882343,42.25905154343608,12.061086208373176,0.0,0.0,0.0,0.07335475475414041,0.0,False,1243,True
172,103,05:25,spatial_gravity_time_fallback,49.26934613016012,27.782762593385563,8.73252897896383,17.24427114555604,8.33482877801567,2.1831322447409574,0.10550000000000001,0.0,False,1244,True
4,82,04:11,full_observed_sparse_eb,29.455169025255245,17.38611728892836,7.886811423232361,4.44793534096982,3.055359197812426,0.3421155820059838,0.18378467135124693,2.267040873079452,True,1245,True
235,51,05:54,full_observed_sparse_eb,26.562826668231338,20.077125359142293,8.474699495093228,5.068895397423852,9.705768281022301,2.261973429749608,0.19041309464562395,2.3704442764717335,True,1246,True
37,47,20:43,temporal_same_od_eb,46.23162337502654,71.55007352518261,13.031305098509876,0.5,1.0,0.1,0.15497126134192846,0.0,False,1247,True
121,167,12:47,global_od_time_adjusted,49.97731073691328,60.728042835265654,12.820000000000002,1.3266499161420708,14.119329613124618,0.7359347797189367,0.26363636363636367,0.0,False,1248,True
22,262,08:00,full_observed_sparse_eb,48.264977524591295,52.3497750433116,15.109999999999998,0.5,1.0,0.1,0.09273988413889596,0.9741665413367926,True,1249,True
57,226,22:26,temporal_same_od_eb,27.48190905608016,21.5373751658161,7.3,0.5,1.0,0.1,0.16030038471606922,0.0,False,1250,True
7,25,02:45,temporal_same_od_eb,26.345691865497834,23.55431478044169,9.270211444099052,0.6191943802176535,1.3276136745777598,0.4557134756883226,0.16936472232865252,0.01913223169844258,True,1251,True
29,134,12:25,full_observed_sparse_eb,58.833778582071744,57.10682852527995,14.306423376127839,7.039198297341888,8.114126503633948,0.8785933078160971,0.115176412396923,0.6649672813838592,True,1252,True
104,67,02:41,spatial_neighbor_gravity_eb,33.62842451423422,24.392776523813062,7.221301590115248,6.066070085715547,7.007092324104077,1.1791923886179465,0.18186709991973266,0.0,False,1253,True
81,243,20:00,global_od_time_adjusted,33.76870106972429,33.98621806004732,7.8583333333333325,5.017400247828921,16.984210802403904,1.764817428391837,0.38529411764705884,0.0,False,1254,True
24,44,17:49,spatial_neighbor_gravity_eb,171.64768036009124,122.71768223934748,30.54333745813493,1.0,2.0,0.25,0.13708459847019314,0.0,False,1255,True
233,166,01:35,full_observed_sparse_eb,28.262190033084227,23.057604053511753,5.538073544471013,7.04778637943391,5.523464538100071,1.0799533888904347,0.11819352997687144,1.360154595694703,True,1256,True
175,226,07:33,temporal_eb,41.500198020045296,34.50319292354045,11.266095134295236,6.965354826363305,7.207684882948359,0.6976681276413098,0.4482125515945359,0.0,False,1257,True
232,99,01:36,spatial_neighbor_gravity_eb,60.95221200430207,46.50916497828158,14.911410585644127,5.049999999999961,2.0,0.25,0.12758094195748584,0.0,False,1258,True
102,39,05:27,global_od_time_adjusted,22.072114613159442,16.351897113713758,6.498666666666667,3.3529427207885503,3.1282746841133444,1.2198079994636648,0.3615384615384616,0.0,False,1259,True
128,216,05:02,global_od_time_adjusted,38.83845485736568,30.301684609723427,16.5,0.5,1.0,0.1,0.21372549019607845,0.0,False,1260,True
37,151,09:22,temporal_same_od_eb,72.80082778140832,82.31548898759695,11.93,0.5,1.0,0.1,0.15243912449050762,0.0,False,1261,True
135,117,19:18,global_od_time_adjusted,51.78133934768593,51.71774763863941,13.165,3.197893838137851,17.35566189128946,1.2002603884157852,0.2518518518518519,0.0,False,1262,True
115,193,17:21,spatial_neighbor_gravity_eb,70.95135005048166,65.33394284647,12.125377836872332,5.129400302453379,8.073988844998151,6.369092432577904,0.14152641732144514,0.0,False,1263,True
18,47,01:21,temporal_eb,14.625058437269693,12.484621082844315,2.114497348302475,5.275231040179791,6.0502108067088205,0.9977268152443167,0.6671024572014733,0.3697102153888432,True,1264,True
61,226,23:51,full_observed_sparse_eb,30.44341248936857,27.967426161652778,6.26860710819627,6.965415146006096,7.216462630955116,1.417325543508941,0.173535377896735,2.181555903923311,True,1265,True
194,11,10:50,spatial_neighbor_gravity_eb,72.65337827033129,71.46291227991102,17.252189767365053,1.0,2.0,0.25,0.14914974061967148,0.0,False,1266,True
113,207,17:30,spatial_neighbor_gravity_eb,42.77560007847068,37.67528718449215,6.58030428114045,8.167122199642694,9.735263498197767,1.4659674463413455,0.3892307692307692,0.0,False,1267,True
167,92,15:43,temporal_same_od_eb,57.80276861196141,59.54459115801713,8.7,0.5,1.0,0.1,0.15346812705892598,0.0,False,1268,True
107,257,10:38,temporal_same_od_eb,51.51554196911758,38.26347176339467,9.756867565926289,3.7544929192383036,8.107579774873702,0.5827210128085162,0.13362857688077368,0.4643376006682587,True,1269,True
118,68,23:25,spatial_neighbor_gravity_eb,56.039503615559,43.87749179137724,13.849714381276499,1.0,2.0,0.25,0.12470206012980128,0.0,False,1270,True
244,72,18:20,temporal_same_od_eb,67.63857571942555,129.03872189325628,15.900000000000002,0.5,1.0,0.1,0.15260211650887237,0.0,False,1271,True
161,236,05:32,observed_sparse_eb,15.508738032131289,8.91033367489656,1.8933660628896583,1.5405021297308434,1.8168798665610109,0.3634860256674682,0.995,5.454904693626624,True,1272,True
176,139,02:59,spatial_gravity_time_fallback,126.92452246177464,89.57494576639839,21.419907355958316,44.42358286162113,26.872483729919516,5.354976838989579,0.10550000000000001,0.0,False,1273,True
98,257,19:54,global_od_time_adjusted,51.57602377463634,56.27578482626333,17.145,4.104999999999992,17.107995289588445,0.3450000000000318,0.22692307692307692,0.0,False,1274,True
115,15,10:57,spatial_gravity_time_fallback,142.60627145920694,125.2653587914019,19.531860365572545,49.91219501072242,37.579607637420565,4.882965091393136,0.10550000000000001,0.0,False,1275,True
106,130,04:30,global_od_time_adjusted,43.71898139569875,48.8705939502411,14.265,6.130000000000039,16.915114551047893,1.8650000000000024,0.22692307692307692,0.0,False,1276,True
64,82,20:26,global_od_time_adjusted,32.16775113635255,27.029837533894547,8.686,2.0622647744652767,1.2268244067315563,1.2347890508098944,0.26363636363636367,0.0,False,1277,True
244,168,10:15,full_observed_sparse_eb,23.350547146657128,23.398211646149015,3.6079052646844043,4.802668719212054,10.485806414248948,0.9231588594941073,0.16666666666666666,2.0,True,1278,True
182,177,12:05,global_od_time_adjusted,62.810331689710694,62.986138747003196,15.19833333333333,4.386503606391876,14.533117221925263,1.86639060458655,0.275,0.0,False,1279,True
28,222,11:00,global_od_time_adjusted,34.503829774637055,35.55980488418221,8.476363636363637,3.540980860516647,14.643040737760838,0.6501925970227143,0.3262295081967213,0.0,False,1280,True
60,59,23:49,temporal_same_od_eb,4.5381647824194165,2.9463895432134817,0.2,0.5,1.0,0.1,0.15200641720801356,0.0,False,1281,True
252,255,14:10,global_od_time_adjusted,45.4678957571063,44.59301890002502,11.3675,3.5833530038219825,7.77492157587775,0.8867743512303501,0.2518518518518519,0.0,False,1282,True
221,81,12:43,spatial_gravity_time_fallback,162.09912366203315,144.19421442219337,21.954591183643345,56.73469328171161,43.25826432665801,5.488647795910836,0.10550000000000001,0.0,False,1283,True
205,197,08:15,observed_sparse_eb,24.213117416552137,23.181167268609293,4.547158194384102,6.12506629602117,6.672802812316111,1.2461103585721187,0.7597541632262893,1.0283454276511463,True,1284,True
208,53,20:56,temporal_same_od_eb,19.891017905292284,15.247769361893504,4.02167404958994,1.857229747768855,3.068394540084651,0.35389007952636187,0.15913002019294648,0.23979602054899374,True,1285,True
46,214,22:51,spatial_gravity_time_fallback,151.8668835038006,116.56208542581545,24.11466296791293,53.15340922633021,34.96862562774463,6.028665741978233,0.10550000000000001,0.0,False,1286,True
125,55,13:07,full_observed_sparse_eb,55.54619357986062,111.70628402383568,15.281899212281086,5.774179988721617,23.91689790254407,0.9765809552810439,0.12346160883107363,0.550582515558176,True,1287,True
252,241,22:01,full_observed_sparse_eb,35.45574745018533,32.35105177155275,10.738149722803197,2.3655871348535746,5.162342340827912,1.1585740175427424,0.09696111328980742,0.9146027702878854,True,1288,True
95,54,18:55,global_od_time_adjusted,56.75001856934794,46.88048656713769,12.760000000000002,0.5449999999994439,1.0,0.37999999999998724,0.22692307692307692,0.0,False,1289,True
19,223,17:19,global_od_time_adjusted,50.69018494784533,48.95580197577296,12.021,4.761310848915428,6.7671808328696414,4.019608065471058,0.31666666666666665,0.0,False,1290,True
68,116,23:02,full_observed_dense_eb,34.519747986081676,29.60917595567377,7.464605247756604,7.929978292776289,5.754936750345305,0.9247626894218708,0.7921967604664277,38.12467806170382,True,1291,True
13,215,15:13,global_od_time_adjusted,61.83140579643933,76.70673069674893,17.83666666666667,1.225651754056558,23.35574243432276,1.470608339731825,0.23962264150943396,0.0,False,1292,True
36,33,02:10,full_observed_sparse_eb,25.97841371255585,23.131002809374962,4.851089176181374,5.532172785047205,6.534755308829954,0.7459988973021997,0.09090909090909091,1.0,True,1293,True
103,56,17:20,spatial_neighbor_gravity_eb,57.53720826335103,59.03543352177211,10.697259323998125,7.0346912508579615,30.465101271997096,1.4899497919906695,0.20934610442239954,0.0,False,1294,True
178,27,06:07,spatial_neighbor_gravity_eb,80.21866557323426,56.25983042233908,18.00048719821848,8.136481725346206,5.484515242783662,0.703835102771259,0.2575705389057925,0.0,False,1295,True
154,65,07:34,spatial_neighbor_gravity_eb,50.61070903007137,61.86196739701852,10.416749024771038,7.680849211653835,14.904860144771657,2.8325156204067192,0.26839337765454063,0.0,False,1296,True
103,156,06:25,spatial_neighbor_gravity_eb,48.124134723880886,31.436644550998686,13.545331304916182,1.0,2.0,0.25,0.12467201499130763,0.0,False,1297,True
116,26,11:49,temporal_same_od_eb,97.98623291261408,79.29117188622124,15.53,0.5,1.0,0.1,0.15745839262420036,0.0,False,1298,True
170,29,04:48,full_observed_sparse_eb,52.85426269513127,32.675304722206306,17.539064106376866,15.02905886442503,10.141505983669912,1.7790137945807754,0.10397158016221686,0.8156813829843834,True,1299,True
51,186,14:09,temporal_same_od_eb,55.18661552888531,106.77559549487778,15.463687267035862,2.4996649367467483,13.804676960822462,1.3343274735874244,0.2894947343963141,0.0,False,1300,True
174,204,03:55,spatial_gravity_time_fallback,164.973955593058,107.8996859179583,28.951379983491208,57.74088445757029,32.36990577538749,7.237844995872802,0.10550000000000001,0.0,False,1301,True
178,130,07:45,global_od_time_adjusted,61.903805364681794,64.27435417907743,19.740000000000002,0.5,1.001172338216384,1.2799999999999738,0.22692307692307692,0.0,False,1302,True
9,21,22:54,temporal_same_od_eb,65.90649571468094,79.8475273688842,27.88931593419632,0.5,1.0,0.1,0.16096336554533813,0.0,False,1303,True
28,113,07:08,temporal_same_od_eb,58.92826312581296,47.56334615395171,12.53,0.5,1.0,0.1,0.15241007479690327,0.0,False,1304,True
155,113,18:34,global_od_time_adjusted,57.543787530000614,72.50205896912708,12.054,10.172382218536635,11.619044053744314,3.8166561280786104,0.26363636363636367,0.0,False,1305,True
84,34,10:10,spatial_gravity_time_fallback,118.4334339537319,101.7377783128036,16.45355259048655,41.451701883806166,30.521333493841084,4.113388147621637,0.10550000000000001,0.0,False,1306,True
94,196,02:48,global_od_time_adjusted,35.52408833216828,33.96298373014328,11.6,0.5,1.0,0.1,0.21372549019607845,0.0,False,1307,True
217,211,01:14,temporal_same_od_eb,21.617908209651436,14.942388438544437,3.925635932666598,0.7170845341670563,1.1556324964964149,0.11094496610266615,0.1691079619868651,0.04933978489274793,True,1308,True
41,171,01:46,global_od_time_adjusted,43.59991455798609,33.826476521235996,8.84,13.021296231771876,9.791940563966051,4.084466509431393,0.23962264150943396,0.0,False,1309,True
175,77,04:33,spatial_neighbor_gravity_eb,43.89232978599933,27.36847741588152,11.798932149261752,2.6144107712484757,4.763313172423278,1.183086301948474,0.2176869482420295,0.0,False,1310,True
26,25,04:47,temporal_same_od_eb,16.325658581198645,14.506726831187814,5.59,0.5,1.0,0.1,0.15681869887042912,0.0,False,1311,True
133,5,21:15,spatial_gravity_time_fallback,83.44794609962355,64.56323733251085,12.70755177950914,29.206781134868244,19.368971199753258,3.176887944877285,0.10550000000000001,0.0,False,1312,True
110,228,07:28,spatial_neighbor_gravity_eb,41.995380483660824,36.47574576741242,9.356886019974478,9.598083927768313,7.416908005560299,1.6288055006769997,0.15467183161745288,0.0,False,1313,True
174,144,18:39,spatial_neighbor_gravity_eb,80.95189688592303,101.50556281243698,16.519288875461857,5.612563815705641,20.07379250404876,1.6061714914659353,0.281887097733472,0.0,False,1314,True
49,113,01:11,temporal_same_od_eb,28.583884522525146,17.07407001648279,4.274957511312129,0.5,1.0,0.1,0.16830269153685104,0.0,False,1315,True
255,32,02:33,temporal_same_od_eb,42.86826576755198,38.14134956149903,14.877592848293148,1.6504933693661048,1.5459234491533476,0.23392288388238086,0.14851143029466957,0.22062150864258712,True,1316,True
248,150,06:25,global_od_time_adjusted,65.33036511977109,60.676438835116286,26.11,0.5,1.0,0.1,0.21372549019607845,0.0,False,1317,True
201,149,00:41,global_od_time_adjusted,28.492942085603513,20.378047584675798,7.7749999999999995,1.7532137158182768,3.94379421626355,0.7613529623856083,0.275,0.0,False,1318,True
37,249,20:09,full_observed_sparse_eb,33.316347182559724,32.590209540298396,5.51488051843967,7.164330676260711,8.663341132092311,1.0421471962007995,0.19088861744836477,2.3778624321944903,True,1319,True
164,47,04:28,temporal_same_od_eb,31.28521328099071,21.60371976262985,10.910561405989347,2.674205866075585,3.1075333622448427,0.22081312597846228,0.19145249049420443,0.3034018583537801,True,1320,True
177,221,01:35,global_od_time_adjusted,54.61769485469094,37.57982526560714,13.94,0.5,1.0,0.1,0.21372549019607845,0.0,False,1321,True
228,211,05:32,temporal_same_od_eb,16.97074739533663,13.017017574448676,5.272525451603229,0.5,1.0,0.1,0.15474669672352714,0.0,False,1322,True
79,229,15:47,observed_dense_eb,17.559274837349058,17.278734643952696,2.407371581585924,3.2716329313038903,3.608718828591706,0.4432367621565917,0.995,92.85563672390849,True,1323,True
148,110,20:40,spatial_neighbor_gravity_eb,74.10468290322873,53.86758714464254,16.767362379602535,14.040469391840649,6.161714176561405,1.7326712560579078,0.1733499018954298,0.0,False,1324,True
183,170,06:04,global_od_time_adjusted,35.39544242866965,34.54648943732362,16.01,0.5,1.0,0.1,0.21372549019607845,0.0,False,1325,True
97,97,11:38,temporal_eb,11.758399771899592,8.7207286679253,0.8596532090467565,4.898414089047044,4.334044360920315,0.3886276440866532,0.921757006233682,0.9426912627829864,True,1326,True
45,232,04:32,observed_sparse_eb,12.398207273489795,6.718866783128599,1.330612633998442,1.479994050829006,1.0103784312133552,0.40739371350535714,0.9574672664222679,1.8825364403971427,True,1327,True
185,178,19:15,spatial_neighbor_gravity_eb,81.9252498152022,103.81202620208188,17.402504977685684,1.590218167991547,2.0,3.816523603179712,0.1443646857500411,0.0,False,1328,True
34,89,02:48,global_od_time_adjusted,24.767730208560657,23.59074535695641,4.289333333333333,8.318029948384543,5.9499324412599375,1.991095064419465,0.3615384615384616,0.0,False,1329,True
167,15,04:41,temporal_same_od_eb,23.123093402688667,19.932822806492243,10.55,0.5,1.0,0.1,0.15272642202613995,0.0,False,1330,True
30,224,03:38,spatial_neighbor_gravity_eb,54.9975179896088,52.30498117853081,15.06469206733587,12.039999999999985,10.267703706952716,0.464999999999948,0.13671299370879345,0.0,False,1331,True
19,157,14:18,temporal_same_od_eb,45.941371059911276,44.64013354214369,11.310434867829029,1.933673480663395,3.1762985038475064,0.26524970415372173,0.17608117059069045,0.0,False,1332,True
213,154,05:12,spatial_neighbor_gravity_eb,62.07112747069799,39.34576988299188,18.416332577689424,9.845717996603804,3.800620567941057,2.6361688185501286,0.1342008907275955,0.0,False,1333,True
241,215,14:12,global_od_time_adjusted,62.5714334268913,74.253412656527,18.9,0.5,1.0,0.1,0.21372549019607845,0.0,False,1334,True
256,139,17:53,global_od_time_adjusted,65.76362661856044,78.33693501833532,19.572,11.362196266567471,10.499456502210482,1.4095871736079377,0.26363636363636367,0.0,False,1335,True
112,197,01:32,temporal_same_od_eb,31.521089773156802,29.28374957863356,11.0728509458603,0.5,1.0,0.1,0.16514564357525255,0.0,False,1336,True
70,17,02:57,temporal_same_od_eb,31.509045140366226,21.952487072316057,8.698349155898791,2.3690052272999704,2.513260650195006,0.2910286033295516,0.1558846787817443,0.2292434847376974,True,1337,True
244,109,20:02,spatial_gravity_time_fallback,151.48887104847054,122.99137987729517,22.826337432883506,53.021104866964684,36.89741396318855,5.706584358220876,0.10550000000000001,0.0,False,1338,True
149,43,11:55,global_od_time_adjusted,55.74794825074173,111.27971631117805,15.1,0.5,1.0,0.1,0.21372549019607845,0.0,False,1339,True
208,239,01:50,global_od_time_adjusted,39.37594785993814,45.78167645529206,11.064166666666667,8.907195904934861,14.394537996172886,1.4783800725418577,0.3354838709677419,0.0,False,1340,True
175,225,04:20,global_od_time_adjusted,31.803863909256176,33.22877604166,12.335,2.0550000000000015,18.309282322172788,0.8349999999999849,0.22692307692307692,0.0,False,1341,True
207,80,12:56,global_od_time_adjusted,39.98682512954867,35.19173778211573,5.403333333333333,4.805080644484519,11.711096274660642,0.4366793891276406,0.23962264150943396,0.0,False,1342,True
140,45,14:09,full_observed_sparse_eb,31.740004850532557,31.76907750587553,5.776182020370127,5.341755318622276,6.005722189212039,0.6976688283859664,0.4901552880167976,9.727869887034949,True,1343,True
143,134,09:53,global_od_time_adjusted,65.17837906051089,73.11880661787826,13.244240311372055,5.408370917716578,14.004213399100456,2.5675917518684885,0.2523346306777708,0.0,False,1344,True
211,37,15:26,full_observed_sparse_eb,36.95649081194266,35.7298555568149,4.830359970253284,6.291995755187726,8.305751240597603,0.8993664839543025,0.14460354191645866,1.7087667532972546,True,1345,True
103,209,04:52,spatial_neighbor_gravity_eb,11.999744048131952,6.462563534213178,1.6051944864085217,3.8565041619075275,2.025370166840465,0.5072717681028434,0.3892307692307692,0.0,False,1346,True
146,232,17:30,temporal_same_od_eb,34.83502164492555,36.69715577919051,5.468543423231382,1.019686882107053,1.3706332703416244,0.6692290894676567,0.17984600228146716,0.0,False,1347,True
182,84,03:41,spatial_gravity_time_fallback,157.20001096914893,105.49525674056238,27.472057959595205,55.020003839202126,31.648577022168716,6.868014489898801,0.10550000000000001,0.0,False,1348,True
17,173,11:25,global_od_time_adjusted,42.5519269264948,38.59486943653694,9.869166666666667,4.04844483172928,6.827985616184799,1.0778022262404625,0.3354838709677419,0.0,False,1349,True
209,103,15:59,spatial_neighbor_gravity_eb,15.376384061609633,13.635615612169278,1.625558731685015,4.439304592492517,4.750315422000194,0.6434531212401595,0.3892307692307692,0.0,False,1350,True
245,70,01:46,spatial_gravity_time_fallback,95.4119688550962,70.90079898324903,15.369787322340397,33.39418909928368,21.27023969497471,3.842446830585099,0.10550000000000001,0.0,False,1351,True
78,193,07:07,temporal_same_od_eb,31.176750814926095,45.314468479724155,11.440277245527323,0.8243622771939174,16.658717822790774,3.3709144650435006,0.13045869563628074,0.4539812892581452,True,1352,True
90,173,09:46,temporal_same_od_eb,45.499293256996026,51.00190451512541,8.582420607041271,1.2355858860671072,1.664194485015204,0.1932600375599111,0.16806494830134505,0.0,False,1353,True
2,122,23:36,spatial_neighbor_gravity_eb,64.2209862317296,42.14089337890093,15.757249566267848,1.1995652511065973,9.503689246693288,1.8366181606837095,0.1390424540133116,0.0,False,1354,True
3,116,08:41,full_observed_sparse_eb,39.307189815572144,44.4466060666897,8.86000207381191,5.809252616136066,9.504000359543568,1.575733254944651,0.11531709013431962,0.7145085738973691,True,1355,True
138,248,11:04,temporal_same_od_eb,48.816594135544925,36.48997699099363,9.516735464442052,6.072176977010274,5.560622760901641,0.833274757819745,0.25731421542834704,0.9767581074371776,True,1356,True
200,89,18:24,global_od_time_adjusted,65.09258561459063,111.48677510366156,12.05,0.5,29.755202315062327,7.550000000000001,0.22692307692307692,0.0,False,1357,True
125,55,17:08,temporal_same_od_eb,53.026228884816334,140.87089414755263,18.9,0.5,1.0,0.1,0.15444224300071502,0.0,False,1358,True
123,136,07:08,spatial_neighbor_gravity_eb,76.19706041495738,80.30393387881591,21.4285189357198,1.0,2.0,0.25,0.13382633035759378,0.0,False,1359,True
171,196,11:58,temporal_same_od_eb,20.14154278271616,19.4614847083117,3.9,0.5,1.0,0.1,0.15354417137451387,0.0,False,1360,True
254,248,22:29,temporal_same_od_eb,18.237510784173878,15.719772735835612,4.833666411193909,1.3125884587678294,2.5321118050601923,0.2098344970050195,0.17629445686552367,0.09602928768553909,True,1361,True
51,215,18:53,full_observed_sparse_eb,54.42947113085509,56.630310043785016,13.34821832030643,4.718736737437484,16.771171248820735,3.68060633383104,0.12727506134430439,1.480030809744818,True,1362,True
189,2,17:49,spatial_neighbor_gravity_eb,80.34665364530466,98.0940733307581,16.929639088469077,6.9938560454870995,17.928521404818163,4.203778293646243,0.16085987193940077,0.0,False,1363,True
62,246,14:16,temporal_same_od_eb,51.196515009419365,53.44873114712189,7.83,0.5,1.0,0.1,0.15301859509750568,0.0,False,1364,True
46,258,11:50,spatial_neighbor_gravity_eb,59.045220155300626,59.819177180420255,13.222823697811698,2.5471041007146265,11.134984435531148,1.130874200181294,0.13585609433857093,0.0,False,1365,True
111,14,23:51,spatial_eb,16.747294136431034,14.498539774526314,2.905802782286363,2.555000000000003,1.8000000000000025,1.8950000000000005,0.35064935064935066,0.0,False,1366,True
252,18,15:30,global_od_time_adjusted,43.24704393726968,44.43628587473265,10.905000000000001,5.319999999999982,1.9813845177132354,1.4149999999999934,0.22692307692307692,0.0,False,1367,True
110,115,08:18,spatial_gravity_time_fallback,43.631191603103176,28.255378962341258,6.155077738054446,15.27091706108611,8.476613688702377,1.5387694345136116,0.11400000000000002,0.0,False,1368,True
138,201,05:54,global_od_time_adjusted,72.43435262513265,42.54854832143755,20.768536585365855,14.454779108560228,7.824671538868196,2.419112812893817,0.6976878612716763,0.0,False,1369,True
254,255,07:26,full_observed_sparse_eb,77.05172452455773,60.138323413405516,16.630111753399788,6.595003979055424,1.2259311583158872,0.4984082727479511,0.11214248902878818,0.7068533871334743,True,1370,True
214,52,17:50,spatial_neighbor_gravity_eb,51.57680228753903,49.19312712893491,9.739259975060396,3.788567011606334,8.6705513484332,0.3857481404098107,0.15944011649593037,0.0,False,1371,True
163,111,01:56,spatial_neighbor_gravity_eb,48.42618399830047,33.53935891477237,9.804622976907437,9.716708368379273,7.672621477818802,1.6857027694376683,0.3892307692307692,0.0,False,1372,True
196,27,19:44,spatial_neighbor_gravity_eb,99.99963246466095,89.23251327113147,22.188752592216936,6.79117874415619,13.938937318872188,2.3641968120167305,0.17493692541402472,0.0,False,1373,True
2,22,23:53,spatial_neighbor_gravity_eb,89.19697419640858,63.88618916024037,21.81522982726949,9.934672239348743,10.831116537654282,1.9720964440486208,0.18624808996618208,0.0,False,1374,True
213,152,21:51,temporal_same_od_eb,32.01495343813959,27.674108287530323,8.94546773252166,0.5,1.0,0.1,0.1553483921187598,0.0,False,1375,True
200,45,01:09,global_od_time_adjusted,41.34712097811075,46.5827005569067,13.933333333333334,3.265986323710881,7.207647791966178,0.3771236166328548,0.23962264150943396,0.0,False,1376,True
198,124,10:05,global_od_time_adjusted,32.50474931143353,38.00040633462655,5.74457650697554,3.3431814031445555,6.289005871747559,1.104965864001966,0.34767256669452684,0.0,False,1377,True
248,38,03:29,spatial_neighbor_gravity_eb,47.42824944651898,38.81781995737613,13.196117241836085,4.848768632608357,11.251278464036321,1.6446100215410995,0.24373086122400836,0.0,False,1378,True
14,226,03:42,global_od_time_adjusted,39.36315591122322,32.552318059230636,11.737894736842108,8.471327688018189,11.529270641363588,3.7856788016047576,0.3927536231884058,0.0,False,1379,True
135,247,17:15,global_od_time_adjusted,49.47243105485967,48.04468622469991,11.113333333333333,3.4745329981964375,14.736804874385715,4.415709330208331,0.3615384615384616,0.0,False,1380,True
34,141,11:06,temporal_same_od_eb,36.69736726457529,32.5819456490211,7.936635283181744,3.0753212416133717,5.04758326224281,0.710900549408962,0.13554818318166895,0.3701188500082324,True,1381,True
155,121,12:04,global_od_time_adjusted,65.49660817858773,59.00983563409879,15.024000000000001,5.086819831682701,12.983190958673667,4.20417221340896,0.26363636363636367,0.0,False,1382,True
250,12,20:09,spatial_neighbor_gravity_eb,78.07214991225997,82.42057332956918,17.135448873837863,8.153697549383136,16.227088170426157,1.3928965943470744,0.277575908118899,0.0,False,1383,True
219,179,17:29,temporal_same_od_eb,57.015075362606886,56.179695069189364,12.73849177538694,0.5,1.0,0.1,0.15463818342514374,0.0,False,1384,True
171,93,23:03,global_od_time_adjusted,18.999139750912246,16.505035298258985,4.286666666666666,4.903164762819828,7.625950220649434,3.7306746485499565,0.30677966101694915,0.0,False,1385,True
124,43,03:30,global_od_time_adjusted,34.88325655962081,19.41760745333289,6.9,0.5,1.0,0.1,0.21372549019607845,0.0,False,1386,True
83,181,01:40,temporal_same_od_eb,23.696108113420827,21.21353606114814,7.82,0.5,1.0,0.1,0.15999455127969217,0.0,False,1387,True
106,92,23:28,temporal_same_od_eb,42.02129114031936,36.02296251155858,13.35140342171267,0.8777116356408204,2.8013533775551536,0.1,0.1572923874177311,0.0,False,1388,True
262,251,19:57,global_od_time_adjusted,84.90597395035942,64.61052181932226,19.9,0.5,1.0,0.1,0.21372549019607845,0.0,False,1389,True
12,82,13:59,spatial_neighbor_gravity_eb,49.348216803277985,46.72285525046493,8.964019948519683,8.547288991372277,12.284288134934839,1.599343280954663,0.36402811453618567,0.0,False,1390,True
206,82,11:18,spatial_neighbor_gravity_eb,75.40138435075485,78.15128063985354,16.847351963995465,5.969025882246754,17.277865879065953,0.41485968268726653,0.13301231173471967,0.0,False,1391,True
138,238,20:38,observed_dense_eb,50.287924796596414,29.0541136276905,9.414561325168567,6.4138996995554765,3.946397988351354,0.963061358093394,0.9950000000000001,185.68023862236097,True,1392,True
50,71,23:03,temporal_same_od_eb,49.44598673279746,44.76361895180243,11.978143442270405,0.5,1.0,0.1,0.1584991157139748,0.0,False,1393,True
226,161,11:37,observed_sparse_eb,27.81747450512634,23.38617593224206,3.651794375961461,4.41277941668339,6.752618140124168,0.6007786879094199,0.9105086495588649,6.0065618622511465,True,1394,True
163,160,12:33,temporal_same_od_eb,75.38851036931894,61.07742986819698,10.918753401741728,17.835042476681824,13.789651820322216,2.908063942751864,0.16646831926239222,0.0,False,1395,True
110,93,17:55,spatial_gravity_time_fallback,153.5052307819044,135.87886221139,20.22757047091602,53.726830773666535,40.76365866341699,5.056892617729005,0.10550000000000001,0.0,False,1396,True
57,184,00:13,spatial_neighbor_gravity_eb,34.95063010051905,29.278042995980073,11.160081271361676,1.0,2.0,0.25,0.12687424602819575,0.0,False,1397,True
191,24,01:08,spatial_neighbor_gravity_eb,56.78732476853678,55.51165006131342,14.888783559705516,8.572164499527478,12.827328777883924,2.7637383953682617,0.2844936383364922,0.0,False,1398,True
53,57,21:52,global_od_time_adjusted,13.670575322610077,11.982411086786641,2.929445879413553,2.8786719154893925,1.9499494935607584,0.5338570688520594,0.2145770964445169,0.0,False,1399,True
206,218,17:43,spatial_neighbor_gravity_eb,69.82255070775085,101.03641838419014,21.466771470474328,1.0,2.0,0.25,0.12413469854547013,0.0,False,1400,True
24,197,20:50,global_od_time_adjusted,43.70843342521347,47.67099652472761,6.05,0.5,15.63340589018307,5.450000000000001,0.22692307692307692,0.0,False,1401,True
195,198,20:39,full_observed_sparse_eb,39.70251484096471,32.53903348361468,9.111454221784152,4.094874711052638,7.1098295957119735,1.011913621862877,0.09090909090909091,1.0,True,1402,True
252,227,14:28,temporal_same_od_eb,87.77675525141902,104.87245930985107,11.387594602710237,1.8123144868123187,4.406593306785387,0.5871628500328735,0.15947322210956227,0.0,False,1403,True
152,220,16:30,temporal_same_od_eb,36.75351012264165,23.866405855570857,5.964761707171907,0.5,1.0,0.1,0.1663339258921902,0.0,False,1404,True
41,129,12:30,full_observed_sparse_eb,38.42577312164126,35.901843588488404,6.659126689180762,6.653272609849384,11.612394980977527,0.6273892499199599,0.09345209708365557,0.9675224756986438,True,1405,True
64,112,14:36,temporal_same_od_eb,46.535400779928175,51.98892437513068,11.9,0.5,1.0,0.1,0.15500342847619658,0.0,False,1406,True
206,105,03:41,spatial_neighbor_gravity_eb,39.99261441100683,38.6941859694258,9.400213837887174,1.0,2.0,0.25,0.12666554855856785,0.0,False,1407,True
224,96,07:57,spatial_neighbor_gravity_eb,39.969632524121394,34.15673620513838,9.005111268664052,8.76057343396045,6.395821397765616,1.868758236349338,0.28437726751108006,0.0,False,1408,True
176,253,04:18,spatial_gravity_time_fallback,113.27291179094188,69.06709461525568,20.15943197600333,39.64551912682966,20.720128384576704,5.039857994000832,0.10550000000000001,0.0,False,1409,True
68,20,23:39,temporal_same_od_eb,46.379139393871576,32.37252238114112,12.144762681819454,6.892437578394901,1.2283994719508344,0.9836580884924351,0.16881663990073334,0.0,False,1410,True
13,117,14:13,spatial_neighbor_gravity_eb,80.19166968226891,103.27717725282744,17.02508927448681,13.294239702737057,38.041136730318556,6.019656662816839,0.3509341313021742,0.0,False,1411,True
229,94,09:29,global_od_time_adjusted,46.5082216837164,35.860089703203336,9.875625,5.913846008256826,4.992774916258068,1.0102596742298584,0.3696969696969697,0.0,False,1412,True
15,9,10:05,temporal_eb,11.81442125801513,10.334542782438026,2.13025102748305,5.29814005936448,6.263229765178086,1.126846161402764,0.47306320219357945,0.0,False,1413,True
119,58,14:35,global_od_time_adjusted,26.585533260452323,42.973119096171175,9.95,0.5,1.0,0.1,0.21372549019607845,0.0,False,1414,True
152,219,19:57,spatial_neighbor_gravity_eb,77.74932873163192,69.08224990388216,17.2758214191047,13.769278978984783,19.24881440277912,2.5521509675974348,0.32830572053432505,0.0,False,1415,True
253,164,12:11,global_od_time_adjusted,45.26176803534128,40.132146088885165,10.23,0.5,1.0,0.1,0.21372549019607845,0.0,False,1416,True
93,258,14:57,global_od_time_adjusted,40.62083994985445,29.524518237281605,6.239,10.848884965746475,12.507806712784602,2.355323544653686,0.31666666666666665,0.0,False,1417,True
79,201,21:05,global_od_time_adjusted,73.12706275138177,71.28839915976657,18.388571428571428,13.92810717175001,32.64599316250663,6.328867938877789,0.353125,0.0,False,1418,True
221,146,14:58,spatial_gravity_time_fallback,88.23465746438137,80.15745032820655,11.857248605399635,30.882130112533474,24.04723509846196,2.9643121513499087,0.10550000000000001,0.0,False,1419,True
35,17,21:05,observed_sparse_eb,21.12018971244411,21.676208164041647,3.1917236672794442,2.8294385995994658,3.982226692053394,0.5323270790342276,0.8636085328920047,3.6975678527949185,True,1420,True
40,104,21:55,spatial_neighbor_gravity_eb,19.23551105663348,16.38846158337365,3.163746377847353,3.962951433032651,6.01248791354136,0.6215766005190712,0.24187064919047851,0.0,False,1421,True
39,103,09:00,spatial_neighbor_gravity_eb,49.26443669360573,65.70804027986806,10.5542219693899,10.117583982894073,17.979399479654344,4.374602925236278,0.24645890734619058,0.0,False,1422,True
30,203,05:32,spatial_neighbor_gravity_eb,47.721070542538996,22.60858685557734,11.723430312960724,7.9101363393458755,5.815684520519118,1.2496906147005156,0.2786560921217611,0.0,False,1423,True
39,65,19:27,temporal_same_od_eb,47.42698573200977,48.06118218053361,7.400188181679286,1.9410642352865926,4.096105273203053,0.3800882544815845,0.15887443537514132,0.19302438206884176,True,1424,True
202,117,12:56,spatial_neighbor_gravity_eb,80.5557257012102,108.79542195239677,16.60050237429991,16.625007939018808,26.261744962127658,5.596165994514946,0.2876206746284944,0.0,False,1425,True
108,202,06:10,spatial_neighbor_gravity_eb,50.31518444785675,46.99884625112972,13.851224776077007,2.983398466768803,12.357130301963775,2.466070484841156,0.2431360509408692,0.0,False,1426,True
261,215,20:22,temporal_same_od_eb,63.67976072171247,53.999103695472,17.26731679943576,0.5,1.0,0.1,0.16341871176828743,0.0,False,1427,True
228,56,09:49,global_od_time_adjusted,61.074246355649066,60.287228255694004,11.692941176470589,13.617393670619306,32.536808038058496,4.0097422019316316,0.3776119402985074,0.0,False,1428,True
21,100,15:13,global_od_time_adjusted,54.616519020468694,76.46819548410959,12.290625,5.017664694295069,23.468329871843423,2.837043947381674,0.3696969696969697,0.0,False,1429,True
94,226,06:10,temporal_same_od_eb,32.71516963967187,28.54463213872142,11.142960028556896,1.010225678622899,5.942677924555048,0.6559058081852827,0.1900261382148199,0.0,False,1430,True
124,26,13:14,temporal_same_od_eb,126.88375287166281,74.39824493954539,13.197759335368533,2.41948229911298,2.8443396893043764,0.3477226014783077,0.15913197396047327,0.0,False,1431,True
262,263,22:47,observed_dense_eb,8.223192827713877,4.787288004080076,0.6952192784432234,2.3989148799742352,2.08735555209254,0.33613479383703604,0.9949999999999999,37.71058005145291,True,1432,True
187,132,00:33,spatial_neighbor_gravity_eb,85.96818962403268,67.80126430025781,22.738054679909027,1.0,2.0,0.25,0.12807579744989397,0.0,False,1433,True
100,131,11:49,global_od_time_adjusted,84.14364631080997,63.599688826158896,15.596349830891695,11.47890480580943,12.962887945695016,1.4111134979725277,0.3883527202550207,0.0,False,1434,True
216,156,07:46,global_od_time_adjusted,84.463947714209,76.89414767952445,23.59,0.5,1.0,0.1,0.21372549019607845,0.0,False,1435,True
48,215,18:21,global_od_time_adjusted,74.20109323813362,65.36667117430781,15.967692307692309,10.34680283923891,20.17115566672582,3.1737799687345687,0.34444444444444444,0.0,False,1436,True
93,134,19:58,temporal_same_od_eb,51.46053753113373,12.147000609896173,3.0430779243056034,2.978852699245532,1.9941194342533817,0.3167403630950424,0.16679774327161734,0.13722915396107283,True,1437,True
208,234,17:50,temporal_same_od_eb,69.03015584270042,55.126538957917575,13.62,0.5,1.0,0.1,0.15986717103663076,0.0,False,1438,True
220,60,05:52,global_od_time_adjusted,23.62144645132176,15.394858782483492,6.856,4.652825485659222,4.270333095785682,2.7937115098019687,0.31666666666666665,0.0,False,1439,True
115,93,05:21,spatial_gravity_time_fallback,84.75367302811452,48.84977967775099,15.492170346418245,29.663785559840086,14.654933903325293,3.8730425866045612,0.10550000000000001,0.0,False,1440,True
95,109,19:10,spatial_gravity_time_fallback,143.75957587270818,118.5274387212142,19.77245038220454,50.31585155544786,35.55823161636425,4.943112595551135,0.10550000000000001,0.0,False,1441,True
68,71,17:32,full_observed_sparse_eb,64.02726466498304,66.78574288679371,10.130630221534876,11.688552775189414,18.9175000753279,1.9873113438690853,0.1761546342193293,2.1480122938215374,True,1442,True
139,4,13:00,spatial_neighbor_gravity_eb,74.18530589429035,70.68986567216353,15.709678986169095,9.00428937738523,9.402563872958504,1.5258454197392628,0.1993462317258796,0.0,False,1443,True
35,144,19:49,global_od_time_adjusted,39.99741108622397,66.75036128182701,9.315454545454545,23.34251995857621,13.044912736581873,5.338245138341328,0.3262295081967213,0.0,False,1444,True
187,32,01:55,spatial_gravity_time_fallback,133.07540397968094,97.5060291458132,21.781622701472475,46.576391392888326,29.251808743743958,5.445405675368119,0.10550000000000001,0.0,False,1445,True
57,207,04:53,spatial_neighbor_gravity_eb,17.708160487779057,11.953227453295995,3.608799793863188,2.758660326970623,2.996695217359945,1.0763451476994534,0.28377880021089874,0.0,False,1446,True
149,33,01:06,global_od_time_adjusted,32.78078744888212,34.518986252330784,8.676666666666668,7.183733339382666,14.396930660554727,2.6982710513709787,0.30677966101694915,0.0,False,1447,True
141,209,12:34,full_observed_sparse_eb,33.01464534294029,33.67772395655437,5.9883737818422755,5.501958012789786,6.284700501559369,0.5599139619485181,0.47672790875253257,9.883219589578005,True,1448,True
151,144,05:26,full_observed_sparse_eb,29.810578486417157,20.05933090933638,7.131584145749557,6.248154893251288,3.742584615386958,1.0516709243558016,0.09090909090909091,1.0,True,1449,True
201,134,08:37,global_od_time_adjusted,52.238900102831806,52.25560570311953,9.99,3.935000000000077,8.209782252255469,0.4899999999999982,0.22692307692307692,0.0,False,1450,True
223,23,05:10,spatial_neighbor_gravity_eb,64.46102585642913,37.86947497664491,20.544679574985082,1.0,2.0,0.25,0.12589685182345187,0.0,False,1451,True
140,249,02:39,full_observed_sparse_eb,23.054922718780364,18.265923667338093,4.516328532427,4.624669804264646,3.3253872921075787,0.606634689031044,0.1837673970329703,1.2099046016083683,True,1452,True
29,132,18:26,global_od_time_adjusted,52.9895562401076,45.71390754515713,11.858,12.433889174349268,24.154077446395938,2.487636629413547,0.26363636363636367,0.0,False,1453,True
100,78,05:09,temporal_same_od_eb,34.42360875346013,20.709804003095424,11.253880986333929,0.7443795778876902,1.0,0.2069711507941561,0.1598890847463414,0.0,False,1454,True
57,22,09:39,spatial_neighbor_gravity_eb,92.06639331850515,96.35740652772098,20.347244784848385,7.038018251450614,14.902869551173133,2.313805918926586,0.21794903242713873,0.0,False,1455,True
79,188,16:10,full_observed_sparse_eb,43.43001181106941,38.573391516222216,6.530652298739998,6.691182190780427,9.224504527042862,1.2476746114128978,0.13773729234064577,1.6696432804712344,True,1456,True
251,79,16:36,spatial_neighbor_gravity_eb,65.10829841443783,54.69088482213154,13.442047504048396,1.0,2.0,0.25,0.12544920123514966,0.0,False,1457,True
241,128,14:53,full_observed_sparse_eb,16.225782163387173,16.491062301641456,1.3883352746947644,3.5629245986306204,5.5345987608048315,0.3529112164293608,0.19493179534951832,2.4409360074524855,True,1458,True
68,205,20:26,temporal_same_od_eb,70.52639773777629,49.58128100745224,15.510732690613928,3.671224303371713,4.213914567567352,0.6108479268715887,0.14713557683877912,0.23923725588859668,True,1459,True
133,123,19:57,temporal_eb,19.490906625828316,20.378626859857846,3.2812210764229714,4.404477871938339,7.639264237047271,3.8155188116300924,0.6552092022621415,0.0,False,1460,True
156,119,20:13,spatial_gravity_time_fallback,126.16892643598783,101.36852622034316,19.057404972056013,44.15912425259573,30.41055786610295,4.764351243014003,0.10550000000000001,0.0,False,1461,True
85,99,08:26,spatial_gravity_time_fallback,92.50637254182126,78.73243093201073,13.241549324979296,32.37723038963744,23.61972927960322,3.310387331244824,0.10550000000000001,0.0,False,1462,True
155,152,11:23,spatial_neighbor_gravity_eb,78.04402891519064,96.94882852216512,16.615038167037604,4.579083229683747,34.38848733735422,4.942634032932454,0.22641748631181097,0.0,False,1463,True
60,35,02:18,global_od_time_adjusted,48.487818330712855,53.39942568559867,17.3425,6.9730873522581,21.208680164628785,2.7110026589191283,0.3354838709677419,0.0,False,1464,True
88,187,10:52,spatial_neighbor_gravity_eb,64.68860217206351,49.31109226931389,12.159535054369396,12.575758866017908,9.80039176472205,1.5158381886620593,0.24910428293867673,0.0,False,1465,True
84,104,10:01,spatial_gravity_time_fallback,101.47864354553194,86.56294718553707,14.050144814247616,35.51752524093618,25.96888415566112,3.512536203561904,0.10550000000000001,0.0,False,1466,True
198,123,10:21,temporal_same_od_eb,67.32698792604239,64.87206918882,13.23,0.5,1.0,0.1,0.15498376392463273,0.0,False,1467,True
58,136,00:06,spatial_neighbor_gravity_eb,37.692318260829026,29.765699259589194,7.800293442797398,5.455000731148368,7.761992709422138,1.3157087816650879,0.33401395779990106,0.0,False,1468,True
245,70,00:35,spatial_gravity_time_fallback,95.23583540040624,67.34024428930933,15.369787322340397,33.33254239014218,20.202073286792796,3.842446830585099,0.10550000000000001,0.0,False,1469,True
65,116,18:20,temporal_same_od_eb,61.830040216923315,53.84843429182567,12.515763401881665,0.5,1.0,0.20897644121410802,0.17498894824247296,0.0,False,1470,True
74,259,20:42,full_observed_sparse_eb,34.46029631304287,32.00247733678435,9.80616230682928,4.8748359509357835,16.310690740799327,1.248154516974177,0.10515766235101304,1.1880811430333722,True,1471,True
184,236,17:58,spatial_neighbor_gravity_eb,67.4261192215248,81.80523992117307,13.779591579658964,4.09297502898261,25.695351362365287,1.6175373321684994,0.2732063337133879,0.0,False,1472,True
185,37,22:20,temporal_same_od_eb,41.52985948376111,42.77533097842507,14.128858604117008,1.473083849577123,3.559239284168457,0.14670523715257905,0.17927842547138956,0.0,False,1473,True
210,61,07:27,temporal_eb,31.77029197199324,38.06943022968924,6.562354635661549,5.041359649206671,15.647958643949583,1.4214585758618492,0.6161039222097147,0.18176763716173738,True,1474,True
80,176,04:51,spatial_neighbor_gravity_eb,60.473220244979714,41.24364470802426,17.298695552911056,1.0,2.0,0.25,0.12634076314971013,0.0,False,1475,True
107,167,01:12,temporal_same_od_eb,35.57292408833231,26.087476850709077,9.21907707339065,7.333273343118438,5.251726186100733,0.7333137722947722,0.175152870424561,0.44838840559117443,True,1476,True
15,21,18:45,global_od_time_adjusted,77.18844238580252,121.8205236513746,23.9,0.5,1.0,0.1,0.21372549019607845,0.0,False,1477,True
252,228,04:12,spatial_neighbor_gravity_eb,70.66085818892046,50.72167523313904,18.189472163576905,10.490847255870273,13.605459341550159,2.6845457945204454,0.18591612834865323,0.0,False,1478,True
183,5,22:53,spatial_gravity_time_fallback,173.98559953924564,133.76975118853926,27.746985057579405,60.894959838735964,40.130925356561775,6.936746264394851,0.10550000000000001,0.0,False,1479,True
90,94,03:23,temporal_same_od_eb,35.89385517722904,29.857432730228567,11.890668828875366,4.8562168220821995,8.21031394111393,0.4458529905733874,0.14180266332022354,0.4814427743737202,True,1480,True
146,208,22:10,global_od_time_adjusted,44.64666668169697,34.065981815137526,11.395555555555555,10.803629019917345,5.006312965015244,1.5015999697442046,0.30677966101694915,0.0,False,1481,True
79,110,18:53,spatial_neighbor_gravity_eb,93.93865900758222,70.5835268198432,17.96844881344424,6.288082066648696,4.707247434133455,0.9825728933337731,0.14902359141593097,0.0,False,1482,True
171,142,11:23,spatial_neighbor_gravity_eb,52.29640033029875,61.110222220007074,10.944424341890176,10.6186372406592,18.95844825871076,1.1484876533818442,0.2545719180504049,0.0,False,1483,True
226,241,06:27,temporal_same_od_eb,36.533914365856894,30.288498195344907,12.621093565458704,1.5373045582953153,2.974667974269253,0.46516144014996624,0.1519264759789299,0.1753206312172857,True,1484,True
6,144,18:44,temporal_same_od_eb,59.25541793934918,46.56398308453543,12.400958228940787,0.694540082848691,1.3567284626142253,0.12028945649342276,0.1555754783666315,0.08752314565789732,True,1485,True
108,209,04:51,spatial_eb,41.60757664777421,42.055297574293334,10.55301574224157,7.793626662572125,22.266540952461703,2.271188651100752,0.5241146233973586,0.0,False,1486,True
198,92,05:24,full_observed_sparse_eb,21.801428185096547,17.01846148878755,8.455530192073677,2.5976416572520105,4.033268121375639,1.6435773242806433,0.16937898541274904,1.1654223436235682,True,1487,True
208,138,13:58,temporal_same_od_eb,48.370787861483414,36.45304029167717,8.891661386516942,0.5,1.0,0.1,0.15161753413339674,0.0,False,1488,True
180,11,13:46,global_od_time_adjusted,53.35674265246767,58.29765644047637,14.89,0.5,1.0,0.1,0.21372549019607845,0.0,False,1489,True
65,183,22:00,temporal_same_od_eb,64.74428423748324,57.19020415338614,18.96,0.5,1.0,0.1,0.15610658041653255,0.0,False,1490,True
67,39,14:37,full_observed_sparse_eb,43.797127351990824,54.428866013446324,9.85021560951725,3.7278557952124878,25.402575218283218,3.0431998635500883,0.13061832758925718,1.5241619241781947,True,1491,True
170,173,11:10,temporal_same_od_eb,52.23464961034507,39.29033200272066,10.170754236189563,0.5,1.0,0.1,0.16460929729621257,0.0,False,1492,True
110,65,03:18,spatial_gravity_time_fallback,76.1569133820019,51.15485920284519,12.745179873275063,26.654919683700665,15.346457760853555,3.186294968318766,0.10550000000000001,0.0,False,1493,True
164,243,04:39,full_observed_sparse_eb,32.71901729002193,26.259066273012426,9.622751032473712,10.38272802048285,5.022730627866251,1.0930749133628315,0.2857142857142857,4.0,True,1494,True
159,61,19:24,full_observed_sparse_eb,63.46368865525715,58.6731252530238,13.928229031316835,3.825749017221495,13.58876787924942,1.287630434046528,0.124628289174138,0.5693616114546813,True,1495,True
111,253,21:28,spatial_gravity_time_fallback,117.08547299346357,94.30549563333182,17.985686143987344,40.97991554771225,28.291648689999544,4.496421535996836,0.18143241386310827,0.0,False,1496,True
245,213,16:28,spatial_gravity_time_fallback,137.37430146394692,122.81234850970286,18.248079763123553,48.08100551238142,36.84370455291086,4.562019940780888,0.10550000000000001,0.0,False,1497,True
25,161,12:35,full_observed_sparse_eb,43.71007677385362,38.88082804948462,7.061938645094105,8.848873362522857,12.404108669022493,0.872942330213649,0.16666666666666666,2.0,True,1498,True
126,163,21:25,global_od_time_adjusted,32.019580353699006,27.575428016408303,8.02,4.953886538540722,8.501047271173157,0.718669405419294,0.28596491228070176,0.0,False,1499,True
202,13,08:16,global_od_time_adjusted,41.31683996519447,51.1325971379291,10.73,13.921664591563761,5.873731953774723,0.48348733178852743,0.31666666666666665,0.0,False,1500,True
79,185,22:46,temporal_same_od_eb,57.42759570323045,40.44807746761787,13.928186549368528,3.886181433625262,1.023147416433105,0.1414135997486461,0.16314697200818096,0.0,False,1501,True
39,40,12:01,global_od_time_adjusted,47.11091115380331,65.59563620441754,7.498571428571428,16.539197349919732,23.46041313226964,0.785410330817662,0.28596491228070176,0.0,False,1502,True
61,130,20:52,full_observed_sparse_eb,38.02324690776989,33.7304364700998,9.591638849981662,4.220507563002633,6.865140768039073,1.2418102629300225,0.1933586361579303,1.0831658177381769,True,1503,True
166,152,22:31,observed_dense_eb,11.004345541896779,6.383352016438307,1.0290748302552928,4.900465535654963,2.2268731182734447,0.3502818109549867,0.9806422891035973,25.676284797621534,True,1504,True
188,146,08:51,temporal_same_od_eb,53.26581950312931,69.67621105072591,9.516654696705373,0.5,1.0,0.1,0.15726828018915984,0.0,False,1505,True
142,210,04:38,global_od_time_adjusted,59.5053978155112,39.32248877138381,18.730625,20.665482392143655,17.211162923398028,3.991674881472063,0.3696969696969697,0.0,False,1506,True
262,214,18:02,spatial_neighbor_gravity_eb,89.88878556816366,78.34251994846278,17.410252151449008,10.773860826341915,11.23947904851677,0.6644776746956965,0.19548695769205038,0.0,False,1507,True
98,130,04:40,observed_sparse_eb,17.11456965563231,11.810998336047422,3.0391244797615835,5.750844481021719,6.1344939998975425,1.4570652552865517,0.6342851720805928,0.6717923597773421,True,1508,True
197,60,02:06,temporal_same_od_eb,38.30044670280384,33.036972044649076,12.680536253521522,0.5,1.0,0.1,0.15319259234836036,0.0,False,1509,True
223,229,17:15,full_observed_sparse_eb,43.029493315120064,31.938328392309078,5.894382465562881,14.124803752443752,11.854165969331097,1.5984142100901229,0.09299340680943417,0.9748711403062771,True,1510,True
64,197,11:33,temporal_eb,34.01919223731387,35.27959276719212,8.981586904397297,4.44140992987547,7.05063792240775,1.7565972938910424,0.44527644931537763,0.44933208547348613,True,1511,True
223,219,16:43,global_od_time_adjusted,73.56047008848053,56.08673983655697,13.891666666666666,26.39710321859831,6.317090581114277,1.7000334964020325,0.275,0.0,False,1512,True
126,260,04:28,temporal_same_od_eb,18.578738239852694,12.682989340452622,6.5,0.5,1.0,0.1,0.15346239112186946,0.0,False,1513,True
153,69,07:19,temporal_eb,22.65877624328014,18.345341105279033,4.405087610883754,5.648845330811295,7.4394986976956945,0.5657918417256143,0.4414159683832857,0.0,False,1514,True
257,134,16:01,global_od_time_adjusted,55.13887022919953,73.28867663096767,11.540000000000001,14.472118788284696,16.950198051154874,3.0538281986167224,0.23962264150943396,0.0,False,1515,True
3,250,12:10,global_od_time_adjusted,19.965006741846775,21.011864321780745,3.7577777777777777,3.2151222544580027,5.951094284060765,0.7490182875349101,0.38529411764705884,0.0,False,1516,True
252,33,10:19,global_od_time_adjusted,54.9723840207666,40.016321272246124,10.2,0.5,1.0,0.1,0.21372549019607845,0.0,False,1517,True
84,169,12:34,spatial_gravity_time_fallback,195.64288752469128,174.87683980226566,26.625994269172317,68.47501063364194,52.463051940679705,6.656498567293079,0.10550000000000001,0.0,False,1518,True
144,184,17:17,spatial_neighbor_gravity_eb,93.38535683074369,114.06738472130365,17.19639253760041,10.121733373132981,29.222179665254348,3.2024352596123693,0.19988889180320513,0.0,False,1519,True
207,208,14:27,spatial_neighbor_gravity_eb,37.71438789810303,35.70634584414182,7.883125365039971,4.919657401280581,11.777545114813675,1.6522125104774612,0.3368021189793142,0.0,False,1520,True
197,118,21:57,global_od_time_adjusted,92.197366656761,78.94064283402147,26.15,7.349999999999941,11.767646649521819,3.1200000000000263,0.2269230769230769,0.0,False,1521,True
3,170,02:40,global_od_time_adjusted,43.10475069542456,41.841517884453395,13.73875,6.386504203200652,12.060390095454185,1.4373190103453073,0.29655172413793107,0.0,False,1522,True
9,135,20:15,spatial_eb,14.895044282272151,12.032554236309462,3.0862921438609847,5.846260156983203,3.6034434554616595,0.9443850054658605,0.47916666666666663,0.0,False,1523,True
201,253,03:43,spatial_neighbor_gravity_eb,91.22009630548885,57.58641083969494,25.31885926506694,1.0,2.0,0.25,0.12576338648802904,0.0,False,1524,True
11,118,20:50,spatial_neighbor_gravity_eb,65.12823515620344,29.676182435668757,8.550903509338593,1.0,2.0,0.25,0.1399881850651586,0.0,False,1525,True
127,146,16:25,global_od_time_adjusted,40.292489542541716,41.92688191267068,10.456666666666665,4.508865341376528,6.90490463017618,0.17782638224470326,0.23962264150943396,0.0,False,1526,True
209,137,03:34,full_observed_sparse_eb,18.17325411408162,15.375222703901429,4.0056841152086955,4.427719297695434,2.9928567564556117,0.5137348138628999,0.23076923076923078,3.0,True,1527,True
222,213,12:11,temporal_same_od_eb,64.78805848247697,98.43378773360374,2.3,0.5,1.0,0.1,0.15533946859473471,0.0,False,1528,True
94,16,02:34,global_od_time_adjusted,32.477384973794976,29.109715896346188,10.75,0.5,4.416501738541581,0.1,0.22692307692307692,0.0,False,1529,True
34,239,10:08,global_od_time_adjusted,50.2282600505028,39.90771226879205,9.10909090909091,4.191238204391485,6.007657779405788,0.6370308190839906,0.3262295081967213,0.0,False,1530,True
13,261,10:39,full_observed_dense_eb,10.948782606430402,7.87203479955969,0.8422471187475982,4.3894932613925315,4.4703253812501575,0.6333498824005772,0.6774193548387096,21.0,True,1531,True
95,90,07:53,full_observed_sparse_eb,35.64689983746118,44.91626246833799,9.857252092304794,7.585041431158876,14.529696998514373,1.2404393882947544,0.09090909090909091,1.0,True,1532,True
24,154,14:05,spatial_neighbor_gravity_eb,86.46551050768076,86.21430516345474,22.050435476843415,1.0,2.0,0.25,0.12779460636237425,0.0,False,1533,True
192,224,07:40,spatial_neighbor_gravity_eb,49.85457461207662,39.119111177018496,9.775567252090308,12.450795928400687,13.381351088951625,1.8424036183860681,0.24885948148577164,0.0,False,1534,True
131,62,11:04,global_od_time_adjusted,48.444822095772444,64.28366476194675,11.656666666666666,3.519795113197564,17.83319612030499,0.9773035466129392,0.3354838709677419,0.0,False,1535,True
170,104,03:51,spatial_neighbor_gravity_eb,24.451759217791288,15.243204344758144,4.876905702802935,6.331334827789716,4.484388703219042,0.6557194592818077,0.3892307692307692,0.0,False,1536,True
14,236,02:26,global_od_time_adjusted,42.82866679015257,41.07548840760034,14.4625,10.664366611964144,16.050985683249845,1.3874639634959833,0.3696969696969697,0.0,False,1537,True
21,89,15:03,observed_sparse_eb,20.056634629710466,24.319209684965713,3.2001063642367527,0.7770321157032718,3.917637402925528,0.2921673418617341,0.749642567521983,3.0262834809061516,True,1538,True
240,14,01:47,global_od_time_adjusted,106.945047390462,74.94486708616321,27.370000000000005,0.5,1.0,0.1,0.21372549019607845,0.0,False,1539,True
248,95,02:24,temporal_same_od_eb,30.07879773652741,28.623277081869617,11.09,0.5,1.0,0.1,0.15256157683755384,0.0,False,1540,True
26,195,15:42,temporal_same_od_eb,29.90949094048585,28.9432100828343,4.883710750888149,0.5,1.192328250357182,0.1,0.1526870886469758,0.0,False,1541,True
134,208,07:43,global_od_time_adjusted,28.994188727575203,32.3119105647661,10.04,0.5,1.0,0.1,0.21372549019607845,0.0,False,1542,True
243,147,10:29,temporal_same_od_eb,28.622550174967238,52.23070821408213,6.243340751542656,0.6492072034060092,2.3545034239042772,0.2478508402596301,0.1652619088903371,0.09609608218536181,True,1543,True
68,106,01:01,temporal_same_od_eb,35.9207255728432,24.36695953004408,6.685766536700274,4.251716672527228,2.5994845811798415,0.6788670477675364,0.19817677807344045,0.08329519948188491,True,1544,True
128,176,08:52,spatial_gravity_time_fallback,167.20193602422017,143.49776438045245,23.811588584032474,58.52067760847706,43.04932931413573,5.952897146008119,0.10550000000000001,0.0,False,1545,True
34,212,18:43,spatial_neighbor_gravity_eb,60.307291686236226,54.810894614949135,12.936456854729308,5.506030333206071,17.045747729515583,1.1091554215121133,0.25178306545052737,0.0,False,1546,True
133,150,05:52,global_od_time_adjusted,23.51750533915591,19.18799523437109,5.5748,4.481949575798454,4.006212800688612,0.5211918648636054,0.43333333333333335,0.0,False,1547,True
6,4,18:51,global_od_time_adjusted,73.42412884382438,54.860472063809205,14.810000000000002,0.5,1.0,0.1,0.21372549019607845,0.0,False,1548,True
147,1,06:55,spatial_neighbor_gravity_eb,98.5293234132073,62.5877064261926,22.395568006930333,1.0,2.0,0.25,0.12789722323964553,0.0,False,1549,True
85,45,04:44,global_od_time_adjusted,26.343352239957245,20.55557178730859,6.6899999999999995,4.943745417191267,3.809670875777269,1.0446530524533033,0.2518518518518519,0.0,False,1550,True
178,27,01:32,spatial_neighbor_gravity_eb,84.41540163677429,69.66177341806326,18.00048719821848,8.136481725346206,6.791009771671916,0.703835102771259,0.2575705389057925,0.0,False,1551,True
105,42,16:26,spatial_neighbor_gravity_eb,52.6959527231792,56.0515811940654,10.231466217486883,7.704499238543898,22.910248202615,2.2306091487159563,0.3892307692307692,0.0,False,1552,True
30,23,01:00,spatial_gravity_time_fallback,113.01213476451822,80.47336191269223,18.352685897286317,39.55424716758137,24.14200857380767,4.588171474321579,0.10550000000000001,0.0,False,1553,True
161,144,15:34,full_observed_dense_eb,26.243618815012283,24.484460966558522,3.027391946249206,5.436345017228863,5.735890154862778,0.6278857473657107,0.9437639512701828,167.9357922372166,True,1554,True
211,190,07:13,global_od_time_adjusted,30.238262095623092,24.318217445921086,5.065428571428571,7.508992682247099,7.147844070880864,1.20646909345801,0.48823529411764705,0.0,False,1555,True
18,117,01:48,global_od_time_adjusted,59.847568653949764,64.12983599866747,23.5,0.5,1.0,0.1,0.21372549019607845,0.0,False,1556,True
176,50,06:10,spatial_neighbor_gravity_eb,66.82929407029518,48.38211215039129,15.712506104031046,6.131875526843998,2.0,0.8713433008136704,0.1368452191603589,0.0,False,1557,True
22,225,04:11,global_od_time_adjusted,32.95462779817348,27.510947290401354,9.555,3.318391929835872,5.123851384072275,2.3239675126817065,0.2518518518518519,0.0,False,1558,True
96,154,13:18,spatial_neighbor_gravity_eb,54.340631358347636,57.4232695634595,9.418445816200371,3.022697592919978,9.915953260064715,2.2660925635393347,0.15842800000105622,0.0,False,1559,True
151,179,16:07,temporal_same_od_eb,40.94112854574378,40.94198483335223,6.374416905748129,0.5,1.0620182930743955,0.1,0.15860619129213543,0.0,False,1560,True
70,10,09:01,temporal_same_od_eb,58.08476000011398,38.209706623046465,10.6612684299944,1.7150955473638139,1.9217730674503193,0.24906211728292696,0.15743614692244842,0.09986717374326304,True,1561,True
224,41,19:04,temporal_same_od_eb,35.632290771088364,33.69128997979442,6.6713276658823455,4.656569067850676,4.532922290193386,1.1432217208861841,0.19858582376904813,0.0,False,1562,True
163,232,16:11,full_observed_sparse_eb,33.43309272981276,29.1341810526694,4.7814320743367595,5.3681992771407385,7.0770725395629075,0.6355656844235797,0.49124283310788996,9.733950423909803,True,1563,True
223,176,12:38,spatial_gravity_time_fallback,138.81430782810475,123.07829400612664,18.73945313618892,48.585007739836655,36.92348820183798,4.68486328404723,0.10550000000000001,0.0,False,1564,True
203,91,01:27,temporal_eb,45.03970023858081,38.13366900119579,12.343351745300732,5.137510463249753,15.151816260765582,3.9916113237638795,0.5044440533076827,0.0,False,1565,True
177,156,14:14,spatial_neighbor_gravity_eb,85.69527905860582,112.02363230847735,17.95891891831011,1.0,2.0,0.25,0.13589555215594779,0.0,False,1566,True
103,174,00:24,spatial_neighbor_gravity_eb,62.66608256975621,67.59277397929579,16.1358913159688,9.262658509664824,32.932116519123625,1.1747820601663905,0.17429959059207414,0.0,False,1567,True
14,240,14:13,spatial_neighbor_gravity_eb,93.61890733368234,105.83358335964874,22.390078135155065,1.0831598527093294,3.886836377854471,0.7710051235033355,0.1536747445086919,0.0,False,1568,True
248,9,20:04,global_od_time_adjusted,36.14628513442569,33.91075778022034,10.6,0.5,1.0,0.1,0.21372549019607845,0.0,False,1569,True
148,91,17:04,temporal_same_od_eb,91.33898056287588,63.19354123063824,11.85,0.5,1.0,0.1,0.15523468409875107,0.0,False,1570,True
30,23,20:21,spatial_gravity_time_fallback,121.07685176232533,96.61807542008026,18.352685897286317,42.37689811681386,28.985422626024075,4.588171474321579,0.10550000000000001,0.0,False,1571,True
111,160,00:36,temporal_same_od_eb,51.37605635795143,33.55653957240102,12.87,0.5,1.0,0.1,0.15251442111203378,0.0,False,1572,True
98,61,16:06,global_od_time_adjusted,44.97255256197889,68.9324825372521,11.21,2.8565154569081663,24.676247049225253,0.6762642481555001,0.275,0.0,False,1573,True
29,18,17:33,global_od_time_adjusted,93.63257925733963,98.2730933063748,24.28,0.5,1.0,0.1,0.21372549019607845,0.0,False,1574,True
185,117,16:37,temporal_same_od_eb,75.63297046114033,108.37283032251734,23.1,0.5,1.0,0.1,0.1589889809770339,0.0,False,1575,True
113,141,16:14,full_observed_dense_eb,26.555146783155145,25.188265542473825,3.5618500378241644,5.903296002660454,6.375140527465136,0.5396658506433458,0.6901953288881879,22.345002097688052,True,1576,True
10,190,03:50,global_od_time_adjusted,38.26008444074015,29.707067762508355,9.66,0.5,1.0,0.1,0.21372549019607845,0.0,False,1577,True
92,64,06:58,temporal_same_od_eb,5.284453463858034,23.404447146642383,8.9,0.5,1.0,0.1,0.15292817202814332,0.0,False,1578,True
251,127,00:55,spatial_gravity_time_fallback,124.7864565287185,89.07878602662515,20.312539940778624,43.675259785051466,26.72363580798754,5.078134985194656,0.10550000000000001,0.0,False,1579,True
17,156,21:58,global_od_time_adjusted,69.6873248491947,58.8461773099312,19.5,12.365000000000029,14.747916358963984,0.33999999999995906,0.22692307692307692,0.0,False,1580,True
76,68,16:40,global_od_time_adjusted,62.5460023421399,86.79991959462495,12.8365625,9.075631902715843,33.878732811167595,3.0268523351154357,0.47317073170731705,0.0,False,1581,True
35,1,11:47,spatial_neighbor_gravity_eb,97.41376568030545,71.63510319249784,17.739914168675483,3.532416842616583,5.7343958841744085,3.458063041646304,0.13898218655363562,0.0,False,1582,True
6,165,03:01,spatial_neighbor_gravity_eb,35.09918754872113,26.468984630504902,9.017848008963778,1.0,2.0,0.8093928740331084,0.15619877794576156,0.0,False,1583,True
112,235,20:15,global_od_time_adjusted,45.689259726841456,42.92853721799854,13.6,6.237984931049451,14.425182090040492,0.49955980622947527,0.26363636363636367,0.0,False,1584,True
91,156,14:49,spatial_neighbor_gravity_eb,62.114192736972285,62.98863506824769,13.554159063689074,1.0,2.0,0.25,0.12485375165053583,0.0,False,1585,True
194,149,17:58,spatial_neighbor_gravity_eb,76.14557935277716,87.53108048605753,14.95803040212808,16.426107939127082,11.614428587016823,4.394210961705306,0.15556875195274655,0.0,False,1586,True
121,189,02:09,global_od_time_adjusted,49.16208935064563,42.117435826658124,11.97,0.5,1.0,0.1,0.21372549019607845,0.0,False,1587,True
80,146,03:58,full_observed_sparse_eb,21.562455429421263,14.556550164731995,4.205028230847718,5.065145598817374,2.3699707274776176,0.7807074394930644,0.23076923076923078,3.0,True,1588,True
16,194,15:30,spatial_neighbor_gravity_eb,48.93403718594781,50.92689333493027,11.072739587535311,2.393832595240563,11.586252348827573,3.619116035569495,0.20194693409000455,0.0,False,1589,True
176,10,01:17,spatial_gravity_time_fallback,117.83692772118854,84.13264354381671,19.211885275380837,41.24292470241599,25.239793063145015,4.802971318845209,0.10550000000000001,0.0,False,1590,True
227,27,19:47,spatial_neighbor_gravity_eb,100.15836458388259,97.64870065966775,21.336255866578625,7.096176680860022,12.9784733790682,2.203323134818529,0.23678954891433757,0.0,False,1591,True
245,31,16:41,spatial_gravity_time_fallback,148.98766379149833,133.74146143175633,19.729586032702283,52.14568232702442,40.1224384295269,4.932396508175571,0.10550000000000001,0.0,False,1592,True
186,71,16:46,full_observed_sparse_eb,70.91977287738106,67.40218799885173,10.725192315846938,13.29246883685998,17.75488645647116,1.9662367118484538,0.16862201738806606,1.8758741269286077,True,1593,True
135,66,17:42,global_od_time_adjusted,58.38411019996333,50.060738219090965,12.41,0.5,1.0,0.1,0.21372549019607845,0.0,False,1594,True
243,80,20:22,temporal_same_od_eb,57.03588642867955,38.07725572879059,11.539984245401772,0.5,1.0,0.1,0.16459724671832587,0.0,False,1595,True
114,171,09:22,global_od_time_adjusted,76.96561390689911,51.7513944812727,14.299999999999999,26.334918621015518,9.139313205282072,1.0434557968596563,0.28596491228070176,0.0,False,1596,True
212,103,01:48,spatial_neighbor_gravity_eb,52.715371775084435,49.61259788945519,13.102217212269966,3.046610915474796,11.938007775822658,0.6571967493240651,0.14433964359274554,0.0,False,1597,True
103,112,14:16,spatial_neighbor_gravity_eb,38.86026044149607,35.486945540320384,6.249163678314362,7.13430753154457,8.16700634652873,1.1350674598155415,0.3465713708103505,0.0,False,1598,True
89,88,01:06,global_od_time_adjusted,26.412514000823474,22.093934616296472,6.727843137254902,4.63467297022624,7.337740624770781,1.086946277737868,0.5534653465346535,0.0,False,1599,True
157,208,07:01,temporal_same_od_eb,31.157818187126296,32.17478666777051,12.101207834636567,0.8091857594177894,1.0210543882287746,0.1077775431459669,0.15766804583084973,0.0,False,1600,True
40,71,10:58,temporal_same_od_eb,45.35188517455813,45.73594808618337,6.280502168229116,0.5,1.0,0.1,0.1653006095489755,0.0,False,1601,True
253,23,23:24,spatial_neighbor_gravity_eb,111.64894916618653,73.3697941366956,24.20969451569793,1.0,2.0,0.25,0.12576338648802904,0.0,False,1602,True
200,134,05:51,global_od_time_adjusted,40.15981229868406,36.060838135162,17.695,3.1849999999999294,7.237111812809552,0.29499999999987453,0.2269230769230769,0.0,False,1603,True
168,55,02:42,global_od_time_adjusted,59.62724790880435,52.30028990713359,19.458999999999996,7.436138850236741,11.978350443261512,5.0611015599373355,0.31666666666666665,0.0,False,1604,True
51,153,13:12,global_od_time_adjusted,30.550252719896168,30.81520648649498,6.24,2.68499999999999,6.214116225177167,0.8400000000000024,0.22692307692307692,0.0,False,1605,True
216,148,05:38,global_od_time_adjusted,45.6758523405561,27.909645658643147,14.150769230769232,11.94864845913543,7.722159136859748,1.0704381672112062,0.34444444444444444,0.0,False,1606,True
141,66,22:50,full_observed_sparse_eb,38.136406674652264,24.751615938106056,7.430020750652168,7.727323332833544,8.090853887351209,1.0882840849266933,0.24822654393009247,3.317723099527683,True,1607,True
130,183,12:49,full_observed_sparse_eb,41.35655515502707,47.795811247234525,12.240378931003221,1.8415077714991455,1.8647989381961072,0.4294017614201269,0.10770745328224304,0.7629662416751373,True,1608,True
25,246,13:20,full_observed_sparse_eb,37.44213105933497,34.57646303731822,5.558446686445623,5.984518090143241,7.3924489200543135,1.1239859422942655,0.1401419680962222,1.6498739788701329,True,1609,True
97,105,10:47,spatial_neighbor_gravity_eb,21.14036555834555,19.668759986718765,2.6757719327984955,4.557394105954849,8.384849639845287,0.7812759582417813,0.3892307692307692,0.0,False,1610,True
176,5,04:58,spatial_neighbor_gravity_eb,24.16884792196933,14.639310652424783,5.0090189390664985,1.0,2.0,0.25,0.12472422044832694,0.0,False,1611,True
6,161,14:25,spatial_neighbor_gravity_eb,71.71183890812861,71.8020053227817,14.2632354708864,10.546331052107515,12.730446136542543,1.6103015557209535,0.15501039560748842,0.0,False,1612,True
174,36,15:55,global_od_time_adjusted,66.33989487486849,93.83079110628029,17.91333333333333,2.5928405701512043,58.433800246922516,0.3838691906830911,0.23962264150943396,0.0,False,1613,True
32,163,21:58,global_od_time_adjusted,52.93016888525518,52.72843238540288,14.415,11.809124532420741,28.27509949610444,2.887835117638588,0.275,0.0,False,1614,True
167,52,16:00,spatial_neighbor_gravity_eb,55.73176909817314,88.67925054741251,10.950471500716805,9.649150178461719,28.99076730143058,3.594068393859172,0.20416239978887113,0.0,False,1615,True
76,151,06:55,temporal_same_od_eb,67.47520231505428,56.346528816468116,18.52561443769045,3.7699842857194565,2.828761292634595,0.9929314222264782,0.146914470472717,0.33143704621189585,True,1616,True
205,111,04:26,spatial_neighbor_gravity_eb,68.3093889950915,56.377120675378876,18.28138323102396,5.02631462484995,6.933125470215306,4.447034335749683,0.18285790389353662,0.0,False,1617,True
253,31,12:00,spatial_neighbor_gravity_eb,43.31025040976065,39.658014910089534,8.602625160485807,7.047200684772268,2.0,0.3089586939044166,0.1435048220128738,0.0,False,1618,True
76,25,00:06,full_observed_sparse_eb,28.6678278999256,39.53590658055007,6.637620951284536,6.3351170330102615,13.885596765127383,1.8413556567337253,0.13857516486910942,1.6291921762722446,True,1619,True
29,238,02:19,global_od_time_adjusted,56.95528167916772,79.33010989413651,15.635714285714284,12.659524929023627,30.777880282263215,6.01526120355042,0.28596491228070176,0.0,False,1620,True
26,20,01:49,spatial_neighbor_gravity_eb,69.23975858727779,69.976419405768,18.12494358265115,5.301848168922609,26.69088152870067,1.9224644184227282,0.18861118892613987,0.0,False,1621,True
77,251,12:41,spatial_gravity_time_fallback,94.2802889811646,82.52411724243348,12.564859569030192,32.99810114340761,24.75723517273004,3.141214892257548,0.10550000000000001,0.0,False,1622,True
203,27,00:07,spatial_neighbor_gravity_eb,80.45423814692847,55.459095227398095,20.825007347758223,1.0,3.734942625432144,0.25,0.13702651553124856,0.0,False,1623,True
228,184,17:45,spatial_neighbor_gravity_eb,87.34690936133835,115.49020687556528,20.306574366374804,3.448522002249655,38.98473751627669,1.7522282956281916,0.15016344394371406,0.0,False,1624,True
200,139,09:02,global_od_time_adjusted,69.289244655961,81.78070032091057,22.15,1.0,15.040128794650274,1.5500000000000103,0.22692307692307695,0.0,False,1625,True
51,254,11:02,observed_sparse_eb,15.159295478608454,15.335972553475099,2.3839449723775683,4.914355114571663,8.360085212756498,0.9569859454682426,0.8026059422780225,1.0,True,1626,True
105,155,13:26,spatial_neighbor_gravity_eb,55.96806497997786,47.467632740859145,10.42522223923239,15.678357531711264,9.37888616065731,4.518917858433824,0.283097731921523,0.0,False,1627,True
119,204,12:08,spatial_gravity_time_fallback,186.54258062997724,166.09840111932328,25.30322360422939,65.28990322049204,49.829520335796985,6.325805901057348,0.10550000000000001,0.0,False,1628,True
257,6,08:44,global_od_time_adjusted,34.014109286293284,33.50871099976919,9.34,0.5,1.0,0.1,0.21372549019607845,0.0,False,1629,True
170,152,07:35,full_observed_sparse_eb,32.918027687271966,27.73932187813292,6.49977267024404,7.169906765784663,7.750031442010215,1.1764221252096279,0.09090909090909091,1.0,True,1630,True
5,248,22:59,spatial_gravity_time_fallback,159.61374227035887,121.74725006795433,25.555660215959275,55.8648097946256,36.524175020386295,6.388915053989819,0.10550000000000001,0.0,False,1631,True
197,121,11:54,observed_sparse_eb,19.793379194388628,20.196180876576328,3.789865750703311,3.0517774085825806,3.4203881891405876,0.9595101351946351,0.8046628805957403,1.8165705574736961,True,1632,True
110,4,06:39,spatial_gravity_time_fallback,85.56556598265726,60.48055381818334,14.632997647054378,29.947948093930044,18.144166145455,3.6582494117635944,0.10550000000000001,0.0,False,1633,True
238,175,19:14,temporal_same_od_eb,113.22830417177745,72.53975543413839,20.50365874301143,1.4199951319198316,1.3844850067468384,0.15937963498123386,0.157711243938469,0.057386366301201974,True,1634,True
86,199,18:49,spatial_neighbor_gravity_eb,103.80284432697368,84.8563535735762,22.82935093172896,1.7963595318658414,4.189834148887873,0.31947443047174545,0.14554869264078954,0.0,False,1635,True
156,174,08:33,spatial_gravity_time_fallback,157.42244968128958,136.22874104023919,22.725520986782836,55.09785738845135,40.86862231207176,5.681380246695709,0.10550000000000001,0.0,False,1636,True
248,51,22:57,observed_sparse_eb,21.663222060535446,17.65372697762174,5.65965345251232,4.321168837820135,10.55041676453197,0.8076604290148297,0.6166305991851748,1.0,True,1637,True
139,81,21:03,global_od_time_adjusted,56.07637102669576,53.071203872239536,17.45,5.5958126085493864,6.356541560697051,2.0640615300906027,0.2518518518518519,0.0,False,1638,True
8,22,18:31,spatial_neighbor_gravity_eb,86.55160378982308,99.46230251947144,17.25709546486261,9.320720199580192,13.181439916477148,2.9573431566347295,0.32085879271647205,0.0,False,1639,True
230,210,20:45,full_observed_sparse_eb,79.35548944929812,63.11708657285948,18.819417008853257,22.15347649954983,17.290760639891747,2.987063954667173,0.09193775248936253,0.9908942362441451,True,1640,True
173,208,05:12,global_od_time_adjusted,18.83577815843471,13.73362971247649,7.445,0.9899999999998816,1.0,0.1,0.22692307692307692,0.0,False,1641,True
90,131,03:58,global_od_time_adjusted,51.25286660735229,31.708853858044215,14.419230769230769,15.51480018730732,5.375655951209032,1.8516955287954278,0.34444444444444444,0.0,False,1642,True
242,190,23:20,spatial_neighbor_gravity_eb,57.80081825218653,57.77967714418818,15.86133684853192,8.43967899500397,15.726003023508932,2.7601117698585753,0.25303277789291034,0.0,False,1643,True
228,112,22:50,temporal_same_od_eb,35.97507145643566,31.47021077062594,8.045865623643245,7.940953771738814,7.211140103397062,0.7419768752462621,0.2943560104006139,1.8861129103929102,True,1644,True
143,50,22:11,observed_dense_eb,10.536643406976054,6.65796991740509,1.060489962589573,3.8247354675309335,3.2440317897706126,0.4666749709778899,0.9921124213595567,51.29166941198437,True,1645,True
132,170,13:18,observed_dense_eb,82.20294753811379,65.25558009376243,16.74413502976367,8.178198849575352,12.844662989370093,1.247034095443922,0.995,203.20138372462665,True,1646,True
24,33,09:45,global_od_time_adjusted,58.618199407379166,44.8886618431195,10.48,9.654700616797994,8.66102186270054,1.028999514091231,0.4,0.0,False,1647,True
106,82,22:00,temporal_same_od_eb,34.573830108244884,35.87182034618928,8.236063685571393,0.5846630774664113,1.2542233284231985,0.17155044592545127,0.1616152428175674,0.023836466308793547,True,1648,True
108,107,02:13,global_od_time_adjusted,42.35041889462388,57.429229069445995,11.739999999999998,3.545390583243887,15.914159723086565,4.304276942762865,0.353125,0.0,False,1649,True
214,167,05:28,spatial_gravity_time_fallback,103.9395830728887,61.38640095471412,19.19403781157155,36.37885407551104,18.415920286414234,4.798509452892888,0.10550000000000001,0.0,False,1650,True
161,189,21:04,full_observed_dense_eb,49.14946348371351,35.08964247340479,8.516154951753533,6.476166092040066,5.9968664972732455,1.01509089685007,0.6359488144874832,18.300267823135158,True,1651,True
136,143,23:03,global_od_time_adjusted,32.86291009049119,44.135872021817356,9.155,4.946490574134362,27.300768969392845,0.8742797035274308,0.31666666666666665,0.0,False,1652,True
176,84,22:07,spatial_neighbor_gravity_eb,15.246164523449337,11.391595239142156,2.251399162794834,1.0,2.0,0.25,0.12472422044832694,0.0,False,1653,True
249,175,14:29,global_od_time_adjusted,75.30635995218452,59.397582149675344,14.9275,11.676443165622004,14.311375826646962,0.43170447067407763,0.2518518518518519,0.0,False,1654,True
87,135,10:00,temporal_same_od_eb,48.30566902565763,43.04268629859233,11.74761753192337,0.5,1.0,0.1,0.1620984612157238,0.0,False,1655,True
177,231,08:43,temporal_same_od_eb,40.95942869233128,49.8402255351827,9.105263626275775,4.870948968367743,4.965159977870918,0.5374333233726915,0.19607926294005956,0.1578359708839372,True,1656,True
168,61,12:31,temporal_same_od_eb,68.61699116197583,53.70472898275564,13.72627015696207,0.5,1.0,0.1,0.1676726038289271,0.0,False,1657,True
121,141,01:37,global_od_time_adjusted,34.738432743360804,39.589010278751076,11.245,0.5,13.816938414265099,0.5450000000000046,0.22692307692307692,0.0,False,1658,True
27,66,11:29,spatial_neighbor_gravity_eb,129.08330632006152,114.12859070234738,27.603045097511544,2.6703432816384685,8.235123119164045,0.6396441268927444,0.16061315083208463,0.0,False,1659,True
212,86,11:27,full_observed_sparse_eb,67.72856211252045,84.1482422710136,20.19728999321902,0.5369688660054783,14.123320608522292,0.7419087890316921,0.10505188999102777,1.1866849478815666,True,1660,True
246,177,11:49,global_od_time_adjusted,55.3784029931852,57.57379266149026,9.865,9.318868606723425,12.540401717960519,2.095584643959771,0.3696969696969697,0.0,False,1661,True
39,255,01:45,global_od_time_adjusted,41.889132223821555,42.73969876328823,7.637058823529412,5.535689052610984,7.294550794192517,0.45792068033772254,0.3776119402985074,0.0,False,1662,True
48,32,09:36,full_observed_sparse_eb,54.73811912601795,50.06960797684853,13.714269218871886,7.070284881041579,10.551766262405133,0.9075798204891552,0.17488900990450063,1.203663247047615,True,1663,True
102,71,23:08,global_od_time_adjusted,31.221292526283815,27.67199645285355,6.10125,6.834103818351012,7.47475255801489,0.8016769533297049,0.29655172413793107,0.0,False,1664,True
31,90,05:21,global_od_time_adjusted,46.06090196454889,29.876038022319676,9.52,17.32638504564643,4.563882502386383,5.090049115676587,0.2518518518518519,0.0,False,1665,True
13,40,17:58,full_observed_sparse_eb,25.6871492738001,18.049665999664025,3.7307329223518795,4.8593702046048515,5.429041594661358,0.7335691073497589,0.6,15.0,True,1666,True
20,185,00:05,temporal_same_od_eb,10.022346857492442,7.872616096860912,1.6205585987354734,1.3304736063123244,2.4942093437290547,0.30563349558164016,0.14018012202705632,0.35814517543746405,True,1667,True
91,240,15:29,global_od_time_adjusted,101.19351116609074,149.05230328187972,24.3,0.5,1.0,0.1,0.21372549019607845,0.0,False,1668,True
75,117,05:34,temporal_same_od_eb,47.35084550889662,40.92990819411908,21.1,0.5,1.0,0.1,0.152767128617362,0.0,False,1669,True
218,134,15:19,temporal_same_od_eb,33.46702797657045,34.33352957310373,5.115,0.5,1.2412379961870699,0.1,0.16052517021676607,0.0,False,1670,True
211,190,15:32,temporal_same_od_eb,48.34770652586534,51.66054631493581,5.580000396819804,0.5,1.0,0.1,0.17101407577150704,0.0,False,1671,True
77,212,20:08,global_od_time_adjusted,48.874385149650266,56.595902912619735,17.78,4.154999999999994,4.356398931110741,1.5299999999999738,0.22692307692307692,0.0,False,1672,True
83,85,10:56,global_od_time_adjusted,59.92091206467184,54.928832182160534,10.876000000000001,4.467587268313888,8.570170041953773,1.7282546108719001,0.26363636363636367,0.0,False,1673,True
224,194,07:15,full_observed_sparse_eb,41.88835196031535,29.615313675823604,7.7482587243704355,5.719862128861699,1.7581364956581642,0.6214411994476884,0.09090909090909091,1.0,True,1674,True
62,128,05:11,global_od_time_adjusted,39.96823943171641,47.970428632536496,23.9,0.5,1.0,0.1,0.21372549019607845,0.0,False,1675,True
157,25,08:16,full_observed_sparse_eb,32.92412797919185,27.396542837031753,6.072367505810966,6.242895156795336,4.561251682354988,0.920981737245771,0.09678797229725815,0.9188366291316044,True,1676,True
53,132,19:22,full_observed_sparse_eb,45.822932118990245,34.025847406586976,9.742173241280504,6.512144000373952,8.166987832077046,0.9521664903052827,0.12537193459957457,0.5137110879585833,True,1677,True
167,169,11:15,observed_sparse_eb,15.095622923668572,16.453813831756936,2.211050214313457,3.0961455639537756,4.417046448314485,0.8901958212916276,0.7364628938491082,0.9974616171104884,True,1678,True
258,76,00:20,observed_sparse_eb,14.690515960688536,11.980295256543798,2.459381922087624,3.4075606180099203,5.075221693321344,0.8753990138741052,0.8674991915600203,2.3738832034776607,True,1679,True
55,239,07:42,temporal_same_od_eb,50.532261515734795,58.378780055235474,16.6,0.5,1.0,0.1,0.160589787340232,0.0,False,1680,True
10,7,02:28,temporal_same_od_eb,35.16003927299339,31.664378346177617,12.291573148764886,0.5,1.0,0.1,0.1531544852711801,0.0,False,1681,True
146,257,23:01,temporal_same_od_eb,48.8932180567949,34.22306479399233,12.120000000000001,0.5,1.0,0.1,0.15334689750641103,0.0,False,1682,True
118,76,06:47,spatial_neighbor_gravity_eb,61.23870661152753,45.45412830557765,17.898204057928357,3.3100000000000502,2.0,1.690000000000008,0.12682116558849676,0.0,False,1683,True
106,6,11:40,global_od_time_adjusted,45.849299257984725,35.45473315418507,9.01,0.5,1.0,0.1,0.21372549019607845,0.0,False,1684,True
118,64,04:43,spatial_gravity_time_fallback,130.14599641394148,75.44041333450274,23.91529333335302,45.55109874487951,22.63212400035082,5.978823333338255,0.10550000000000001,0.0,False,1685,True
131,10,20:25,full_observed_sparse_eb,21.65262095129709,18.915983211121173,4.028583113996708,4.233200718733357,3.01927252360265,1.050211395322869,0.12065551156142734,0.6508508181931205,True,1686,True
143,243,01:02,full_observed_sparse_eb,27.938519651594063,25.815501904488837,7.043860953178424,5.975018988368961,4.150563277116143,0.8931046283466526,0.45830742642386785,8.915993087020563,True,1687,True
218,10,22:18,observed_sparse_eb,13.57247060306166,9.163490484670062,1.582024762018396,14.406335146940252,2.3269759952047546,0.5426390645745905,0.8063305731311131,1.8107543116622224,True,1688,True
247,7,04:23,temporal_same_od_eb,25.40073413591783,44.15084481508512,8.932426055404155,0.5,1.1159635351717623,0.17113572396642368,0.16330918188082055,0.0,False,1689,True
17,22,18:11,temporal_same_od_eb,51.679179747667995,48.9452284997257,8.3,0.5,1.0,0.1,0.15536419539864058,0.0,False,1690,True
5,259,06:43,spatial_gravity_time_fallback,171.54092411626985,124.76442143205203,29.651707211629066,60.03932344069445,37.42932642961561,7.412926802907267,0.10550000000000001,0.0,False,1691,True
159,14,13:35,global_od_time_adjusted,72.340098721037,76.14984365325947,17.6,9.25,21.312578688289804,1.0999999999999908,0.22692307692307692,0.0,False,1692,True
222,99,00:25,spatial_gravity_time_fallback,103.19860877446791,73.36788662355252,16.714986821859824,36.11951307106377,22.010365987065754,4.178746705464956,0.10550000000000001,0.0,False,1693,True
220,172,18:02,spatial_gravity_time_fallback,179.21215498107847,158.63847156097023,23.738662983525856,62.72425424337745,47.59154146829107,5.934665745881464,0.10550000000000001,0.0,False,1694,True
112,201,17:44,temporal_same_od_eb,55.42240984178754,84.64170325592106,15.3,0.5,1.0,0.1,0.1612670990459619,0.0,False,1695,True
145,126,16:15,temporal_same_od_eb,195.02435463137135,257.42833163009954,15.449999999999998,0.5,1.0,0.1,0.156142215797326,0.0,False,1696,True
54,60,05:37,spatial_neighbor_gravity_eb,48.53732643699398,30.460533333487014,12.058735856066011,7.795709835334704,4.6447090712804995,4.910082504814113,0.20606787108868868,0.0,False,1697,True
3,48,15:44,temporal_same_od_eb,52.386031701179434,200.18720081584684,48.05437765764683,0.698524981499006,2.687992194284833,0.7163313089746975,0.15719535320031572,0.06466585687493165,True,1698,True
75,244,08:20,observed_dense_eb,26.43546585733157,23.788130601352183,4.953563352762144,4.975478711546144,4.71523577612117,0.9383008385147831,0.9797010895589364,43.86108293692389,True,1699,True
18,247,14:29,temporal_eb,20.767063536804226,21.492402768094237,3.815594969557924,4.5689000526313,7.744576244634478,2.078612111335463,0.741377797686206,0.056034865509715814,True,1700,True
247,185,02:04,temporal_same_od_eb,18.239312487346695,15.744613376608019,5.502941104237002,0.9138244795744108,1.7074231295649038,0.319992112754309,0.16291785842289302,0.0,False,1701,True
217,82,13:21,global_od_time_adjusted,33.253410872142155,30.17157857464619,6.2555555555555555,8.302987730143501,8.026785420441255,0.549658704432145,0.38529411764705884,0.0,False,1702,True
246,204,09:43,spatial_neighbor_gravity_eb,125.04884435352432,84.3816530333662,22.975510826085323,7.590270658209105,2.0,0.7341289276270576,0.16541361341234054,0.0,False,1703,True
48,55,03:31,global_od_time_adjusted,53.3408327499558,40.184450352100335,16.447777777777777,17.21126578906181,13.805602121125242,2.1315892755186683,0.4930232558139535,0.0,False,1704,True
31,130,20:35,global_od_time_adjusted,38.537278247381,37.000049689674334,11.975,4.625,6.946456191022538,3.0249999999999986,0.22692307692307692,0.0,False,1705,True
230,257,03:07,temporal_same_od_eb,47.81952392486767,28.01177747237513,11.46,0.5,1.0,0.1,0.15901874416584016,0.0,False,1706,True
85,232,16:04,temporal_same_od_eb,73.20641265980831,75.36102567568973,11.131204046712687,0.5,1.0,0.1,0.16025551045732409,0.0,False,1707,True
146,263,14:29,full_observed_sparse_eb,19.762949873202302,17.269668649562895,3.010738815219675,3.8416995301435763,5.307240415217013,0.5955165150932834,0.32980585683843006,4.925922993607031,True,1708,True
239,173,22:44,global_od_time_adjusted,44.25565538776726,32.02831442529894,10.996666666666668,14.75486435797436,4.378897266914385,2.155633446473572,0.23962264150943396,0.0,False,1709,True
182,140,02:54,spatial_eb,34.181716775199845,30.821858781695603,8.618008451553507,4.213094841604353,15.078054324922567,0.9824214042604733,0.7607655502392345,0.0,False,1710,True
103,47,21:06,spatial_neighbor_gravity_eb,55.270133894568524,66.89659434828359,12.998945419406418,11.999414586271454,16.272134630644505,1.4521599757056078,0.16153818068575027,0.0,False,1711,True
105,123,07:02,spatial_neighbor_gravity_eb,39.39778813060551,33.44065808361626,8.605891878492708,7.112580938882225,19.335989109581867,2.254203375257427,0.22823901578473046,0.0,False,1712,True
61,143,00:14,temporal_same_od_eb,46.61492491748993,37.35720268648571,9.976931572572811,3.2523564397121962,1.0,0.16148387420300156,0.16625429447220227,0.0,False,1713,True
258,75,07:23,full_observed_sparse_eb,48.645021170108976,50.67941494777952,13.237971626424502,6.8837841502217625,17.748628114003143,3.1109634485231807,0.16433013343065564,2.0499209080583753,True,1714,True
191,51,01:12,global_od_time_adjusted,38.07019910026554,36.594291628072575,14.053999999999998,2.263766772439195,10.950981341992193,1.8679357590666823,0.26363636363636367,0.0,False,1715,True
1,80,18:23,spatial_neighbor_gravity_eb,73.95087681465574,69.38360975696732,16.57122727967889,1.0,2.0,0.25,0.12226819202916824,0.0,False,1716,True
203,135,01:27,global_od_time_adjusted,34.930252616393844,32.477346035964764,9.035625,8.131682420285166,9.240945201512154,1.9988433178653613,0.36969696969696975,0.0,False,1717,True
4,91,17:16,temporal_same_od_eb,61.41183022794536,57.63666467799225,12.85,0.5,1.0,0.1,0.1530748760544956,0.0,False,1718,True
221,92,03:40,spatial_neighbor_gravity_eb,63.05266580626109,45.8380412811715,18.88112481673256,1.0,2.0,0.25,0.126055321061989,0.0,False,1719,True
79,204,04:32,global_od_time_adjusted,96.29612936947981,53.521706965858556,27.77,0.5,1.0,0.1,0.21372549019607845,0.0,False,1720,True
203,61,10:15,temporal_same_od_eb,42.493429468212256,119.49841703644532,11.53212274267758,0.5,1.0,0.1,0.1531457739999236,0.0,False,1721,True
86,170,18:52,temporal_same_od_eb,63.900422723798194,92.01904388093607,24.9,0.5,1.0,0.1,0.15231265215167528,0.0,False,1722,True
104,16,17:25,spatial_neighbor_gravity_eb,89.3746687638133,71.10670526831694,16.31565468119915,9.9422444649083,2.130513097488464,1.5826393215834718,0.14927739893203765,0.0,False,1723,True
46,110,06:40,spatial_gravity_time_fallback,159.62727166345488,115.43320061379046,27.72853710619153,55.8695450822092,34.62996018413714,6.932134276547883,0.10550000000000001,0.0,False,1724,True
166,262,15:33,full_observed_dense_eb,25.744775776054833,24.09150634665329,3.171087348939915,4.204265147814774,4.431887446932213,0.4384691883238965,0.6465425224812009,18.61143405120287,True,1725,True
217,230,19:58,temporal_same_od_eb,50.20242767382867,36.916436530443505,7.94,0.5,1.0,0.1,0.15355044162278686,0.0,False,1726,True
116,71,23:51,temporal_same_od_eb,86.7608470697447,49.74655380134725,18.84,0.5,1.0,0.1,0.15254326757214617,0.0,False,1727,True
47,77,15:19,global_od_time_adjusted,61.238731826039285,77.10245798948952,19.006666666666668,2.460356794360475,20.400481860885776,0.6154311948183393,0.23962264150943396,0.0,False,1728,True
97,97,11:45,temporal_eb,11.699187885260374,8.640495567827614,0.8624069259590258,7.769460767089908,5.277853971435214,0.5527658773483357,0.9214647542226105,0.09923142833176968,True,1729,True
216,167,17:59,temporal_same_od_eb,54.94826965491253,81.04301720192571,7.082684758954423,0.5,1.9756364405840212,2.0568264101957974,0.16447365482203327,0.0,False,1730,True
253,234,11:49,spatial_neighbor_gravity_eb,58.592059775263294,46.19551020498453,9.097826071140393,14.375287935778692,15.211133554273218,1.398359529593922,0.33143165249361933,0.0,False,1731,True
149,21,05:41,temporal_eb,14.508967530272958,11.674425128520912,2.0333085590210773,4.913305426643631,6.169744442822003,0.8176618663509025,0.6657048832714991,0.0,False,1732,True
83,225,00:22,temporal_same_od_eb,22.61005827585664,21.243478132962657,5.61,0.5,1.0,0.1,0.15917298020884763,0.0,False,1733,True
131,179,12:10,temporal_same_od_eb,45.27407447203309,40.40862112264397,10.3,0.5,1.0,0.1,0.15785681595567505,0.0,False,1734,True
171,200,17:37,global_od_time_adjusted,56.98987651420326,74.11078697775605,11.666666666666666,4.642796092394717,35.351660208511404,2.5037749277618606,0.23962264150943396,0.0,False,1735,True
212,114,00:12,temporal_same_od_eb,36.31348008992289,34.404946660189424,12.6,0.5,1.0,0.1,0.15706326907322424,0.0,False,1736,True
224,185,10:54,temporal_same_od_eb,57.746443668844655,58.168328161071855,10.8,0.5,1.0,0.1,0.15933571338084024,0.0,False,1737,True
205,19,16:00,temporal_same_od_eb,24.252598025439248,26.54225440871355,4.004391443937871,0.5,1.0,0.1,0.16111175445851672,0.0,False,1738,True
3,28,00:44,global_od_time_adjusted,35.55431725102763,33.770118058126926,12.94,0.5,1.0,0.1,0.21372549019607845,0.0,False,1739,True
203,139,21:12,observed_sparse_eb,10.779390001445924,7.915473770999441,1.6056563061599993,7.457067981992835,4.543653038783365,1.4745769696648587,0.692459314663594,1.6516096696446425,True,1740,True
2,47,17:23,spatial_neighbor_gravity_eb,88.08607647343587,106.39498780381037,19.236770773720274,3.9614028760466695,23.75575593720945,4.349052820219996,0.15274815224011848,0.0,False,1741,True
200,196,17:48,temporal_same_od_eb,63.720964171007864,66.73259721799133,16.6,0.5,1.0,0.1,0.15191642003368178,0.0,False,1742,True
102,170,03:18,global_od_time_adjusted,25.84711674249073,20.781039531639827,8.22,2.6057431801045303,6.747494934126981,1.0154085608534742,0.3262295081967213,0.0,False,1743,True
92,88,06:14,global_od_time_adjusted,50.14555322463686,32.728912077245994,0.16,0.5,1.0,0.1,0.21372549019607845,0.0,False,1744,True
145,110,12:18,spatial_neighbor_gravity_eb,96.3561670130101,79.85092421659247,20.167155843944215,1.0,2.0,0.25,0.12281960988864431,0.0,False,1745,True
34,210,03:01,temporal_same_od_eb,39.31522185431156,39.107174488986004,11.900462325907757,1.1233944378804896,3.2068846190159355,3.1339079843135194,0.16637072474475997,0.0,False,1746,True
63,198,12:05,observed_sparse_eb,16.826013220463146,17.762959277809763,2.7507350585862635,3.595580730377511,4.739143614985675,0.5122871086295742,0.771296870492562,2.282554641083351,True,1747,True
188,179,17:39,temporal_same_od_eb,58.73829414022916,58.447246415672794,11.652416342099542,2.4049625766409215,6.637807737955021,0.672035788648698,0.13221858875625436,0.4171011845252508,True,1748,True
12,92,10:58,global_od_time_adjusted,91.52936689585088,59.38028673563544,15.556666666666667,8.390932937138512,22.405105984193714,0.4614710777021317,0.23962264150943396,0.0,False,1749,True
212,161,20:04,global_od_time_adjusted,37.35190651360888,34.56689014512043,9.575945945945946,9.003290137998698,17.41726245841416,0.7505690074310198,0.4977011494252873,0.0,False,1750,True
197,37,06:19,full_observed_sparse_eb,24.718222988310696,22.624501568190272,6.4980005915978705,5.034049309482356,8.599657359563544,1.3226131911615913,0.21339612934737406,2.7289796178190358,True,1751,True
203,123,02:13,global_od_time_adjusted,47.624782036913636,44.159573873873725,17.009999999999998,2.77499999999999,4.935901456823258,0.7100000000000358,0.2269230769230769,0.0,False,1752,True
26,27,19:21,global_od_time_adjusted,54.25914529803429,45.52279176937553,13.02,0.5,1.0,0.1,0.21372549019607845,0.0,False,1753,True
13,38,11:02,temporal_same_od_eb,101.81582319401826,92.26804871065278,24.11,0.5,1.0,0.1,0.15181895785473531,0.0,False,1754,True
146,180,16:02,temporal_same_od_eb,60.984424734357106,79.83370679176105,8.74,0.5,1.0,0.1,0.15671589536594466,0.0,False,1755,True
70,42,12:19,full_observed_sparse_eb,41.416423889888996,28.42220127704963,7.254487131271815,7.69811637650936,8.712350417725144,1.0142761243269496,0.23387333697958598,3.201649389485624,True,1756,True
183,119,17:04,global_od_time_adjusted,40.0261528479396,35.30527060051244,8.08585850865389,4.321653487728825,11.374746609804651,1.2739695520144572,0.2672267787033923,0.0,False,1757,True
11,116,19:54,global_od_time_adjusted,68.99650080547232,75.95893300460239,22.16,0.5,1.0,0.1,0.21372549019607845,0.0,False,1758,True
114,47,12:14,temporal_same_od_eb,58.34570539304453,57.04882362460176,10.031702989597633,1.2128942449922957,1.910433558869598,0.228637879133608,0.16101931920207882,0.0,False,1759,True
152,9,00:37,spatial_neighbor_gravity_eb,50.56899270342193,37.489823042694994,12.215797360476188,2.2317560871103224,2.0,0.3107128074181426,0.15988819123280312,0.0,False,1760,True
10,63,16:19,full_observed_sparse_eb,28.632151651130336,27.345026970624637,5.862243448200654,3.6690418005480567,8.577386259939958,0.5002891123556534,0.11180582329215641,0.7390051416999484,True,1761,True
243,50,11:00,observed_sparse_eb,31.709961995430785,42.230902497108254,7.708543355882179,2.453162696435822,2.1793834605456457,0.2801918086007847,0.8307103723946658,4.0,True,1762,True
10,25,06:31,full_observed_sparse_eb,38.20894239702603,62.957743583625,13.399188174659107,11.534587043365754,18.449640703778456,2.996988535933896,0.10444407910951725,1.2531042793479727,True,1763,True
169,187,07:26,spatial_gravity_time_fallback,122.74617167370225,97.9419648896063,19.629319734654985,42.96116008579579,29.382589466881885,4.907329933663746,0.10550000000000001,0.0,False,1764,True
40,68,01:34,temporal_eb,31.94154811462525,24.284892332019442,6.005676592971912,8.21298573236311,7.384317938487391,0.6587750678342355,0.7155941567196569,0.0,False,1765,True
21,245,22:50,spatial_neighbor_gravity_eb,32.3636122437307,28.796087629253094,6.094931059271715,1.0,2.0,0.25,0.12487006962943274,0.0,False,1766,True
44,165,21:12,spatial_gravity_time_fallback,104.06677982522153,81.31564279440137,15.979099375365191,36.42337293882753,24.39469283832041,3.9947748438412978,0.10550000000000001,0.0,False,1767,True
16,171,06:10,temporal_eb,14.464882589223793,9.800424053172497,2.7350739863101112,4.1924471009441335,2.7799699412397416,0.8929986626923059,0.6218399933292348,0.0,False,1768,True
235,85,13:56,global_od_time_adjusted,67.95771876035332,97.72442271765041,17.282307692307693,6.5015564818272935,31.664549777097562,4.829101132869271,0.34444444444444444,0.0,False,1769,True
5,71,20:28,spatial_gravity_time_fallback,96.76693004321561,76.22651928275401,14.614476480441832,33.86842551512546,22.8679557848262,3.653619120110458,0.10550000000000001,0.0,False,1770,True
78,168,18:42,temporal_eb,20.40978240454947,19.71981575703223,4.103906116698181,4.359458039588724,5.615679309618244,1.0924616428361285,0.7437613427210522,0.1691843981862604,True,1771,True
6,139,19:55,spatial_neighbor_gravity_eb,90.6355131695149,83.45661096125087,20.596351101242092,1.0,2.0,0.25,0.12572553238623582,0.0,False,1772,True
188,238,03:25,global_od_time_adjusted,43.01926139737882,39.75087223542316,13.3,13.107798257065479,9.66363219001501,1.4458056045519458,0.34444444444444444,0.0,False,1773,True
22,79,08:46,temporal_same_od_eb,48.62101412362982,58.617380753603,15.729999999999999,0.5,1.0,0.1,0.15169316943530328,0.0,False,1774,True
24,196,20:49,temporal_same_od_eb,46.7906902750155,42.31280443628535,12.89,0.5,1.0,0.1,0.15528121789202096,0.0,False,1775,True
200,157,20:36,spatial_neighbor_gravity_eb,57.57194248713837,51.05144397408349,14.031894270946982,1.0,7.745197960694726,0.25,0.14408104665797306,0.0,False,1776,True
211,210,08:41,global_od_time_adjusted,72.61265500502017,52.14305906423186,13.8225,10.59533476347018,6.764563434950186,3.4637867645107705,0.2518518518518519,0.0,False,1777,True
47,20,13:38,temporal_same_od_eb,10.311147580828958,11.797707385037299,1.2260693666465587,0.5,1.0,0.1,0.16795420085527432,0.0,False,1778,True
169,17,20:58,temporal_same_od_eb,57.51916419695591,52.695256178464525,17.274019240434797,1.0121857739791107,1.6714423293200136,0.1739657731967065,0.15210616134753238,0.1364770397096038,True,1779,True
141,123,00:33,temporal_same_od_eb,60.739066796754436,38.90572612722567,14.927694983818668,0.5,1.0,0.1,0.15840411755697645,0.0,False,1780,True
162,24,12:03,full_observed_sparse_eb,29.97800184942015,28.206979644702614,3.9846819272675966,6.293186645275873,7.317136422564604,0.4698042663409196,0.5582862936052874,13.227167478224715,True,1781,True
95,91,08:28,temporal_same_od_eb,45.13936150894269,99.72902068612423,11.5,0.5,1.0,0.1,0.1557531267571101,0.0,False,1782,True
29,152,13:27,spatial_neighbor_gravity_eb,82.79338098158092,101.75471553857373,18.153657081341358,3.4133407805973666,25.33357483193756,3.827129478977676,0.17736513119967642,0.0,False,1783,True
79,146,00:10,full_observed_sparse_eb,26.135122468665593,17.560120425355766,4.877089624526054,4.440881328992357,4.156754290254431,0.8024270921444481,0.3418809123803104,5.415398991983821,True,1784,True
74,92,06:00,global_od_time_adjusted,28.742482009635893,22.694855049187115,9.425,6.42238365153357,11.734669053534763,2.401513788896674,0.5354166666666667,0.0,False,1785,True
18,207,13:23,spatial_neighbor_gravity_eb,43.534293777307724,42.49422116190151,9.315247712781204,4.048033545798157,10.086330299562704,2.25839644817889,0.26240272843035095,0.0,False,1786,True
169,44,14:37,spatial_gravity_time_fallback,205.3770467368817,189.53817684026527,28.214236459021805,71.88196635790858,56.86145305207958,7.053559114755451,0.10550000000000001,0.0,False,1787,True
255,131,19:52,global_od_time_adjusted,42.00952382631384,37.53828767561117,11.356592319915123,8.49334335540665,10.20979769564638,0.9198917006227053,0.2553632719633486,0.0,False,1788,True
138,170,14:24,observed_dense_eb,50.61971821958481,34.79525762689546,8.780813814377998,10.232814590621517,9.575104629061816,1.163589191061779,0.995,279.580021601185,True,1789,True
45,202,01:43,temporal_same_od_eb,33.44087455183948,29.2487560512868,7.570608945311347,1.0886660663315486,1.6157710739034523,0.2357275743785079,0.15565887779011564,0.12391420637889272,True,1790,True
168,111,02:26,spatial_neighbor_gravity_eb,51.76727412203067,47.81491677773211,12.694610945597258,5.298903300454063,17.688847946959083,3.987539845089339,0.2605906753748345,0.0,False,1791,True
111,252,16:32,spatial_neighbor_gravity_eb,87.4216601834028,92.01557432368716,19.20504132293384,1.0,2.0,0.25,0.12822371745085662,0.0,False,1792,True
137,30,14:49,spatial_neighbor_gravity_eb,75.03902898646194,98.88368663904579,16.51724857958975,14.179429319084868,37.76442175100942,4.761095373276452,0.2943980209743971,0.0,False,1793,True
154,128,11:25,spatial_neighbor_gravity_eb,89.81212629453991,128.53527719993488,20.717523444350732,1.0,12.68283269409623,1.1000000000000423,0.13019711935670675,0.0,False,1794,True
40,256,10:44,global_od_time_adjusted,30.248133349673044,27.71532933543298,4.64719512195122,5.961862375910072,8.047403602968245,1.4030839503335213,0.6348484848484848,0.0,False,1795,True
59,35,08:17,spatial_neighbor_gravity_eb,60.579087812185755,71.18827642499201,14.553055307807476,6.518062213214981,29.362481028330503,3.7238370050290737,0.3252426364671056,0.0,False,1796,True
34,140,01:55,temporal_same_od_eb,28.250007506032674,22.390885236103607,7.792607164529256,2.7798937133312758,5.188951853050314,0.568246761360215,0.22499479334592468,0.0,False,1797,True
263,45,08:10,full_observed_dense_eb,34.98721599031028,32.048787590284064,6.796075787359911,5.308306046749022,4.799291067817172,0.5628329349793901,0.7745762517557157,46.62847083779968,True,1798,True
146,106,01:59,global_od_time_adjusted,39.9074336712875,34.94582433542072,8.411666666666667,3.4920421436937743,9.02694391045931,1.8165389863388226,0.275,0.0,False,1799,True
162,190,07:17,global_od_time_adjusted,47.18764781851113,37.25966479116862,9.341212121212122,10.255917765830002,8.994471338375307,1.8867107140844186,0.4783132530120482,0.0,False,1800,True
254,147,07:04,temporal_same_od_eb,16.257516298889467,21.11942266006157,6.426153225850024,0.5,1.0,0.5667129605023389,0.16575458533147852,0.0,False,1801,True
161,150,01:19,global_od_time_adjusted,78.96568314901259,51.3087967231608,19.676153846153845,11.489094185665774,15.045383757799621,1.6198126124364731,0.34444444444444444,0.0,False,1802,True
72,76,20:17,observed_sparse_eb,18.742776407210936,18.47183873149706,3.1114490071497434,6.661619977346775,4.160322260514453,0.9494911975179069,0.950987038859545,5.495174654405503,True,1803,True
241,255,16:49,global_od_time_adjusted,64.14577967218807,66.29143889959373,16.36,0.5,1.0,0.1,0.21372549019607845,0.0,False,1804,True
233,248,21:27,temporal_same_od_eb,48.311059539448415,29.84990759110054,9.9,0.5,1.0,0.1,0.15708172596706066,0.0,False,1805,True
153,20,18:40,temporal_same_od_eb,17.78614273457267,17.300403211728483,2.150379420949987,1.0918684209200962,1.5982772694755711,0.1959333018590268,0.14050387157871022,0.3001914713897662,True,1806,True
54,101,00:14,spatial_neighbor_gravity_eb,79.91288362235693,66.88337089992652,20.07705761248487,3.8442030263862095,7.716574933922783,0.5148835717180805,0.1538475146383852,0.0,False,1807,True
247,49,21:27,full_observed_sparse_eb,46.92471756174481,55.813473116529835,11.699083340183407,5.189823894458482,21.8701538238042,3.7894114055871055,0.09090909090909091,1.0,True,1808,True
230,55,08:17,temporal_same_od_eb,93.18283049530281,69.01840552049418,19.759999999999998,7.405000000000007,3.396758417441692,0.20000000000019327,0.15693578883790799,0.0,False,1809,True
32,27,11:42,spatial_neighbor_gravity_eb,96.5503393970243,136.43278059086896,23.527987486879702,1.0577082565877989,13.122787025152942,2.741087254676927,0.14065641228963394,0.0,False,1810,True
130,1,02:09,global_od_time_adjusted,187.7787440184614,100.2407522741014,38.54,0.5,1.0,0.1,0.21372549019607845,0.0,False,1811,True
216,225,23:17,temporal_same_od_eb,29.679949900281404,33.67674064336191,7.604891920847906,2.8520869122423833,9.688893285296936,1.2152543220119016,0.24174726796812032,0.33503423163784873,True,1812,True
140,113,01:47,temporal_same_od_eb,20.565726819605267,18.492775485116777,3.7735169378263116,2.758517228697462,1.9252065656271276,0.3224237042792256,0.2112999414095079,0.11459110234968861,True,1813,True
132,171,19:39,full_observed_sparse_eb,57.2434276290811,41.217885387864314,12.130167349516782,11.305887672658258,9.685963526886017,1.8264444031788591,0.5606608872178673,12.802894845103395,True,1814,True
166,112,15:52,temporal_same_od_eb,60.03918727606519,49.66265362190266,9.288772791230855,3.758809066837909,5.041436463751077,1.1564608436602575,0.13277467260660616,0.4750447616252842,True,1815,True
49,2,16:00,spatial_neighbor_gravity_eb,79.63513523423488,99.34211376363237,15.93640314712992,10.528117495432076,26.272512127802816,4.718879190342762,0.2350683655901497,0.0,False,1816,True
259,139,19:25,global_od_time_adjusted,68.78874094125692,70.53463035594145,20.35,0.5,1.0,1.1499999999999713,0.22692307692307695,0.0,False,1817,True
183,253,03:07,spatial_neighbor_gravity_eb,29.253393733316003,20.21986094728726,7.280233788409154,4.426179950240987,5.361455094072218,1.0329695881744678,0.1660060095017365,0.0,False,1818,True
95,14,16:42,temporal_same_od_eb,78.57977471895488,70.03134658169442,16.947670657936364,0.5,1.0,0.1,0.15503798443472724,0.0,False,1819,True
111,179,21:25,spatial_neighbor_gravity_eb,61.797309589094404,64.7402739437614,13.917008630881352,10.411968145284881,16.37224971066161,1.9356890869979322,0.2998306190193809,0.0,False,1820,True
158,72,14:35,temporal_same_od_eb,69.14962530013305,58.98059204144651,10.33,0.5,1.0,0.1,0.1526173205373515,0.0,False,1821,True
88,122,05:58,global_od_time_adjusted,40.6536532913756,33.17216863693466,16.1,0.5,1.0,0.1,0.21372549019607845,0.0,False,1822,True
126,103,06:24,spatial_neighbor_gravity_eb,44.41908701611361,47.25278282645871,12.607489487311797,2.479351331435549,13.93251080226556,3.444927251108811,0.18319856238837667,0.0,False,1823,True
33,54,17:21,full_observed_sparse_eb,14.194157528813397,10.305889562833457,1.075055921028734,9.980801568166566,6.7477102804194065,0.6773157673436349,0.2457292527102286,3.5180016520363893,True,1824,True
155,241,10:44,spatial_neighbor_gravity_eb,92.52864203161748,99.7330701447443,21.16867361818657,2.888988164185358,25.158717526974936,2.257758270220999,0.18493370939297676,0.0,False,1825,True
263,107,10:37,full_observed_dense_eb,24.659559757536698,23.88401276373922,3.955635466793428,5.191118579676107,6.375174985243962,0.648245025007187,0.7947380044975539,39.229749868618825,True,1826,True
249,133,07:14,global_od_time_adjusted,37.2378672408361,25.85700699464416,8.270373456651,9.797159463665132,8.021927706520842,1.630273862884138,0.5462799468057165,0.0,False,1827,True
262,39,06:04,full_observed_sparse_eb,59.070252659225915,41.0014355078056,19.388552484180234,13.701815417119112,11.48771249344034,5.834957989272802,0.1848530382130911,2.283707396124221,True,1828,True
47,222,15:53,global_od_time_adjusted,67.69920876204421,72.77440245586082,17.7,0.5,1.0,0.1,0.21372549019607845,0.0,False,1829,True
34,250,13:50,spatial_neighbor_gravity_eb,61.95994258666083,60.9472663273762,13.165077675491432,5.763216976150422,12.821912996908015,2.983969877828918,0.2681185782489114,0.0,False,1830,True
130,260,12:25,full_observed_sparse_eb,39.54529246654417,37.02236784245621,9.456758431444836,9.699192086998577,6.633290494716238,1.272616021111671,0.09090909090909091,1.0,True,1831,True
162,92,19:37,full_observed_sparse_eb,56.9813017591486,38.88502467438081,11.41209325740126,9.781347005307342,12.017950223307158,2.625600047926641,0.1329072130092696,1.554375211722359,True,1832,True
160,223,16:12,full_observed_sparse_eb,28.680797034652556,28.232145554111472,5.222058924978873,3.0953376590629533,5.11624624222152,1.0618333161646254,0.10433902168275877,0.8284821690839976,True,1833,True
142,119,05:10,global_od_time_adjusted,29.665915885572588,17.218328782985903,7.993125,10.837697510375019,6.874327433982808,2.583305502202233,0.5428571428571428,0.0,False,1834,True
254,94,19:57,temporal_same_od_eb,27.57237081203567,25.17023417571792,4.317443800522085,1.4277991495831488,2.2020214110496745,0.319470610213632,0.1484137849373764,0.1885784194874418,True,1835,True
222,110,17:33,spatial_gravity_time_fallback,112.95686647488223,100.08574153703582,14.717577786684291,39.53490326620878,30.025722461110746,3.679394446671073,0.10550000000000001,0.0,False,1836,True
14,139,21:07,global_od_time_adjusted,62.34965626819259,62.44227297603204,20.561070234421486,1.0694420588187896,1.0,1.218408298276314,0.20122703560604457,0.0,False,1837,True
113,52,21:53,full_observed_sparse_eb,27.482268875356567,19.733543904748906,4.224350354127489,6.171057446232128,4.442614546539182,0.738079634522222,0.5833333333333334,14.0,True,1838,True
98,257,06:47,global_od_time_adjusted,41.96770326662157,43.55590495377165,17.145,4.104999999999992,13.24111638928457,0.3450000000000318,0.22692307692307692,0.0,False,1839,True
24,175,05:24,global_od_time_adjusted,46.783819011189465,36.604703613764926,19.41,0.5,1.0,0.1,0.21372549019607845,0.0,False,1840,True
63,208,23:14,global_od_time_adjusted,41.147011290614124,36.332080782496135,13.145,2.990000000000119,7.603189798751536,1.0450000000000033,0.22692307692307692,0.0,False,1841,True
115,183,04:19,spatial_neighbor_gravity_eb,85.91940198852255,69.07765392686858,25.70863516091616,1.0,2.0,0.25,0.12785693184029767,0.0,False,1842,True
209,236,10:29,full_observed_sparse_eb,39.79271885304667,38.17850004276743,7.180019191376113,8.9529984620815,10.69104133585024,0.7295956647641783,0.2857142857142857,4.0,True,1843,True
26,175,20:24,global_od_time_adjusted,56.97427545400446,88.66147002008643,16.0,0.5,1.0,0.1,0.21372549019607845,0.0,False,1844,True
205,150,14:50,global_od_time_adjusted,57.110641992189244,57.65193588955636,14.355,3.4699999999999296,20.53776703585718,0.7549999999999725,0.2269230769230769,0.0,False,1845,True
18,117,01:08,global_od_time_adjusted,60.03746382422382,61.22797391569385,23.5,0.5,1.0,0.1,0.21372549019607845,0.0,False,1846,True
146,239,18:51,full_observed_sparse_eb,30.32963857041541,27.104061513077994,4.1350954073996995,7.629298174610457,7.9660888649936545,1.6989093488030482,0.1341032479354976,1.5701628727485684,True,1847,True
109,86,21:46,spatial_neighbor_gravity_eb,96.70126811763227,80.35027821215978,24.00405666416063,14.429999999999975,15.563049755541805,0.9350000000000128,0.12403498578598104,0.0,False,1848,True
42,242,01:53,full_observed_sparse_eb,29.153705712018237,23.61357790781973,6.339470983225793,1.8498611914749543,7.383302874858508,0.9149006810817195,0.1276778932473538,0.5025060787272686,True,1849,True
177,62,09:34,temporal_eb,17.855764360755884,19.00892316277463,2.4962772065473215,5.503938704488339,7.689819635042964,0.7520132000644517,0.8001864550904607,0.2579757205072255,True,1850,True
89,99,11:44,spatial_gravity_time_fallback,94.884970653159,83.2508558343455,12.584076736680005,33.209739728605655,24.97525675030365,3.1460191841700014,0.10550000000000001,0.0,False,1851,True
195,92,14:23,full_observed_sparse_eb,71.82996055183834,63.292945505583816,15.361165609566164,13.897340478913055,11.864117982807997,0.39093186848539074,0.16972490178793903,1.0589842348558278,True,1852,True
208,193,16:04,global_od_time_adjusted,32.41574848683243,31.80661651089796,7.87,0.5,1.0,0.1,0.21372549019607845,0.0,False,1853,True
257,105,03:38,spatial_neighbor_gravity_eb,18.695275699708777,11.269893488872228,3.6451418759874876,7.172291345915552,2.297055549389389,0.45740444313823814,0.25119483618011534,0.0,False,1854,True
53,224,12:24,spatial_neighbor_gravity_eb,53.10718131687199,41.85150850578527,8.967252069715446,7.99636075317403,11.49587481627781,1.1889340018836572,0.3892307692307692,0.0,False,1855,True
141,140,02:55,observed_dense_eb,8.651115891047631,4.658500439496102,0.7201878581514749,1.6309786376209086,1.3477184285307398,0.20346000205255688,0.995,23.305304730236763,True,1856,True
111,64,21:29,spatial_neighbor_gravity_eb,95.17372502602026,87.03071663711603,21.648119343948785,10.852774243504165,9.473190428810955,0.3327656947765321,0.13925095267216614,0.0,False,1857,True
108,147,09:06,spatial_neighbor_gravity_eb,82.27784962457406,100.61824345441062,19.79141514998029,1.182334907552271,18.64867052040534,2.1770607283314325,0.1866848102370649,0.0,False,1858,True
124,100,21:12,global_od_time_adjusted,73.52162479807428,51.3031872597832,11.878333333333332,25.39352460109992,15.634547003936744,2.3532985124902748,0.275,0.0,False,1859,True
192,4,01:40,global_od_time_adjusted,35.48258217181061,31.644965455100255,11.67,0.5,1.0,0.1,0.21372549019607845,0.0,False,1860,True
46,136,12:46,spatial_eb,34.29858193422641,34.883238110426056,7.983513429014523,12.895818982221424,8.785269745783161,2.7781813595708,0.3308652037472063,0.0,False,1861,True
195,225,15:27,observed_sparse_eb,31.32499021015233,35.309403141739324,5.230154868927363,8.058308106243349,9.96303847295113,1.3908323296361054,0.6969740497659145,0.8195580070281849,True,1862,True
25,249,03:26,full_observed_sparse_eb,20.789134315289726,16.906595329422565,4.259793380962759,4.46663629632855,3.824701322329224,0.6087687113927038,0.27161618367595586,2.875746461047612,True,1863,True
237,108,18:40,temporal_same_od_eb,72.50019028455489,62.684623415511766,16.6,0.5,1.0,0.1,0.1526040346946968,0.0,False,1864,True
242,119,04:11,temporal_same_od_eb,26.576434318500237,12.62122357600784,5.42,0.5,1.0,0.1,0.15775898033560296,0.0,False,1865,True
173,49,15:18,global_od_time_adjusted,42.94290399364057,72.44720089949702,11.993333333333332,2.0769849943287086,31.31174347882798,3.143685028045204,0.23962264150943396,0.0,False,1866,True
235,33,15:34,global_od_time_adjusted,58.40975389735513,108.28619904087947,13.223636363636366,6.8636267308782735,30.397030182913653,4.790394314244953,0.41388888888888886,0.0,False,1867,True
131,143,21:59,global_od_time_adjusted,54.96954213456076,69.54411415216718,14.51740958926422,6.5304449520464605,24.492553290511722,2.089046358404058,0.26441293535518423,0.0,False,1868,True
53,100,07:39,global_od_time_adjusted,45.79771808679646,39.72504044928656,12.573333333333332,5.711702655270317,10.384998434394733,1.0740215185098847,0.275,0.0,False,1869,True
226,233,20:12,full_observed_sparse_eb,24.707583113860593,17.145989926411612,3.370935079494917,17.781700365612295,8.059781473323401,1.0694683891023993,0.12252468307093006,1.4521029679142998,True,1870,True
167,184,15:10,temporal_same_od_eb,28.606366582458236,33.21697353639008,6.196155576533206,0.5,1.0,0.1,0.15455558426089347,0.0,False,1871,True
167,214,06:11,spatial_gravity_time_fallback,106.75027415841353,69.98706159707301,19.19403781157155,37.36259595544473,20.996118479121904,4.798509452892888,0.10550000000000001,0.0,False,1872,True
3,241,15:52,temporal_same_od_eb,25.539530652339725,27.43058085274225,3.5631856320239326,1.9072106377454223,2.942653505941324,0.6677804677274517,0.1290244013742407,0.4737830422512701,True,1873,True
152,200,06:39,temporal_same_od_eb,31.13582994473505,16.45839370496664,6.676666666666666,9.892476377979836,3.5152984821920286,0.7889374006993328,0.15760052200957392,0.0,False,1874,True
129,76,03:42,full_observed_sparse_eb,35.58277013039238,26.335755749466514,11.551627551456457,5.840482510407199,6.373368599509207,3.6813096505989655,0.16666666666666666,2.0,True,1875,True
111,51,06:45,spatial_neighbor_gravity_eb,68.5875751022788,68.79684526062735,20.00091387797959,2.7342674196547367,23.56153736201136,1.8988012419063864,0.16670397232513873,0.0,False,1876,True
221,31,05:54,spatial_gravity_time_fallback,107.6365239057115,67.10265167584623,19.49775326803752,37.67278336699902,20.13079550275387,4.87443831700938,0.10550000000000001,0.0,False,1877,True
248,104,18:16,spatial_neighbor_gravity_eb,68.81355417058519,64.60986695295216,13.871507979391211,5.105563240231246,8.644883774710747,0.6237756006770799,0.1447427869404823,0.0,False,1878,True
78,263,10:16,temporal_same_od_eb,31.876517211600994,41.42997333963434,6.303636541710954,0.5,1.0,0.1,0.1647264157142221,0.0,False,1879,True
259,149,01:57,global_od_time_adjusted,81.79412010219498,79.94993282250225,30.29,0.5,1.0,0.1,0.21372549019607845,0.0,False,1880,True
88,12,18:06,temporal_same_od_eb,11.42214723226305,6.409611118058277,0.5954797033743957,8.886251837197694,6.260157225052591,1.2323955562361597,0.1461108207603585,0.42176310562810215,True,1881,True
70,164,09:55,observed_dense_eb,52.864038706597235,33.72283898640663,9.14036937198288,9.231731346465974,13.100096415704119,1.3336816044578792,0.9802220944984963,42.637174746129624,True,1882,True
167,60,13:13,observed_sparse_eb,12.202155147179662,12.413215447477585,1.6250895096233706,4.033570095530207,5.723529585280419,0.6326936559048322,0.682693045986924,0.8905619897914931,True,1883,True
256,257,22:02,full_observed_sparse_eb,29.30515242064196,27.941506907981037,6.908081711013678,4.4892201061571,5.954156169542464,1.3170560359549504,0.15433965952441106,1.837283505722226,True,1884,True
154,229,12:19,spatial_neighbor_gravity_eb,65.11767048625832,76.1321962085692,13.953906660489528,5.984186026244896,18.935158525252465,3.513579831583592,0.20549814388957727,0.0,False,1885,True
56,65,13:05,temporal_same_od_eb,39.29612272226451,88.21034860171832,8.2,0.5,1.0,0.1,0.1526173125849934,0.0,False,1886,True
71,2,16:13,spatial_neighbor_gravity_eb,69.44037187170306,78.82636469783262,13.991988154100962,4.811314650699431,19.10196994142253,2.7770040446342823,0.21920273902126627,0.0,False,1887,True
86,57,15:02,spatial_neighbor_gravity_eb,89.23523933647859,77.79718070233383,19.120607475113452,8.443650168771507,16.733097252928545,1.310179979828805,0.2816394272821426,0.0,False,1888,True
99,216,09:09,spatial_gravity_time_fallback,144.68661709068246,123.80041631298907,20.474815604661043,50.64031598173885,37.14012489389672,5.118703901165261,0.10550000000000001,0.0,False,1889,True
156,157,20:11,spatial_neighbor_gravity_eb,80.40238389168923,88.20980481455783,15.471942892549091,1.0,2.0,0.25,0.12345028077665159,0.0,False,1890,True
159,211,22:00,global_od_time_adjusted,37.91189450544574,37.7081035727293,10.393333333333334,12.96714404529224,7.898233683897932,0.5174295443181718,0.30677966101694915,0.0,False,1891,True
65,20,20:35,global_od_time_adjusted,58.12719543826729,54.821291812546974,17.74410618383955,1.8925779399401956,1.3273231866436972,0.6311227491864574,0.20039373768880636,0.0,False,1892,True
88,167,13:51,temporal_same_od_eb,45.54603399905441,87.48938781115785,11.490132452448748,2.730337670488936,12.791856911225489,0.4919185143229149,0.13910190606819864,0.4141220788185649,True,1893,True
110,248,23:00,spatial_gravity_time_fallback,150.02799383228975,114.09339307331695,24.01756574316324,52.50979784130141,34.228017921995075,6.00439143579081,0.10550000000000001,0.0,False,1894,True
144,126,20:45,temporal_same_od_eb,43.00044486822918,35.39020669432589,11.499629886864371,0.7009799585955555,1.160126932145523,0.13637360141606322,0.16254423279918875,0.030753101176017594,True,1895,True
9,191,06:17,temporal_eb,19.237209366438584,14.723175171257315,4.737473849560979,3.76565508540311,8.318582203509395,1.655075694811434,0.44679184517689297,0.0,False,1896,True
261,29,06:17,global_od_time_adjusted,44.93716152229059,31.39211647167145,14.111,8.857690218109948,5.760117606207857,0.9318739185104277,0.31666666666666665,0.0,False,1897,True
243,23,06:53,spatial_gravity_time_fallback,126.42339658672364,92.95330168909595,21.33754182148761,44.24818880535328,27.88599050672878,5.334385455371902,0.10550000000000001,0.0,False,1898,True
244,85,10:28,global_od_time_adjusted,63.161124683360086,88.22576410036388,16.725,10.977249200050075,21.206455283030184,0.36314597615832056,0.2518518518518519,0.0,False,1899,True
50,15,08:51,full_observed_sparse_eb,71.90069484828314,63.378361256713305,17.67438245807776,13.424157179057465,6.167721658076841,0.8391094508669021,0.16666666666666666,2.0,True,1900,True
172,198,20:50,global_od_time_adjusted,64.84795979229364,85.94536499037571,26.31,0.5,1.0,0.1,0.21372549019607845,0.0,False,1901,True
25,122,20:08,temporal_same_od_eb,51.39745172873643,50.26483416535734,15.789999999999997,1.310000000000037,2.8957631568723268,0.1300000000000808,0.1682280827114807,0.0,False,1902,True
184,198,01:30,spatial_neighbor_gravity_eb,55.507769683982694,42.19156873012503,14.583146859861976,7.146869313778328,6.002268587834579,1.2277931522195287,0.172955925556685,0.0,False,1903,True
104,85,18:01,spatial_neighbor_gravity_eb,44.46647509829872,40.74835712921819,6.717743738726151,6.596592869583796,10.163546313146064,0.892073207293968,0.18186709991973266,0.0,False,1904,True
32,113,01:13,global_od_time_adjusted,51.79229922731295,41.505261243965414,13.33,0.5,1.0,0.1,0.21372549019607845,0.0,False,1905,True
236,42,12:44,full_observed_dense_eb,21.419932134927226,22.497299634423964,3.164468506110539,4.9978213601890475,6.1517446394007935,1.1094172672841423,0.7257942336424952,26.604384332310183,True,1906,True
64,11,05:00,spatial_neighbor_gravity_eb,82.95136422078862,59.392354996962496,22.50375053069628,1.0,2.0,0.25,0.14090471385139602,0.0,False,1907,True
191,233,07:28,full_observed_sparse_eb,42.54088338918023,60.62790593715091,14.461486415272429,1.9628221010746596,7.586607260204075,0.5930818962054049,0.10152049883907885,0.8620467078672078,True,1908,True
10,92,09:55,full_observed_sparse_eb,36.52907881252292,30.22547464336332,7.556972002819038,6.6721473902303625,8.032125373962035,0.709807798589777,0.11754372973981142,1.3515772325655107,True,1909,True
117,20,04:21,global_od_time_adjusted,54.15621245995389,48.4561489888468,23.05,1.5,11.204211247847201,0.1,0.22692307692307695,0.0,False,1910,True
244,146,03:05,global_od_time_adjusted,31.22419916732279,23.77726006661061,7.745416666666666,5.6530235119260706,4.189551636986663,0.9528334025712814,0.427027027027027,0.0,False,1911,True
232,71,08:15,temporal_same_od_eb,38.84716165266196,43.1785874122901,6.5563680472668135,0.6287582871690385,1.1979112799945222,0.15331780291239439,0.1552385293344335,0.0,False,1912,True
135,194,18:58,spatial_neighbor_gravity_eb,44.378080854116014,40.00885098618812,8.88848444791028,7.634260306160568,15.277259039254062,1.4895610980106753,0.28103429064553054,0.0,False,1913,True
215,26,15:20,global_od_time_adjusted,81.72130141626627,79.28143054844857,19.535,1.5099999999999827,1.0,3.8350000000000066,0.22692307692307692,0.0,False,1914,True
206,194,22:09,spatial_gravity_time_fallback,91.38150345247048,70.5888866426582,14.03951182374496,31.983526208364665,21.176665992797457,3.50987795593624,0.10550000000000001,0.0,False,1915,True
92,10,08:19,temporal_same_od_eb,42.26652577026181,38.8614398197318,8.58,0.5,1.0,0.1,0.15539093875287255,0.0,False,1916,True
257,98,04:29,spatial_neighbor_gravity_eb,56.53966890401354,44.767840954824834,16.196621074844522,7.910147402968343,15.315299638588675,2.2213493160987174,0.20647262132806174,0.0,False,1917,True
98,178,04:46,spatial_neighbor_gravity_eb,66.6356785449826,49.69461431643799,19.434339490301312,3.6784176815737197,4.150921680490978,1.0325594849643909,0.15095113838889193,0.0,False,1918,True
239,27,08:29,spatial_neighbor_gravity_eb,92.20005406626134,85.83534831050162,19.32149659575162,12.392101458508742,14.345958029832385,1.9631055167483593,0.16693492349051386,0.0,False,1919,True
94,236,02:19,global_od_time_adjusted,24.302771450454795,19.060547967108945,7.276666666666666,0.5,1.0,0.6467525716136701,0.23962264150943396,0.0,False,1920,True
111,89,02:52,spatial_eb,17.801228447423576,16.344935799047658,2.6204600619879703,1.926003346022249,3.9348004169192174,0.5920210206478229,0.358974358974359,0.0,False,1921,True
198,20,18:07,global_od_time_adjusted,60.887910474270264,62.04689802006416,15.65857142857143,3.2886893363496945,13.202090247403088,2.213338968110194,0.28596491228070176,0.0,False,1922,True
233,75,17:10,full_observed_sparse_eb,22.726504872436184,23.136941300107537,3.259793248579473,5.1961474326918164,6.6277026997508415,0.5794620358114072,0.6632735758644939,19.728294470218003,True,1923,True
149,49,08:34,full_observed_sparse_eb,28.51553746640387,55.1072386047762,6.688066053631214,0.8828711789355395,15.894256445028855,1.1085225816597417,0.09090909090909091,1.0,True,1924,True
220,59,04:56,global_od_time_adjusted,15.036198761599564,10.951663399974718,5.3,0.5,1.0,0.1,0.21372549019607845,0.0,False,1925,True
107,230,18:40,full_observed_dense_eb,20.225725705566337,18.595248520280414,1.9035704581534763,5.002144401802382,5.591072442937827,0.498008095479394,0.9458258433440148,175.38795514656886,True,1926,True
59,93,06:46,spatial_neighbor_gravity_eb,34.472401860282226,27.582676949184556,8.925111948058522,3.048571887707165,7.2537047211816335,1.0481659415976143,0.20156064875543211,0.0,False,1927,True
261,31,14:15,temporal_same_od_eb,121.59617510963126,72.8564175005758,16.388828905394774,0.5,1.0,0.1,0.16480758197129478,0.0,False,1928,True
71,187,19:12,spatial_neighbor_gravity_eb,78.29920214603662,52.289599824393946,14.503706840985924,1.0,2.0,0.25,0.12602513942116939,0.0,False,1929,True
108,215,15:58,global_od_time_adjusted,58.09439021635905,70.53803412511871,16.8,1.6393596310755,30.55415667104635,1.720465053408536,0.2518518518518519,0.0,False,1930,True
94,56,08:53,global_od_time_adjusted,44.03575183754743,45.33679096518868,12.645000000000001,3.7810274727909747,7.420034720011387,0.8483660766437934,0.3354838709677419,0.0,False,1931,True
155,207,04:50,spatial_neighbor_gravity_eb,57.03913740985063,42.19274541104157,15.486349431781491,3.541078906217245,6.449472133317117,1.8126811237594058,0.18706984094425522,0.0,False,1932,True
233,196,03:52,global_od_time_adjusted,25.91237963110066,18.260372323925502,7.011666666666667,7.826831372486135,9.687837452654758,0.9816943968918668,0.5818181818181818,0.0,False,1933,True
108,36,13:59,temporal_same_od_eb,64.88974744344458,65.74940754249319,12.38,0.5,1.0,0.1,0.15657213232571468,0.0,False,1934,True
91,193,15:11,temporal_same_od_eb,67.47019844054536,85.31541567059188,11.593160569057863,0.8415925971832423,4.684601029191132,0.4982583310792535,0.14406352391383426,0.24996289835500107,True,1935,True
197,94,21:04,temporal_same_od_eb,54.88611625787638,53.74897686436586,16.90148590281724,2.182740746652665,9.07976656054055,0.5071848170022663,0.1414827277399039,0.2863792943695813,True,1936,True
150,221,21:30,spatial_gravity_time_fallback,49.69283423848337,37.14620934301758,7.333767241570168,17.392491983469178,11.143862802905275,1.833441810392542,0.10550000000000001,0.0,False,1937,True
100,48,02:30,observed_dense_eb,11.147194680886335,7.225137015709269,0.9834846113365706,6.096373745048039,4.459231470250453,1.1183202614862862,0.995,25.212838070209767,True,1938,True
16,52,03:58,spatial_neighbor_gravity_eb,68.8958239754894,64.07491506036183,16.694476824089648,15.369999999999997,8.728303493830566,1.5000000000000095,0.1361928808272656,0.0,False,1939,True
25,103,02:43,spatial_neighbor_gravity_eb,19.44001576005857,14.058502039872433,3.3360774611898805,6.198776777642326,5.445568780315334,0.6913965593328291,0.2817790122760715,0.0,False,1940,True
234,149,05:41,global_od_time_adjusted,47.55556228756939,34.5386207673246,12.262307692307692,13.819393199499281,10.888562768510154,3.0967480557368665,0.34444444444444444,0.0,False,1941,True
107,170,13:45,observed_dense_eb,11.10494753213108,9.042425714452467,0.9632356069287259,3.980230114782774,3.296313123495705,0.2898202009383024,0.995,547.6417519348148,True,1942,True
193,61,19:15,full_observed_sparse_eb,45.06087275153839,45.675801565762846,5.495812090263702,6.881361982100645,8.43832484208674,1.4399579281488497,0.16699140534416035,1.9657828254424032,True,1943,True
131,22,22:35,global_od_time_adjusted,66.10041998142376,57.40697118889588,18.7,0.5,1.0,0.1,0.21372549019607845,0.0,False,1944,True
166,101,11:17,spatial_neighbor_gravity_eb,70.26003879088786,88.6205898785373,16.30273491180644,6.010749101832724,24.178005624531565,1.4748395795853892,0.16217840997451383,0.0,False,1945,True
165,259,21:09,global_od_time_adjusted,89.7595665801264,81.27611247101402,24.51,0.5,1.0,0.1,0.21372549019607845,0.0,False,1946,True
23,244,06:19,spatial_gravity_time_fallback,113.03728075780641,76.32619748716203,20.215304271625943,39.56304826523225,22.897859246148606,5.053826067906486,0.10550000000000001,0.0,False,1947,True
131,71,08:02,global_od_time_adjusted,43.50010512784809,56.06229021844344,12.68714285714286,9.079546423985384,24.721226413456023,1.6901750905556154,0.353125,0.0,False,1948,True
103,86,21:29,spatial_neighbor_gravity_eb,76.46549159320521,97.91922645520056,17.159959962269873,5.40144608736496,22.39912376219693,7.401123714099435,0.19426281245190297,0.0,False,1949,True
27,104,03:08,spatial_gravity_time_fallback,71.93314603457992,48.879534677861216,11.931168200238652,25.176601112102972,14.663860403358363,2.982792050059663,0.10550000000000001,0.0,False,1950,True
180,144,20:59,global_od_time_adjusted,81.18976701904799,55.64868495139717,9.37,0.5,1.0,0.1,0.21372549019607845,0.0,False,1951,True
3,237,02:04,global_od_time_adjusted,50.33508515347875,46.11783623706148,12.5025,10.128119195462684,12.957836821324847,1.1779829158353798,0.29655172413793107,0.0,False,1952,True
89,207,05:27,spatial_neighbor_gravity_eb,50.37420597468206,40.978809991557775,12.871279801604983,7.557867663095612,12.487954705404592,2.4294405832862775,0.36747500045320713,0.0,False,1953,True
222,17,23:08,temporal_eb,27.67759182861771,33.74844271757769,5.078983107639743,4.481263223760103,12.871261963603546,1.0147496765319377,0.6404025690948809,0.0,False,1954,True
226,118,06:39,spatial_neighbor_gravity_eb,69.55753529805492,46.201478835563734,18.341598924001683,1.0,2.0,0.25,0.1459231720929209,0.0,False,1955,True
54,147,15:55,spatial_neighbor_gravity_eb,60.02749281105661,63.09086157762414,12.611610664686719,1.1393488404880612,18.592425884377207,0.9983292544448203,0.16291276740599625,0.0,False,1956,True
44,258,14:49,spatial_gravity_time_fallback,166.93434741625993,154.12490516150808,22.836913588985183,58.427021595690974,46.237471548452426,5.709228397246296,0.10550000000000001,0.0,False,1957,True
256,101,12:24,temporal_same_od_eb,71.13625731778751,64.05729724045857,16.36,0.5,1.0,0.1,0.15494541325797884,0.0,False,1958,True
258,76,08:31,observed_sparse_eb,14.995092500345198,14.16546666633103,2.5160384101209528,4.782334742639542,3.6313053966678903,1.00185888123644,0.8729509028973486,2.1450691923889735,True,1959,True
250,237,04:00,global_od_time_adjusted,27.754016067635828,39.9206046226558,10.175714285714287,8.9082244732217,18.286055797337017,2.9000510199593577,0.353125,0.0,False,1960,True
97,108,07:10,temporal_same_od_eb,45.112793702959415,45.85834643168842,12.65,0.5,1.0,0.1,0.1540748500721073,0.0,False,1961,True
252,47,19:03,global_od_time_adjusted,38.70829788452602,33.923594416185814,7.33,2.875,1.0,0.7300000000000035,0.22692307692307692,0.0,False,1962,True
52,29,04:34,global_od_time_adjusted,46.28569713610221,29.459040872677953,11.045,9.56499999999999,1.8693620147443024,1.6350000000000007,0.2269230769230769,0.0,False,1963,True
97,233,03:10,temporal_same_od_eb,23.475061400845334,25.208544269121184,9.628151769649035,0.5,1.0,0.1,0.16306053305557955,0.0,False,1964,True
56,205,03:10,temporal_eb,35.18819784537494,23.74921426856387,8.497339174633446,5.255455293468268,8.848236323512673,1.9634655231433287,0.6326107295961647,0.3458925433720097,True,1965,True
101,250,01:53,temporal_same_od_eb,30.256160460432916,31.375498368709152,11.71,0.5,1.0,0.1,0.15243168036922122,0.0,False,1966,True
98,131,12:11,full_observed_sparse_eb,12.797397573274527,11.717403034168369,1.7399966001977138,3.1234901679383182,4.1465515777372,0.48434182316764096,0.1093833141334202,0.7393189606390465,True,1967,True
211,131,10:35,global_od_time_adjusted,77.37280405436213,58.50720552324597,15.579999999999998,14.459632794630586,14.175731863804288,1.5234609720414005,0.275,0.0,False,1968,True
47,145,20:22,global_od_time_adjusted,38.563363061947626,38.51263607714052,10.32,5.229447867605168,18.00019938725563,2.519571392122079,0.31666666666666665,0.0,False,1969,True
18,33,19:31,spatial_neighbor_gravity_eb,62.7082088081975,85.92008385702357,13.861147073915266,3.1043854056156737,19.81505969108401,2.1547557692629806,0.2316320259052999,0.0,False,1970,True
150,105,14:07,spatial_neighbor_gravity_eb,49.42953227161816,49.1945743783244,8.825163793456014,1.0,6.763207783044765,2.125280534766883,0.145399729654496,0.0,False,1971,True
20,135,00:05,spatial_neighbor_gravity_eb,44.68382027586506,39.7116957050322,9.902182808046653,2.290421892888392,2.0,0.29256252026537144,0.1484227659256274,0.0,False,1972,True
21,111,10:51,global_od_time_adjusted,36.47866130505733,42.07472880961689,8.0,0.5,1.0,0.1,0.21372549019607845,0.0,False,1973,True
39,142,05:15,temporal_same_od_eb,33.78426576648812,35.16299954357944,14.701246446935587,0.5949787750742657,1.0912138648187064,0.1224781795032023,0.17404607337573608,0.007554149261952858,True,1974,True
136,45,03:06,global_od_time_adjusted,39.32440539864484,39.97288733928116,13.149999999999999,0.5,18.593286738244714,0.45000000000004803,0.2269230769230769,0.0,False,1975,True
29,249,12:41,global_od_time_adjusted,61.27495006190357,76.02358947503038,15.86,8.285586883256958,15.182915082600019,2.70846820177014,0.2518518518518519,0.0,False,1976,True
214,154,03:33,spatial_neighbor_gravity_eb,38.497372097163726,26.00840581143844,10.184172345002052,1.04500000000018,2.8043089470580136,0.5150000000000009,0.12839055302056337,0.0,False,1977,True
66,218,04:14,global_od_time_adjusted,49.23459755578312,41.641567289723724,17.318571428571428,7.283383660841993,22.183054141814544,2.6060995955720676,0.28596491228070176,0.0,False,1978,True
41,226,16:59,temporal_same_od_eb,53.57032818210029,56.86851205003448,9.055231229843386,0.5,1.0,0.1,0.16704432750547368,0.0,False,1979,True
22,67,21:28,observed_sparse_eb,11.95320247241797,10.166991332207814,1.6515761950704322,1.6009985970403173,1.3461163261463227,0.34718863834305813,0.7585929607179793,2.7305146555135025,True,1980,True
229,9,15:32,global_od_time_adjusted,57.92201325833204,45.90020146098663,11.23,8.35015269321463,11.579845565724133,0.4401136216932833,0.2518518518518519,0.0,False,1981,True
212,41,09:50,observed_sparse_eb,27.35248442508185,27.158596750661157,5.94267695951658,5.7272145315434635,7.184559333736415,0.693427071160105,0.6524907113769607,0.6799779002803277,True,1982,True
256,184,08:58,global_od_time_adjusted,62.744739725477075,63.089802566572246,17.61,0.5,1.0,0.1,0.21372549019607845,0.0,False,1983,True
49,27,10:17,global_od_time_adjusted,61.387594791153404,61.00661148808404,10.475000000000001,3.3449999999999513,5.316766041709932,1.074999999999987,0.2269230769230769,0.0,False,1984,True
261,44,23:42,spatial_neighbor_gravity_eb,86.1499339055246,59.17608144664379,21.14418255902416,5.473534310852306,4.44387758735598,2.280833494833434,0.1392766507430592,0.0,False,1985,True
136,110,08:10,spatial_gravity_time_fallback,168.8556267135243,144.698310789404,24.948114728632987,59.0994693497335,43.40949323682119,6.237028682158247,0.10550000000000001,0.0,False,1986,True
236,101,10:07,temporal_same_od_eb,100.01234982763032,75.26318865729051,20.48,0.5,1.0,0.1,0.15232406404110427,0.0,False,1987,True
54,215,20:09,global_od_time_adjusted,47.418501427471455,48.78212188353905,15.34,2.3949999999999374,16.540131273195353,0.34000000000000086,0.22692307692307692,0.0,False,1988,True
133,168,00:37,global_od_time_adjusted,45.765808870283095,48.689860731962824,12.36375,5.3411977823331265,15.465400795397954,4.7477993257402975,0.29655172413793107,0.0,False,1989,True
41,89,04:41,global_od_time_adjusted,40.05389329195902,48.52128287117037,15.039772727272727,7.444817086153426,19.02861294231441,3.200584810650284,0.5276595744680851,0.0,False,1990,True
110,67,11:48,spatial_neighbor_gravity_eb,45.30711536635507,49.22907101634285,8.622977764032033,4.189133318830255,11.179983595644115,0.9409281110310959,0.14746806881941737,0.0,False,1991,True
15,207,20:37,spatial_neighbor_gravity_eb,41.8610921887974,32.31946896768847,9.604757996739014,6.172898982326915,4.706657916464948,1.641505624651581,0.29784730213518845,0.0,False,1992,True
109,42,08:36,spatial_gravity_time_fallback,149.12935935234904,128.68396828501585,21.440639187610923,52.195275773322166,38.60519048550475,5.360159796902731,0.10550000000000001,0.0,False,1993,True
160,5,11:00,spatial_gravity_time_fallback,144.81509755280075,127.30787370601487,19.83824826515597,50.68528414348026,38.19236211180446,4.959562066288992,0.10550000000000001,0.0,False,1994,True
66,135,14:09,global_od_time_adjusted,47.11129500549345,47.44589078675012,12.104999999999999,2.3663503309715743,2.5850784550800543,0.47696086492151507,0.275,0.0,False,1995,True
102,16,18:35,global_od_time_adjusted,42.49105657104759,38.289508027045756,10.06875,7.200549431076446,10.666421350303363,1.2064352189404952,0.3696969696969697,0.0,False,1996,True
38,122,06:26,temporal_same_od_eb,10.727463961116099,7.040780683794901,1.9842481678858113,1.031647448486968,1.1445723414600246,0.2395095923084414,0.20455685154579764,0.0,False,1997,True
80,63,15:38,full_observed_sparse_eb,33.38436886494375,33.818146671134436,4.722297653513345,6.47350539801888,7.5532061270424755,1.2732472941132047,0.09090909090909091,1.0,True,1998,True
95,111,05:24,global_od_time_adjusted,47.64932930158334,27.72350080018321,13.99,0.5,1.0,0.1,0.21372549019607845,0.0,False,1999,True
42,52,00:43,global_od_time_adjusted,51.17843861121583,33.78468744704203,12.946666666666665,2.0654351169238145,3.721290378500984,0.25486379804817777,0.23962264150943396,0.0,False,2000,True
16,47,07:28,global_od_time_adjusted,33.87663756710772,38.54065345865434,10.7,0.5,1.0,0.1,0.21372549019607845,0.0,False,2001,True
17,253,10:09,spatial_neighbor_gravity_eb,55.54228733653882,54.53852215073809,11.766413385183842,4.92616167256177,11.354128292696167,1.6636457004381615,0.2967115607579261,0.0,False,2002,True
80,112,22:44,observed_sparse_eb,13.720492348854789,10.221078052303216,1.6047379503359651,8.019468007445921,7.412949017964305,1.4149790158149445,0.9380857693214438,16.4548783626648,True,2003,True
54,61,08:21,global_od_time_adjusted,26.813749716444363,25.902835364269663,3.586875,6.190912411298916,6.690653536338175,0.7139653243505588,0.3696969696969697,0.0,False,2004,True
113,105,18:26,global_od_time_adjusted,17.324828643264553,17.228410082477282,2.54,0.5,1.0,0.1,0.21372549019607845,0.0,False,2005,True
140,90,23:17,full_observed_sparse_eb,24.34141138338629,19.416418157608874,3.8444118458187893,4.361935588521463,4.506418198393278,0.5700487891759415,0.39838596586298836,6.8980210891387514,True,2006,True
19,214,18:24,spatial_gravity_time_fallback,160.82262794390778,139.80689957657663,21.467284670648887,56.28791978036771,41.942069872972986,5.366821167662222,0.10550000000000001,0.0,False,2007,True
55,111,01:53,spatial_neighbor_gravity_eb,34.23748636629389,34.63533889133075,7.617954601093036,5.089068464274245,10.807909028096368,1.9994301171382882,0.3892307692307692,0.0,False,2008,True
216,61,00:59,observed_sparse_eb,35.98875356605298,31.339771704055117,7.723148579467243,9.000126997267076,10.118801871704903,1.373430569687998,0.7934605020971346,1.0,True,2009,True
2,149,23:12,spatial_neighbor_gravity_eb,74.76469724133895,49.237051984723635,17.738536571051426,3.8412691769430443,3.866573484640509,0.7516038569745205,0.16986615731310958,0.0,False,2010,True
53,49,05:53,global_od_time_adjusted,30.01294918499662,36.41556688658546,11.305,0.5,19.581745016007467,0.5050000000000174,0.22692307692307692,0.0,False,2011,True
235,5,08:50,spatial_gravity_time_fallback,176.41205539559434,151.65689428358456,25.157599682462518,61.744219388458006,45.497068285075365,6.2893999206156295,0.10550000000000001,0.0,False,2012,True
183,172,14:41,spatial_gravity_time_fallback,174.79977438617718,161.04438045589362,23.92753210823748,61.179921035162,48.313314136768085,5.98188302705937,0.10550000000000001,0.0,False,2013,True
241,80,05:32,global_od_time_adjusted,36.43107517572546,41.2645910247651,15.265,1.6051168181787816,16.040193670554032,2.689223865727798,0.2518518518518519,0.0,False,2014,True
20,133,04:27,spatial_neighbor_gravity_eb,61.281889503159746,45.64684438974123,18.648989715605467,3.8219321064785325,4.693733920686394,2.08530886674004,0.15490657848454065,0.0,False,2015,True
93,253,06:39,spatial_neighbor_gravity_eb,19.804912069685546,6.7644728204200035,1.9146448273053407,23.24256092102464,5.309010518057766,1.9558310674208155,0.38849360888704126,0.0,False,2016,True
258,238,05:40,global_od_time_adjusted,38.47680487977189,34.897800197128866,11.913333333333334,1.9563287612828895,4.356103191218351,0.966965471059948,0.23962264150943396,0.0,False,2017,True
105,129,12:12,spatial_neighbor_gravity_eb,51.921835298181314,50.43512542090395,9.37736122743312,15.525983448078932,20.993282543532636,1.9222617085886533,0.3570630412233492,0.0,False,2018,True
98,49,11:55,spatial_neighbor_gravity_eb,65.62778716217068,76.85430807221711,14.503187719813726,4.7848743112804435,22.039175231645647,1.4984062243938345,0.2610682833418161,0.0,False,2019,True
225,43,04:09,temporal_same_od_eb,34.54932135549413,18.319774344313927,8.01,0.5,1.0,0.1,0.15441400768373448,0.0,False,2020,True
178,157,12:08,spatial_neighbor_gravity_eb,67.32222891716901,81.72369222115361,11.777466582357217,1.9071100075832992,7.233377264995237,0.6490143649481532,0.1721312441778387,0.0,False,2021,True
152,81,06:54,global_od_time_adjusted,33.92735417474524,31.57931091030016,11.137500000000001,5.4857549743758085,9.821023364541752,1.1138306648678675,0.3354838709677419,0.0,False,2022,True
186,104,05:04,spatial_neighbor_gravity_eb,23.35880963674449,13.523870022750568,4.5082620023027555,6.434362585501065,3.521564786177796,0.8572322055080619,0.3892307692307692,0.0,False,2023,True
107,98,01:26,temporal_same_od_eb,51.82046010698132,37.88080392197262,13.490000000000002,0.5,1.0,0.1,0.15524611019769946,0.0,False,2024,True
205,221,05:37,spatial_gravity_time_fallback,93.66012909647168,56.280196732644725,17.068169340966634,32.78104518376509,16.884059019793416,4.267042335241658,0.10550000000000001,0.0,False,2025,True
9,150,23:01,spatial_neighbor_gravity_eb,83.32721339520504,71.0269569463822,21.172745264769162,4.524994168367618,15.787381000212864,1.4078559516954356,0.16512432276336128,0.0,False,2026,True
56,28,01:36,temporal_same_od_eb,11.291421821694112,11.745955112202832,4.393716004751932,0.5,1.0,0.1,0.17010161442261496,0.0,False,2027,True
62,44,01:51,spatial_gravity_time_fallback,109.96839552037821,80.87642546240123,17.861417251705028,38.48893843213237,24.262927638720367,4.465354312926257,0.10550000000000001,0.0,False,2028,True
175,172,12:23,spatial_gravity_time_fallback,161.43073889001712,143.68949484925582,21.865538852844804,56.500758611505994,43.10684845477675,5.466384713211201,0.10550000000000001,0.0,False,2029,True
23,124,19:20,spatial_neighbor_gravity_eb,80.43713422693435,72.63051691094462,19.28948418361202,3.3100000000000502,2.0,1.6900000000000075,0.12976016268917429,0.0,False,2030,True
152,27,21:17,spatial_gravity_time_fallback,116.90509017762837,91.55993025448778,18.029316609133787,40.91678156216993,27.467979076346335,4.507329152283447,0.10550000000000001,0.0,False,2031,True
5,118,04:02,spatial_neighbor_gravity_eb,29.782328467401566,17.811647538187014,5.862831371615876,1.0,2.0,0.25,0.12344414433542353,0.0,False,2032,True
69,84,01:35,spatial_gravity_time_fallback,154.655843082785,113.68728015670136,25.3274961285288,54.12954507897474,34.10618404701041,6.3318740321322,0.10550000000000001,0.0,False,2033,True
174,61,07:52,temporal_same_od_eb,56.85434140076746,111.57035473757405,4.520938229078974,0.5,1.0,0.1,0.1592952097493162,0.0,False,2034,True
209,234,02:15,observed_sparse_eb,21.736911474289546,15.313725536130203,3.22653405304725,5.663326151027766,2.798069285612539,0.925176993610007,0.9570870223150675,12.889497803221532,True,2035,True
231,246,06:11,observed_sparse_eb,18.178091134342985,11.943251863264948,2.726738940177891,2.9272357867771914,2.8981007923063,0.24922024015540384,0.995,9.255858362868288,True,2036,True
186,163,02:22,observed_dense_eb,14.424194960676466,9.695055459550478,1.486993654768595,3.8185041192582028,2.7140247286507537,0.8257498110178413,0.9950000000000001,24.375498842654547,True,2037,True
168,160,04:55,temporal_same_od_eb,24.243259129942295,20.20722011488496,10.96,0.5,1.0,0.1,0.15216781423293887,0.0,False,2038,True
216,36,19:07,temporal_same_od_eb,34.997953436772335,29.665914425792295,4.053766609273271,0.5,1.0,0.1,0.17577559570688178,0.0,False,2039,True
162,76,11:46,temporal_same_od_eb,57.05510247120088,105.07515652784633,12.162129922878153,2.774812350816073,13.114087321988261,1.1141412993958653,0.17245202469379636,0.03626965142395733,True,2040,True
34,129,00:54,global_od_time_adjusted,30.55759780578888,20.598807770287085,7.62,7.75664603026904,7.898795374925863,2.0172753902231597,0.3354838709677419,0.0,False,2041,True
93,138,15:29,observed_sparse_eb,33.25781907199719,11.776904811010123,2.8703424887833884,31.657455832858215,1.2350759595429672,0.9841822285635025,0.6568620816632873,2.903385234959032,True,2042,True
83,41,14:00,temporal_same_od_eb,34.138043894742545,58.11205598236595,7.715607610734924,0.596050052844638,18.258803876867795,0.753178578644838,0.199430300371027,0.032902486002221565,True,2043,True
230,235,08:01,temporal_same_od_eb,35.62761097278835,35.74450248754196,10.544000743131132,0.5,1.0,0.1,0.15474669672352714,0.0,False,2044,True
132,156,04:44,global_od_time_adjusted,88.9655253169477,53.95664826041055,28.816410256410254,12.91778756032365,12.442501498473133,1.0232978040591756,0.6265624999999999,0.0,False,2045,True
242,11,18:10,global_od_time_adjusted,75.13645197924747,84.30240395832038,20.6,0.5,1.0,0.1,0.21372549019607845,0.0,False,2046,True
212,226,06:07,temporal_same_od_eb,30.14527051189788,23.15056853776479,10.85779744358875,4.861537191565495,5.161938840938181,0.6719622833767461,0.1462809070373529,0.48105588594632565,True,2047,True
17,182,13:40,temporal_same_od_eb,71.39151534941479,80.02689486379066,16.40326803539414,2.519173842755107,12.589795884840683,0.48792255615926566,0.1457217854858788,0.34567469630822956,True,2048,True
131,203,08:59,global_od_time_adjusted,36.82032382402847,37.02769080167121,10.336666666666668,6.376752046823409,15.15484511745233,0.7529645114847962,0.275,0.0,False,2049,True
152,96,12:34,spatial_neighbor_gravity_eb,60.236908140329405,60.1275941544378,12.901003251720304,6.130262919757344,10.593397881530219,1.3511119480755986,0.20133063409942092,0.0,False,2050,True
201,186,08:39,spatial_neighbor_gravity_eb,70.96842031387858,86.35298722386523,16.764069488091835,10.628112846608445,24.855553812125407,4.32929119915449,0.2865984478911863,0.0,False,2051,True
71,23,23:29,spatial_neighbor_gravity_eb,55.49994925886195,39.084684806261905,14.032840084845091,1.0,2.0,0.31999999999998235,0.1328705836918597,0.0,False,2052,True
113,111,02:58,global_od_time_adjusted,26.66626384416777,19.288369467344797,6.76,4.215000000000023,2.7574266269942265,0.14000000000003987,0.22692307692307692,0.0,False,2053,True
143,172,19:50,spatial_neighbor_gravity_eb,90.24227470553139,69.7805248144592,18.886058522621234,7.280210504256885,2.6604075087570176,2.7259691290417245,0.17330347625521866,0.0,False,2054,True
200,257,03:25,global_od_time_adjusted,61.87639246607349,48.3367288257638,20.29,0.5,1.0,0.1,0.21372549019607845,0.0,False,2055,True
220,200,04:25,observed_sparse_eb,12.569120713716995,6.884123081212482,1.566273284380436,4.985225887438695,3.315526346718759,0.8705479640924259,0.6957215180734179,0.6745498209490641,True,2056,True
175,11,08:01,spatial_neighbor_gravity_eb,94.89135310541596,114.28060270250239,21.095270176850487,1.0,2.0,0.25,0.1371279943101304,0.0,False,2057,True
201,78,06:27,spatial_neighbor_gravity_eb,70.63576442943182,61.19706600090673,21.551013552338915,6.042883456493153,6.523173224641588,3.523609728886546,0.16292273105423022,0.0,False,2058,True
257,226,07:34,temporal_same_od_eb,44.47594179549361,34.49073944951911,11.208427625858832,1.977271755639196,2.735219974150299,0.4732570905771469,0.18856324029869997,0.0,False,2059,True
207,132,04:11,global_od_time_adjusted,45.429262377600026,25.759380479441322,12.25,1.4499999999999875,1.0,0.28999999999996223,0.22692307692307695,0.0,False,2060,True
120,207,11:21,spatial_neighbor_gravity_eb,34.854866560997095,30.67453021966616,7.28552936383935,1.0,2.0,0.25,0.13517303887992374,0.0,False,2061,True
94,241,11:36,temporal_same_od_eb,14.745984410165658,13.82623578279517,2.055682715866372,0.5,1.0,0.1,0.15356467679633515,0.0,False,2062,True
102,241,12:29,global_od_time_adjusted,66.20441044322209,83.5484584400322,15.335,1.450068963877206,26.458147163210498,1.6123507682883194,0.2518518518518519,0.0,False,2063,True
106,62,18:16,full_observed_sparse_eb,22.20437945577497,23.14802826832529,2.390639436004013,4.321962138968623,6.735164202951042,1.172090980668893,0.09090909090909091,1.0,True,2064,True
17,260,23:51,temporal_same_od_eb,26.05388579393145,19.837901452095096,6.581172917790897,0.763888760171835,1.0,0.1,0.16808272390059828,0.0,False,2065,True
219,150,15:47,global_od_time_adjusted,58.08246795831371,45.45691259966711,10.956666666666665,7.633471068626384,14.494916953300072,2.7791105691489837,0.275,0.0,False,2066,True
43,194,18:46,temporal_same_od_eb,30.40279048887358,29.43970403071523,5.279974745961947,1.4453234929281933,4.121814793311951,0.3716546124672503,0.17715538432724737,0.0,False,2067,True
93,112,09:04,global_od_time_adjusted,40.17658409432701,29.276536677242838,8.156956521739131,14.817470567761056,6.907853529950163,0.8174639190687212,0.42054794520547945,0.0,False,2068,True
6,261,03:01,spatial_eb,44.56175303755169,26.612021436070815,10.591039801256294,6.71648485072364,14.767919317636524,0.608666575392483,0.2312761585648797,0.0,False,2069,True
213,5,04:03,spatial_gravity_time_fallback,143.6009686228208,91.82449884462136,25.218291994603103,50.26033901798728,27.54734965338641,6.304572998650776,0.10550000000000001,0.0,False,2070,True
112,40,16:36,temporal_same_od_eb,46.139907520757575,36.91235328742834,5.749769010673433,0.5,1.0,0.11844781698475695,0.16034977146853802,0.0,False,2071,True
65,99,07:10,spatial_neighbor_gravity_eb,73.81147796855913,53.13752739397797,15.994336553846566,1.0,2.0,0.25,0.12383197090591508,0.0,False,2072,True
233,234,04:26,observed_sparse_eb,14.367807862369652,8.90511213906949,1.5265511652902073,2.5992205365608143,2.040040236336296,0.259774092292376,0.9926643122534404,3.253714801441827,True,2073,True
48,246,16:49,observed_dense_eb,12.617716910095094,9.983564233252423,1.1897759469167264,5.98318983357637,4.704587151665995,0.43436082789051356,0.9950000000000001,339.31729168331856,True,2074,True
160,5,02:32,spatial_gravity_time_fallback,119.83457187633547,85.63893972105535,19.83824826515597,41.942100156717416,25.691681916316607,4.959562066288992,0.10550000000000001,0.0,False,2075,True
242,6,11:14,spatial_gravity_time_fallback,151.14966250085,134.1794162141408,20.58959636420712,52.90238187529751,40.25382486424223,5.14739909105178,0.10550000000000001,0.0,False,2076,True
42,143,02:58,full_observed_sparse_eb,21.45137550279389,17.73888916408543,4.911164471463772,4.779746656253732,5.844388496966678,1.036959868696679,0.09090909090909091,1.0,True,2077,True
224,131,16:24,spatial_neighbor_gravity_eb,58.53156299824006,65.7870226852539,12.258036532587758,12.685342230136097,32.195039274193185,2.16906194650809,0.3481968089043882,0.0,False,2078,True
198,196,10:42,temporal_same_od_eb,19.636115871028203,19.35961923034145,3.3002794622427016,1.1924237555401573,2.376359090050458,0.22457598943921803,0.15579907753476135,0.22813289780635415,True,2079,True
108,158,07:18,spatial_neighbor_gravity_eb,48.354660732529126,48.04495928665029,11.726655947406122,4.702974486510016,5.167571381032597,1.2909275376914604,0.21151217588235463,0.0,False,2080,True
101,69,20:33,global_od_time_adjusted,47.93969723488663,56.17273538984024,15.6,0.5,1.0,0.1,0.21372549019607845,0.0,False,2081,True
237,230,05:39,observed_sparse_eb,14.100676114485182,8.886112268445947,1.4452788514634407,2.060351848085793,1.973354226748453,0.3414217484644483,0.995,13.303187221908672,True,2082,True
145,15,12:06,full_observed_sparse_eb,47.454337130998056,49.10502001118226,12.506150969409084,5.580383921193118,4.958023613287416,0.7152282882907972,0.12089118146544164,0.6106260520692643,True,2083,True
99,195,23:28,spatial_gravity_time_fallback,72.84905656459743,52.3369099244191,11.5448294697164,25.4971697976091,15.701072977325731,2.8862073674291,0.10550000000000001,0.0,False,2084,True
236,105,22:55,spatial_neighbor_gravity_eb,37.361405296744714,30.059286875554392,7.492929582350098,6.506899664697507,6.102901888123035,0.7899726119543282,0.38923076923076916,0.0,False,2085,True
147,115,04:04,spatial_gravity_time_fallback,98.29493150740782,61.900871101424,17.089373111636938,34.40322602759274,18.5702613304272,4.2723432779092345,0.10550000000000001,0.0,False,2086,True
135,217,19:12,global_od_time_adjusted,43.62341561834536,30.788666824047443,7.958,5.100801505645911,9.827554862745428,4.018489268369393,0.26363636363636367,0.0,False,2087,True
263,211,12:32,full_observed_sparse_eb,37.56088758426562,35.465672409247865,6.3020690589069766,5.374659359374344,5.8691573042949035,1.0668318473655252,0.5418191859996079,12.08513017258467,True,2088,True
260,84,12:50,spatial_gravity_time_fallback,154.86130510651546,137.50597428928558,20.97534892998694,54.20145678728041,41.25179228678567,5.243837232496735,0.10550000000000001,0.0,False,2089,True
174,57,22:34,spatial_neighbor_gravity_eb,43.649018417937526,36.88248702456383,10.877805091148195,2.447723845011329,5.340649177091113,1.0135681255748032,0.1971832793039222,0.0,False,2090,True
188,23,21:46,global_od_time_adjusted,51.56789837620691,46.22349041371878,15.27,0.5,1.3892156336476444,0.31999999999998235,0.22692307692307692,0.0,False,2091,True
157,89,18:37,full_observed_sparse_eb,54.12875136932581,47.207564404593,10.88724794600985,5.96368291432373,5.29704797009371,1.383333150589752,0.12730302224549708,0.5575605873075062,True,2092,True
191,181,20:21,global_od_time_adjusted,61.8390272330017,61.1924357117166,19.52,0.5,1.0,0.1,0.21372549019607845,0.0,False,2093,True
54,125,13:14,global_od_time_adjusted,26.02666334485092,25.22688618169286,3.6763636363636363,1.7827020071456205,5.039030243933025,0.23875711230807195,0.3262295081967213,0.0,False,2094,True
123,113,14:42,temporal_same_od_eb,78.44416331755501,81.72407403673087,3.67,0.5,1.0,0.1,0.1528758635699495,0.0,False,2095,True
114,60,12:47,global_od_time_adjusted,57.999099052392125,49.1741121801904,12.456666666666665,6.9322955954159236,21.27770978796138,1.6655596323425084,0.275,0.0,False,2096,True
96,219,10:29,spatial_neighbor_gravity_eb,36.12644174259018,28.47426460146968,6.844120178013725,4.085594377885943,5.474573971182148,0.8405265219412883,0.37093864339667765,0.0,False,2097,True
200,48,17:01,temporal_same_od_eb,47.32855074642325,42.81338094067354,10.404889283137535,0.5,1.0,0.1,0.15642719930945792,0.0,False,2098,True
204,160,20:29,spatial_gravity_time_fallback,138.4835093156132,110.31351528871033,21.160827205697856,48.46922826046461,33.094054586613105,5.290206801424464,0.10550000000000001,0.0,False,2099,True
50,243,20:25,full_observed_sparse_eb,32.48582010006702,34.83738783602408,7.99407195375477,7.261948441261068,4.929574118021137,0.8729905194689325,0.5126573052219102,10.777173118119109,True,2100,True
58,103,13:22,spatial_gravity_time_fallback,117.0127039264563,103.24081157879755,15.767925696168337,40.9544463742597,30.972243473639264,3.9419814240420843,0.10550000000000001,0.0,False,2101,True
80,248,14:12,temporal_same_od_eb,46.46097286218997,69.28378308084508,13.900000000000002,0.5,1.0,0.1,0.15551996010441504,0.0,False,2102,True
246,113,01:50,full_observed_dense_eb,15.163325631353949,11.205282137761698,1.982017716641737,2.992208388740602,2.8520150538817433,0.4147329943149288,0.7053875264491145,24.003402962300825,True,2103,True
168,92,08:49,temporal_same_od_eb,33.26497982899586,31.263290901886357,8.715560614001545,0.5,1.0,0.1,0.16728400933545318,0.0,False,2104,True
23,258,06:10,spatial_neighbor_gravity_eb,120.90326830419012,52.61566349644556,23.014371297297252,1.0,2.0,0.25,0.12579754003410581,0.0,False,2105,True
90,110,16:45,spatial_neighbor_gravity_eb,94.89129353959191,80.71494022815178,17.968804753060738,15.393625952364035,3.238738194613186,1.1180539659023647,0.14663962863380225,0.0,False,2106,True
156,32,00:55,spatial_gravity_time_fallback,138.26357362754112,98.98944581820999,22.572808182865998,48.39225076963938,29.696833745462996,5.6432020457164995,0.10550000000000001,0.0,False,2107,True
134,82,18:49,observed_sparse_eb,21.94478824947108,20.644600481023513,4.520977244258559,4.89694361720896,4.838453036219861,1.08887197993646,0.6889141602790314,0.7581254846030134,True,2108,True
154,240,04:19,global_od_time_adjusted,86.39327936393097,58.309965386463716,28.71,0.5,1.0,0.1,0.21372549019607845,0.0,False,2109,True
144,43,15:16,full_observed_dense_eb,33.54781898511724,32.28982884883432,4.292000045550141,6.75707159943731,6.995132319081903,1.077033456479696,0.6767197496967566,20.934936721798366,True,2110,True
178,181,01:06,temporal_eb,22.980214342279904,23.521905900571824,4.301743371573112,4.548141438896119,12.58714629444852,0.6869587231665354,0.49451897606349504,0.0,False,2111,True
100,143,16:15,full_observed_dense_eb,19.438826753663722,17.76526154114881,2.111579990290408,3.6376649149623197,7.522528707678142,0.36914539119394124,0.8528343060670347,57.95203656288521,True,2112,True
94,6,08:02,spatial_gravity_time_fallback,134.77577388209411,113.9292901579965,19.956310884126474,47.17152085873294,34.178787047398956,4.989077721031618,0.10550000000000001,0.0,False,2113,True
34,37,03:05,observed_sparse_eb,23.318762880578998,17.099044191444847,3.039089088122015,7.796819605918412,5.698860368395717,0.7913648116200036,0.6692838553789188,0.6358717968628937,True,2114,True
109,72,05:53,spatial_gravity_time_fallback,77.66433306618667,47.71630473479591,13.881072197367873,27.18251657316533,14.314891420438773,3.470268049341968,0.10550000000000001,0.0,False,2115,True
117,137,01:58,global_od_time_adjusted,54.846257771408496,64.36173393196412,18.0028125,8.916060862768571,18.381923033540247,4.122445598773102,0.47317073170731705,0.0,False,2116,True
159,187,04:03,spatial_gravity_time_fallback,102.08556043182001,64.50751922007888,17.755012649682236,35.729946151137,19.352255766023664,4.438753162420559,0.10550000000000001,0.0,False,2117,True
39,138,01:40,global_od_time_adjusted,45.54579665118587,47.267202515165394,17.459999999999997,12.722752148109379,14.069426382101373,10.20264018118187,0.23962264150943396,0.0,False,2118,True
93,263,23:13,temporal_eb,66.71215999694616,27.577267265181614,9.956119137786903,21.743423290146538,8.883714290139904,1.3432580798123992,0.6636088861890949,0.7134684959800808,True,2119,True
195,237,12:21,full_observed_sparse_eb,52.29165435192887,41.601061860065954,9.848805343006182,13.32694311161545,11.110622547735243,1.229844750526225,0.09090909090909091,1.0,True,2120,True
175,183,23:42,global_od_time_adjusted,31.22381487808512,28.68759048267175,10.8,0.5,1.0,0.1,0.21372549019607845,0.0,False,2121,True
234,65,06:57,temporal_same_od_eb,19.552392726904067,13.329617098919528,3.950547620263414,1.4182319416225697,1.4175300108015825,0.10995360092363034,0.18009410860447397,0.0,False,2122,True
157,40,10:58,temporal_same_od_eb,41.80957198927191,34.53175528515679,9.048186024784934,0.5,1.0,0.1,0.15695182827164514,0.0,False,2123,True
175,220,02:18,global_od_time_adjusted,52.062775993412515,44.71642882603923,16.0,5.656854249492381,4.810789642340451,1.186029791643825,0.23962264150943396,0.0,False,2124,True
211,130,00:00,global_od_time_adjusted,38.400341935525056,86.61199038170703,13.0,0.5,1.0,0.1,0.21372549019607845,0.0,False,2125,True
176,12,23:39,spatial_gravity_time_fallback,70.79353259695998,50.33558066599256,11.235769293003749,24.777736408935993,15.100674199797766,2.808942323250937,0.10550000000000001,0.0,False,2126,True
247,23,15:37,spatial_neighbor_gravity_eb,97.28053433205797,117.66877686786123,22.702116730203777,9.551754928924012,3.1037661674322594,1.3843008664625516,0.13879559576122855,0.0,False,2127,True
60,93,20:50,global_od_time_adjusted,31.552307838625737,35.22792543653722,9.22,0.5,1.0,0.1,0.21372549019607845,0.0,False,2128,True
77,26,07:20,temporal_same_od_eb,26.05406202698186,48.09207712890495,5.865817827527382,0.5,1.0,0.1,0.15522375320288628,0.0,False,2129,True
96,132,03:48,spatial_eb,72.53546206782255,21.62844761332328,7.248614370473856,11.795689085424291,1.6320947684902885,0.589817768467508,0.4117647058823529,0.0,False,2130,True
140,91,04:18,global_od_time_adjusted,45.20551834453722,48.672478421763614,14.201774193548387,15.704481015284077,15.112458118924687,3.576470833996948,0.5875,0.0,False,2131,True
36,252,10:53,temporal_same_od_eb,39.15415000275161,35.49658176008893,9.31,0.5,1.0,0.1,0.15235079298441032,0.0,False,2132,True
100,157,05:50,full_observed_sparse_eb,26.80025082090679,16.163069257432117,6.689949240041017,4.654242828595787,3.4615285519219277,0.8164341642991686,0.11950441564428205,0.6701661250718836,True,2133,True
75,114,22:56,full_observed_sparse_eb,32.300693987522756,27.553567208234576,6.128833985834354,5.866938451394018,7.291192707776141,1.231371860858361,0.2097498155804563,2.7754966804482137,True,2134,True
261,143,18:27,full_observed_dense_eb,34.06505650051297,27.804682501936608,5.2089001874374015,4.816453843206518,7.028837210161539,0.6789725888973847,0.7214133077435935,26.01533563684147,True,2135,True
227,95,22:22,global_od_time_adjusted,52.31958139032237,42.34728404905873,14.3,0.5,1.0,0.1,0.21372549019607845,0.0,False,2136,True
129,143,20:48,temporal_same_od_eb,53.55356736335018,33.37143666504591,10.843983581344313,1.6331770998899329,3.5022776903350437,1.5437524171870363,0.15600759904630396,0.0,False,2137,True
15,56,23:38,global_od_time_adjusted,22.082933697642375,19.494017112072477,7.305,1.3409418331903988,1.0,0.32175301086393077,0.2518518518518519,0.0,False,2138,True
184,112,08:58,spatial_neighbor_gravity_eb,62.527121979682356,82.07813164866957,13.97925861857291,1.9984873367173714,19.49986133917308,2.3781091573997672,0.17230391397069583,0.0,False,2139,True
72,144,04:38,global_od_time_adjusted,27.282569936068708,32.22907884060728,7.147692307692308,6.231783868003981,9.164486079322717,0.6333689391008549,0.34444444444444444,0.0,False,2140,True
123,103,02:02,spatial_neighbor_gravity_eb,38.25274105231432,36.67140569962085,8.949981573082887,8.40476243877984,12.881729345383073,2.677957431457418,0.18634325963629172,0.0,False,2141,True
42,245,16:02,spatial_neighbor_gravity_eb,92.88945146076506,87.05823732437986,19.816533165096764,7.605171253585647,4.5458086939301605,1.599329490188672,0.15680449328889393,0.0,False,2142,True
58,178,11:49,spatial_gravity_time_fallback,129.4314940646535,114.54587293172001,17.353292421513945,45.30102292262872,34.363761879516005,4.338323105378486,0.10550000000000001,0.0,False,2143,True
169,174,00:22,observed_sparse_eb,17.83440773407434,15.150946412953836,3.1090465581003843,3.4147791383268697,5.743047183663532,1.2751317944717595,0.7514251824419171,1.0,True,2144,True
155,184,22:42,spatial_neighbor_gravity_eb,77.68773905130834,86.23776397697817,16.42782403794085,2.861772360097604,9.726877702212267,7.0752100159615186,0.14565303868759694,0.0,False,2145,True
46,164,16:45,spatial_neighbor_gravity_eb,66.23882675332734,84.52073709720261,14.039157284242723,3.865917970089727,18.7328741195264,3.7556437688506925,0.18227011930301787,0.0,False,2146,True
180,136,03:58,global_od_time_adjusted,55.86514147950917,46.179642573463816,21.0125,8.824372498937164,5.5040149833099345,2.3108588771277354,0.2518518518518519,0.0,False,2147,True
151,231,07:36,full_observed_dense_eb,33.68163204761665,29.085544306690295,6.841357487275103,6.890461583100509,5.8376588053227625,0.7429603480205588,0.6623214677694573,20.027181934619435,True,2148,True
111,243,17:39,spatial_neighbor_gravity_eb,77.0421326650102,78.26625178742756,15.952941558172489,6.906314690461028,20.38761385124267,2.8377248342882946,0.24526248285351632,0.0,False,2149,True
127,202,08:53,spatial_neighbor_gravity_eb,40.20483011592114,39.763151615384096,7.8994271171935235,8.661636372583384,12.805464547904759,1.7347755245468517,0.3892307692307692,0.0,False,2150,True
164,10,04:33,temporal_same_od_eb,54.279283017441166,27.623193259827538,13.859060840126123,3.4426047115208056,2.7541064884259203,0.36628998732247414,0.21747025165424844,0.0,False,2151,True
224,23,07:45,global_od_time_adjusted,59.02844749963232,57.3716931906631,17.64,0.5,1.0,0.1,0.21372549019607845,0.0,False,2152,True
143,166,01:18,observed_sparse_eb,16.780091215254412,12.75708781354452,2.752039044454976,2.527962154260635,1.6160214441385752,0.3313055636666643,0.9892822447197495,9.207696955869231,True,2153,True
197,154,03:58,temporal_same_od_eb,22.411000941766858,18.94933327252885,8.607097079358695,0.5826141065990074,1.08061469741096,0.1065436916118081,0.16393694035027156,0.0,False,2154,True
222,193,02:09,global_od_time_adjusted,42.625135191810486,69.1783423324039,11.3,0.5,1.0,0.1,0.21372549019607845,0.0,False,2155,True
178,224,18:58,spatial_neighbor_gravity_eb,48.05765600697868,54.591490661427684,9.265590983169261,6.394373088535018,19.756769384526553,1.8774219050734613,0.3335960591473489,0.0,False,2156,True
131,178,19:20,spatial_neighbor_gravity_eb,79.3396636285762,86.4743654910364,17.805222467515875,8.562584154237319,9.401795212104139,1.1139126083203517,0.17471844456654384,0.0,False,2157,True
37,243,18:08,temporal_same_od_eb,69.15806032619864,58.212534506257626,11.87672297852342,1.1689402257689168,1.6826374524988972,1.8463193419416344,0.16803012381059163,0.0,False,2158,True
250,252,04:58,global_od_time_adjusted,14.509710640592534,8.597447236711723,4.65,3.8229986594295284,1.3861534357059464,0.19013153341831343,0.2518518518518519,0.0,False,2159,True
17,263,16:26,temporal_same_od_eb,62.72876867558682,74.45124513721318,5.940559884446553,0.5,1.0,0.1,0.1570379123348306,0.0,False,2160,True
227,89,20:00,observed_sparse_eb,20.610674066416355,21.140206338910126,3.0119420722764323,8.188794113891122,3.3367537413669868,0.8794451261243565,0.7566126761268288,2.018768325721794,True,2161,True
55,1,17:23,spatial_neighbor_gravity_eb,150.00600772226434,63.17704851299148,15.543020834045892,1.0,2.0,0.25,0.12742582544738756,0.0,False,2162,True
111,130,10:47,spatial_neighbor_gravity_eb,76.78924884423036,91.98067855955065,16.311207681110158,11.689167642687265,33.440119975604084,2.8599316999769986,0.2667599679457839,0.0,False,2163,True
176,11,07:07,spatial_neighbor_gravity_eb,34.63144078271972,28.00372729128233,8.087150695418211,3.194077445550795,2.0,0.587141255604534,0.1814769803238766,0.0,False,2164,True
254,2,23:09,spatial_neighbor_gravity_eb,80.75567847745185,83.66438579667948,23.744797035267233,4.338759570737754,26.65388889023668,3.7435240182538827,0.13149344645107666,0.0,False,2165,True
77,125,13:18,global_od_time_adjusted,41.610640023476485,71.33651827644755,9.675,3.0149999999999864,22.877507502773565,0.125,0.22692307692307692,0.0,False,2166,True
194,260,15:47,global_od_time_adjusted,26.17229982107052,32.621625488824286,4.800000000000001,7.32,1.0,0.39999999999999575,0.22692307692307692,0.0,False,2167,True
76,236,18:49,global_od_time_adjusted,63.08528443561396,89.4109990337233,13.843684210526314,5.2453209857708485,34.76287570628131,5.674358030488715,0.3927536231884058,0.0,False,2168,True
172,254,08:56,spatial_gravity_time_fallback,175.51649921325944,150.642298262655,25.011206210699058,61.4307747246408,45.192689478796495,6.2528015526747645,0.10550000000000001,0.0,False,2169,True
149,25,18:29,global_od_time_adjusted,37.54753923007302,63.156715238941,7.269047619047619,5.35250622629197,23.174089262544264,2.001791827723842,0.4070422535211268,0.0,False,2170,True
85,123,06:19,temporal_same_od_eb,18.187430513241033,20.611537020517282,3.557437198476433,0.5,1.0,0.1,0.16036068325456196,0.0,False,2171,True
115,57,06:12,spatial_gravity_time_fallback,86.31696065247294,56.26684227462341,15.385357922340132,30.210936228365526,16.88005268238702,3.846339480585033,0.10550000000000001,0.0,False,2172,True
238,10,09:14,global_od_time_adjusted,71.08850015146842,75.82890674346515,16.729333333333333,18.809045507119425,20.99536049660474,5.30382185053592,0.3615384615384616,0.0,False,2173,True
65,197,22:23,temporal_same_od_eb,43.556695868802734,39.59997288621608,13.3847028391632,0.5,2.7993228769180813,0.3495301789374726,0.16949029671819676,0.0,False,2174,True
71,72,06:07,observed_sparse_eb,13.04467338932525,9.83599864966619,1.7074524497369001,3.11898862436258,3.6330983875250427,0.8234042306189422,0.899867274368398,3.883551758576246,True,2175,True
94,191,20:04,global_od_time_adjusted,48.038214452488845,71.74661690253305,14.75,0.5,25.541376046442675,0.3500000000000032,0.22692307692307692,0.0,False,2176,True
36,159,19:56,full_observed_sparse_eb,50.9469232520467,43.38736030292215,12.172941678202896,3.689494213002685,4.881714043909539,0.8604799045304401,0.1120696283586909,0.7078592957746537,True,2177,True
172,118,00:39,spatial_neighbor_gravity_eb,12.305733417718429,6.508713402920009,1.6059385665097596,3.895181604088056,2.0,0.3949256794666928,0.1464365567841775,0.0,False,2178,True
132,121,17:10,full_observed_sparse_eb,43.96580133534931,34.70992832976892,8.246377945392863,8.378639300117566,10.810592583146867,1.3176181373240645,0.6030520027313916,15.42128896224466,True,2179,True
20,240,10:12,global_od_time_adjusted,20.861306573696343,17.964954762930965,3.038333333333334,3.2458520538612996,3.87053051702128,1.6105839175763415,0.275,0.0,False,2180,True
112,256,21:26,observed_sparse_eb,13.776398283583726,10.536182840589252,1.569925519437667,6.044829750546136,2.60043001460682,0.48991143815930194,0.9418882459649449,10.264266391179547,True,2181,True
239,146,04:07,temporal_same_od_eb,19.857006958438312,16.097567216220973,4.9,0.5,1.0,0.1,0.1546407838639975,0.0,False,2182,True
157,28,16:45,temporal_same_od_eb,40.0215270687544,43.43573176195018,4.879182770973469,0.5,1.0,0.1,0.15474669672352714,0.0,False,2183,True
43,164,00:44,observed_sparse_eb,18.911695150085738,14.20711888072023,2.2229484323814472,3.397825007690834,1.7978158339266173,0.22469169130257752,0.9930712984892295,8.447537433285683,True,2184,True
18,211,05:58,temporal_same_od_eb,37.92819080574944,31.70474242648305,14.923429799709305,0.9043275579068166,1.2265186523721552,0.2426672493336562,0.16266130523220976,0.13088555006171632,True,2185,True
233,119,13:35,global_od_time_adjusted,38.046852270357434,32.10608356012252,7.283499999999999,10.402861373199208,13.907978391304777,1.0356798491812087,0.4,0.0,False,2186,True
129,141,00:52,temporal_same_od_eb,31.49720303094346,17.912315794367256,6.660106981881434,0.5,1.0,0.1,0.1678962020928088,0.0,False,2187,True
118,89,04:33,spatial_neighbor_gravity_eb,45.50934720200774,28.972842542455563,12.23487910131903,1.0,2.0,0.25,0.14497972578675394,0.0,False,2188,True
160,262,03:42,global_od_time_adjusted,28.020919453303804,22.13650404513602,7.940000000000001,3.236232531818409,3.3780518618176485,0.8931405264570627,0.31666666666666665,0.0,False,2189,True
147,60,06:28,full_observed_sparse_eb,7.974511791134968,7.327212304656159,1.4423022922033701,2.2855224110972934,2.0862877483177877,0.41356280056748884,0.09948688997721161,0.8789627282644084,True,2190,True
80,159,04:23,temporal_same_od_eb,32.171705022380735,21.390309212213747,10.71,0.5,1.0,0.1,0.15232214274907696,0.0,False,2191,True
31,189,09:00,global_od_time_adjusted,54.22794544198314,131.31551298498735,0.1,0.5,1.0,0.1,0.21372549019607845,0.0,False,2192,True
183,70,02:18,global_od_time_adjusted,25.843732697845674,21.90022251800628,8.46,0.5,1.0,0.1,0.21372549019607845,0.0,False,2193,True
236,71,07:25,full_observed_sparse_eb,46.53216879927285,61.931254191228305,11.938402085437815,9.385405492962331,19.87114197031609,2.8082088761338326,0.2189109458721815,2.971228566431595,True,2194,True
15,170,02:16,global_od_time_adjusted,38.11767474594131,31.679390661968213,12.225,1.3965918337151337,10.634682855948665,2.5616157010761755,0.2518518518518519,0.0,False,2195,True
31,121,21:11,spatial_neighbor_gravity_eb,46.504274700683645,47.608540297903254,11.105162461465376,1.7481314262052363,15.131260378734368,1.1938597960698314,0.18504442140791283,0.0,False,2196,True
125,195,08:47,full_observed_sparse_eb,36.04924338907371,26.17363180922769,5.376404287063206,6.420434870078507,6.790594816968442,0.8424232455571582,0.10235415750329559,0.8791932178568942,True,2197,True
168,113,15:36,temporal_same_od_eb,46.418324214077245,41.4144439682185,7.853671115458821,2.6903656195903443,5.261999118218129,0.323106065159452,0.14331196073885588,0.38548670963658793,True,2198,True
111,77,04:28,spatial_neighbor_gravity_eb,37.985270068694874,29.51116777259838,9.435160125243748,7.514231990714233,6.585102599621885,3.757223160725074,0.30167397522701367,0.0,False,2199,True
161,82,17:21,temporal_same_od_eb,43.07872367118802,86.01719674682496,14.917157454816888,2.710853787174065,4.134709259462344,0.1050192437285791,0.16889660088770533,0.0,False,2200,True
141,184,18:58,global_od_time_adjusted,67.60816227899053,42.21075036917401,11.56,0.5,1.0,0.1,0.21372549019607845,0.0,False,2201,True
152,205,17:45,global_od_time_adjusted,68.03141086940053,74.49502769990988,16.462,18.337334184662712,25.609088450047427,1.4430093554790404,0.31666666666666665,0.0,False,2202,True
35,236,12:29,global_od_time_adjusted,65.76580168199402,92.80004044998375,13.295625,7.7931420171840795,26.286454206809427,4.765963922374468,0.3696969696969697,0.0,False,2203,True
201,205,17:54,global_od_time_adjusted,48.602148181309786,45.07715019312957,11.2675,5.582720550950033,2.4230269859983613,0.9087732115329974,0.2518518518518519,0.0,False,2204,True
203,163,21:18,global_od_time_adjusted,57.68700932199189,69.49924347459557,19.13571428571429,6.830168073947137,18.90790069557278,2.921437303514692,0.28596491228070176,0.0,False,2205,True
128,92,02:58,spatial_neighbor_gravity_eb,43.14842390262859,34.73252117457739,11.218109836599755,4.346764872828851,9.000663864243226,1.4101532460721131,0.2263652365294232,0.0,False,2206,True
255,244,13:43,full_observed_sparse_eb,56.95142860026991,54.418080290852586,12.63314186241448,6.796913263090888,10.457081764987803,1.245457336881434,0.10182242881194155,0.8578317030091185,True,2207,True
32,83,15:14,global_od_time_adjusted,46.775463240947424,53.08860653346886,13.113333333333335,2.3976701654360877,4.729145547093133,1.4977835476314647,0.23962264150943396,0.0,False,2208,True
107,240,23:37,global_od_time_adjusted,42.4241805509017,36.948474885426805,13.830374125854323,4.801959900624815,11.543918941651453,0.5971521736223603,0.23051111649841435,0.0,False,2209,True
189,96,15:51,global_od_time_adjusted,53.88494433479288,35.855830854474824,6.859999999999999,16.144999999999982,1.9701005963997567,0.20000000000001564,0.2269230769230769,0.0,False,2210,True
179,86,05:03,temporal_same_od_eb,45.11358817974373,21.3108757029514,6.9754259300914585,0.5,1.0,0.1,0.15679367405717654,0.0,False,2211,True
64,141,21:56,temporal_same_od_eb,58.67660200261611,44.115456044588775,14.61,0.5,1.0,0.1,0.15394637784438464,0.0,False,2212,True
198,20,05:32,global_od_time_adjusted,38.230125055372454,30.23684585629375,15.65857142857143,3.2886893363496945,6.433674857726487,2.213338968110194,0.28596491228070176,0.0,False,2213,True
5,263,04:52,spatial_gravity_time_fallback,108.35957593067812,61.971926586327754,19.97750871949606,37.92585157573734,18.591577975898325,4.994377179874015,0.10550000000000001,0.0,False,2214,True
1,103,10:43,spatial_gravity_time_fallback,51.565432113075516,43.1440553433798,6.761711885651455,18.04790123957643,12.943216603013937,1.6904279714128638,0.10550000000000001,0.0,False,2215,True
263,49,00:18,temporal_same_od_eb,41.439564245421366,24.005221235231822,7.6124780619152235,3.2449093422220416,2.6756221518488688,0.5169257754876343,0.16328889716504602,0.22888633653518298,True,2216,True
209,166,00:53,full_observed_sparse_eb,38.74991164409614,33.227406732399544,9.04418640961007,7.995337970686011,3.9647936137052864,1.520433992214937,0.19912957177581408,2.5064213197027,True,2217,True
35,86,09:46,full_observed_sparse_eb,51.485843809602095,54.3483145176585,12.015725618677102,5.275021362541998,12.581807650414039,1.9806363535347629,0.09090909090909091,1.0,True,2218,True
94,201,20:03,spatial_neighbor_gravity_eb,86.16986461070415,96.22961854260183,22.668677204153987,1.0,2.0,0.25,0.14709418069422742,0.0,False,2219,True
131,150,18:28,spatial_neighbor_gravity_eb,84.47233627065208,83.63864770471629,18.18460161031605,5.863547630671959,14.199792292939556,2.2193830811977078,0.21019624688777555,0.0,False,2220,True
75,111,03:29,spatial_neighbor_gravity_eb,45.84620077592391,36.68561050306213,11.697080028568466,10.091109632653426,12.467475080552383,2.1659043363350463,0.33278740289455233,0.0,False,2221,True
247,130,05:59,temporal_same_od_eb,33.7920158231749,29.204547909015123,13.644359205245854,0.5,8.09474384226611,4.005248575921549,0.18431463551065333,0.0,False,2222,True
112,132,22:15,global_od_time_adjusted,64.74472031157335,45.04423195044611,14.133118279569894,15.295169227179358,14.945582671342356,3.5524279077517344,0.6552447552447552,0.0,False,2223,True
185,136,20:51,full_observed_sparse_eb,19.0619000344374,18.36289206404531,3.1718276137034342,2.0031595768321484,4.007177198933476,0.7779606823107091,0.11999622041212392,0.6064416245624358,True,2224,True
17,147,18:34,temporal_same_od_eb,52.3529651961576,75.3245513607546,13.692088713111499,2.3544785436483107,4.328412843799273,0.34151830138961786,0.1411427804871198,0.2911761295115838,True,2225,True
26,246,20:54,temporal_same_od_eb,42.29152181510668,42.43755344440259,10.566411293694195,2.6144139104805335,9.998406230563814,0.47491974801144077,0.2176339953411742,0.0,False,2226,True
168,134,13:12,temporal_same_od_eb,47.31857667662149,51.355480275539584,10.7,0.5,1.0,0.1,0.15284239746578304,0.0,False,2227,True
258,162,23:41,global_od_time_adjusted,42.02359060099085,38.96840954302282,10.2924,15.36472023305339,15.756528714895321,0.8557723061655969,0.43333333333333335,0.0,False,2228,True
223,134,20:51,full_observed_sparse_eb,29.642402489193614,24.095576458335465,7.862070945199801,6.624705959403954,5.44914837486766,1.522994726030245,0.09090909090909091,1.0,True,2229,True
192,262,15:58,global_od_time_adjusted,46.900007255243224,76.24352133514222,10.562038219973696,1.344904450065762,24.709638407213202,0.353471335019725,0.2152435223510152,0.0,False,2230,True
250,163,07:00,temporal_same_od_eb,32.01958205902171,29.420492344864854,11.071211838805905,1.5530396727288673,1.8455419961582253,0.4517919068568532,0.17727064396263567,0.0,False,2231,True
199,169,12:25,spatial_neighbor_gravity_eb,38.08989097276199,30.84194742652067,6.682557739024855,7.226295305777942,11.076005673361491,1.3246389997914565,0.3892307692307692,0.0,False,2232,True
65,90,03:31,global_od_time_adjusted,22.240884984535942,16.744554159732527,4.169754098360656,9.436115870760467,4.438641681192027,0.870955253894529,0.6965116279069767,0.0,False,2233,True
16,44,09:48,spatial_gravity_time_fallback,207.28339069573659,180.40540393929766,29.203030303670968,72.5491867435078,54.121621181789294,7.300757575917742,0.10550000000000001,0.0,False,2234,True
90,128,10:52,temporal_same_od_eb,45.79632610575803,58.54456092225767,10.750385997350559,0.5,1.0,0.1,0.16334914133259412,0.0,False,2235,True
8,228,06:46,spatial_neighbor_gravity_eb,56.373334880109084,54.367794720532984,13.556507368581679,9.537040220486961,13.334084732193997,2.887625115842966,0.38781701105753785,0.0,False,2236,True
67,149,15:23,temporal_same_od_eb,34.36671013281591,36.52047116189598,4.665,0.5,2.109084960717451,0.48499999999999976,0.1594070952083581,0.0,False,2237,True
151,255,16:46,temporal_same_od_eb,71.64833148393835,58.8023337040505,5.195306752351979,1.5539059049400177,1.699510038784986,0.31648935781814597,0.17170784146414358,0.09897987524477969,True,2238,True
9,99,12:53,spatial_gravity_time_fallback,177.54655878988083,158.06053861859633,24.144359114162615,62.14129557645829,47.4181615855789,6.036089778540654,0.10550000000000001,0.0,False,2239,True
252,186,13:47,temporal_same_od_eb,56.21163594207472,59.54690651982949,14.559735643201158,1.2108687373495648,3.8150772711156393,0.28656169583990965,0.1511268342198907,0.15029586231491976,True,2240,True
196,213,20:05,temporal_same_od_eb,41.12981026731446,36.879830747201936,11.546212153241925,0.5,1.0,0.1,0.15474669672352714,0.0,False,2241,True
170,142,15:48,full_observed_dense_eb,22.737020233120234,21.263112800193063,2.1704691452461815,4.806625901720014,5.572540417362815,0.49801752484318507,0.9452102197511776,172.56877564221344,True,2242,True
263,143,17:08,observed_dense_eb,20.076809356445068,18.057278888911327,2.437275147229304,4.871020110087608,5.66137307436126,0.6925212965711941,0.9908328821671718,59.52804023129545,True,2243,True
214,10,06:09,global_od_time_adjusted,63.86606755883799,51.030197610857684,22.41,0.5,1.0,0.1,0.21372549019607845,0.0,False,2244,True
64,192,01:47,global_od_time_adjusted,19.14016703806992,16.90112934563802,5.621428571428572,3.985575522418054,12.182604558286279,0.4881284541543268,0.28596491228070176,0.0,False,2245,True
218,26,00:46,global_od_time_adjusted,54.40195527303555,50.57925544484838,17.285,2.899933428354614,16.668392464689376,2.8567799471899544,0.275,0.0,False,2246,True
189,129,15:53,full_observed_sparse_eb,47.50396234573634,50.86902345738723,8.72508289792999,4.03472460218136,5.5257248542177315,0.486679484095548,0.1306555587157559,0.5255274381404931,True,2247,True
78,171,04:25,global_od_time_adjusted,25.906774967771828,24.03509845273181,10.540000000000001,0.5,15.219606377546047,1.6405486887014273,0.26363636363636367,0.0,False,2248,True
110,118,10:29,spatial_neighbor_gravity_eb,16.9785459683099,11.786772271576815,2.0380149196156716,6.5,4.117659808934457,0.39999999999999963,0.12559415312168717,0.0,False,2249,True
125,245,06:54,full_observed_sparse_eb,60.39980224504655,38.5145154076026,14.83,0.5,1.0,0.1,0.11893987117995389,0.6044708972941208,True,2250,True
129,12,13:40,global_od_time_adjusted,44.63324156264577,42.94421750772263,9.4,0.5,1.0,0.1,0.21372549019607845,0.0,False,2251,True
163,167,04:31,global_od_time_adjusted,30.236636293855323,20.8592988869491,7.5493749999999995,6.602755106771724,5.812391404028909,2.0575485071742574,0.3696969696969697,0.0,False,2252,True
91,64,23:09,spatial_neighbor_gravity_eb,71.38559430011001,69.95525955852801,15.644898024831246,6.1389752664445085,9.237219790173771,3.291286408640101,0.19611688519808018,0.0,False,2253,True
38,111,00:39,spatial_neighbor_gravity_eb,82.48504327489717,77.70120721334652,19.510258880870097,1.0,2.0,0.25,0.14666171759008095,0.0,False,2254,True
23,223,02:02,spatial_neighbor_gravity_eb,75.04310203457636,56.010790681619405,20.35217957498508,1.0,2.0,0.25,0.12607920317210833,0.0,False,2255,True
150,204,04:07,spatial_gravity_time_fallback,81.82517407415104,50.72208336500156,14.17663121873742,28.63881092595286,15.216625009500468,3.544157804684355,0.10550000000000001,0.0,False,2256,True
26,17,01:44,temporal_eb,34.95565173089859,34.51532596569071,6.636649466323687,7.45013184996772,14.654859582304987,1.830538513093038,0.7201430394796113,0.0,False,2257,True
251,84,11:13,spatial_neighbor_gravity_eb,42.39295929362368,35.623560175338916,8.799805360298723,1.0,2.0,0.25,0.12544920123514966,0.0,False,2258,True
180,58,19:18,spatial_neighbor_gravity_eb,60.30413756392992,52.007276955387454,14.261237258956736,3.561500858953673,5.323472466758089,1.4925813942576047,0.17599269836142042,0.0,False,2259,True
43,255,02:14,full_observed_sparse_eb,39.84201067410912,30.43397827244881,7.572176594583487,8.036950422641436,5.353346330083944,1.509572636562927,0.0972244680977112,0.9208110767113702,True,2260,True
111,165,09:03,spatial_neighbor_gravity_eb,25.306946044807916,27.762025602264107,3.652310081979775,4.862995673191713,8.370299746520587,1.0712655517390182,0.3892307692307692,0.0,False,2261,True
228,110,07:44,spatial_neighbor_gravity_eb,46.04178859414003,40.93381420531987,10.72529898533758,1.0,2.0,0.3704228880191444,0.14492982625214607,0.0,False,2262,True
114,50,08:54,full_observed_sparse_eb,26.008619307092896,22.355045890032876,3.3275084246629456,5.391792147189917,5.759187139737746,0.4655590834639193,0.3897053382808656,6.399985201239545,True,2263,True
49,262,05:02,temporal_same_od_eb,29.53274623683216,16.48971476895636,8.4,0.5,1.0,0.1,0.16116907171424819,0.0,False,2264,True
107,157,19:33,temporal_same_od_eb,37.90526071433399,19.241369116673656,5.559648643876854,1.1636166987638574,1.2009696798383265,0.1,0.17462526370808928,0.0,False,2265,True
140,119,03:44,temporal_same_od_eb,22.20819871228182,14.086904911494912,6.205593420033111,0.5,1.0,0.1,0.15604044718729929,0.0,False,2266,True
184,93,03:44,spatial_neighbor_gravity_eb,37.177468594095984,26.635288198437937,10.043190458134424,3.324062984207359,3.350443433823301,1.0417620540535188,0.167716733482074,0.0,False,2267,True
206,10,19:04,spatial_gravity_time_fallback,121.718341283091,100.54255396872458,16.590488521529004,42.601419449081845,30.16276619061737,4.147622130382251,0.10550000000000001,0.0,False,2268,True
258,208,15:34,temporal_same_od_eb,53.09747124244393,54.20843947212102,13.2303411657325,1.1892337040441996,1.825032168209075,0.266428347724839,0.17866681685860747,0.0,False,2269,True
44,2,22:24,spatial_gravity_time_fallback,141.1914007219893,109.65141105154416,22.081158928168527,49.41699025269625,32.89542331546325,5.520289732042132,0.10550000000000001,0.0,False,2270,True
132,217,09:14,full_observed_sparse_eb,78.36149513736348,59.58630866588335,16.522748498462835,11.658625795601207,17.535556676554073,2.3020471832608056,0.10352210523930178,1.1803661049220153,True,2271,True
53,83,17:18,spatial_eb,24.22386680204598,20.465801252612632,5.0233893280346535,5.771820629462145,6.729756838854074,1.8043360472563235,0.47916666666666663,0.0,False,2272,True
30,165,21:17,spatial_neighbor_gravity_eb,79.84466814538361,64.94124235728287,19.279099061522018,4.968507735686319,11.838542354267034,2.2010945215306865,0.19556023693685107,0.0,False,2273,True
262,244,04:16,temporal_same_od_eb,19.70225442705957,17.977155967059215,6.125591617899411,2.8913337718378314,1.0282816622382436,0.5300030732576608,0.21050112733175816,0.0,False,2274,True
227,235,22:20,spatial_neighbor_gravity_eb,65.84001195743643,61.72764468971229,16.71265661267219,4.42088318327762,20.622090211848597,1.9334446316208922,0.24707908777884147,0.0,False,2275,True
58,213,14:40,spatial_eb,14.623271659017348,14.046135996883873,2.4872730396557587,1.64817133514694,0.24874685927657045,1.0156401921940665,0.367585251408897,0.0,False,2276,True
217,157,00:46,temporal_same_od_eb,17.775490158197336,12.890539053053168,4.9390668903137644,0.5,1.0,0.1,0.17374624308367392,0.0,False,2277,True
150,49,15:30,global_od_time_adjusted,42.54902028200613,85.42618831365291,7.62,7.5500000000000185,27.258467124447687,0.5200000000000021,0.22692307692307692,0.0,False,2278,True
115,232,21:48,spatial_neighbor_gravity_eb,50.07743231515754,42.21316462011508,8.699978951169461,1.0,2.0,0.25,0.13419665874364153,0.0,False,2279,True
241,87,12:35,temporal_same_od_eb,54.693527182748696,65.56603384656454,15.426358218417146,1.100240560140339,4.69031167466228,0.47542882499425754,0.18779852613087133,0.0,False,2280,True
27,130,08:43,global_od_time_adjusted,54.58502418025019,59.90183293666268,16.71,0.5,1.0,0.1,0.21372549019607845,0.0,False,2281,True
7,244,12:41,full_observed_sparse_eb,38.065277531774555,36.52625444852342,7.462871038475232,6.073570178150756,11.687147872011835,0.8903786684274791,0.12066218208667331,0.7473372994984402,True,2282,True
153,72,17:21,spatial_neighbor_gravity_eb,81.3422484422276,116.34879122529856,18.55643481558182,3.554354347780232,31.519250811813833,1.827732650903568,0.18865157033878094,0.0,False,2283,True
9,1,00:42,spatial_gravity_time_fallback,127.05502138377688,90.66131326740013,20.674771293382754,44.46925748432191,27.19839398022004,5.168692823345689,0.10550000000000001,0.0,False,2284,True
160,72,05:28,global_od_time_adjusted,24.42153895574207,20.570574060675877,6.895454545454545,3.1852394593222293,4.850117136047019,2.520870569813547,0.3262295081967213,0.0,False,2285,True
207,179,18:35,spatial_neighbor_gravity_eb,16.520837467651653,16.400061371688324,1.9702585320514057,4.96271555733609,5.5915756208594045,0.7758936868079787,0.3892307692307692,0.0,False,2286,True
182,196,13:33,global_od_time_adjusted,44.18728721331021,42.78798489486611,9.5225,6.588999829260885,13.06257558406269,0.42558048592480835,0.2518518518518519,0.0,False,2287,True
214,251,18:51,spatial_neighbor_gravity_eb,24.649414123734736,20.628935067287763,4.103000270781422,1.0,2.0,0.25,0.13604244470431243,0.0,False,2288,True
102,122,01:06,global_od_time_adjusted,22.795794384807785,19.96777105757762,7.333333333333332,10.739518921565653,4.292082370343472,0.5690830831746456,0.275,0.0,False,2289,True
176,73,22:38,spatial_gravity_time_fallback,135.18700353043457,104.28008592230832,21.21843991524779,47.3154512356521,31.28402577669249,5.304609978811947,0.10550000000000001,0.0,False,2290,True
87,48,22:12,full_observed_dense_eb,29.61426577492282,24.403744224007504,5.288199362185042,7.684528223337378,4.723894867236605,0.8310290243201675,0.8439169465727309,54.113069316087774,True,2291,True
212,141,21:08,global_od_time_adjusted,35.271371940087946,30.789844974026533,7.777857142857143,9.515811251570222,12.574014186316198,0.6143658585592695,0.353125,0.0,False,2292,True
162,176,11:45,global_od_time_adjusted,126.78863623036884,86.64967573345692,21.99333333333333,3.2069334608349656,9.974960398652646,1.2766187980582662,0.23962264150943396,0.0,False,2293,True
126,162,09:09,temporal_same_od_eb,51.26501554108153,36.84118446900705,9.073971245824856,0.5,1.0,0.1,0.16437078650360482,0.0,False,2294,True
47,68,05:58,full_observed_sparse_eb,31.192618853007787,28.748055601380628,10.443256783062301,4.279100707864053,9.446919936214979,0.7881555370552148,0.10676508312885247,0.8339088335991818,True,2295,True
234,219,05:11,global_od_time_adjusted,51.927615512807485,33.29763532114355,17.881666666666664,17.172076817386504,8.333824601309692,3.4451725484928772,0.275,0.0,False,2296,True
94,55,07:02,global_od_time_adjusted,63.19134525362267,84.46852520076239,24.799999999999997,0.5,22.32455407793513,2.1000000000000196,0.22692307692307695,0.0,False,2297,True
53,104,11:37,spatial_gravity_time_fallback,89.11314561456865,78.17556508924518,11.835139618475342,31.18960096509903,23.452669526773555,2.9587849046188355,0.10550000000000001,0.0,False,2298,True
177,146,19:04,global_od_time_adjusted,50.16979040603908,47.60713609792732,9.92,8.857753945480647,15.36364875105595,3.491436276480965,0.3262295081967213,0.0,False,2299,True
214,238,15:35,spatial_neighbor_gravity_eb,82.10779914433125,78.09511812832262,18.83630227922953,1.0,2.0,0.25,0.12760475448411512,0.0,False,2300,True
112,85,11:31,temporal_same_od_eb,51.11320055232278,62.81453099864284,6.981124942837864,0.7728759990053199,1.5721209167615438,0.17202807048094693,0.15962121639223872,0.051365837220423316,True,2301,True
162,121,06:14,global_od_time_adjusted,40.235416173005966,25.64308860691037,11.15086956521739,8.479239007121272,8.803591490610426,2.1216624184279214,0.42054794520547945,0.0,False,2302,True
31,211,16:43,global_od_time_adjusted,56.29801651521192,57.930456570355176,14.260000000000002,1.9650000000000265,2.867233765034961,0.12999999999986217,0.22692307692307692,0.0,False,2303,True
20,36,21:38,global_od_time_adjusted,58.850801706376494,51.52105425977767,14.015,8.459999999999958,19.550436895949595,1.6150000000000013,0.22692307692307692,0.0,False,2304,True
167,84,07:02,spatial_gravity_time_fallback,152.09293265306627,114.1912677756535,25.491861308916228,53.23252642857319,34.257380332696044,6.372965327229057,0.10550000000000001,0.0,False,2305,True
87,164,00:19,observed_dense_eb,25.4782003381262,18.329846932137617,4.408286073978559,4.501541436832996,3.207942057093037,0.7955815352321427,0.985152859721717,33.05846387047373,True,2306,True
224,119,20:43,global_od_time_adjusted,37.174367531229905,27.420113250905835,8.9,4.690109273780289,4.310437162638911,0.6312157581471882,0.275,0.0,False,2307,True
3,63,17:23,global_od_time_adjusted,61.73974591736545,63.3919263982182,15.600000000000001,6.319999999999957,12.810079964558351,1.6999999999999875,0.22692307692307695,0.0,False,2308,True
111,239,07:55,spatial_eb,49.08135878938262,46.22679518266502,10.903010164291343,16.577156088640585,10.97647479706398,2.279127382788069,0.33238463872191376,0.0,False,2309,True
193,188,23:29,full_observed_sparse_eb,39.01604263359701,36.467616291897926,9.039217071534956,4.5596619055271255,6.631271656900941,1.169073019643364,0.09769661602179011,1.0895953314876294,True,2310,True
143,63,15:59,temporal_same_od_eb,51.83936104796177,142.66703322094378,10.016653639120918,0.5,1.0,0.1,0.16141522629258911,0.0,False,2311,True
47,41,06:38,observed_sparse_eb,25.81184415425971,25.39209907886448,4.918299474720422,3.3080656922000857,12.29488621703078,1.7823908045597843,0.7089734652836741,0.5182291535751204,True,2312,True
24,98,08:09,spatial_neighbor_gravity_eb,60.523458178840855,53.78408642501091,13.211446421114037,6.8017400160924,6.519060304233911,1.2908070719859408,0.20360797526342375,0.0,False,2313,True
188,113,06:30,temporal_same_od_eb,26.314905297124458,22.301108731989228,6.1219884242540035,2.5420994988316266,2.4442791720672123,0.3928312608936329,0.21479635057028917,0.0,False,2314,True
93,256,00:53,temporal_same_od_eb,16.21688051812247,24.81270056833134,9.508765302020272,0.5,3.0502225495759383,0.14329083661717051,0.17617037712350309,0.0,False,2315,True
229,231,06:48,full_observed_dense_eb,29.47961294136381,19.953994297719824,5.7065580454054325,6.213338485424371,3.615642399792078,1.4360308535397797,0.7279847727213724,26.922948362918888,True,2316,True
33,172,02:55,global_od_time_adjusted,40.93346715939316,32.64108069154199,13.059999999999999,0.5,1.0,0.1,0.21372549019607845,0.0,False,2317,True
204,35,18:36,spatial_gravity_time_fallback,133.28516126078074,113.76982390088261,17.825098620912843,46.64980644127325,34.130947170264776,4.456274655228211,0.10550000000000001,0.0,False,2318,True
69,73,22:54,global_od_time_adjusted,38.57449239668258,34.48315662774051,8.193333333333333,3.9000541306785257,7.344317062501089,5.3908647007898685,0.23962264150943396,0.0,False,2319,True
190,88,22:50,global_od_time_adjusted,29.433304759737858,23.181217066964095,5.768745287413564,0.5,4.795403457079401,0.6555134731592983,0.20112433132066485,0.0,False,2320,True
181,66,11:53,temporal_same_od_eb,22.670354708391304,25.892432491295317,2.532043272250746,6.366927418963601,5.139989244991019,0.48672602778622387,0.1563640880089908,0.4386596756165275,True,2321,True
3,242,04:37,observed_sparse_eb,14.451872411758842,9.999147084592197,2.3347027225636934,4.431488862260644,6.741998341644507,1.1535528471705006,0.6379879293395023,0.5087564028343898,True,2322,True
23,172,23:24,global_od_time_adjusted,19.061093800951937,17.606904024198084,4.01,0.5,1.0,0.1,0.21372549019607845,0.0,False,2323,True
246,130,00:26,temporal_same_od_eb,58.09951150232389,40.868720107923934,15.339783941143253,0.5,1.0,0.1,0.15779998237661547,0.0,False,2324,True
1,161,13:13,spatial_eb,94.41367609109167,62.57843385735923,16.0600708341031,22.38499999999997,8.95000000000001,0.15499999999998268,0.22165068961816436,0.0,False,2325,True
67,76,12:47,temporal_same_od_eb,54.53072994849926,80.94801307702286,14.958673984834808,0.8405248358755917,21.546113512155166,1.1799726009725464,0.16927855837094016,0.0,False,2326,True
243,163,11:49,full_observed_sparse_eb,38.61964113913017,43.91848862980409,7.748220304690559,6.3927912128136075,6.778310397664988,0.8662784801764808,0.2743886303043938,2.943564479241104,True,2327,True
6,167,20:34,spatial_gravity_time_fallback,118.25679021185218,93.6335678447015,18.024289136133003,41.38987657414826,28.09007035341045,4.506072284033251,0.10550000000000001,0.0,False,2328,True
44,41,23:00,spatial_gravity_time_fallback,151.72431349129008,115.43984850888714,24.292498822034354,53.10350972195152,34.63195455266614,6.073124705508588,0.10550000000000001,0.0,False,2329,True
97,143,02:30,temporal_same_od_eb,34.71252237728709,25.118219658141737,8.087041514560006,0.5762327915435953,1.0574566358938844,0.11819528703207605,0.16261287985274148,0.010063168408812828,True,2330,True
12,204,08:55,global_od_time_adjusted,107.90960362569072,76.34189314959592,21.3,0.5,1.0,0.1,0.21372549019607845,0.0,False,2331,True
101,6,09:15,spatial_gravity_time_fallback,151.61138017808065,130.0597655484996,21.452672691071474,53.06398306232823,39.017929664549875,5.363168172767868,0.10550000000000001,0.0,False,2332,True
164,132,22:52,full_observed_sparse_eb,77.65031592052955,47.47937726670156,16.54113877600316,8.79766606627512,12.36602442818302,1.2462974555253479,0.23076923076923078,3.0,True,2333,True
205,171,22:27,global_od_time_adjusted,35.793946934340205,29.86287662877489,8.006923076923076,6.383346676540396,4.839788266380508,1.2745520155084666,0.34444444444444444,0.0,False,2334,True
49,204,00:18,spatial_gravity_time_fallback,101.61724708060883,72.4000549628378,16.44284837039685,35.56603647821309,21.72001648885134,4.110712092599212,0.10550000000000001,0.0,False,2335,True
40,214,14:51,temporal_same_od_eb,48.69651439549378,46.04061765073033,11.46,0.5,1.0,0.1,0.1593258241865546,0.0,False,2336,True
248,41,04:21,observed_sparse_eb,27.776809381840312,21.558180619795625,6.664537829102141,1.1127342009343024,0.586146794293508,0.46808644368618413,0.7121773213444058,2.405138709069856,True,2337,True
204,257,04:35,spatial_neighbor_gravity_eb,64.62918830276008,37.491638984107105,19.557093316268148,1.0,2.0,0.25,0.1249229896801787,0.0,False,2338,True
93,8,12:49,global_od_time_adjusted,27.280669812072034,31.571114111596373,6.305,0.5,2.771265924718119,0.22500000000002401,0.22692307692307692,0.0,False,2339,True
126,30,19:11,spatial_neighbor_gravity_eb,76.17046863249507,99.20907296757763,19.289140690263572,1.0,13.108062623061517,2.750645140397233,0.13537120504404962,0.0,False,2340,True
178,253,16:02,spatial_gravity_time_fallback,141.626394746409,136.72061113310406,18.4982321249349,49.56923816124314,41.01618333993122,4.624558031233725,0.20114247487658565,0.0,False,2341,True
30,144,17:38,spatial_neighbor_gravity_eb,78.71598740689168,90.18943335878635,18.657665711525578,8.669716794273764,18.65125945403453,3.258496691736434,0.1449732514340727,0.0,False,2342,True
130,221,09:48,global_od_time_adjusted,72.36373369464008,84.78170483876274,23.06,0.5,1.0,0.1,0.21372549019607845,0.0,False,2343,True
62,220,19:18,global_od_time_adjusted,64.56641130936484,63.298467085412526,18.025,2.309999999999899,16.912465057120112,2.2250000000000134,0.22692307692307692,0.0,False,2344,True
210,263,13:40,temporal_same_od_eb,68.41538535151938,100.96347755432564,18.966144670410824,0.7845721736202858,8.81901061833779,1.5157111085068313,0.14416822533642287,0.3061920644128122,True,2345,True
216,1,20:08,global_od_time_adjusted,167.35937082621717,105.1750686644792,33.03142857142857,26.913993628988333,12.776077042782283,1.0383012028091954,0.28596491228070176,0.0,False,2346,True
203,37,11:18,temporal_same_od_eb,47.89138196950245,92.92191012280755,12.838504221012837,1.6434853973973458,5.262192773703741,0.6618760956896065,0.19170938552349726,0.0,False,2347,True
223,109,19:23,spatial_gravity_time_fallback,144.68079486055916,118.26529913068214,20.214286788734903,50.63827820119569,35.47958973920464,5.053571697183726,0.10550000000000001,0.0,False,2348,True
229,14,20:52,full_observed_sparse_eb,61.67941138721247,41.28092375446431,13.476008927539624,8.979185275047973,8.831335604307512,1.924418074681577,0.2857142857142857,4.0,True,2349,True
68,95,00:57,full_observed_sparse_eb,51.26175034220718,32.715751199893425,11.025207963469839,9.148911942667386,7.801780540233162,1.8788045579281722,0.350861736302242,5.446974275707171,True,2350,True
64,113,02:25,spatial_neighbor_gravity_eb,52.49557627137401,46.60966150688814,15.074828004375174,15.171300526477973,7.997911457582703,0.37798745747955176,0.16679509039668658,0.0,False,2351,True
158,49,14:07,temporal_same_od_eb,42.774600659743555,40.443971862541645,5.16972243362232,5.2843973789461955,5.506032566367761,0.6931853418291758,0.20031359857722653,0.8859775524623075,True,2352,True
226,263,22:30,full_observed_sparse_eb,23.72633377642116,18.761202990693473,4.174428606066717,6.676532899848638,5.252131910565277,0.8186209100873876,0.23076923076923078,3.0,True,2353,True
17,143,05:31,temporal_same_od_eb,24.172203454514175,21.12198666881323,8.799413378418745,10.81950244687487,1.5378544260243587,0.6209471662910945,0.19193059721787936,0.1420579519700631,True,2354,True
134,6,01:51,spatial_neighbor_gravity_eb,67.65909347833502,52.42861926342967,17.809822244088586,1.0,2.0,0.25,0.12581924321499394,0.0,False,2355,True
245,142,14:04,spatial_eb,61.35013788069888,53.63914116419473,13.728819547432352,21.31783026937311,16.243304841841063,2.944851880538747,0.05,0.0,False,2356,True
14,151,16:29,temporal_same_od_eb,49.94737247579183,84.10037924241749,13.658416530507642,0.5,1.0,0.1,0.15315170354918725,0.0,False,2357,True
243,27,23:55,global_od_time_adjusted,96.73104651013955,89.68554415170262,34.05,0.5,1.0,0.1,0.21372549019607845,0.0,False,2358,True
19,121,11:01,temporal_eb,21.58555224828406,20.32544715627886,5.315041121793141,4.989273307857153,4.048460819766292,1.0185814962303288,0.49146220435532384,0.0,False,2359,True
186,80,11:12,full_observed_sparse_eb,44.985912474716656,36.706514472486056,6.3266553344905825,6.85414531933581,7.879366567078321,0.9334804253432276,0.2962983958081133,4.22226631197038,True,2360,True
124,134,11:32,temporal_same_od_eb,34.32913934376851,34.256338670539186,4.86,0.5,1.0,0.1,0.1535463687422069,0.0,False,2361,True
121,167,13:46,global_od_time_adjusted,49.50056225016767,60.521465099317474,12.806037652390803,1.3222721256341754,13.787838071009912,0.720158602218707,0.25763956742420563,0.0,False,2362,True
29,127,18:50,spatial_neighbor_gravity_eb,93.38665956972423,136.6467935098193,21.270120589124925,4.004635452558097,37.12142370700814,2.7592705556778,0.25496884256329255,0.0,False,2363,True
240,101,01:30,spatial_neighbor_gravity_eb,57.441875098013995,51.65019387906773,14.127308168901138,4.820024699383426,7.930434314631255,0.5352988696987334,0.14746221836824797,0.0,False,2364,True
193,147,14:32,global_od_time_adjusted,35.801600530024494,45.56182548570612,8.554285714285715,2.0222668630292864,12.560173706732959,2.008232037979513,0.28596491228070176,0.0,False,2365,True
205,215,09:57,observed_sparse_eb,13.303767068415032,12.535969366401703,2.1433394958173766,1.7752324614351505,2.357526560773674,0.38831498385939145,0.8010481490310863,1.5565786393570136,True,2366,True
250,55,07:44,global_od_time_adjusted,67.43494291555055,92.27816305264471,22.5,0.5,1.0,0.1,0.21372549019607845,0.0,False,2367,True
31,192,04:29,spatial_neighbor_gravity_eb,35.40105007932269,19.990650511197725,9.776594074311681,1.0,2.0,0.25,0.13878511857566297,0.0,False,2368,True
109,191,03:31,spatial_gravity_time_fallback,140.19854608890594,95.05869445532592,24.2999090572354,49.06949113111708,28.517608336597775,6.07497726430885,0.10550000000000001,0.0,False,2369,True
27,151,19:59,spatial_neighbor_gravity_eb,70.97311794572846,104.21373747077578,14.703065251451672,1.123412003377578,13.987006223919709,0.8612825359228438,0.1290102670757738,0.0,False,2370,True
261,38,18:19,temporal_same_od_eb,36.75252601280156,86.56690838840291,22.115000000000002,28.3,3.1437570402516384,0.1,0.15766067404713702,0.0,False,2371,True
142,126,15:01,full_observed_sparse_eb,42.5941416027421,43.782848957581436,10.045963994101273,5.419753007643235,22.20164613652143,1.533645323131571,0.1695758401051966,1.8136085534021902,True,2372,True
20,34,09:40,spatial_neighbor_gravity_eb,65.36935136011826,75.3893860329056,12.45753150923905,10.189559414864256,10.185168939926925,1.00444457375937,0.15596761590015024,0.0,False,2373,True
129,129,14:15,observed_dense_eb,11.878536335852566,9.72275364969439,1.209393990165308,7.594136318285607,7.135934388679569,0.4300002801832795,0.9766703667623573,19.974794280171842,True,2374,True
232,104,07:44,spatial_neighbor_gravity_eb,17.835281887164918,15.462643650017633,2.746632612874976,5.411998256671496,4.868112212903191,0.7344686147251263,0.3892307692307692,0.0,False,2375,True
46,135,08:44,spatial_neighbor_gravity_eb,44.07826042304666,41.1195005521682,9.623193350097022,1.0,3.7241651084619924,0.29828426446305994,0.13293075202622487,0.0,False,2376,True
163,221,13:13,global_od_time_adjusted,125.74375107792957,99.57890830580696,17.46,9.740000000000165,41.204698455561584,1.3600000000000034,0.22692307692307692,0.0,False,2377,True
185,112,19:30,global_od_time_adjusted,54.25233827713388,49.224637205725315,14.33,0.5,1.0,0.1,0.21372549019607845,0.0,False,2378,True
9,57,01:53,spatial_neighbor_gravity_eb,22.10833055131869,13.987589546044967,4.988445096609792,3.573138456807839,4.101306792200225,0.7418569171070516,0.251162667158901,0.0,False,2379,True
56,39,04:38,global_od_time_adjusted,32.97313925812944,31.605721153791652,10.780000000000001,4.093197609041931,14.312708330611365,2.1211003433752578,0.275,0.0,False,2380,True
123,20,17:55,global_od_time_adjusted,90.55150617173456,137.36452748818178,21.400000000000002,7.760297817881787,31.78268321819001,10.938921336219577,0.23962264150943396,0.0,False,2381,True
2,164,03:11,spatial_eb,66.07575081764611,52.621973541484415,15.363800903758435,0.0,0.0,0.0,0.12575570740102257,0.0,False,2382,True
199,217,10:27,spatial_neighbor_gravity_eb,50.90275004235502,47.863452337742714,9.172502498995797,8.49445327825168,13.158648190094949,0.8681581074073045,0.3892307692307692,0.0,False,2383,True
72,19,13:32,full_observed_sparse_eb,57.44532405447059,51.20768094569439,12.964953179087347,3.3475701115940613,4.9466395450917755,0.708398069324149,0.1017619620650431,0.8468602604488211,True,2384,True
102,29,09:57,spatial_eb,44.77056722127803,48.48405141466209,12.650907215419519,0.5793302881486538,9.717867959174859,3.5881956885487396,0.5632163714737053,0.0,False,2385,True
5,120,17:02,spatial_neighbor_gravity_eb,127.27693311985384,117.36990622327603,28.79095007656786,1.0,2.0,0.25,0.12811121733513497,0.0,False,2386,True
209,86,05:01,global_od_time_adjusted,52.145662577159136,83.52910377599832,8.3,0.5,1.0,0.1,0.21372549019607845,0.0,False,2387,True
125,114,17:33,observed_dense_eb,10.686167825424615,7.6263652687964285,0.7836368153211758,4.0533831802582805,3.1576209049157415,0.29142102392210906,0.9823991936917476,48.05214205584875,True,2388,True
120,34,12:13,spatial_neighbor_gravity_eb,60.60259435866019,60.528249186161744,11.753697985288326,3.155037929758361,4.320229683294693,2.3952523101145973,0.1686051192015287,0.0,False,2389,True
33,260,11:15,global_od_time_adjusted,37.63118019855633,29.73489479449486,7.65452380952381,10.121408836557025,9.36912024236003,1.5508341877855703,0.5195652173913043,0.0,False,2390,True
159,43,08:49,temporal_same_od_eb,29.954836118880692,26.13885370997212,3.8788388623461825,0.5,1.0,0.1,0.17031274285689552,0.0,False,2391,True
193,93,07:20,full_observed_sparse_eb,31.489696563047893,30.876670897718334,8.579858856133695,3.4366605466104305,4.774743639107822,1.007664037812095,0.12448462863452125,0.6400372572956954,True,2392,True
198,136,06:03,global_od_time_adjusted,37.29740351727343,31.477431777467302,15.0,0.5,1.0,0.1,0.21372549019607845,0.0,False,2393,True
166,142,22:26,observed_dense_eb,18.638534895439353,14.20650455174338,2.7175849858794345,3.938837655655084,3.1998847854900148,0.730046971341563,0.991311138867093,38.81931547611771,True,2394,True
125,229,22:12,full_observed_dense_eb,26.019555014150658,21.216091219242635,3.962654427922904,5.552750153827997,5.28021149147822,0.8445408387755382,0.7307046795498784,27.207044597844288,True,2395,True
122,179,23:29,global_od_time_adjusted,36.88648632066603,31.268464060930533,11.266666666666666,1.8948409490566305,7.068174459939163,0.7039570693981054,0.23962264150943396,0.0,False,2396,True
134,241,18:54,temporal_same_od_eb,69.23225636107561,62.92534151787234,17.098629939780363,3.554829578821167,6.487960956305209,0.5975287916595642,0.18778922315564656,0.0,False,2397,True
45,147,23:39,temporal_same_od_eb,40.835264383090184,36.27929609860837,10.6,0.5,1.0,0.1,0.15219684252867416,0.0,False,2398,True
228,112,14:54,temporal_same_od_eb,48.277245844887844,47.70511838694139,8.209630246966755,5.376554308546165,10.687668019553952,1.4309461943437678,0.21430938923266246,1.2953951856575259,True,2399,True
21,130,14:28,temporal_same_od_eb,56.02459234424003,118.22206963810805,9.5,1.5,30.43533986824507,9.0,0.16345809210507928,0.0,False,2400,True
70,188,02:47,temporal_same_od_eb,50.24523359076304,35.574702004914215,12.50102799132195,0.5,1.0,0.1,0.1581463340922422,0.0,False,2401,True
65,125,03:48,temporal_same_od_eb,13.393191365528732,8.117498887347296,2.6093707323267394,1.9468464001017458,1.307628432212589,0.1904885245191985,0.1952666371232653,0.3943297039418141,True,2402,True
209,193,20:59,temporal_same_od_eb,33.680965422032116,23.474499823962738,7.699353700441257,0.5,1.0,0.1,0.16664905881341127,0.0,False,2403,True
66,127,15:39,global_od_time_adjusted,52.71844899685261,66.93998799264854,15.992999999999999,14.680615961191819,13.1418942314159,2.5250229701925497,0.31666666666666665,0.0,False,2404,True
69,7,22:34,full_observed_sparse_eb,27.12110185094096,26.157994982511887,6.516476822411684,7.00066833671408,12.246345733026686,1.8440270249559543,0.09090909090909091,1.0,True,2405,True
111,43,04:46,spatial_neighbor_gravity_eb,41.61962964646305,26.018993068889845,10.855585234336282,7.162311018500051,4.78591794912677,1.496513260906404,0.2071954015837818,0.0,False,2406,True
32,204,07:08,spatial_gravity_time_fallback,172.35460406607265,131.90100578697457,28.689575725200847,60.32411142312542,39.570301736092375,7.172393931300212,0.10550000000000001,0.0,False,2407,True
78,223,17:50,global_od_time_adjusted,42.14743187585957,36.55445942692295,9.11,13.638434257641162,12.779253086111158,3.689531135523862,0.31666666666666665,0.0,False,2408,True
2,81,02:44,spatial_neighbor_gravity_eb,73.31064071260131,66.76712675979611,20.62520204480805,1.0937988682960602,3.8815875157394926,0.986442455300428,0.13138722107681536,0.0,False,2409,True
165,213,08:37,spatial_neighbor_gravity_eb,75.26089673598682,81.5170891530417,17.270846788067587,11.076427272204723,16.707102149740404,2.870551526579444,0.1791364403144209,0.0,False,2410,True
168,248,14:08,temporal_same_od_eb,24.594247773310638,23.18993031226363,4.848559956676402,0.5,1.0,0.1,0.17302199769955232,0.0,False,2411,True
187,79,10:36,spatial_neighbor_gravity_eb,62.74915477645628,51.41764341193735,13.468238164131044,1.0,2.0,0.25,0.12424376366728873,0.0,False,2412,True
155,54,09:16,global_od_time_adjusted,45.422892315579865,53.389604343100494,7.44,8.720184758491229,15.611207719855628,0.29977769541221466,0.23962264150943396,0.0,False,2413,True
171,85,15:33,global_od_time_adjusted,65.82634374261197,63.85343677293162,15.61,0.5,1.0,0.1,0.21372549019607845,0.0,False,2414,True
144,117,09:07,global_od_time_adjusted,88.84406536869179,75.7961189834736,17.45,15.27801279617217,8.911003751184232,6.408295405176015,0.2518518518518519,0.0,False,2415,True
74,127,08:19,full_observed_sparse_eb,23.77928499708635,25.355181893516708,5.292245584326457,4.01219303550021,5.211853165095331,0.87405226069802,0.4692690497408911,9.016609591708516,True,2416,True
29,125,09:25,global_od_time_adjusted,48.971273755407715,53.66183084719344,13.7,0.5,1.0,0.1,0.21372549019607845,0.0,False,2417,True
231,112,23:20,full_observed_sparse_eb,33.088280781963455,22.23860693830379,5.511705490066797,7.392587196387075,6.758944525726026,1.239935908690268,0.5643264578999834,13.216322894999166,True,2418,True
251,208,20:04,spatial_gravity_time_fallback,141.45279888234626,114.52771184853728,21.306486647190027,49.50847960882118,34.358313554561185,5.326621661797507,0.10550000000000001,0.0,False,2419,True
47,22,01:40,spatial_neighbor_gravity_eb,68.58176876598648,78.65076574894603,15.909447931821049,1.0,13.878469797434423,6.191200532631756,0.1598133420071392,0.0,False,2420,True
188,51,08:40,temporal_same_od_eb,65.51366677439405,77.04221483376242,9.971623418363173,0.5,1.0,0.1,0.16642349849148308,0.0,False,2421,True
115,146,04:28,spatial_neighbor_gravity_eb,60.44218898830906,37.99194381246549,16.393275165731634,8.089719661292389,2.051275300536413,0.25,0.1404743958027652,0.0,False,2422,True
251,112,03:41,global_od_time_adjusted,56.764153914087515,33.14004366918464,14.5,0.5,1.0,0.1,0.21372549019607845,0.0,False,2423,True
243,224,08:52,global_od_time_adjusted,42.61279634265553,52.294953500677224,10.395238095238094,5.468947259480988,9.747321465205086,0.5490651713214917,0.4070422535211268,0.0,False,2424,True
150,131,19:11,global_od_time_adjusted,67.14667388964551,81.35080073352455,14.6,5.0,15.717706119724493,0.9999999999999858,0.2269230769230769,0.0,False,2425,True
92,58,15:28,global_od_time_adjusted,37.45420579490326,49.21995454084486,7.8,0.5,1.0,0.1,0.20412809170259383,0.0,False,2426,True
231,9,02:50,global_od_time_adjusted,54.359474267708535,41.26704079999873,16.4025,9.529428104561175,5.7999172747891405,1.5651577396543737,0.2518518518518519,0.0,False,2427,True
218,156,11:15,spatial_gravity_time_fallback,153.49232670076196,136.3910669848162,20.90669426835877,53.72231434526669,40.91732009544486,5.226673567089692,0.10550000000000001,0.0,False,2428,True
164,226,02:10,full_observed_sparse_eb,24.583950392544658,17.75598002897268,4.368330611138519,7.342069487052643,6.657673919106368,1.0214404150065413,0.4311857483153546,7.6272996705859555,True,2429,True
50,144,23:07,full_observed_sparse_eb,25.285186858434855,21.769524136097157,3.966517905711898,4.341714221332791,4.754979675511359,0.47013439097596155,0.615096373239362,16.441649753515975,True,2430,True
257,47,11:25,spatial_neighbor_gravity_eb,71.21931370996408,84.5551726741271,14.644793477891309,11.232527742689056,31.400055768848343,2.094044508808523,0.21743756605647982,0.0,False,2431,True
89,67,00:38,temporal_same_od_eb,21.27782679430637,26.11148506313859,7.336994542873214,1.5099569214935855,1.0,1.372375425229929,0.175150952804613,0.0,False,2432,True
18,33,20:54,spatial_neighbor_gravity_eb,58.14253646509152,76.55702773757608,13.861147073915266,3.1043854056156737,17.655733168468483,2.1547557692629806,0.2316320259052999,0.0,False,2433,True
90,42,14:59,full_observed_sparse_eb,40.80630194216773,47.247375581592244,8.516046628616579,7.919361241755684,12.811067178819544,2.750918904652427,0.38222286233400404,6.254244754156943,True,2434,True
10,83,01:14,full_observed_sparse_eb,35.51472515228979,25.154206578590983,9.116389307674359,12.039314468003347,6.686334332349893,2.4049264043730476,0.095619750968736,0.9437666019174094,True,2435,True
150,190,07:03,global_od_time_adjusted,20.76852008167117,42.83092191771791,12.14,0.5,1.0,0.1,0.21372549019607845,0.0,False,2436,True
50,83,09:14,temporal_same_od_eb,33.95197271529999,30.504091515701347,6.7,0.5,1.0,0.1,0.1532528092435849,0.0,False,2437,True
148,216,18:34,temporal_same_od_eb,95.86658633126524,51.832135921186996,12.791021399963528,0.5,1.0,0.1,0.15918626651344142,0.0,False,2438,True
212,255,12:50,global_od_time_adjusted,50.96141958754667,46.976842195231605,12.035,1.6549999999999565,8.053365576086618,0.13500000000000387,0.2269230769230769,0.0,False,2439,True
13,6,04:16,global_od_time_adjusted,36.28091437421853,17.899831489861125,8.709999999999999,11.232994970176003,1.0,3.8895243925189638,0.26363636363636367,0.0,False,2440,True
126,47,23:45,temporal_eb,16.565695420198324,13.491255661711051,2.6560457431738103,5.300829154001644,7.03528295218448,2.2989891926876904,0.6328511002189896,0.03107072156741708,True,2441,True
126,183,16:40,temporal_same_od_eb,24.619544039978564,24.477790441326096,4.338529699243672,1.6255018218259356,3.908752968551093,1.5671263823195272,0.21038205691131417,0.9997332102501417,True,2442,True
239,123,22:29,temporal_same_od_eb,65.10538784895373,58.12300662726092,19.743683142253946,2.2253262964506906,1.5766207979620925,0.5919955512448922,0.17180663194303092,0.09557352921939355,True,2443,True
188,249,20:19,temporal_same_od_eb,37.792776632857354,35.68495745462984,7.646244407843303,4.82439887188535,2.9192191317004474,0.7090359116395957,0.1903521595589624,0.0,False,2444,True
71,262,16:16,global_od_time_adjusted,72.73702576287874,82.5660959071861,15.035,11.167310553575563,31.907572836280988,0.815429334767877,0.2518518518518519,0.0,False,2445,True
157,119,08:24,global_od_time_adjusted,36.41700002069082,40.3723822773756,11.44,1.6888957191016467,6.519191437106631,2.121968425778296,0.2518518518518519,0.0,False,2446,True
137,135,14:58,full_observed_sparse_eb,57.21108568468896,44.17393965517296,9.489641310774996,8.1204920208685,16.268190263905275,3.1409189108299507,0.15701327526504877,1.8725752334986439,True,2447,True
31,245,05:28,spatial_gravity_time_fallback,106.73275376404808,63.12900676418421,19.729586032702283,37.356463817416824,18.938702029255264,4.932396508175571,0.10550000000000001,0.0,False,2448,True
187,22,16:53,spatial_neighbor_gravity_eb,46.98537971602494,44.11231370546628,8.327747347874064,1.6338421674380643,6.859182070908818,0.5167507418398242,0.13578732283830725,0.0,False,2449,True
43,73,14:40,global_od_time_adjusted,73.3134354298729,62.592827403244726,12.963333333333331,8.287244549439956,3.2455127485033834,2.13435912837762,0.23962264150943396,0.0,False,2450,True
11,184,21:19,spatial_neighbor_gravity_eb,85.0801190087995,91.75640949418158,22.288486590032832,1.0,17.709164015216736,2.1089441993796507,0.14335980671488446,0.0,False,2451,True
47,14,17:39,global_od_time_adjusted,82.61284873831039,86.77612599656175,20.37,5.830000000000024,13.10244505387843,1.0700000000000032,0.22692307692307692,0.0,False,2452,True
159,22,09:25,global_od_time_adjusted,60.49416406696612,65.25249772920598,16.45,2.705000000000053,17.17692058263879,0.8500000000000147,0.2269230769230769,0.0,False,2453,True
134,160,09:13,temporal_same_od_eb,18.528720777264123,22.236814040214362,3.0,0.5,1.0,0.1,0.15298641811155445,0.0,False,2454,True
176,195,05:07,spatial_neighbor_gravity_eb,41.358492067455295,26.159114513602695,9.490791462260137,1.0,2.0,0.25,0.12472422044832693,0.0,False,2455,True
20,218,21:13,spatial_neighbor_gravity_eb,63.76948581795664,63.20645527256084,15.74148544968196,4.29208458674494,14.835387520844487,1.905335604923232,0.22721214431289338,0.0,False,2456,True
176,262,04:36,spatial_neighbor_gravity_eb,50.25312656270813,54.16490456645393,20.17601648424017,1.0,2.0,0.25,0.12750011154634883,0.0,False,2457,True
131,44,07:45,spatial_gravity_time_fallback,180.94786552354893,150.7467547856084,27.56356579029345,63.331752933242115,45.22402643568251,6.890891447573362,0.10550000000000001,0.0,False,2458,True
143,35,20:03,global_od_time_adjusted,67.57332755085923,81.8003029448127,11.489090909090908,24.975622329459625,29.35313504587377,5.738039662947072,0.3262295081967213,0.0,False,2459,True
240,27,13:34,spatial_neighbor_gravity_eb,103.52438389930438,96.64820973397654,24.788125993199337,1.0,2.0,0.25,0.12350152195887754,0.0,False,2460,True
80,85,14:01,global_od_time_adjusted,34.83559191171616,35.316063486426245,6.067291666666667,7.392088552380352,8.612258812737347,2.157451949622645,0.6602739726027397,0.0,False,2461,True
3,224,05:53,spatial_neighbor_gravity_eb,67.5833177517484,54.85326924920476,17.99036613490608,4.925524408826903,12.306580086446193,2.2257036468038756,0.2716343146740613,0.0,False,2462,True
82,65,10:07,full_observed_sparse_eb,40.8404903935822,36.46774077521682,7.771584385142383,8.454488372180975,14.12455366907467,0.7942413387331588,0.09090909090909091,1.0,True,2463,True
189,49,18:36,temporal_eb,12.953705428732295,11.579338035622907,1.257573623367147,3.4798595573447813,4.293960540406847,0.3884836356874537,0.7921617824736203,0.7537792543424757,True,2464,True
179,89,00:13,full_observed_sparse_eb,50.57646000358393,46.69616955164568,14.036177742358436,8.675529111728803,13.65722221437233,1.6490559965012006,0.10309483856030761,0.8616998873723958,True,2465,True
108,43,19:32,global_od_time_adjusted,67.32812537739599,67.49247915126472,17.155,2.5499999999999217,25.7684937048114,4.755000000000001,0.22692307692307692,0.0,False,2466,True
146,217,15:27,global_od_time_adjusted,28.52767259680271,28.49634913852606,3.905,3.4462802007704165,4.9016291467814055,1.7946935671584723,0.275,0.0,False,2467,True
110,188,07:47,spatial_gravity_time_fallback,82.87790856402928,67.53931662796131,12.29934048956749,29.007267997410242,20.261794988388395,3.0748351223918724,0.10550000000000001,0.0,False,2468,True
221,262,09:42,spatial_neighbor_gravity_eb,65.93668123647917,59.80689776289375,15.876811655808497,1.3448496876169609,3.2235980358413747,0.25,0.1419037590344659,0.0,False,2469,True
160,169,21:18,global_od_time_adjusted,51.18918869214515,45.46894217446958,15.051654221962522,10.816196139087467,8.363437429831732,1.5748396565188334,0.20946315958230105,0.0,False,2470,True
25,90,03:14,temporal_same_od_eb,21.263217073938534,15.860994066631624,5.109804364263302,2.276356980406822,1.535105134799549,0.3863913806226703,0.21602072182725374,0.19858823216385701,True,2471,True
173,172,06:45,spatial_neighbor_gravity_eb,79.30391667921599,57.694344733251285,20.67712362764786,1.126449683247275,7.758011361897409,0.25,0.14204163055608968,0.0,False,2472,True
170,4,12:55,full_observed_sparse_eb,18.33253186635716,17.060902504380884,2.3985430762048687,4.249410563998147,4.178353399284045,0.5045229504281387,0.6632027382642707,19.72192616995794,True,2473,True
160,28,23:20,full_observed_sparse_eb,18.536041035814016,14.574983528864523,4.796452347796416,3.817621028630396,3.750692620909078,1.0492482186486551,0.14393179771855555,1.6998997298849332,True,2474,True
260,246,01:20,global_od_time_adjusted,42.62167657318834,25.004556668181515,6.142777777777777,21.14796818451676,10.340807315769908,1.202260858898564,0.38529411764705884,0.0,False,2475,True
127,227,16:58,global_od_time_adjusted,78.16632047829414,76.9571441388343,18.9,0.5,1.0,0.1,0.21372549019607845,0.0,False,2476,True
141,63,14:46,temporal_same_od_eb,39.86251412554683,113.59792215079649,8.12840965313471,0.5,1.0,0.1,0.1563626653887559,0.0,False,2477,True
204,136,03:16,spatial_gravity_time_fallback,160.1945755812286,110.5340670241946,27.460115639272132,56.06810145343,33.160220107258375,6.865028909818033,0.10550000000000001,0.0,False,2478,True
21,136,15:20,global_od_time_adjusted,82.31292299083817,118.09640265741814,29.1,0.5,1.0,0.1,0.21372549019607845,0.0,False,2479,True
106,167,02:02,spatial_neighbor_gravity_eb,51.63094377182484,45.01673980176592,13.65118361775754,4.183738679661531,11.232605678544479,1.2009543376993097,0.2631369867142329,0.0,False,2480,True
195,249,15:37,full_observed_sparse_eb,30.484068957960062,32.30701437022955,5.1773170665833135,3.4229696687187277,8.239673549154684,0.5598501916467287,0.1347067081734452,0.5256080830275778,True,2481,True
235,204,18:04,spatial_gravity_time_fallback,199.09830961231256,176.49165456755458,26.437977495318144,69.68440836430939,52.94749637026637,6.609494373829536,0.10550000000000001,0.0,False,2482,True
54,119,00:08,global_od_time_adjusted,36.610651884119704,37.849535518747665,14.419999999999998,0.5,1.0,0.1,0.18321560887342234,0.0,False,2483,True
216,37,09:41,temporal_same_od_eb,36.9534263962299,57.587001861919866,7.273762657534379,3.314253676195746,3.6794746127296056,0.37317647043627583,0.17312165408360136,0.0,False,2484,True
44,41,13:07,spatial_gravity_time_fallback,178.4335447304403,158.85944132633088,24.292498822034354,62.451740655654106,47.65783239789926,6.073124705508588,0.10550000000000001,0.0,False,2485,True
185,28,16:29,temporal_same_od_eb,51.67227248127191,52.45898994291966,13.107943072593589,0.5,1.0,0.1,0.16223379767618296,0.0,False,2486,True
31,233,11:14,global_od_time_adjusted,43.946444872676416,49.25054033023455,12.06,0.5,1.0,0.1,0.21372549019607845,0.0,False,2487,True
41,150,08:40,global_od_time_adjusted,79.29081842368333,101.54170118213932,16.009999999999998,20.126567019737845,40.99379323340651,6.999807140200372,0.2518518518518519,0.0,False,2488,True
159,201,06:09,global_od_time_adjusted,67.22346911895735,53.69468790482172,25.04,0.5,1.0,0.1,0.21372549019607845,0.0,False,2489,True
35,254,16:57,temporal_same_od_eb,67.58486529428036,121.8393114641769,20.758022443867844,1.50557891728804,7.618275526678077,1.5398608632506154,0.1889018807830773,0.44954224314508906,True,2490,True
232,205,13:11,temporal_same_od_eb,54.67883896775858,126.31277528505203,18.909401922180017,1.8427469148856266,11.096138190768507,1.3731379632927527,0.14125371617695612,0.2896107683823175,True,2491,True
198,149,05:56,temporal_same_od_eb,30.591097664354784,22.10865727384007,9.94195574705433,0.5,1.0,0.1,0.15727845070216023,0.0,False,2492,True
216,162,06:09,temporal_same_od_eb,32.61088495516754,46.2071434137834,12.905295793323642,0.5,4.361234336257025,0.5066197416545519,0.16862267443495188,0.0,False,2493,True
259,166,09:48,full_observed_sparse_eb,52.918049601853,40.79430412754726,10.668813756765617,10.494887088216991,17.35218052822659,1.1088354895427064,0.09090909090909091,1.0,True,2494,True
12,79,16:44,observed_sparse_eb,22.07905993244717,23.81031223484409,3.3886055488178344,4.380205060421583,3.3774356424420726,0.6087116889079391,0.8429456530792279,7.937620261185373,True,2495,True
196,214,17:27,spatial_neighbor_gravity_eb,77.7285886670372,71.38795479631489,16.596601754057314,1.0,2.0,0.25,0.12637895835993343,0.0,False,2496,True
234,187,05:56,spatial_neighbor_gravity_eb,64.36036060796023,33.69085141805469,15.356130314495722,26.16316578210534,4.464454149215425,2.242842750584866,0.22859231109084988,0.0,False,2497,True
6,192,13:40,spatial_gravity_time_fallback,123.69180723853276,109.86953900514347,16.72126918313162,43.292132533486466,32.96086170154304,4.180317295782905,0.10550000000000001,0.0,False,2498,True
195,198,08:56,full_observed_sparse_eb,45.17621108483401,37.90247891679689,9.726523870032215,3.2273025007663123,6.503531086695832,0.7918361559981145,0.10801233983095171,0.7586641315707254,True,2499,True
174,203,03:04,spatial_neighbor_gravity_eb,62.26542978050654,62.62364420622515,18.45637442209626,9.176226131098105,11.103300080670063,1.7661177725598487,0.2059369243209278,0.0,False,2500,True
26,74,15:38,temporal_same_od_eb,65.5903973154121,67.01508221399672,16.05,0.5,1.0,0.1,0.15465066073853861,0.0,False,2501,True
13,208,00:53,global_od_time_adjusted,51.267244303040755,44.50150644446575,17.053870967741933,11.665529270160238,8.457964325185195,2.047827609647515,0.5875,0.0,False,2502,True
138,31,12:19,temporal_same_od_eb,68.42571053257082,40.63845696459645,10.39004765431191,0.5,1.0,0.1,0.16278465125293273,0.0,False,2503,True
176,124,03:59,spatial_neighbor_gravity_eb,79.0533298963254,60.94826766132107,18.806884493601025,1.0,2.0,0.25,0.12646251501184605,0.0,False,2504,True
99,12,15:01,spatial_gravity_time_fallback,92.83963349383065,84.61877363618527,12.507992359367194,32.49387172284072,25.385632090855584,3.1269980898417984,0.10550000000000001,0.0,False,2505,True
110,125,09:55,spatial_gravity_time_fallback,101.0383640740719,86.22931422351587,13.982090578534702,35.36342742592517,25.86879426705476,3.4955226446336756,0.10550000000000001,0.0,False,2506,True
41,87,18:37,full_observed_sparse_eb,47.79633923891855,49.83035538316099,9.480517651975898,7.509683473573205,10.223082345756625,1.1489709247830917,0.199814724438602,2.517109701242191,True,2507,True
120,131,19:34,spatial_neighbor_gravity_eb,59.08107152362814,67.29252109544205,12.96424098352165,5.2876389463946625,22.650981747494193,3.041388864439007,0.19755352410365357,0.0,False,2508,True
195,39,07:26,temporal_same_od_eb,56.74874506194689,81.05967545613827,20.888643334827357,0.5,1.0,0.1,0.16378357941438604,0.0,False,2509,True
80,166,02:11,full_observed_sparse_eb,40.095194848982175,29.10760679840395,10.909776196629698,5.913491904764445,3.5000138552034663,1.4209792844448206,0.3363246162286631,5.589270323476001,True,2510,True
1,147,23:13,spatial_gravity_time_fallback,105.8917448322529,78.67102821209508,16.914595570956298,37.06211069128851,23.601308463628524,4.228648892739074,0.10550000000000001,0.0,False,2511,True
138,28,01:55,full_observed_sparse_eb,31.71038095561537,19.369203254310843,7.270415293330181,6.697094673766066,5.66114474407893,1.014047149941122,0.13956107241418073,1.6422061558671857,True,2512,True
190,233,20:18,temporal_same_od_eb,35.67871126408077,34.58356205300411,10.55,0.5,1.0,0.1,0.15189515501062179,0.0,False,2513,True
136,222,12:11,temporal_same_od_eb,70.52227102240677,78.846038793503,20.1,0.5,1.0,0.1,0.15273758829623335,0.0,False,2514,True
43,128,09:51,temporal_same_od_eb,35.95332732707968,41.34477470810374,7.929720300424066,0.5,1.0,0.1,0.16373387876795598,0.0,False,2515,True
164,236,05:45,observed_sparse_eb,21.110568713541422,13.812981377333866,2.8660047927431944,0.6283251257354274,1.2512753348209407,0.28869936887427783,0.995,2.132149324668255,True,2516,True
104,123,08:04,spatial_neighbor_gravity_eb,48.30387071091859,46.082903298424185,9.40161758936528,7.025627721089876,25.686820954547485,2.2686627054090973,0.1984867440820401,0.0,False,2517,True
161,33,17:30,full_observed_dense_eb,44.34090827893398,35.262604425357225,6.826881142182252,4.688139174775407,7.484494941465163,0.6303544268934138,0.7500067789355708,30.001247324145027,True,2518,True
192,104,05:49,spatial_neighbor_gravity_eb,48.99486314101374,32.32545877695692,13.09280637391802,7.131441929932553,7.4167639566749815,0.2983957104249036,0.1447427869404823,0.0,False,2519,True
119,46,09:23,global_od_time_adjusted,54.43978082211891,40.33528071534964,10.1,0.5,1.0,0.1,0.21372549019607845,0.0,False,2520,True
79,206,02:39,global_od_time_adjusted,62.67850772963179,45.739103497777535,17.95124021562719,8.172851937780392,3.3080382751484105,0.48863167545989217,0.2553596917706907,0.0,False,2521,True
164,93,01:27,temporal_same_od_eb,38.7005990384418,26.99081294697946,10.08207347739984,6.000935676066973,4.844199776924568,1.6542439736549328,0.194258755274134,0.5725241069979701,True,2522,True
134,37,08:49,temporal_same_od_eb,36.075365557673635,35.97415583167606,6.538061198117605,4.887069712419117,3.6207010761351253,0.6350545138429748,0.19607421481931825,0.5403569451932952,True,2523,True
16,18,18:42,global_od_time_adjusted,45.75057249030986,43.691894579371194,11.6,0.5,1.0,0.1,0.21372549019607845,0.0,False,2524,True
42,33,01:57,global_od_time_adjusted,38.42449463024964,36.83509364857941,11.035714285714286,8.62610705373488,14.374792072471248,2.657382477674798,0.4070422535211268,0.0,False,2525,True
109,138,04:35,spatial_gravity_time_fallback,116.3652387167569,68.03749655852464,21.165562054035043,40.727833550864915,20.41124896755739,5.291390513508761,0.10550000000000001,0.0,False,2526,True
111,1,15:17,spatial_neighbor_gravity_eb,105.14373478336476,65.8421609798696,16.240194209229585,1.650461215002669,11.24916690091032,1.0361574311957542,0.1390400255836206,0.0,False,2527,True
92,109,13:19,spatial_gravity_time_fallback,163.7195834100152,145.6865544886301,22.2446779457168,57.301854193505314,43.70596634658903,5.5611694864292,0.10550000000000001,0.0,False,2528,True
155,218,03:28,global_od_time_adjusted,33.164251923533556,29.778295428071704,11.398333333333333,2.9655489467474796,14.024828522201998,1.4152787318718836,0.275,0.0,False,2529,True
93,99,01:37,spatial_neighbor_gravity_eb,112.95736315916929,74.56290634938779,24.690950624095237,1.0,2.0,0.25,0.12383197090591508,0.0,False,2530,True
233,139,04:40,global_od_time_adjusted,54.39357886803689,33.124219813243755,17.503333333333334,10.722872749408177,1.6081580859528863,1.9931605276266269,0.23962264150943396,0.0,False,2531,True
38,52,01:37,spatial_neighbor_gravity_eb,68.95325886143593,82.19474208260627,17.59731282102594,3.120753806765125,15.992047809826389,2.074905150195152,0.2362851358724895,0.0,False,2532,True
44,44,10:13,global_od_eb,6.631767695916388,1.4305659801396216,0.10872340425531915,0.0,0.0,0.0,0.05,0.0,False,2533,True
33,47,19:49,temporal_same_od_eb,53.55377351435243,46.23299440991231,13.672916834038322,1.1345992625354457,2.00927894224989,0.35828226992773093,0.14600554139872568,0.28225730696858875,True,2534,True
128,258,08:35,spatial_neighbor_gravity_eb,65.31571829946233,74.13851625180035,15.95498003564164,3.355674322464071,20.80051807394651,1.650534316638623,0.18570365885234988,0.0,False,2535,True
70,168,19:01,full_observed_sparse_eb,37.50302715729911,23.747576104797695,6.5436141141777115,7.500716966636421,7.8503194906745,1.009532675323992,0.0946410811700702,0.9657850398409096,True,2536,True
126,111,06:56,spatial_neighbor_gravity_eb,56.22434635089099,45.15364791776491,15.21809418152857,2.7266083708077185,2.3851027793623856,1.6642073052969282,0.15081921402271606,0.0,False,2537,True
214,33,03:46,spatial_eb,43.88359972678265,27.045141580071075,10.34565866194798,6.612231090940474,11.498190947350302,0.6732508200267404,0.1105190567921857,0.0,False,2538,True
53,99,05:17,spatial_gravity_time_fallback,123.71596201431394,71.53583336882801,22.89605946303503,43.30058670500988,21.4607500106484,5.7240148657587575,0.10550000000000001,0.0,False,2539,True
62,83,00:14,full_observed_sparse_eb,33.0716924766053,27.809008019439574,7.537697192970073,5.486978681570434,6.917941689053034,1.9763977438197067,0.0982237408449609,0.9047118916573211,True,2540,True
244,84,17:33,spatial_gravity_time_fallback,190.6957615032021,171.25907975568407,25.176789830885767,66.74351652612073,51.37772392670523,6.294197457721442,0.10550000000000001,0.0,False,2541,True
96,229,11:11,global_od_time_adjusted,45.40981974832159,41.736686814910634,10.8,0.5,1.0,0.1,0.21372549019607845,0.0,False,2542,True
123,235,22:07,spatial_neighbor_gravity_eb,76.58321980041356,83.36159114881208,20.79748786612679,1.0,12.525505656055989,1.265780762459515,0.16909452673984346,0.0,False,2543,True
36,117,12:39,temporal_same_od_eb,63.306021731085195,60.31515344292832,11.2,0.5,1.0,0.1,0.15482397022318106,0.0,False,2544,True
242,159,15:25,observed_sparse_eb,26.702935324986225,28.472299397296602,5.290286348578275,6.249029014018081,10.665813996007005,2.3964794767721393,0.6593664547018929,1.0,True,2545,True
150,80,11:19,global_od_time_adjusted,75.99431625708729,82.06949510921129,15.174000000000001,11.952191430863245,42.36446490593109,2.5734459388143254,0.26363636363636367,0.0,False,2546,True
2,13,15:20,spatial_neighbor_gravity_eb,75.2888281950194,97.17573669223427,16.104862140248276,7.553400224276258,41.146248122019365,2.8568058339225213,0.1792149248018684,0.0,False,2547,True
22,75,07:46,temporal_same_od_eb,48.11272322199942,80.56102392155177,15.016675324007963,0.5678907877791669,13.109613198609548,0.32025741626299764,0.1892095665417796,0.15790803794964603,True,2548,True
232,164,21:20,observed_sparse_eb,21.07351684942646,18.201838107857924,3.0671961808994275,4.537908718003414,3.882277502711574,1.0516547630525153,0.9549137357576263,15.0,True,2549,True
133,99,09:25,spatial_neighbor_gravity_eb,64.18734906971738,55.91680387777339,14.910209668173277,4.892077495525093,6.634609396088533,0.6787406639423141,0.13124958090778877,0.0,False,2550,True
108,69,02:16,global_od_time_adjusted,58.26963092732267,97.83058868454933,19.533333333333335,0.5,7.8162385982256275,1.744196726926817,0.23962264150943396,0.0,False,2551,True
137,149,15:04,full_observed_sparse_eb,66.23831766141016,70.86754600117368,13.625225233707283,8.522412147277985,17.88013498548847,2.193013589515635,0.11459242581344198,0.7397430911198768,True,2552,True
61,140,18:01,temporal_same_od_eb,53.59100601018025,70.69129759869104,5.817613908589787,0.5,1.0,0.1,0.17034381118086236,0.0,False,2553,True
21,247,02:59,spatial_neighbor_gravity_eb,64.71848225719017,65.42026369388097,17.26019753160613,5.94710285349786,15.128642475999488,2.566863624105051,0.215117108881825,0.0,False,2554,True
12,64,07:39,spatial_neighbor_gravity_eb,78.71911157306455,61.014117495552966,17.1890766239036,12.634144555828657,5.145538307828582,0.8794924679107852,0.22670398991499263,0.0,False,2555,True
249,139,10:53,global_od_time_adjusted,75.61701834604133,98.95067971400007,18.804210526315792,17.813551861346998,42.755577536129685,6.957818257402746,0.3927536231884058,0.0,False,2556,True
249,44,13:44,global_od_time_adjusted,154.71890921386856,107.23587293259794,27.39,0.5,1.0,0.1,0.21372549019607845,0.0,False,2557,True
16,100,06:30,global_od_time_adjusted,39.31807038675535,30.16861060537436,12.705,0.5,1.3492134308346537,0.19500000000001189,0.22692307692307692,0.0,False,2558,True
25,115,10:53,global_od_time_adjusted,47.95658545181021,40.19052448662573,10.54,0.5,1.0,0.1,0.21372549019607845,0.0,False,2559,True
158,82,09:44,temporal_same_od_eb,45.28269066236931,53.13697316375812,9.269843565157304,1.3176090109029288,1.3738114680507931,0.28788856064773133,0.15649364888973646,0.07456727501764249,True,2560,True
163,130,22:29,temporal_same_od_eb,50.801193317959736,33.1632497949796,11.262047483068386,0.7930604016262996,1.0,0.10755483302226689,0.16506891838619686,0.0,False,2561,True
28,34,08:00,full_observed_sparse_eb,56.054590422593236,60.547092467882564,11.885932220614427,5.842092606554254,10.354980963856582,0.3886200165832844,0.0919531916413349,0.9852671876498462,True,2562,True
18,219,09:44,global_od_time_adjusted,63.418431097608504,76.01032617238167,19.25,3.5904623038761714,20.589393618776608,2.903848021734833,0.3615384615384616,0.0,False,2563,True
78,260,23:28,temporal_same_od_eb,33.77789326947862,28.948815236547475,10.617441904310288,0.723159292061917,1.6604403085911494,0.5964401686828784,0.15624148260495835,0.1489134718978562,True,2564,True
209,47,19:33,global_od_time_adjusted,47.09513387900602,89.67037763270194,11.4,0.5,1.0,0.1,0.21372549019607845,0.0,False,2565,True
213,157,19:08,global_od_time_adjusted,38.67218603741834,43.744480049549544,12.22,0.5,1.0,0.1,0.21372549019607845,0.0,False,2566,True
248,104,02:21,spatial_neighbor_gravity_eb,56.26617880335068,42.455996495312775,13.871507979391211,5.105563240231246,5.680667250232366,0.6237756006770799,0.1447427869404823,0.0,False,2567,True
139,86,22:39,full_observed_sparse_eb,24.961850462422237,22.634998106264355,6.204625427692115,4.979539953092402,5.31371356862248,0.4680736462632311,0.12258904884949014,0.6245368393369972,True,2568,True
215,143,00:26,temporal_same_od_eb,62.352348939677974,37.08456848478924,14.21,0.5,1.0,0.1,0.1603773222709372,0.0,False,2569,True
9,132,02:18,temporal_eb,50.01657311272854,28.817758765760185,11.132212972820252,10.774572948484884,6.546255762355519,2.3256368436183408,0.38006534843168915,0.0,False,2570,True
86,100,17:28,global_od_time_adjusted,73.39124495436364,119.66536004162764,20.038125,5.966634179962784,46.69566456374718,1.5118458037693479,0.3696969696969697,0.0,False,2571,True
20,26,00:49,spatial_neighbor_gravity_eb,69.17047422739753,73.26167008919325,16.624621489154475,6.385711180454745,14.505415694008521,5.954103375857552,0.1487078382594934,0.0,False,2572,True
126,188,11:48,global_od_time_adjusted,69.01666402561021,65.05908199123739,16.52,0.5,1.0,0.1,0.21372549019607845,0.0,False,2573,True
114,257,15:40,full_observed_sparse_eb,40.387916319170635,30.36805881033081,6.042452796644749,4.9213916556493436,5.711330844144755,0.8924120180116817,0.12187644552580354,0.6488514179052203,True,2574,True
153,211,13:59,global_od_time_adjusted,53.73900836771786,70.18999834266948,12.77,0.5,1.0,0.1,0.21372549019607845,0.0,False,2575,True
153,115,06:33,spatial_gravity_time_fallback,114.72129715884498,81.30213237246205,20.091114921882056,40.152454005595736,24.390639711738615,5.022778730470514,0.10550000000000001,0.0,False,2576,True
79,148,05:06,observed_dense_eb,10.580857509664458,5.796664929041821,0.9248146174465282,3.991017220258994,2.929827476114063,0.31364359428361693,0.995,23.41517042636954,True,2577,True
44,155,06:45,spatial_gravity_time_fallback,104.91661394155564,75.41690304973815,17.83889248355173,36.72081487954447,22.625070914921448,4.459723120887933,0.10550000000000001,0.0,False,2578,True
166,39,13:36,global_od_time_adjusted,72.85740294540045,101.66770789098209,17.03846153846154,22.678572114136568,21.931454150528204,5.747579886892658,0.34444444444444444,0.0,False,2579,True
236,258,18:49,temporal_same_od_eb,72.30699450423312,58.45878843758992,12.499607586797351,3.4931055563419386,7.438641688531741,0.7867501134379493,0.14858594906276168,0.27678614286250536,True,2580,True
6,78,16:09,spatial_gravity_time_fallback,147.3969406795554,132.2446106314126,19.507656800378506,51.58892923784438,39.673383189423774,4.876914200094626,0.10550000000000001,0.0,False,2581,True
249,60,05:58,global_od_time_adjusted,35.404062474252214,25.22009671542962,11.111666666666666,13.216128929792127,9.067652619516517,3.3550728589538714,0.3354838709677419,0.0,False,2582,True
209,81,00:40,global_od_time_adjusted,48.245352024850604,67.25767774142497,16.5,0.5,13.673851423434133,0.39999999999996017,0.22692307692307692,0.0,False,2583,True
149,131,23:00,spatial_neighbor_gravity_eb,59.92268661787103,67.89518683126254,15.840150535495235,9.039081176075403,17.644800808806792,1.6109710034837559,0.18082290365445558,0.0,False,2584,True
86,7,18:14,global_od_time_adjusted,79.36876750046221,79.61739458980925,18.204,9.67287671791592,21.926526643038038,1.5637723619504182,0.26363636363636367,0.0,False,2585,True
189,95,04:24,global_od_time_adjusted,33.83851020966532,22.442690910087556,9.998571428571429,7.073396263032201,5.518606813157215,1.3369841175617063,0.4070422535211268,0.0,False,2586,True
210,136,11:09,full_observed_sparse_eb,85.50856615434289,107.79365017266409,17.320551843835446,0.8501468659721064,11.820680577853393,5.253870238859503,0.12603966834184094,0.5806295252398357,True,2587,True
178,20,19:11,spatial_neighbor_gravity_eb,88.37193951231018,113.41235651028643,19.49854155993515,7.760297817881785,28.274991462945618,10.938921336219577,0.1378782168552696,0.0,False,2588,True
221,32,21:56,spatial_gravity_time_fallback,130.06418235753011,102.29469488758411,20.160171438945163,45.52246382513553,30.688408466275234,5.040042859736291,0.10550000000000001,0.0,False,2589,True
207,171,18:58,spatial_neighbor_gravity_eb,43.16194732030278,37.17146994261373,8.500288907630049,6.153214999234836,7.391878106220801,1.3923469766978296,0.3892307692307692,0.0,False,2590,True
199,184,07:55,spatial_neighbor_gravity_eb,41.69778986794742,31.437569759302818,8.659817747191017,7.936516234790004,8.260492685847234,1.3948801445021692,0.21838330309109083,0.0,False,2591,True
85,29,21:31,temporal_same_od_eb,30.952975248071187,31.177915745399307,7.661845487925199,0.5122143678750796,1.0122694949858426,0.1,0.17403827648747752,0.0,False,2592,True
136,29,19:57,spatial_neighbor_gravity_eb,88.15349287181319,106.11954161092771,22.468995045815362,1.299038105676658,21.247682640742696,2.9810862114336834,0.14244072215154613,0.0,False,2593,True
12,126,12:26,global_od_time_adjusted,54.62429635224847,47.83410356442465,12.219999999999999,0.5,1.0,0.1,0.21372549019607845,0.0,False,2594,True
73,60,05:35,spatial_neighbor_gravity_eb,28.237980123269203,19.644464083829583,8.616614172748069,4.087418373566104,2.0,0.6259214117132584,0.16999224426670026,0.0,False,2595,True
207,228,20:33,global_od_time_adjusted,76.91529574546679,43.35966122088004,11.32,0.5,1.0,0.1,0.21372549019607845,0.0,False,2596,True
215,116,15:43,temporal_same_od_eb,97.60966150824024,62.11427985473607,14.779253083226195,2.19370148414958,3.2092318671041817,0.5555401846201234,0.16530411650726712,0.0,False,2597,True
188,89,13:24,observed_sparse_eb,15.220751078161133,16.467161335905075,1.7966100686481878,3.8111082872479267,9.362664135733045,0.6702711305196175,0.9397262797322044,10.15533571426753,True,2598,True
176,16,08:06,spatial_gravity_time_fallback,155.29807847836386,132.2974342726355,22.988415423883623,54.35432746742735,39.68923028179065,5.747103855970906,0.10550000000000001,0.0,False,2599,True
139,238,15:23,global_od_time_adjusted,83.52144146693045,111.3038380681549,21.05333333333333,11.643691663538506,27.108076911653306,0.782531504513147,0.23962264150943396,0.0,False,2600,True
23,119,21:13,spatial_gravity_time_fallback,132.43218597585232,104.22799216844103,20.492988673679086,46.351265091548306,31.268397650532307,5.123247168419772,0.10550000000000001,0.0,False,2601,True
74,82,00:19,temporal_same_od_eb,27.932307059967826,19.159344064238198,7.316458592165867,2.246098062192673,1.0,1.0069345944069197,0.18210444372129217,0.0,False,2602,True
159,41,16:40,observed_sparse_eb,19.730526195921833,23.86706924003569,2.8250280718975143,2.345953857202707,8.797765624797766,0.4850350981174061,0.8364682080899155,3.0,True,2603,True
111,147,05:30,spatial_neighbor_gravity_eb,53.99207107875217,37.1405343963313,14.649519721016091,8.976905679654521,10.418314561821871,1.512370713500637,0.16152121854547424,0.0,False,2604,True
24,225,07:30,global_od_time_adjusted,48.88672500514415,66.35756397156642,11.19909090909091,10.435357965482924,21.333729134515345,3.000346811909502,0.3262295081967213,0.0,False,2605,True
239,110,23:30,spatial_neighbor_gravity_eb,94.90067386735745,67.54705964659244,20.91764706742932,5.807630258836359,2.0,0.6030172333031587,0.1351527056160106,0.0,False,2606,True
6,215,13:43,spatial_neighbor_gravity_eb,91.30110163090714,91.0229275051383,20.262533728543218,1.0,2.0,0.25,0.13078936072711644,0.0,False,2607,True
105,127,07:21,spatial_neighbor_gravity_eb,58.92428291663678,52.74346044345647,13.372748041466526,13.260426289934143,19.804234633003766,3.1666226403058033,0.3350442342726965,0.0,False,2608,True
231,186,20:45,observed_dense_eb,19.32228916403887,15.235475522665187,2.624831738069059,3.990143328449024,4.165081375056694,0.4424929671249772,0.9942175239780557,105.6627107167305,True,2609,True
245,152,01:38,spatial_gravity_time_fallback,93.97450555186512,68.55881293914945,15.145870084480269,32.8910769431528,20.567643881744832,3.786467521120067,0.10550000000000001,0.0,False,2610,True
77,254,23:52,temporal_same_od_eb,50.595029909566165,50.68920945690829,19.20685130554253,2.985188888272494,8.730488592760574,0.9739646175684371,0.12919734855256101,0.45973247824160524,True,2611,True
238,1,09:47,full_observed_sparse_eb,124.18114206617406,72.82370932581146,19.80765129794965,14.095158490699085,12.374704337761967,3.278282442069415,0.31649427238836436,4.671638311573105,True,2612,True
17,258,15:29,global_od_time_adjusted,36.49827845022859,38.22545052831881,6.22995301669817,5.278320386110543,6.135150721732345,1.6588452686505917,0.4668786239123593,0.0,False,2613,True
79,135,00:52,temporal_same_od_eb,40.54017932141396,32.50949470961876,12.457835298497704,6.173077957402855,3.7536770611832404,0.5393027403668686,0.13247712946332033,0.4375708430829275,True,2614,True
154,129,22:13,global_od_time_adjusted,51.47721224255094,57.267340869953294,19.2,0.5,1.0,0.1,0.21372549019607845,0.0,False,2615,True
102,89,02:20,global_od_time_adjusted,31.44096847239787,32.411772510573414,7.811111111111111,13.049023330370108,7.211820190202533,0.9464723326876551,0.30677966101694915,0.0,False,2616,True
17,255,11:48,observed_sparse_eb,18.430834859352757,19.576442546896747,2.3783821918472268,1.742353677161622,1.629990578907262,0.24487557499828555,0.896326546224971,2.39804503207678,True,2617,True
257,37,10:21,temporal_same_od_eb,42.17699532911981,44.447193266770654,5.608226910629745,0.5,1.0,0.1,0.16446347317207,0.0,False,2618,True
207,175,09:10,spatial_neighbor_gravity_eb,52.83559552580405,43.81914206902384,12.175515462524544,6.412021410154621,10.017230796540908,1.5740305323244808,0.3739592212029238,0.0,False,2619,True
182,232,03:20,global_od_time_adjusted,38.41086025999021,35.75121928457084,12.349999999999998,6.954924266701656,13.777393117125193,1.1775228235580113,0.3615384615384616,0.0,False,2620,True
222,73,16:37,spatial_neighbor_gravity_eb,64.06192265532344,73.1732938729906,12.825446322534393,3.7611184889676066,13.82201701160941,1.467851603124554,0.2833314780266641,0.0,False,2621,True
147,21,05:15,global_od_time_adjusted,59.01008498321058,42.45228778433265,20.69,0.5,1.0,0.1,0.21372549019607845,0.0,False,2622,True
137,43,14:07,full_observed_sparse_eb,25.199114625543064,22.770910082147015,3.008497239452679,5.649843781860344,6.406488583855395,0.8326043883082512,0.5489464387564957,12.447321937824789,True,2623,True
43,221,09:23,global_od_time_adjusted,115.74755758935096,73.23062546214595,20.22,0.5,1.0,0.1,0.21372549019607845,0.0,False,2624,True
10,194,00:05,global_od_time_adjusted,56.67559626469159,34.45201245910791,13.122222222222222,22.43288563748972,9.140724260899386,1.5887016206658102,0.30677966101694915,0.0,False,2625,True
150,7,14:30,global_od_time_adjusted,73.08876642005673,84.84863152315073,20.81,2.720000000000007,40.134196908437346,1.409999999999991,0.22692307692307692,0.0,False,2626,True
105,222,20:30,spatial_neighbor_gravity_eb,51.91635362928301,41.74734931439183,13.39307183481586,10.069119112072539,11.890650945923722,2.588935000018939,0.18826061594646193,0.0,False,2627,True
201,34,16:25,global_od_time_adjusted,85.92568289209844,76.6373445675476,16.134999999999998,1.1900000000001554,12.769240320914648,1.7750000000000294,0.22692307692307692,0.0,False,2628,True
238,238,05:38,observed_sparse_eb,9.084980453406587,3.672892012053209,0.6593991607821812,9.880373120882263,1.500723300799515,0.17199223908204872,0.995,13.921869859822678,True,2629,True
220,62,22:39,global_od_time_adjusted,51.44409566181088,70.75254818596272,11.37,2.5,37.77459792037918,8.37,0.22692307692307692,0.0,False,2630,True
188,87,12:27,temporal_same_od_eb,38.592670110447756,40.33383259942241,6.51428333987169,1.5345702085305983,3.771574085765278,0.2502120144150655,0.1489258198277066,0.23113777807053282,True,2631,True
247,192,19:17,global_od_time_adjusted,47.49620976321709,45.5493355025914,12.95,0.5,1.0,0.1,0.21372549019607845,0.0,False,2632,True
229,195,07:14,temporal_same_od_eb,30.195966385997437,23.82821393461891,8.481201600820551,1.0670187179990573,1.4020210711795886,0.15577944251047401,0.1550300901413004,0.09521886134283619,True,2633,True
223,168,20:25,temporal_same_od_eb,18.005096536423185,14.67626234021165,4.58,0.5,1.0,0.1,0.15264505335695575,0.0,False,2634,True
164,19,15:53,global_od_time_adjusted,69.63954728541712,50.94902116649819,12.4275,22.66517303595981,22.692104947015224,5.182428846593071,0.2518518518518519,0.0,False,2635,True
236,20,10:08,temporal_same_od_eb,54.8073812816304,35.26552641365703,9.457456129075405,2.731310204166979,4.9619109358140765,0.36899734729659955,0.18504183523008716,0.0,False,2636,True
218,240,03:16,global_od_time_adjusted,52.138179830993934,46.391511417087685,19.35,0.5,1.0,0.1,0.21372549019607845,0.0,False,2637,True
29,146,04:47,spatial_neighbor_gravity_eb,65.91182819367654,54.0658922343694,16.60615323996836,8.97001965932799,9.893371186742227,2.4547288136897665,0.19138842890933128,0.0,False,2638,True
171,214,08:17,spatial_neighbor_gravity_eb,91.83308894837221,87.61476063614856,25.083807681500595,1.0,2.0,0.25,0.12650748559043404,0.0,False,2639,True
24,221,12:08,spatial_neighbor_gravity_eb,85.4001623332054,89.47037611402763,16.921011098828046,1.5596102900088713,4.454138656318186,2.262107166327618,0.1422126998926682,0.0,False,2640,True
76,212,14:05,temporal_same_od_eb,58.90676215230227,77.03799056754005,16.84313306236685,2.214081571411308,8.304615940709631,0.7486113354671432,0.14651820649357028,0.33973408412862227,True,2641,True
63,135,12:11,temporal_same_od_eb,31.457410313545722,24.935734274985133,6.274907673134543,0.6445888390856109,1.1083287779318813,0.4451558333991087,0.18005781509389027,0.0,False,2642,True
163,232,09:51,full_observed_sparse_eb,33.11658783483518,28.61226475400515,5.242734221139045,6.455526737058079,8.687873323164487,1.01714034925606,0.4643156541075108,8.965405463620904,True,2643,True
136,168,08:18,observed_sparse_eb,24.792498240002335,22.748209931467297,5.15369853757817,2.070957447524336,4.920228736515627,0.8665190234828566,0.6765598020092277,1.7970582259224344,True,2644,True
124,228,15:33,temporal_same_od_eb,122.78998079321482,77.1988842431021,18.85,0.5,1.0,0.1,0.15544372214313906,0.0,False,2645,True
247,16,23:16,temporal_same_od_eb,44.972890498879806,36.144235464756925,13.114968914589376,0.5,1.0,0.1,0.16585143323360024,0.0,False,2646,True
251,18,17:53,spatial_gravity_time_fallback,161.22664350493787,143.06247203499152,21.255964661279414,56.429325226728245,42.91874161049746,5.3139911653198535,0.10550000000000001,0.0,False,2647,True
136,73,06:28,global_od_time_adjusted,36.273002925903015,67.14328042420794,15.1,0.5,1.0,0.1,0.21372549019607845,0.0,False,2648,True
106,151,06:47,global_od_time_adjusted,38.79669914384244,30.744287564768502,10.698571428571428,5.246384955570904,6.5065572257162785,1.1111696356468992,0.28596491228070176,0.0,False,2649,True
235,180,09:29,spatial_neighbor_gravity_eb,64.71938439488633,75.05598695672026,15.050709883538097,3.891584850869104,23.386491934655663,4.290168006132282,0.2432586886101008,0.0,False,2650,True
54,122,20:31,spatial_neighbor_gravity_eb,72.48768335088108,74.12667896169758,17.928508553049042,3.720748093587503,10.714116526098342,0.7456194448416066,0.17307553053905964,0.0,False,2651,True
105,194,11:45,spatial_neighbor_gravity_eb,51.62687495972227,59.02133026946802,10.406854412302986,5.0371075064255475,2.2214889366637918,0.318880879902653,0.14531050095939232,0.0,False,2652,True
151,48,00:07,observed_dense_eb,20.423967179403597,15.039228778018689,3.1854495468767072,4.323077409104332,3.172496132153625,0.584163066780193,0.9858535407151752,24.226322344551534,True,2653,True
17,25,00:41,observed_sparse_eb,18.587709819599326,17.300595924766768,2.40665844430946,4.38294288586783,2.939759802945537,0.4895959110774034,0.880672701676724,5.717715061375273,True,2654,True
99,227,06:49,spatial_neighbor_gravity_eb,44.23365706079306,33.237711137329384,11.070616491527236,10.442639813275793,4.262289042208318,1.0070525080813533,0.1441376440935835,0.0,False,2655,True
136,124,08:21,spatial_neighbor_gravity_eb,69.41072237617544,82.97558271120309,16.810180240742085,2.9927711976781914,24.845242038506576,4.273764414884366,0.25224778714101415,0.0,False,2656,True
130,187,08:49,spatial_gravity_time_fallback,133.86737888029285,114.33030602538764,18.965383975843483,46.853582608102485,34.299091807616286,4.741345993960871,0.10550000000000001,0.0,False,2657,True
185,125,22:06,global_od_time_adjusted,44.95076649724082,67.7480086489945,15.599999999999998,0.5,1.0,0.1,0.21372549019607845,0.0,False,2658,True
204,56,10:40,spatial_gravity_time_fallback,166.40695848993198,146.25970494424104,22.999238513781712,58.242435471476185,43.87791148327231,5.749809628445428,0.10550000000000001,0.0,False,2659,True
141,57,06:06,global_od_time_adjusted,28.42143505970617,18.688927406813864,8.12,0.5,1.0,0.1,0.21372549019607845,0.0,False,2660,True
206,218,02:03,spatial_neighbor_gravity_eb,58.496451938498154,65.4030010775124,21.466771470474328,1.0,2.0,0.25,0.12413469854547013,0.0,False,2661,True
213,89,21:52,global_od_time_adjusted,59.14965107906039,63.53671575049631,18.3675,7.998136404031879,15.533205250336188,2.6051667413046693,0.29655172413793107,0.0,False,2662,True
115,78,22:29,spatial_gravity_time_fallback,121.36726242326087,93.59371776621592,18.92354754828485,42.4785418481413,28.078115329864776,4.730886887071213,0.10550000000000001,0.0,False,2663,True
23,139,13:52,spatial_gravity_time_fallback,167.7358688728284,150.69791978137138,22.948962928433893,58.70755410548994,45.20937593441141,5.737240732108473,0.10550000000000001,0.0,False,2664,True
178,23,15:14,spatial_gravity_time_fallback,79.11378381946302,71.93093911888107,10.572979725725427,27.689824336812055,21.579281735664317,2.6432449314313566,0.10550000000000001,0.0,False,2665,True
132,117,08:26,full_observed_sparse_eb,54.50318091935761,38.86426743185116,10.984020741884196,10.186456500194394,6.985325846138276,1.4071152604453645,0.32122451877015284,4.845143546729638,True,2666,True
248,156,00:38,spatial_gravity_time_fallback,128.1320347117311,91.48092546888827,20.87126158278349,44.84621214910588,27.444277640666485,5.217815395695872,0.10550000000000001,0.0,False,2667,True
204,207,09:39,spatial_gravity_time_fallback,158.96121393612572,137.64877616725843,22.382117112534203,55.636424877644004,41.29463285017753,5.595529278133551,0.10550000000000001,0.0,False,2668,True
47,34,14:47,temporal_same_od_eb,77.95955821279672,65.87288863558581,13.24,0.5,1.0,0.1,0.15345512561133876,0.0,False,2669,True
247,206,15:20,spatial_neighbor_gravity_eb,91.567026287584,105.53261773002728,20.597665279690187,7.280304348169571,3.543607080908886,1.4703425126669285,0.14250048793899547,0.0,False,2670,True
249,124,11:13,global_od_time_adjusted,69.57471663706497,63.4418761214267,16.381999999999998,10.73982048267099,26.71408068257498,2.666483827065161,0.26363636363636367,0.0,False,2671,True
142,248,10:04,full_observed_sparse_eb,45.396112178543916,36.88200913524918,9.943433345545502,8.312071561387643,11.772879864062713,2.3380757669852446,0.09090909090909091,1.0,True,2672,True
30,244,08:07,spatial_neighbor_gravity_eb,81.44415973362531,105.8020427804706,20.018639789946658,8.829933219205278,26.000989006675738,8.115268288413775,0.19282896738618538,0.0,False,2673,True
93,103,09:38,spatial_neighbor_gravity_eb,73.5774170497303,50.788591236231184,12.46565222769805,7.653926370751712,7.874059594383008,0.6500170937923084,0.1439491424608063,0.0,False,2674,True
42,7,13:42,full_observed_sparse_eb,29.775122867327397,28.67066608231803,5.6295775111773665,4.782782107690926,14.381722255643648,1.3485201644604976,0.1691417162573156,1.6423252428914878,True,2675,True
42,172,13:34,spatial_neighbor_gravity_eb,95.79172733424117,103.92097360789758,18.301832089642645,1.0,2.0,0.25,0.13009315079744777,0.0,False,2676,True
188,160,00:49,temporal_same_od_eb,30.74413196236768,29.04353451555098,7.749999999999999,0.5,1.0,0.1,0.15526837880918776,0.0,False,2677,True
65,112,12:11,full_observed_sparse_eb,26.337671395881596,23.17481068647116,4.247942707363867,5.416572067123283,6.939136201339662,0.805643770184941,0.2716792691613369,3.744562698736331,True,2678,True
177,62,17:38,observed_sparse_eb,17.90381106206788,20.216396704751908,2.5007894056788764,4.304941235483323,5.074024007041529,0.6418560651074586,0.8107887049578439,3.0880352607227906,True,2679,True
135,87,22:47,temporal_same_od_eb,61.37525914908786,53.59524598750618,18.47,0.5,1.0,0.1,0.15298621292089712,0.0,False,2680,True
80,66,00:56,temporal_same_od_eb,19.174371586767254,17.07727049645905,3.79409281174606,2.772878756773239,2.0226826599124648,0.5115137210193984,0.18803776703156397,0.0,False,2681,True
157,6,10:15,spatial_neighbor_gravity_eb,65.78015990434649,62.73433049534392,10.599765351472602,1.0,2.0,0.25,0.13173593626160218,0.0,False,2682,True
166,75,05:51,observed_sparse_eb,14.762836439433626,10.473028234178155,1.9067981879167581,3.1079900258114708,2.6086987144964353,0.5318688691211755,0.9848799133856546,8.513827832549126,True,2683,True
68,87,11:47,full_observed_dense_eb,28.857665024931052,23.739823136890198,4.074429246301629,6.162949541700291,6.179966745855169,0.9430672096137844,0.8470908829534595,55.97111820825975,True,2684,True
126,131,15:30,spatial_neighbor_gravity_eb,51.62887835650231,50.02085013157579,11.44559755358235,6.170543029846765,8.789743810152936,1.3185599248839623,0.21066514537770809,0.0,False,2685,True
11,36,08:17,global_od_time_adjusted,48.57342376307928,68.8665982585334,14.920000000000002,0.5,1.0,0.1,0.21372549019607845,0.0,False,2686,True
179,127,07:34,temporal_same_od_eb,31.03355377964293,38.61642452575451,7.677826450700036,2.9462893681933044,4.399876592578491,0.4921036858067036,0.14849860144815386,0.25130928679801556,True,2687,True
226,171,17:43,temporal_same_od_eb,41.820127946346695,33.365127981739455,6.67031669781416,1.407054709651978,2.419316382647234,0.43469546399048525,0.17230297749427206,0.1448114982481883,True,2688,True
102,169,19:54,global_od_time_adjusted,52.26011353810263,54.664525352888376,16.7,1.625,1.108785342555958,0.570000000000012,0.22692307692307692,0.0,False,2689,True
40,61,21:33,observed_sparse_eb,21.03196188075765,18.942345583703418,2.9857244115503905,1.0236836204636315,1.5505041403465953,0.13114885244987184,0.7518331052038963,2.795483523209498,True,2690,True
212,74,19:57,temporal_eb,23.996090584296255,21.31750625950507,5.290700385592232,5.366221386508419,8.612160976283935,0.7873324776255135,0.7631549931427104,0.17441542692407097,True,2691,True
74,54,07:54,global_od_time_adjusted,50.48088287552813,39.67584624037163,11.92,9.183381730060033,4.529311277498821,1.0902064024761513,0.2518518518518519,0.0,False,2692,True
152,14,15:40,global_od_time_adjusted,69.92968789326044,65.08485870431647,15.735454545454544,6.8284928095141275,8.352965724499017,1.1765694635164305,0.3262295081967213,0.0,False,2693,True
134,80,04:57,temporal_same_od_eb,24.966755755534095,18.9426448451569,10.311033945843121,0.5,1.0,0.1,0.15762491581998025,0.0,False,2694,True
203,56,00:40,full_observed_sparse_eb,39.46991549120524,28.66269273598592,10.987437304299949,5.668181041840586,8.11318684366297,0.6983614139552695,0.11348804989886542,0.6948344864968306,True,2695,True
177,108,09:12,global_od_time_adjusted,48.69297687001486,56.67582980279403,11.5212,6.320405632552435,12.860790637322674,1.1622781766857755,0.43333333333333335,0.0,False,2696,True
83,216,00:35,full_observed_sparse_eb,32.3509513084942,25.504146489615664,8.581293198319429,9.26139667730364,6.2852382718038395,2.483248009489066,0.11775747173152101,1.3543986268560775,True,2697,True
124,214,11:29,full_observed_sparse_eb,78.81810369084708,77.82454678168983,19.699999999999996,0.5,1.0,0.1,0.09605188329582201,0.9274324853439495,True,2698,True
196,197,22:06,observed_sparse_eb,23.312732624348662,19.265928683724447,4.018118659048004,4.5966541002565195,5.883494567120586,0.8571555243103306,0.7523430426175045,1.568722817046691,True,2699,True
128,85,18:08,spatial_neighbor_gravity_eb,89.5339518026045,96.29064758051888,15.517866998454469,7.663572798511188,4.496832900123448,0.865285567471728,0.15061398594473335,0.0,False,2700,True
199,194,15:32,spatial_neighbor_gravity_eb,30.77681648614732,20.609713512194638,4.315863609685042,22.95460340867911,20.367366818723383,3.2337622447376146,0.38138261375412175,0.0,False,2701,True
130,230,13:05,full_observed_sparse_eb,78.6709636373667,52.42525486310515,12.725726295052253,18.30912222462555,16.09470843524379,1.3086897345939328,0.16794324180966153,2.271063489859415,True,2702,True
141,93,08:55,temporal_same_od_eb,62.123668094254406,42.80553083911617,10.218338636738899,0.5,1.0,0.1,0.162274217100526,0.0,False,2703,True
88,252,03:46,global_od_time_adjusted,48.649909666573905,36.957644527963936,16.323333333333334,5.310576449145817,7.398585465185388,1.3600571883400832,0.23962264150943396,0.0,False,2704,True
40,85,08:27,temporal_same_od_eb,31.074795128027283,77.44336066489063,14.53,0.5,1.0,0.1,0.1518947741103311,0.0,False,2705,True
115,78,20:10,spatial_gravity_time_fallback,125.54905383989347,101.01057023158938,18.92354754828485,43.94216884396271,30.303171069476814,4.730886887071213,0.10550000000000001,0.0,False,2706,True
146,23,21:49,spatial_neighbor_gravity_eb,70.88223713232581,59.14066665462576,19.55028415268638,1.0,2.0,0.25,0.12714795110067054,0.0,False,2707,True
61,225,08:03,observed_sparse_eb,15.142545975250698,12.721404045137998,1.6814893464845442,9.38544630168957,5.062908179175343,0.6557899482054581,0.9555863079576866,12.695966940736398,True,2708,True
197,209,19:04,temporal_same_od_eb,51.977934519708995,57.87505171599273,10.98781182970269,4.149288712758632,5.850690691578476,0.4759106898179035,0.14322799238961204,0.2617526891087607,True,2709,True
248,238,03:36,global_od_time_adjusted,29.652694329869178,25.03465803476307,9.127391304347826,7.712627090373317,9.364254344686882,1.8038225531915955,0.42054794520547945,0.0,False,2710,True
22,58,02:41,spatial_neighbor_gravity_eb,73.04912424542687,73.32470233390221,16.66167106710766,1.0,2.0,0.25,0.13101641625661958,0.0,False,2711,True
246,5,12:55,global_od_time_adjusted,141.40294162608268,97.69209099331208,25.049999999999997,0.5,1.0,0.1,0.21372549019607845,0.0,False,2712,True
241,210,13:02,temporal_same_od_eb,100.75333324183498,107.78903227080241,27.5,0.5,1.0,0.1,0.15571797439872354,0.0,False,2713,True
39,26,02:53,global_od_time_adjusted,30.95411490597001,32.96509959749458,7.5760747663551395,8.196599632841377,10.067808560497472,3.7239504591827446,0.6770700636942675,0.0,False,2714,True
67,227,07:54,observed_sparse_eb,13.381753699954796,13.819676124712162,1.9054612786709249,5.525016755769578,6.988818639097142,0.9408440680640505,0.712434092538483,2.2301034771408226,True,2715,True
263,258,09:25,global_od_time_adjusted,56.84011454652438,56.881171926545065,12.134743479894162,8.615684654852748,8.86450094159299,2.5501291375805026,0.22790774090991658,0.0,False,2716,True
120,56,15:15,spatial_neighbor_gravity_eb,48.04830506307877,47.84555134624458,9.924250953834163,4.662970080785985,12.011535210005338,1.1883728405663776,0.2749011865047293,0.0,False,2717,True
176,250,15:36,spatial_gravity_time_fallback,174.23259459498547,162.6771766785917,23.544651794560828,60.98140810824491,48.803153003577506,5.886162948640207,0.10550000000000001,0.0,False,2718,True
102,263,04:38,global_od_time_adjusted,35.142092888048005,21.783521428129465,8.276666666666666,5.269777562246418,2.3288831854112866,0.886578943028909,0.23962264150943396,0.0,False,2719,True
218,21,15:08,global_od_time_adjusted,55.03012231544139,67.89326048545934,14.5425,3.7003107977573597,23.11106721767736,1.0967765269187744,0.2518518518518519,0.0,False,2720,True
58,224,06:28,spatial_neighbor_gravity_eb,65.72877352427257,63.39821067080605,16.535194898698013,3.096978749986961,12.729006770399797,0.6227909276172467,0.2140417438478783,0.0,False,2721,True
152,128,06:25,temporal_same_od_eb,16.161445009809732,16.55651481954027,5.185819755348018,1.8443219314387962,1.4340236132549684,0.4055759146677611,0.1750411560754298,0.6526632064846751,True,2722,True
137,140,10:53,observed_dense_eb,18.119748615711206,15.378964653751213,2.207194817501184,5.079468465352408,6.093235480771902,0.4514306109579447,0.9916724293875128,70.87506832060666,True,2723,True
144,41,07:18,temporal_same_od_eb,18.26256468396205,34.7854427521258,8.119011009990698,0.5,1.0,0.1,0.157716519161592,0.0,False,2724,True
111,181,11:11,temporal_eb,15.189349002816625,14.637071883622944,2.1538411029894444,4.899091344320903,5.881547415434138,1.27503098001578,0.3794663288154839,0.0,False,2725,True
75,17,09:04,full_observed_sparse_eb,53.92771765204833,49.07119657007813,10.781975861847382,7.633101683480108,10.928066033562073,1.780998009424678,0.09090909090909091,1.0,True,2726,True
88,176,19:25,temporal_same_od_eb,84.45332552913395,56.701706618181205,16.353346815500778,1.3206725274260709,2.549917829033406,0.3291789059996214,0.18551627634097195,0.0,False,2727,True
186,191,02:31,temporal_same_od_eb,48.30128951990291,42.450425636802215,16.50421403391354,0.9309876698087958,1.4007674824632548,0.14567499512127066,0.16080604511998034,0.0,False,2728,True
166,227,01:23,global_od_time_adjusted,52.509182757008276,48.81026638434004,15.3,0.5,1.0,0.1,0.21372549019607845,0.0,False,2729,True
233,94,23:35,global_od_time_adjusted,32.80698270382509,50.28666684919882,9.256,1.7323463856862293,16.174870666537224,0.583321523689972,0.26363636363636367,0.0,False,2730,True
225,137,18:10,full_observed_sparse_eb,39.17773247353659,48.29179430148599,6.720445449974134,4.5550837674879565,11.819663471564745,1.0473972783220653,0.11759999924596543,0.6388632806507104,True,2731,True
42,220,05:08,temporal_same_od_eb,16.766913379958964,11.636855401519748,6.326329361219221,0.5,1.0,0.1,0.15530505466945016,0.0,False,2732,True
241,39,11:49,global_od_time_adjusted,80.65829431763143,106.93758509580448,22.345,10.554999999999945,46.86029009816153,0.8549999999999931,0.22692307692307692,0.0,False,2733,True
55,260,03:45,global_od_time_adjusted,45.87143216811211,54.59287012250854,16.9,0.5,1.0,0.1,0.21372549019607845,0.0,False,2734,True
101,59,08:37,spatial_neighbor_gravity_eb,56.026912257547984,55.72993935443385,12.90811375609324,3.3907338718948274,12.284979368257574,0.7090118490870232,0.15249203425470736,0.0,False,2735,True
45,134,22:45,global_od_time_adjusted,70.52934830817165,54.12981610063073,11.75,11.495000000000061,22.533571280629396,1.0500000000000098,0.22692307692307692,0.0,False,2736,True
77,223,16:40,temporal_same_od_eb,55.26705232384646,53.39593522489706,13.25,0.5,1.0,0.1,0.15514124061727888,0.0,False,2737,True
260,51,22:25,global_od_time_adjusted,40.18017073008866,40.034373115617555,13.553333333333335,2.7799520379555225,15.04851843789545,1.2339457938751706,0.275,0.0,False,2738,True
237,56,14:48,temporal_same_od_eb,42.876838424815034,52.5474960547005,8.203578290357234,1.5992792553404303,3.1956413828533248,0.3134705736389648,0.1505851064270666,0.22499447744186085,True,2739,True
157,16,08:05,temporal_same_od_eb,37.59890058888139,35.27815378395242,8.859531891316665,4.546912637893908,3.571986652987118,0.8351608831910662,0.17099211857837066,0.6690629468041038,True,2740,True
29,134,13:15,full_observed_sparse_eb,62.86323561944794,58.951573917067186,14.388413469193035,10.307891297166472,11.640777336952858,1.2677820706042282,0.09110040184821552,0.9973587763252709,True,2741,True
4,225,07:37,temporal_same_od_eb,33.87403210630997,43.00799338300361,5.66,0.5,1.0,0.1,0.15877420382720359,0.0,False,2742,True
194,260,15:25,global_od_time_adjusted,24.892176418198503,31.95374449874984,4.800000000000001,7.32,1.0,0.3999999999999957,0.22692307692307692,0.0,False,2743,True
111,206,05:05,spatial_neighbor_gravity_eb,30.967269917669142,18.855487384218304,10.277655943405666,1.0,2.0,0.25,0.12822371745085662,0.0,False,2744,True
206,106,23:56,spatial_neighbor_gravity_eb,37.24577187004826,26.313883522243334,9.047298917745909,1.0,2.0,0.25,0.1475069586547409,0.0,False,2745,True
128,77,19:00,spatial_neighbor_gravity_eb,76.94395770295156,87.75585013306662,17.360450447195504,2.8939926205604607,25.685811437810706,1.7060890465195406,0.20762279318448762,0.0,False,2746,True
44,244,15:30,spatial_neighbor_gravity_eb,128.36946071076198,121.4588061791292,29.81289526042007,1.0,2.0,0.25,0.1225546577594502,0.0,False,2747,True
4,29,13:24,temporal_same_od_eb,64.95385196609283,62.82712846966311,13.646335988715204,0.5,1.0,0.1,0.16433277111712058,0.0,False,2748,True
17,215,19:48,temporal_same_od_eb,52.04816642900572,47.5854956081043,12.946283607725352,3.8803523649997156,2.0713585087166084,0.72064890533886,0.156974683214524,0.0,False,2749,True
261,121,08:58,temporal_same_od_eb,52.04157459421688,59.54500612183538,16.62,0.5,1.0,0.1,0.1518550226161626,0.0,False,2750,True
142,142,23:34,observed_dense_eb,13.188987289092982,4.652141520713403,0.7028058011427187,29.254863207690317,3.7347853720974156,0.7535627325293539,0.9950000000000001,141.21628127991715,True,2751,True
181,49,18:16,observed_sparse_eb,15.44976884775571,15.455231858319888,1.688277655613792,2.4180262979475646,4.568451318231707,0.7680562619291996,0.9072292236766131,4.374821793836702,True,2752,True
32,67,16:02,global_od_time_adjusted,72.52368865848774,119.94798809349982,22.3,0.5,1.0,0.1,0.21372549019607845,0.0,False,2753,True
126,45,23:18,global_od_time_adjusted,44.182304707702286,51.351761085623345,11.82,7.280714250676239,17.912456043582242,0.8779901290257638,0.23962264150943396,0.0,False,2754,True
46,243,05:00,spatial_eb,35.738293912036994,23.0223144769882,9.206302423816867,7.243321337618551,6.41485797019528,0.9323497197940263,0.4117647058823529,0.0,False,2755,True
158,92,14:35,global_od_time_adjusted,71.23847905848866,54.36611048527233,13.62083333333333,15.44456772532731,11.1814161009612,2.137469135579638,0.3354838709677419,0.0,False,2756,True
160,119,14:16,temporal_same_od_eb,60.432944215486785,39.525998042396786,10.03,0.5,1.0,0.1,0.15327591011572428,0.0,False,2757,True
31,4,22:19,global_od_time_adjusted,52.692775477480424,48.87094851672739,12.81,0.5,1.0,0.1,0.21372549019607845,0.0,False,2758,True
177,166,19:50,global_od_time_adjusted,63.154145898557005,65.15281069959408,16.714,9.918449251549182,32.60648791605638,4.938826851253924,0.3615384615384616,0.0,False,2759,True
216,87,20:11,global_od_time_adjusted,55.4221902922925,62.05975141894941,14.742222222222223,18.457783504895175,19.396872520735194,4.138161904833744,0.3852941176470588,0.0,False,2760,True
165,121,18:01,spatial_neighbor_gravity_eb,70.34902087590014,86.97868695536206,13.13935766885998,7.505709234090847,21.009112421280292,2.458942930225929,0.2596113610567653,0.0,False,2761,True
32,212,16:14,temporal_same_od_eb,21.478730716921653,17.136538844166683,1.2113094136055054,0.6625913004463903,1.2270150988446988,0.15864548648447752,0.16147908328905664,0.08068313062142352,True,2762,True
21,176,22:56,spatial_gravity_time_fallback,51.37291535903246,37.41842165240608,7.804660409104455,17.98052037566136,11.225526495721825,1.9511651022761138,0.10550000000000001,0.0,False,2763,True
177,211,06:58,temporal_same_od_eb,27.36012450334013,23.271530312785142,6.671624208488841,0.5192481944652994,1.657313534176382,0.3891955488326593,0.17358848321857223,0.0,False,2764,True
51,96,23:29,global_od_time_adjusted,57.75762772703597,43.64737528298649,16.19,0.5,1.0,0.1,0.21372549019607845,0.0,False,2765,True
65,163,20:09,full_observed_sparse_eb,40.45867342450741,32.37003602765597,6.643238565425932,11.818052976169916,8.370207783743576,1.4293259548916366,0.09090909090909091,1.0,True,2766,True
216,87,12:40,full_observed_sparse_eb,68.79710728499937,73.78692624807974,16.318472087785096,11.47481157236589,14.934076113332956,2.564553792881179,0.1151456001731202,0.6724318956232054,True,2767,True
82,73,04:16,full_observed_sparse_eb,21.285583292560684,15.590358389218204,5.275061244846975,5.03904360178898,4.213088049199106,1.204084845446748,0.16126838662895307,1.9287427035021807,True,2768,True
162,123,11:33,full_observed_sparse_eb,83.37359704164585,71.35308069522883,15.821389639923133,12.834580370307407,23.413193411231553,1.8281550755130973,0.09090909090909091,1.0,True,2769,True
173,58,08:42,spatial_neighbor_gravity_eb,38.94777640826982,31.652109402530705,8.06099498159643,5.24536037071175,5.524728233869088,0.8731466414466359,0.2273068264080877,0.0,False,2770,True
182,35,14:54,global_od_time_adjusted,55.8172984620681,74.44537788705969,15.827307692307691,4.201480948399418,22.710014290663853,1.7964164278497747,0.43947368421052635,0.0,False,2771,True
210,142,11:11,full_observed_sparse_eb,63.019514316970515,92.55819882906538,13.33263074124011,5.983205465859913,20.20330654050679,3.278501939027509,0.11999686236987475,0.7040667832004317,True,2772,True
83,263,09:07,global_od_time_adjusted,35.40231559906117,27.490817639585266,6.871666666666667,5.573845670231261,6.205158933568617,1.1832852102890847,0.3354838709677419,0.0,False,2773,True
75,11,19:03,spatial_neighbor_gravity_eb,71.78225756717481,79.09721265632315,15.087656280426671,13.344757301844886,33.414525388235454,2.8429420444166045,0.31293081390697264,0.0,False,2774,True
253,220,08:30,global_od_time_adjusted,61.56125454764856,49.8183088370223,14.0,0.5,1.0,0.1,0.21372549019607845,0.0,False,2775,True
114,249,13:35,observed_dense_eb,11.041878810203553,8.61557017928384,0.9148636140424641,4.299974772254095,3.1885510515077824,0.32635684099618956,0.995,98.14687472901628,True,2776,True
255,57,18:03,global_od_time_adjusted,36.98241661877556,34.61281806614726,8.71,0.5,1.0,0.1,0.21372549019607845,0.0,False,2777,True
213,240,20:23,global_od_time_adjusted,23.49801576236728,18.563708993282816,5.445,7.196588705768866,10.22770316608474,1.3040954719651447,0.31666666666666665,0.0,False,2778,True
229,134,02:30,temporal_same_od_eb,40.197338464145545,23.39619124080647,9.090116301170138,1.6580335401663813,1.0,0.19793924157250806,0.17083719551868873,0.0,False,2779,True
223,222,21:48,global_od_time_adjusted,45.622209455503054,41.980758505369806,13.875,6.159190062193463,10.911179728783758,1.6274699177967364,0.275,0.0,False,2780,True
224,100,22:46,full_observed_sparse_eb,17.01199162099963,15.638319183474144,2.1491785450673326,3.925981589991937,4.346319472824289,0.34319072015469293,0.2835184413160554,3.960035631952209,True,2781,True
221,70,00:29,spatial_gravity_time_fallback,91.11116103265145,64.36871285576136,14.69047268954301,31.888906361428006,19.31061385672841,3.6726181723857527,0.10550000000000001,0.0,False,2782,True
153,73,04:48,spatial_neighbor_gravity_eb,41.691980614009076,28.880660542158033,12.742326248180085,1.5296363215736275,2.0,0.44541611090293,0.1663509828348534,0.0,False,2783,True
39,133,02:54,global_od_time_adjusted,24.601444074021302,24.31542802827892,4.844042553191489,5.343487907251126,6.223760923458681,1.3903262430160122,0.5391752577319587,0.0,False,2784,True
259,247,04:57,global_od_time_adjusted,24.248764834742996,16.158117564241152,7.833809523809523,5.705341929333622,3.634675125936956,0.915142331841527,0.5195652173913043,0.0,False,2785,True
175,261,08:39,full_observed_sparse_eb,55.32304616447562,96.49511620257302,19.4,0.5,1.0,0.1,0.12106268590596277,0.5745168612068028,True,2786,True
175,243,18:24,global_od_time_adjusted,69.62043038233226,73.48328171352551,18.97,0.5,1.0,0.1,0.21372549019607845,0.0,False,2787,True
224,224,18:15,full_observed_sparse_eb,13.604602966341572,7.878349104057562,0.8101238851439908,9.348472062656581,9.008569144982166,1.0455706988864975,0.17250615861057522,2.1191256356557346,True,2788,True
261,141,06:56,full_observed_sparse_eb,28.928112356623444,23.99652769843538,6.725159593596885,5.933032489444097,4.516895179148063,0.7096659206904267,0.17824278353773712,1.50732525738578,True,2789,True
199,109,10:42,spatial_neighbor_gravity_eb,125.97598858032494,121.0547121197022,24.214388237701414,19.424182051147334,35.62307827110421,1.5922721765549928,0.18314697747317865,0.0,False,2790,True
61,230,10:09,full_observed_sparse_eb,48.49807914733015,63.61194113683512,8.787673745312883,9.649555341536567,18.8326096520353,2.2827096755083094,0.13593799737533574,1.594381565354432,True,2791,True
259,250,17:46,temporal_same_od_eb,60.90991794668658,32.89359681761473,4.852306236579923,20.386588287312282,4.026589967138099,3.5290600723743144,0.1582149093708653,0.0,False,2792,True
11,122,19:06,spatial_neighbor_gravity_eb,95.06075493176343,119.98249546585217,20.03058175733,2.7696736155368873,3.791542181927307,0.25,0.1407745611317833,0.0,False,2793,True
188,44,16:46,spatial_gravity_time_fallback,133.88630389767957,119.94614150844133,17.635232213162602,46.860206364187846,35.98384245253239,4.408808053290651,0.10550000000000001,0.0,False,2794,True
246,189,23:25,full_observed_sparse_eb,39.0436559290251,30.82379580508534,6.865993317941882,6.707370603606613,5.926038715678846,1.0060060067487213,0.11517870792046811,1.320358944550179,True,2795,True
80,117,18:37,temporal_same_od_eb,78.50413441034308,68.59309395923887,2.78,0.5,1.0,0.1,0.1587290123313732,0.0,False,2796,True
2,9,14:38,spatial_neighbor_gravity_eb,77.62948660722795,69.97469302279043,17.497445592410585,4.05464240100158,2.403224283900179,0.9222628421442445,0.13035145930898742,0.0,False,2797,True
31,190,02:26,spatial_neighbor_gravity_eb,61.14834803829703,59.11969282851101,15.410221839221826,3.933407826103047,8.389968968965153,0.9480850559272185,0.1769467794483351,0.0,False,2798,True
196,86,17:49,temporal_same_od_eb,51.15594734350173,70.82024018058777,12.228633663267189,1.9205453608233505,4.540829059463716,0.3622731069989733,0.1410108804506884,0.293037308635121,True,2799,True
143,215,12:00,global_od_time_adjusted,76.04863918978452,87.70458906215957,16.7,6.741084647311735,24.333121615148034,1.430617582258334,0.23962264150943396,0.0,False,2800,True
55,232,22:21,global_od_time_adjusted,45.951014854137576,55.514694282707566,13.291666666666664,7.656117722465286,20.493484732929414,4.529900967767153,0.38529411764705884,0.0,False,2801,True
50,138,20:34,temporal_same_od_eb,47.495200409526674,27.54588565509232,7.52393665462078,2.5758528034151738,1.052320420202475,1.8679353580994056,0.16155875963293856,0.0,False,2802,True
131,233,03:51,global_od_time_adjusted,37.02982308589835,32.09563535593222,12.717142857142857,5.231762102186709,5.292212251921082,0.9745579845787173,0.28596491228070176,0.0,False,2803,True
59,204,03:23,spatial_gravity_time_fallback,152.66859207852713,104.48338348635625,26.332997148167905,53.4340072274845,31.34501504590687,6.583249287041976,0.10550000000000001,0.0,False,2804,True
112,196,20:11,temporal_same_od_eb,23.99878748896989,18.374898526617024,5.050949080354551,1.9269671584109094,2.767231810011283,0.3486090471829228,0.14506076069066434,0.28235917595671367,True,2805,True
32,114,09:12,global_od_time_adjusted,60.42477077390607,63.740310409238504,16.8975,6.477983868457896,21.97796651870828,1.3438819702637659,0.2518518518518519,0.0,False,2806,True
193,93,12:21,temporal_same_od_eb,37.210730226023045,37.0158201186829,8.555006455509846,0.5,1.0,0.1,0.15558977022404868,0.0,False,2807,True
228,191,02:54,global_od_time_adjusted,60.47298005314258,55.75272775988665,22.27333333333333,2.8316583284161405,13.946700929535012,5.789008742627905,0.23962264150943396,0.0,False,2808,True
191,136,21:33,global_od_time_adjusted,59.64175731908259,54.46098015784212,18.055,7.280000000000028,2.6367843932100055,1.0850000000000097,0.22692307692307692,0.0,False,2809,True
99,169,23:59,spatial_gravity_time_fallback,145.39653847445194,105.56300773042841,23.89851870208231,50.88878846605818,31.66890231912852,5.974629675520577,0.10550000000000001,0.0,False,2810,True
53,161,21:40,temporal_same_od_eb,40.629425266251104,35.098715835637826,11.61,0.5,1.0,0.1,0.15262400265966286,0.0,False,2811,True
127,12,06:12,spatial_neighbor_gravity_eb,54.94080872714862,47.230394424331195,14.371437263786365,7.278234717187493,10.740642038795295,1.1983079890831243,0.38923076923076916,0.0,False,2812,True
68,28,00:10,temporal_same_od_eb,44.00972450533258,33.38817835011707,12.20596313079917,3.9401910348909235,4.229809640278608,0.56554276190181,0.14354972708567137,0.36356692180056527,True,2813,True
193,248,03:32,global_od_time_adjusted,26.983679283951204,19.90743729894273,7.626249999999999,3.9312243639863205,3.1700388656314376,0.27271493816805736,0.29655172413793107,0.0,False,2814,True
176,213,01:55,spatial_gravity_time_fallback,137.09797444789672,100.40542016026407,22.46387378282177,47.984291056763844,30.12162604807922,5.615968445705443,0.10550000000000001,0.0,False,2815,True
88,8,14:19,spatial_neighbor_gravity_eb,48.811078506351826,41.78378170626299,8.75114095631552,7.804219328207484,10.029724797631166,1.4873826546017823,0.3892307692307692,0.0,False,2816,True
63,92,02:25,global_od_time_adjusted,28.90392844105002,22.908032364441624,8.880882352941176,4.402112274130277,4.699288607230032,1.2622980156353019,0.4833333333333334,0.0,False,2817,True
254,8,05:29,spatial_neighbor_gravity_eb,34.37128457269543,25.249221368803845,9.799540783709372,6.6678195492363335,13.548955586901501,2.225504286896909,0.23103254005587717,0.0,False,2818,True
41,38,03:51,global_od_time_adjusted,50.53462049175951,51.50517510116515,20.81,13.767368121758047,17.0265789964755,3.7251711370083433,0.2518518518518519,0.0,False,2819,True
252,198,16:04,global_od_time_adjusted,35.879959691238696,40.25379378660511,9.961428571428572,9.344839239289424,3.5878786612712474,1.4305785899561152,0.28596491228070176,0.0,False,2820,True
234,84,12:14,global_od_time_adjusted,149.6460457846823,103.11948413787256,26.305,14.635000000000023,30.885497494097603,4.715,0.22692307692307692,0.0,False,2821,True
213,167,04:29,temporal_same_od_eb,14.411173426564002,10.657314727634496,3.7750989785188582,0.8367048698137172,1.2367383164748573,0.1613609886451305,0.15815907771971796,0.0900856836138395,True,2822,True
107,36,20:53,full_observed_sparse_eb,35.50932823226107,29.16438000514438,6.570952949454607,5.818071747722305,7.996321655023896,1.0604652319268617,0.16666666666666666,2.0,True,2823,True
181,199,02:27,spatial_neighbor_gravity_eb,58.58826158345494,47.952747417414756,12.861971325811421,11.77033687943009,14.464900297558337,2.305736419937528,0.3843082985825769,0.0,False,2824,True
207,95,03:10,global_od_time_adjusted,21.716704515011216,19.929172259818465,5.859999999999999,0.5,1.5452569505949003,0.6400000000000091,0.22692307692307695,0.0,False,2825,True
165,37,04:41,global_od_time_adjusted,27.812201305714538,28.10121476725373,7.1899999999999995,7.780271456279829,10.91666363390347,4.0214497466108075,0.4679012345679012,0.0,False,2826,True
44,61,05:58,spatial_neighbor_gravity_eb,70.76912279895446,46.61949589611824,19.794935380877,1.0,2.0,0.25,0.12343716741142688,0.0,False,2827,True
86,144,05:13,spatial_neighbor_gravity_eb,65.97113701789901,38.76033706462245,16.870335841860395,7.976373424049785,9.707830527223411,1.5139466892851492,0.3892307692307692,0.0,False,2828,True
84,4,19:27,spatial_gravity_time_fallback,124.45313196842578,101.13811171726817,17.432285428735497,43.55859618894902,30.341433515180448,4.358071357183874,0.10550000000000001,0.0,False,2829,True
260,222,11:35,spatial_neighbor_gravity_eb,57.03219906003787,62.08572181593461,11.38289701835614,5.713516557703899,14.804478779521258,3.5268066156369913,0.3451340510758857,0.0,False,2830,True
102,116,07:22,temporal_same_od_eb,54.04248743650872,50.777663465204824,13.260013723677496,2.6649795640550007,2.5526215647325294,1.1835458696197332,0.12884682570708764,0.4646785405776619,True,2831,True
207,7,20:13,spatial_eb,11.072281758679187,8.759057645650552,1.323330944971957,2.659758269013704,2.043014257013839,0.5233000814127701,0.4186046511627907,0.0,False,2832,True
111,203,14:51,spatial_neighbor_gravity_eb,90.87639522580508,105.70342385486848,21.58643570828801,2.1585335681521447,10.388672873249506,0.8625960242526705,0.15649460285206218,0.0,False,2833,True
105,183,02:32,spatial_neighbor_gravity_eb,64.51274675803536,61.37854364711719,16.388173750536996,6.417465067852372,27.915945295492143,0.41697791804821777,0.14531050095939232,0.0,False,2834,True
16,54,13:18,spatial_neighbor_gravity_eb,83.81805066172987,114.67840089198685,17.027185495582316,10.895568846878849,10.957484393625693,1.063328124288769,0.1415824654608015,0.0,False,2835,True
222,132,10:48,temporal_same_od_eb,18.006113821433875,16.248445030626563,4.265529742302355,1.0341731064074733,1.5632503745234152,0.13649629919554054,0.15197366632406797,0.0,False,2836,True
115,96,09:37,spatial_gravity_time_fallback,90.94242085453243,77.38937403152201,12.605696985768219,31.82984729908635,23.216812209456606,3.1514242464420548,0.10550000000000001,0.0,False,2837,True
30,12,13:57,spatial_gravity_time_fallback,91.08342739719707,80.42628870942228,12.266183275807323,31.879199589018967,24.127886612826682,3.066545818951831,0.10550000000000001,0.0,False,2838,True
220,165,10:17,global_od_time_adjusted,65.26308229495548,105.23437643242437,28.5,0.5,1.0,0.1,0.21372549019607845,0.0,False,2839,True
116,158,13:17,temporal_same_od_eb,37.835823562316925,42.4411326551396,7.57862355479456,1.7498299547366059,1.7910754831384121,0.3256535290971564,0.17601024915674576,0.10927777083370671,True,2840,True
135,48,04:24,temporal_same_od_eb,33.50649172388798,25.284244418583974,12.71,0.5,1.0,0.1,0.1525318607856641,0.0,False,2841,True
137,15,23:13,global_od_time_adjusted,47.73626299492059,45.98129607005916,13.66764705882353,9.382130773692694,23.190166927923233,2.60046948116899,0.3776119402985074,0.0,False,2842,True
260,20,17:10,global_od_time_adjusted,45.825517073446235,47.804920282144586,11.721875,3.5439023335865154,9.763850175685846,1.0461609505114318,0.3696969696969697,0.0,False,2843,True
12,24,00:51,global_od_time_adjusted,42.590919972575236,29.049748332641187,7.9,13.561128861566058,11.517235046723608,0.38089368595448386,0.26363636363636367,0.0,False,2844,True
244,73,01:19,temporal_same_od_eb,38.165797259188125,38.35449152002603,14.71,0.5,1.0,0.1,0.16632315779868387,0.0,False,2845,True
251,219,22:58,spatial_gravity_time_fallback,121.03042542119715,91.71414908782145,19.222839539171435,42.360648897419,27.514244726346433,4.805709884792859,0.10550000000000001,0.0,False,2846,True
142,114,03:55,full_observed_sparse_eb,22.32619061106648,17.652605866734458,3.8123055072716445,5.212592861683377,4.006959740141416,0.6005934103380255,0.09090909090909091,1.0,True,2847,True
246,188,15:01,temporal_same_od_eb,62.601305839492916,62.658901635362696,9.339582315611072,5.122265692799444,4.960556471385984,1.0321172727990953,0.19994930751797002,0.16299362997291666,True,2848,True
136,233,05:05,temporal_same_od_eb,22.152060248470818,21.55752341656437,11.11,0.5,1.0,0.1,0.15215441705447083,0.0,False,2849,True
258,94,18:54,temporal_same_od_eb,64.97768027687925,63.46821596117996,17.24819151098138,1.5995581589085284,8.500130556690682,0.47761701205035084,0.1324593026706446,0.41370458415781286,True,2850,True
76,64,02:24,global_od_time_adjusted,37.75635097385057,37.24931860357637,14.432499999999997,4.276663419068642,1.0,0.9055764738552006,0.2518518518518519,0.0,False,2851,True
84,95,11:52,spatial_gravity_time_fallback,165.017768853013,146.714735367109,22.280621030061805,57.75621909855455,44.014420610132696,5.570155257515451,0.10550000000000001,0.0,False,2852,True
229,87,02:56,full_observed_sparse_eb,25.583890499370586,18.66049450968869,5.446898845187384,5.500829098939483,4.213513577917549,0.670204310718348,0.12595025002004556,1.5010885752866514,True,2853,True
42,209,01:40,full_observed_sparse_eb,38.879439661173066,38.82421050634741,10.185395713716316,4.589702274314205,8.682852945064672,0.9372585413379965,0.11751276978340164,0.6545010944682872,True,2854,True
147,179,23:52,temporal_same_od_eb,15.636440609455985,14.563249310851175,5.26,0.5,1.0,0.1,0.15245569093257252,0.0,False,2855,True
256,107,22:46,observed_sparse_eb,21.87105636782034,16.690822332661394,3.401703888397017,3.3143917385953974,2.0436748948307755,0.3865854108566865,0.9032591893894392,7.258765636212516,True,2856,True
71,7,03:04,global_od_time_adjusted,44.36192158512476,35.51012720016861,12.208333333333334,5.856114266777551,7.0421306760536195,1.8036898908133336,0.3354838709677419,0.0,False,2857,True
18,172,18:57,spatial_gravity_time_fallback,170.62963909224578,143.19250194892805,23.326629896223636,59.72037368228602,42.957750584678415,5.831657474055909,0.10550000000000001,0.0,False,2858,True
41,127,07:37,full_observed_sparse_eb,22.34512801747806,21.765861056331982,5.112719156106058,3.5878191347421025,4.005334331689789,0.6657970810933841,0.5359946191816172,11.562951406190713,True,2859,True
204,118,03:29,spatial_gravity_time_fallback,32.41180680599024,16.23762270469578,5.222366758720819,11.344132382096582,4.871286811408734,1.3055916896802047,0.114,0.0,False,2860,True
141,93,01:13,temporal_same_od_eb,22.68786509409226,17.41494483828984,5.353741144507682,2.662593155355264,2.503890569657388,0.393827106434284,0.20072017540280906,0.0,False,2861,True
79,15,04:35,global_od_time_adjusted,47.12505822647061,29.98445152078942,15.653333333333336,9.135067505680158,13.196858506930347,1.0473246339549431,0.275,0.0,False,2862,True
167,246,09:37,global_od_time_adjusted,43.92848017845421,44.18309337881779,10.702272727272726,3.9613664528232544,15.98848729219719,2.358932601099266,0.41388888888888886,0.0,False,2863,True
222,132,07:38,temporal_same_od_eb,17.35540532187892,13.678444907027368,4.360153785736735,2.8458172805667243,1.6572926190052755,0.4431964838386326,0.13348084529591486,0.49180064339244467,True,2864,True
36,80,22:58,observed_sparse_eb,14.482342706709087,11.47956890075514,2.030897968646683,4.098725535549715,4.021152360321677,0.6972069132387452,0.9104770080696323,10.789355765173838,True,2865,True
143,125,08:46,full_observed_dense_eb,27.199021376953663,22.43496888626026,4.062500878365269,4.679945433076781,4.308380323135725,0.43269199883938714,0.67281176006658,20.614344317572744,True,2866,True
167,70,00:49,global_od_time_adjusted,28.405183122983992,20.63634217662663,7.907500000000001,3.474322775736274,5.483193176840025,0.35152347005569473,0.2518518518518519,0.0,False,2867,True
154,84,11:15,spatial_gravity_time_fallback,115.86110123673323,102.18010847018817,15.656264145858167,40.551385432856634,30.654032541056452,3.9140660364645417,0.10550000000000001,0.0,False,2868,True
204,135,19:25,spatial_gravity_time_fallback,171.30983603040428,140.45638555983436,24.112713987255674,59.9584426106415,42.136915667950305,6.0281784968139185,0.10550000000000001,0.0,False,2869,True
181,253,16:47,spatial_neighbor_gravity_eb,72.31536722819993,80.23998421509214,14.278874487899532,9.876856188873152,13.68701264154878,1.542888428747842,0.32233773556020606,0.0,False,2870,True
83,86,15:40,full_observed_sparse_eb,62.418628412542944,74.52239615867752,15.87165596969437,5.617712751988228,14.567373814403181,1.2122733800360013,0.11442452042396178,0.6681848794117116,True,2871,True
94,38,06:33,spatial_neighbor_gravity_eb,53.12727647672043,52.92882657138452,15.536461119005416,1.0,17.68109063045908,0.9176422761131058,0.16909413595596623,0.0,False,2872,True
74,189,19:38,global_od_time_adjusted,55.67599299175843,63.13573359636676,11.87657069020577,4.213001301231417,8.938472700641489,0.46768750497456624,0.27050869219102286,0.0,False,2873,True
156,213,08:59,spatial_gravity_time_fallback,146.0065330369305,124.69584547432802,20.712225268383015,51.10228656292568,37.40875364229841,5.178056317095754,0.10550000000000001,0.0,False,2874,True
31,204,03:44,spatial_gravity_time_fallback,159.9048009212204,106.88190650068412,28.005902395317968,55.96668032242714,32.064571950205234,7.001475598829492,0.10550000000000001,0.0,False,2875,True
115,151,05:53,spatial_gravity_time_fallback,77.86718084627546,47.83789402794208,13.918891674119553,27.25351329619641,14.351368208382624,3.4797229185298884,0.10550000000000001,0.0,False,2876,True
130,15,13:46,full_observed_sparse_eb,34.37762604998607,33.635616243309784,8.591724481773966,5.748448070522569,7.775888011258773,1.3809624050443792,0.0983764418168076,1.0985690319818602,True,2877,True
33,149,23:03,full_observed_sparse_eb,36.28531161363635,32.005313724858944,7.34245306985113,4.133802438737206,9.065373057506713,2.1281702416633754,0.10592308263348804,0.8247001338552025,True,2878,True
38,49,04:41,global_od_time_adjusted,40.47216153076946,42.006403100512976,14.586000000000002,6.226936325353003,7.872038136454233,1.0510870563373609,0.26363636363636367,0.0,False,2879,True
99,230,13:28,gravity_prior,82.67903454794664,75.6047979602431,16.50501895538305,28.93766209178132,22.68143938807294,4.126254738845763,0.05,0.0,False,2880,True
114,100,11:47,full_observed_dense_eb,20.722893442216346,19.528864630121628,2.228910373844111,6.189061059205625,8.306912383146177,0.515061894805394,0.7084660400626597,24.669269017098188,True,2881,True
22,113,14:26,global_od_time_adjusted,53.54748110678166,75.05657038368527,10.44,4.29499999999994,14.659994677657075,0.15999999999999118,0.22692307692307692,0.0,False,2882,True
12,20,13:25,global_od_time_adjusted,71.86219414955801,61.53935476350364,15.8,0.5,1.0,0.1,0.21372549019607845,0.0,False,2883,True
250,196,02:22,global_od_time_adjusted,29.7493781918278,33.0545442889745,9.1625,4.033587113228108,16.616156702021904,0.8040638967146906,0.2518518518518519,0.0,False,2884,True
228,134,21:13,global_od_time_adjusted,62.192300407666835,52.00663578661183,17.183333333333334,9.285243519812633,22.121694496692054,3.4863670999416563,0.275,0.0,False,2885,True
118,72,11:20,spatial_neighbor_gravity_eb,72.59228594096379,66.4225414752882,13.334228202690479,1.0,2.0,0.25,0.13025771766062863,0.0,False,2886,True
97,8,19:49,temporal_same_od_eb,40.511389000514306,35.7928022630839,9.06,0.5,1.0,0.1,0.15524668323931265,0.0,False,2887,True
27,174,07:28,spatial_neighbor_gravity_eb,88.51738947864527,109.48183952924133,17.526398983962864,3.386399781082417,17.110544039498308,6.995410976441472,0.1470917587572762,0.0,False,2888,True
26,155,05:26,temporal_same_od_eb,27.387086512834767,22.156192527472,8.48595604115033,0.5,1.0,0.1,0.1539169188403131,0.0,False,2889,True
10,25,08:09,temporal_same_od_eb,50.13901163597585,84.18758626391022,11.638324180319486,12.719939649345264,11.793163178492069,1.208701569984423,0.18374301280470884,0.80926924337885,True,2890,True
185,199,00:26,spatial_neighbor_gravity_eb,23.070673722187784,17.714149648182797,4.86353357590797,5.882506789123988,8.710977291005044,1.1802392467162155,0.23894140346902484,0.0,False,2891,True
31,100,18:45,global_od_time_adjusted,62.89298198107309,52.368944282819605,10.73,0.5,1.0,0.1,0.21372549019607845,0.0,False,2892,True
165,104,15:40,spatial_neighbor_gravity_eb,39.03905260082914,45.35735319364425,7.706956785564575,11.882299686929853,15.54181246378846,0.5144723238483918,0.14978127644942868,0.0,False,2893,True
14,14,09:07,observed_sparse_eb,11.035608699730028,11.003052546823934,1.4842147388469793,5.106525865403186,7.163720799979032,1.7251485346913302,0.9590498139472998,17.936928553632185,True,2894,True
235,38,13:39,temporal_same_od_eb,55.026484516980915,80.83605813614875,15.499999999999998,0.5,1.0,0.1,0.17465745817475795,0.0,False,2895,True
11,39,20:09,temporal_same_od_eb,31.81854586847423,38.31531335172003,8.920671474685715,1.3878688963077292,4.412783393069352,1.0057405577449752,0.16791510378243651,0.0,False,2896,True
127,21,16:56,global_od_time_adjusted,80.1515934370205,89.05847730073775,21.9,0.5,1.0,0.1,0.21372549019607845,0.0,False,2897,True
237,129,21:41,full_observed_sparse_eb,31.33891110095511,24.50041584946302,5.2489181132245735,5.400773096174911,5.49524576632931,0.7847554940226151,0.4838894270801046,9.420019374883765,True,2898,True
113,144,04:42,observed_sparse_eb,11.322864930773052,6.290357109639884,1.0660384295668175,2.8570119448627422,1.3948713512175168,0.38273826201775524,0.9945717560389731,4.466186474581555,True,2899,True
195,107,11:19,temporal_same_od_eb,34.84783415905251,33.55336048285665,8.05993178267883,0.5,1.0,0.1,0.1612288704821528,0.0,False,2900,True
244,147,18:55,full_observed_sparse_eb,31.529056560590988,29.94870394678544,5.0825878688873765,4.8175508092262955,6.448394310726931,0.8669940603721789,0.12580460323643422,0.6467831781113631,True,2901,True
67,196,19:52,spatial_neighbor_gravity_eb,70.84188104710503,89.21146459827426,15.809347714314672,3.8214232888733664,18.30050956252684,2.0377688504338667,0.2218469470406813,0.0,False,2902,True
244,136,18:16,full_observed_sparse_eb,26.00731185561778,27.90541096656183,3.7069235984857865,5.991598180778532,11.24061313186517,0.5838909156707871,0.1623030811884196,1.942400671687139,True,2903,True
189,171,03:12,global_od_time_adjusted,43.09937180334283,33.337583213198606,13.790000000000001,3.6956220345460142,3.337013908831061,0.10230672835471107,0.23962264150943396,0.0,False,2904,True
16,49,15:38,spatial_neighbor_gravity_eb,72.8223466256378,76.68606065768586,15.165358922565193,4.985610053499071,10.463188447187466,1.823365816733711,0.18581317250662846,0.0,False,2905,True
136,167,11:39,temporal_eb,22.129216047983455,22.08000667934629,3.941425798443939,5.372934170324389,4.77190769819796,0.8225944796827497,0.5730240468640527,0.0,False,2906,True
22,89,11:28,temporal_eb,19.978604984727863,24.397028631239802,3.044330326070649,5.552007412817765,7.831124382199169,1.2691492725574325,0.7021612727254912,0.14161571365601588,True,2907,True
66,66,14:43,full_observed_sparse_eb,20.93143469958796,7.937937262399459,0.6536546828213071,16.262406739971915,10.057513295394745,0.8733649108570232,0.22089683963838855,2.845990698358861,True,2908,True
48,215,15:06,temporal_same_od_eb,74.03803720218902,103.69277155722051,13.521997531324995,0.5,1.0,0.1,0.15735198730588315,0.0,False,2909,True
111,41,11:02,spatial_neighbor_gravity_eb,59.544252115327694,78.4173605882683,12.697295695353422,5.877702526900399,26.58277716937686,2.2806805149522758,0.30599073694692597,0.0,False,2910,True
189,48,09:49,temporal_same_od_eb,45.38955306046871,51.572139491291146,7.211627779203347,2.6749382540078592,4.808136322620485,0.5924985857468889,0.14669329050161722,0.27329798402033134,True,2911,True
84,188,16:21,spatial_gravity_time_fallback,117.45117544084118,104.59209677409977,15.498748442122029,41.10791140429441,31.377629032229926,3.874687110530507,0.10550000000000001,0.0,False,2912,True
41,16,20:31,global_od_time_adjusted,61.749241769149556,53.60045226630544,13.555,20.2,4.768242125898531,0.5549999999999878,0.22692307692307692,0.0,False,2913,True
229,235,00:06,temporal_same_od_eb,37.38195808645128,24.021522619975812,9.15,0.5,1.0,0.1,0.1525581865545252,0.0,False,2914,True
206,6,18:48,temporal_eb,17.806797772585895,14.893666875615716,2.7441782724147217,3.7548129658031377,3.889339462074132,0.7141571312836326,0.36206823093934254,0.0,False,2915,True
254,251,21:20,spatial_gravity_time_fallback,148.37033091814942,116.90073108149076,23.032406585930993,51.9296158213523,35.07021932444722,5.758101646482748,0.10550000000000001,0.0,False,2916,True
148,29,20:05,temporal_same_od_eb,78.73211168506481,52.608649702403795,16.46,0.5,1.0,0.1,0.1521126545618799,0.0,False,2917,True
118,87,05:45,spatial_eb,53.45223475023949,26.86323222134123,12.169057002305907,0.08499999999902845,5.02499999999999,0.5849999999999871,0.05,0.0,False,2918,True
199,147,15:24,spatial_neighbor_gravity_eb,26.71600149638313,19.493684039412845,4.331176747527636,8.369975630233707,8.14618152096786,1.3447703649389804,0.3892307692307692,0.0,False,2919,True
132,61,07:58,full_observed_dense_eb,60.80717242543593,43.19655281478029,11.535540337386783,14.955370139433045,14.561559117791353,2.7644123640071174,0.8473952082381614,56.395903447236655,True,2920,True
211,190,08:39,full_observed_sparse_eb,36.10120028979817,30.850252535403158,4.6740657592872195,4.159505555115361,5.2530562431491585,0.6765970624970138,0.1207836751507142,0.5784538502096908,True,2921,True
36,49,19:34,observed_sparse_eb,19.836087959900567,19.072064387084772,2.871144120754715,3.344284575456225,3.2859811013856985,0.375905332828861,0.8471712832703104,1.7732500243937608,True,2922,True
82,257,03:53,global_od_time_adjusted,39.41627145579312,26.730287423009813,11.484285714285715,6.1284998330816505,5.684840181436702,1.0337567708240012,0.28596491228070176,0.0,False,2923,True
196,204,22:08,spatial_gravity_time_fallback,142.38955025796594,111.67974169947222,22.188669037023892,49.836342590288076,33.503922509841665,5.547167259255973,0.10550000000000001,0.0,False,2924,True
214,62,19:34,global_od_time_adjusted,50.19225857291184,43.730749928955255,12.785,5.5200000000000555,9.474598787378248,0.34499999999994935,0.22692307692307692,0.0,False,2925,True
195,239,19:37,temporal_same_od_eb,59.246619359693845,47.01938328569576,10.28189336857687,6.459084500905058,6.456771015271344,0.6898462758548045,0.12740618299146497,0.4961240370894444,True,2926,True
78,247,04:57,observed_sparse_eb,18.67714718147926,13.456542655066245,3.2769108984862485,1.7238266606963382,2.4084808115310716,0.24094367440746628,0.7415898329539793,2.229959443928827,True,2927,True
42,31,15:53,global_od_time_adjusted,37.671339086304776,30.242378255874247,6.576666666666667,5.396195161613593,8.748434757591767,2.2206655658958514,0.3354838709677419,0.0,False,2928,True
228,172,15:30,global_od_time_adjusted,33.172441005694964,32.799181980780105,8.05,1.0950000000000546,2.5376905343206846,0.2599999999999976,0.22692307692307692,0.0,False,2929,True
29,67,12:59,temporal_same_od_eb,29.33148174970143,31.727816133571785,4.388767586668633,0.5,1.0,0.1,0.1676726038289271,0.0,False,2930,True
207,152,21:19,spatial_neighbor_gravity_eb,30.145537337776744,25.744767558780786,5.8067393370055225,8.02627310839723,8.116794763638918,1.3651393931893243,0.37377956654633165,0.0,False,2931,True
263,159,22:47,temporal_same_od_eb,19.512847723733827,15.088301587673888,3.990591481975538,2.3241491215394454,3.3702831361068055,0.3545565906495002,0.320741057505347,1.3318901374071288,True,2932,True
96,41,17:30,spatial_neighbor_gravity_eb,54.57544413718691,65.97735939735095,11.307697415456072,7.784461066033678,21.2601503548735,3.097308328504632,0.2749348927176931,0.0,False,2933,True
229,241,20:04,global_od_time_adjusted,52.606856122380194,39.36408336480336,10.826999999999998,13.685527245963172,14.828230774981234,1.0753794679088937,0.31666666666666665,0.0,False,2934,True
22,115,07:59,global_od_time_adjusted,25.663979020336086,24.02212993109183,7.12,0.5,1.0,0.1,0.22692307692307692,0.0,False,2935,True
234,44,16:44,spatial_neighbor_gravity_eb,125.83161294212091,100.8838212606976,24.961299208076277,10.33261793704589,13.416672796709895,2.131843702705395,0.16728864689069176,0.0,False,2936,True
46,68,09:43,spatial_neighbor_gravity_eb,64.14303420211237,80.5038936659934,14.085708516775414,6.822799574878432,21.597475416436854,2.409487463286422,0.24063843524040715,0.0,False,2937,True
163,19,18:00,temporal_same_od_eb,101.23230674908723,66.05541642763944,16.591550695607946,0.5,1.0,0.1,0.1676726038289271,0.0,False,2938,True
26,257,12:28,temporal_same_od_eb,17.692135368568245,20.864716319179763,3.0200810029757603,0.5,1.0,0.1,0.15648803270435546,0.0,False,2939,True
204,108,11:21,spatial_gravity_time_fallback,92.41133206507664,81.06069127381679,12.366480078193366,32.34396622277683,24.318207382145033,3.0916200195483414,0.10550000000000001,0.0,False,2940,True
184,13,19:19,spatial_neighbor_gravity_eb,96.11210476444641,106.54069513485571,20.00268559863302,11.52277351465883,2.0,0.7976746926447303,0.14247721606255093,0.0,False,2941,True
169,153,20:23,temporal_same_od_eb,29.810569731186213,21.949940144615642,4.195610985060387,3.9298255201583623,2.891236485405253,0.5185488811468895,0.23362106046759964,0.0,False,2942,True
33,250,21:52,temporal_same_od_eb,46.7324928492835,48.84548307127064,16.16,0.5,1.0,0.1,0.15243168341365243,0.0,False,2943,True
249,254,15:45,global_od_time_adjusted,68.622850169031,63.8501826855431,14.6,9.913564220579577,17.22775670129252,0.18184242262652667,0.23962264150943396,0.0,False,2944,True
47,140,07:55,temporal_same_od_eb,37.44544446347401,38.267498843221205,7.287427011144244,5.935570441473246,9.086566665227174,1.34425629375021,0.19664715811166728,0.7131006022034327,True,2945,True
63,112,04:27,temporal_same_od_eb,25.336347442652293,21.34215636189029,7.8427748642359605,3.035247089654412,2.2077438634538047,0.8831870537086799,0.19080578354454752,0.18434333876497178,True,2946,True
117,78,10:31,temporal_same_od_eb,71.23614113212001,79.35742293865134,18.073434465096298,0.9237166252623991,1.5649036129628477,0.2158047330510847,0.16139716694716436,0.04627327731424913,True,2947,True
262,166,13:34,full_observed_sparse_eb,24.179634014607437,22.819100737144865,3.2289199279379632,3.289504982024278,4.32289443092245,0.48185424681705047,0.45030403812036474,8.28924275885909,True,2948,True
78,8,19:48,spatial_neighbor_gravity_eb,31.174668849614548,26.970185055749965,6.573123740388056,7.455370441875816,7.439387643002937,1.9506053328376833,0.2466065307817449,0.0,False,2949,True
168,242,04:12,temporal_same_od_eb,19.75133169602012,14.104569934247236,6.051849096858724,1.8272832033039634,2.6929192892694336,0.8366482883226272,0.21311430285541716,0.3919945938577385,True,2950,True
137,134,08:49,full_observed_sparse_eb,49.42516288236385,47.85195571541351,9.955331082432307,11.853415557880744,24.415096003549092,2.209072598820338,0.11189700835105294,0.7536539172784202,True,2951,True
99,235,16:22,spatial_gravity_time_fallback,177.95808595874925,160.14635113402304,23.741439304471115,62.28533008556224,48.043905340206905,5.935359826117779,0.10550000000000001,0.0,False,2952,True
72,36,11:00,temporal_same_od_eb,27.934027803242024,33.36607243853767,4.050009084448698,0.5,2.6984245206992563,0.10022195514532845,0.17561396793685286,0.0,False,2953,True
243,185,10:50,global_od_time_adjusted,29.72611970466913,30.43723362396318,5.211111111111111,5.744411992171382,6.314169523211971,2.430406662106133,0.30677966101694915,0.0,False,2954,True
256,259,02:48,temporal_same_od_eb,50.62964037638669,49.84002007917552,19.77,0.5,1.0,0.1,0.1528467311720606,0.0,False,2955,True
140,81,13:00,temporal_same_od_eb,59.89413231805774,59.41494280748431,11.928946365531864,0.6285169528241555,1.3564755601728125,0.13369325517166566,0.18192987985276507,0.014112427835783592,True,2956,True
177,142,02:43,temporal_same_od_eb,74.17135757739048,33.9950852886604,13.1,0.5,1.0,0.1,0.15687724420638674,0.0,False,2957,True
121,17,06:34,global_od_time_adjusted,30.726164349345346,33.021833090108906,10.302,3.3287240798840694,20.019911930519804,1.1726619291168268,0.31666666666666665,0.0,False,2958,True
26,213,02:53,spatial_neighbor_gravity_eb,63.1134424437564,69.24907607840657,17.749686004273887,1.0,2.176358800450983,0.25,0.1491688006900707,0.0,False,2959,True
132,145,00:15,full_observed_dense_eb,73.78419420661034,41.78548402589131,15.931526958436832,12.294393870509413,7.917312574737115,2.602813769347939,0.8901622258629174,81.04810179060732,True,2960,True
43,223,14:50,temporal_same_od_eb,39.98220467621451,36.68504586367038,5.963810700827888,3.5261110227928647,3.5069268360883075,0.5546604575705738,0.16091887765635757,0.3565128751118465,True,2961,True
40,171,23:37,full_observed_sparse_eb,47.55906488946637,43.99228954495565,16.474987788644214,5.9497981212768005,4.062772547545398,0.6049479060615301,0.12631536225678805,0.5003988258267498,True,2962,True
259,158,09:47,global_od_time_adjusted,56.33888874172789,64.34093651561568,15.4,0.5,1.0,0.1,0.21372549019607845,0.0,False,2963,True
209,231,00:58,observed_dense_eb,11.335572470883818,7.370439884295503,0.9891259368885422,2.2826598286573763,2.1807815270417263,0.3170380542642309,0.9747809350684973,21.870405825020082,True,2964,True
99,184,10:52,spatial_gravity_time_fallback,204.7916333559577,181.17533436974654,28.276188762542528,71.67707167458519,54.35260031092396,7.069047190635632,0.10550000000000001,0.0,False,2965,True
199,180,15:29,spatial_neighbor_gravity_eb,61.114830990036054,53.7430944809565,11.926911265751933,6.076495424676809,12.336083039324652,1.2437911823808745,0.3457584247578237,0.0,False,2966,True
131,78,13:10,global_od_time_adjusted,53.38756421749042,52.86442246178132,13.565000000000001,2.339999999999851,5.721991375461695,0.2649999999999342,0.2269230769230769,0.0,False,2967,True
15,17,17:15,spatial_neighbor_gravity_eb,77.30434189585765,72.19494746103007,14.866442162815776,8.035607484689944,12.35733829640638,0.43709835353187493,0.1636216856171591,0.0,False,2968,True
16,176,10:01,spatial_gravity_time_fallback,163.76355520558442,141.62716798048075,22.988415423883623,57.31724432195454,42.48815039414423,5.747103855970906,0.10550000000000001,0.0,False,2969,True
56,70,15:25,observed_sparse_eb,14.629012754759927,14.769475267274801,2.0276409030820823,5.516923115820444,4.192054334515813,0.9576600402415187,0.6363938350837565,0.6784210239241446,True,2970,True
232,217,04:49,temporal_same_od_eb,10.938896311629188,4.912858313908499,1.75,0.5,1.0,0.1,0.15525166896621054,0.0,False,2971,True
147,232,10:35,temporal_same_od_eb,41.50920166713452,58.539371937905244,12.25,0.5,9.682972765733115,2.4499999999999997,0.16925294632478377,0.0,False,2972,True
133,5,23:08,spatial_gravity_time_fallback,80.68740372969413,59.60601579176083,12.70755177950914,28.240591305392947,17.88180473752825,3.176887944877285,0.10550000000000001,0.0,False,2973,True
203,105,03:12,spatial_neighbor_gravity_eb,66.17735420098734,58.14520999738299,17.817089905364867,2.906699993469923,8.77762864098039,1.14456875909012,0.15659932325608508,0.0,False,2974,True
159,10,15:10,global_od_time_adjusted,54.617964259560864,59.48362764641985,14.715,3.131840513180735,7.7006471364946165,0.4665565346236034,0.2518518518518519,0.0,False,2975,True
193,178,03:47,global_od_time_adjusted,27.988909905849347,68.24337564960324,8.620000000000001,17.470000000000002,44.13355125321131,4.789999999999999,0.22692307692307692,0.0,False,2976,True
143,158,04:22,full_observed_sparse_eb,17.021257188263995,12.203238522335507,3.3364886344474263,3.0522951883888836,2.1360529518804285,0.4147641746830419,0.17108320536359278,1.0642235963541253,True,2977,True
194,158,04:48,global_od_time_adjusted,44.99742812508422,28.603622225150488,10.669999999999998,11.296831414162106,1.3889584199776834,2.0511622721439347,0.23962264150943396,0.0,False,2978,True
162,182,12:11,temporal_same_od_eb,86.74431959569651,60.01464650268427,10.80197052784314,0.5,1.0,0.1,0.15693720790591162,0.0,False,2979,True
89,121,18:52,full_observed_sparse_eb,52.96930363584116,59.052728668437354,11.019143485130385,3.3304200486071935,9.861300741793348,1.0622501424265312,0.12607017887297284,0.5038584927665113,True,2980,True
140,92,22:11,full_observed_sparse_eb,47.853354286323594,41.792938412065155,11.45797470526987,11.626331368658706,13.903906744900668,1.806131143196284,0.10873178928512607,0.7588530618652243,True,2981,True
169,111,19:06,spatial_neighbor_gravity_eb,69.3958636708739,80.58753167205076,15.302615494099307,8.850434399009679,20.964368468841492,2.398702231967085,0.18285790389353662,0.0,False,2982,True
99,150,02:19,spatial_gravity_time_fallback,78.85241143558167,55.5689208862852,12.776065354892616,27.59834400245358,16.67067626588556,3.194016338723154,0.10550000000000001,0.0,False,2983,True
221,81,11:57,spatial_gravity_time_fallback,162.4813851900375,144.159788897408,21.95459118364334,56.86848481651312,43.2479366692224,5.488647795910835,0.10550000000000001,0.0,False,2984,True
227,40,00:26,global_od_time_adjusted,15.646800422286116,15.901439492851516,3.1558333333333337,5.134953680955213,4.732144202333865,0.4250089868330856,0.427027027027027,0.0,False,2985,True
218,38,03:49,full_observed_sparse_eb,13.490139017622019,10.62250105962667,3.212679816160626,2.359432493485972,1.5745798049914637,0.5206068237883124,0.11015783104328325,0.7283901182940085,True,2986,True
115,20,02:03,spatial_gravity_time_fallback,119.95876391104076,86.21436112102583,19.651599057715572,41.98556736886427,25.864308336307754,4.912899764428893,0.10550000000000001,0.0,False,2987,True
63,130,22:16,observed_sparse_eb,25.443986153549808,21.34137509736648,5.241477581084832,4.998430720978599,5.863272717438586,1.70829049203341,0.7599340344010915,1.0685246605204952,True,2988,True
206,97,06:09,spatial_neighbor_gravity_eb,40.57882431801768,30.04718185972664,10.170050300482082,2.4564239551318607,3.550924907814663,0.25,0.15640996874441826,0.0,False,2989,True
24,125,06:09,temporal_same_od_eb,22.846388842278465,20.168782705614245,6.760914954478935,0.9927941217779037,1.0,0.1,0.16610562170759455,0.0,False,2990,True
83,75,10:30,temporal_same_od_eb,34.05587700552018,65.70623280840364,8.715605958327123,0.6359460709999121,1.4124287484806166,0.12991087916719884,0.16713169349249463,0.02653739008757583,True,2991,True
221,205,21:08,spatial_neighbor_gravity_eb,66.95408627204668,66.88539993607499,20.158759997606438,1.0,2.0,0.25,0.13667839662721282,0.0,False,2992,True
101,123,20:02,spatial_neighbor_gravity_eb,88.94579544131656,90.85948120723128,23.424897635806328,1.0,2.0,0.30275995834783337,0.14942655592180087,0.0,False,2993,True
185,46,08:36,global_od_time_adjusted,22.00842512037221,18.917236466070406,4.8133333333333335,1.4126649362896389,3.121308547133228,0.1,0.23962264150943396,0.0,False,2994,True
175,10,06:31,global_od_time_adjusted,28.239874750831216,23.996892955232582,10.0425,3.154507687421256,9.251007135264798,1.355569529754925,0.2518518518518519,0.0,False,2995,True
101,123,19:28,spatial_neighbor_gravity_eb,93.5525486961624,97.64878419059814,23.424897635806328,1.0,2.0,0.30275995834783337,0.14942655592180087,0.0,False,2996,True
118,239,00:54,global_od_time_adjusted,77.92980095269834,52.63065537355442,20.17,0.5,1.0,0.1,0.21372549019607845,0.0,False,2997,True
188,62,19:32,observed_sparse_eb,12.572217603667218,10.887204695637367,1.2824319456731001,2.025579784602281,2.49046756281363,0.3071467356166775,0.9055211532233536,3.0,True,2998,True
124,172,01:31,spatial_neighbor_gravity_eb,67.90076591933612,58.969826668318426,17.54978043523713,1.0,2.0,0.25,0.12553773827189083,0.0,False,2999,True
202,138,18:46,temporal_eb,48.844555706682,28.78179503681462,7.699191291565505,17.67138478862462,7.396823252360446,1.2183401715730433,0.6109032286436813,0.0,False,3000,True
245,40,16:13,spatial_neighbor_gravity_eb,46.62870842174006,37.53196141905482,8.439546765071395,1.0,2.0,0.25,0.13451508737271253,0.0,False,3001,True
177,214,22:32,global_od_time_adjusted,52.057431416928566,46.164595686068544,15.719999999999999,5.930000000000018,5.013871423335244,0.800000000000027,0.22692307692307692,0.0,False,3002,True
92,75,12:55,temporal_same_od_eb,41.110239674446746,60.61397793391025,9.086615922494516,0.5,1.0,0.1,0.1676726038289271,0.0,False,3003,True
146,51,23:00,temporal_same_od_eb,38.38272036729485,38.42169921213311,13.593398259791694,0.5,1.0,0.1,0.16376641519395718,0.0,False,3004,True
133,5,07:53,spatial_gravity_time_fallback,86.19417279725653,70.9526715658173,12.70755177950914,30.167960479039785,21.285801469745188,3.176887944877285,0.10550000000000001,0.0,False,3005,True
94,200,23:58,global_od_time_adjusted,19.14383968226849,16.423293881818473,4.6066666666666665,2.334797754743548,4.411754722416209,0.8307560144564465,0.3354838709677419,0.0,False,3006,True
54,167,16:20,global_od_time_adjusted,52.500865097007406,54.84815771236306,13.649999999999999,0.5,1.0,0.1,0.21372549019607845,0.0,False,3007,True
236,127,15:15,full_observed_sparse_eb,41.212019961200454,42.16206547582304,7.6233502844238314,8.182126707072385,12.226793864082037,0.8939793862454193,0.2874689781181395,4.039305109846325,True,3008,True
180,62,04:26,temporal_same_od_eb,22.071740634953333,14.882657998294277,5.429049080927284,4.776028476721925,1.4968860806442512,0.22255358912594803,0.14282981187187205,0.2974956641380331,True,3009,True
52,46,21:03,spatial_neighbor_gravity_eb,69.78332039356206,79.17860562610343,16.069583714121755,1.0,19.304157790300394,2.5644486050832143,0.14429650102325411,0.0,False,3010,True
123,261,18:22,global_od_time_adjusted,51.108218662260114,50.16350203822663,12.5,0.5,1.0,0.1,0.21372549019607845,0.0,False,3011,True
90,5,20:51,spatial_neighbor_gravity_eb,95.29337390747705,67.18893076149539,20.846562761130834,12.159204202814903,2.0,0.25,0.1572930294028671,0.0,False,3012,True
14,138,05:34,global_od_time_adjusted,60.09880235612553,35.143592414749115,18.11181818181818,11.482744222355283,9.36841026581573,3.1445907904955632,0.3262295081967213,0.0,False,3013,True
197,33,04:36,temporal_same_od_eb,31.781679568832537,28.656303805586674,14.98,0.5,1.0,0.1,0.15258199175446766,0.0,False,3014,True
217,150,04:28,global_od_time_adjusted,42.14967094282654,44.65762332874122,16.435,5.925000000000012,2.7271671836892435,0.5849999999999871,0.22692307692307692,0.0,False,3015,True
107,191,04:56,temporal_same_od_eb,47.27086510973177,32.89794690765929,17.87,0.5,1.0,0.1,0.1552209658963481,0.0,False,3016,True
72,56,01:02,global_od_time_adjusted,33.922159399720854,28.763251069875206,9.846666666666666,4.006025583071353,5.748723026572838,1.7355082508847106,0.3354838709677419,0.0,False,3017,True
242,120,02:06,spatial_neighbor_gravity_eb,37.248249493783334,37.14393386660729,7.411215575499384,6.3730280627058065,12.484481319926209,2.2105114384759084,0.3892307692307692,0.0,False,3018,True
223,146,01:15,observed_sparse_eb,16.061856258285665,11.504011440545748,2.1176612134666044,7.7730760571628625,3.6745677935757146,0.643669306270728,0.7553778738169605,0.9685506828462955,True,3019,True
241,194,19:26,temporal_same_od_eb,35.699805782591966,28.658512887440473,8.0,0.5,1.0,0.1,0.1553583586126426,0.0,False,3020,True
135,108,17:24,global_od_time_adjusted,71.43709026537763,66.23052046989207,16.3,0.5,1.0,0.1,0.21372549019607845,0.0,False,3021,True
125,254,10:49,temporal_same_od_eb,56.67248497321707,123.63317445484373,15.5,0.5,1.0,0.1,0.16033311844539666,0.0,False,3022,True
56,108,10:37,temporal_same_od_eb,68.53474257836135,73.71924975975807,19.57180302159881,0.5,1.0,0.1,0.15992781576033327,0.0,False,3023,True
110,135,08:49,spatial_gravity_time_fallback,144.26000498935852,123.47109003704394,20.479590511067382,50.49100174627549,37.041327011113175,5.1198976277668455,0.10550000000000001,0.0,False,3024,True
222,84,11:12,spatial_gravity_time_fallback,132.70443142156248,117.28824215917525,18.030641688354187,46.446550997546865,35.18647264775257,4.507660422088547,0.10550000000000001,0.0,False,3025,True
128,258,16:57,spatial_neighbor_gravity_eb,70.88917851470954,84.55774250382768,15.95498003564164,3.355674322464071,23.723766540853486,1.650534316638623,0.1857036588523499,0.0,False,3026,True
110,253,00:47,spatial_gravity_time_fallback,129.93168501607568,92.77957277488802,21.15228366450026,45.47608975562649,27.833871832466407,5.288070916125065,0.10550000000000001,0.0,False,3027,True
127,68,07:07,observed_sparse_eb,37.979930325471386,36.13096055009232,9.73023367242541,8.04653946071884,6.657043164726183,0.7399806437451526,0.7353892506706701,2.0169859749076053,True,3028,True
203,175,11:36,temporal_same_od_eb,36.618971912297624,39.8933175197474,10.15,0.5,1.0,0.1,0.1542618687721582,0.0,False,3029,True
120,215,15:59,spatial_neighbor_gravity_eb,65.05270290248032,89.21852555312748,14.235252141458124,2.7040470970068906,30.457219120504384,1.9400593038735185,0.2922708583289625,0.0,False,3030,True
255,196,19:41,temporal_same_od_eb,28.05861485429998,26.612340587924784,5.895131127419371,0.9870396069412878,4.5263886776571605,0.24694684070061965,0.17828317051682227,0.0,False,3031,True
152,57,16:26,global_od_time_adjusted,52.42002119879349,43.11679012394099,9.67,0.5,1.0,0.1,0.21372549019607845,0.0,False,3032,True
94,183,03:52,global_od_time_adjusted,18.702786780396025,13.282168786291505,4.909000000000001,2.9748613413064895,1.9778255768910076,0.7086952800745833,0.31666666666666665,0.0,False,3033,True
17,147,14:18,global_od_time_adjusted,52.32276785532156,53.455598667876245,12.559000000000001,7.555816037993553,14.39102058031104,1.0224035406824465,0.31666666666666665,0.0,False,3034,True
235,218,14:14,global_od_time_adjusted,77.14917536106414,81.63702340089543,20.747142857142858,12.322616505881335,32.60780120787822,3.199587983679486,0.28596491228070176,0.0,False,3035,True
245,146,10:16,spatial_neighbor_gravity_eb,76.78559664171203,107.21302986123612,10.925592931257702,1.0,2.0,0.25,0.12707865832682572,0.0,False,3036,True
246,27,22:29,temporal_same_od_eb,99.64922365747746,70.42781578730546,23.935000000000002,14.640000000000033,1.0,1.3249999999999604,0.15650558893271468,0.0,False,3037,True
122,35,12:48,temporal_same_od_eb,38.749808849590636,42.49246082691208,10.88,0.5,1.0,0.1,0.15554990116812656,0.0,False,3038,True
20,156,15:59,spatial_gravity_time_fallback,162.46261915167122,146.3800109344296,21.49988442993392,56.86191670308493,43.91400328032888,5.37497110748348,0.10550000000000001,0.0,False,3039,True
62,46,12:54,spatial_neighbor_gravity_eb,77.36910103161276,81.390995934483,17.309336497939853,5.935620867950071,9.862482248592594,0.3467949262347248,0.15021618154287691,0.0,False,3040,True
192,53,09:20,temporal_eb,18.49152366899964,16.017313713016954,3.5550094259315945,4.683933344844628,2.9541945285312257,1.139871694193859,0.47280195054627683,0.0,False,3041,True
19,235,01:04,global_od_time_adjusted,52.54683711335476,44.3251950423988,17.0,0.5,1.0,0.1,0.21372549019607845,0.0,False,3042,True
48,82,16:36,temporal_same_od_eb,51.899453854061974,52.54748236236146,7.713409740179545,3.276216056797196,6.2130972094537995,0.6190560810151061,0.155859385378834,0.4214705336474367,True,3043,True
52,199,14:47,spatial_neighbor_gravity_eb,70.59285604200505,69.51081997168063,13.13114022450122,8.897010779574872,11.990776635688508,0.6392047165663883,0.30793604741635394,0.0,False,3044,True
185,110,22:25,spatial_gravity_time_fallback,163.70402450504244,127.51403893134963,25.699778762882502,57.296408576764854,38.25421167940489,6.424944690720626,0.10550000000000001,0.0,False,3045,True
240,1,06:32,global_od_time_adjusted,104.31520493306911,70.43604774840007,29.36,0.5,1.0,0.1,0.21372549019607845,0.0,False,3046,True
181,159,11:27,global_od_time_adjusted,56.99865691003651,69.8380840823435,13.619333333333334,5.706076137670143,33.13529072116363,6.431048091528744,0.3615384615384616,0.0,False,3047,True
258,68,11:37,temporal_same_od_eb,67.2039033241278,53.40748180185268,11.8,0.5,1.0,0.1,0.15464540573191754,0.0,False,3048,True
123,186,23:45,temporal_same_od_eb,50.58524278267156,31.97757900985582,11.41,0.5,1.0,0.1,0.1560963901516095,0.0,False,3049,True
98,159,20:01,global_od_time_adjusted,42.213869580182205,38.537334537212814,12.0,0.5,1.0,0.1,0.21372549019607845,0.0,False,3050,True
47,158,09:18,global_od_time_adjusted,46.879192129826166,46.922607871287084,11.7,0.5,1.0,0.1,0.21372549019607845,0.0,False,3051,True
142,128,17:54,full_observed_sparse_eb,42.762906749293464,46.7331911145085,8.498568546785592,6.853456231401987,6.715179210510128,0.8127455903021601,0.16666666666666666,2.0,True,3052,True
220,132,07:38,global_od_time_adjusted,89.88870462531656,72.73022453494583,23.16,8.334267947589733,8.149544662730385,0.4205551886098698,0.23962264150943396,0.0,False,3053,True
96,254,00:28,spatial_neighbor_gravity_eb,56.93959864005892,51.34676990712523,15.584766753355982,5.367771887975742,19.76769262099237,1.165590499737679,0.1967497343384299,0.0,False,3054,True
157,125,21:59,temporal_same_od_eb,40.502882149783055,27.672666757638087,6.399756928711143,0.5,1.0,0.1,0.16857079508904407,0.0,False,3055,True
44,204,06:34,spatial_neighbor_gravity_eb,8.723184566191009,4.239345393659446,1.1652888018255503,1.0,2.0,0.25,0.1249229896801787,0.0,False,3056,True
18,245,09:14,spatial_gravity_time_fallback,140.42244300480706,120.20453605095155,19.835005713380593,49.14785505168247,36.06136081528546,4.958751428345148,0.10550000000000001,0.0,False,3057,True
12,256,11:58,temporal_same_od_eb,33.317236520813104,34.77615825314697,4.07330645569696,0.886412626086031,1.6321873121128991,0.18760741786256868,0.16401105836750088,0.13045129578659242,True,3058,True
41,46,07:33,global_od_time_adjusted,37.51678133526938,36.55795662737948,11.947999999999999,1.1150533619518872,8.692929611631342,0.78141922167299,0.26363636363636367,0.0,False,3059,True
25,236,05:51,temporal_same_od_eb,29.619963817723388,21.122908280883244,9.344547098672653,3.39454955928278,4.008972439166612,0.825770937829152,0.18334378589440595,0.7371555438216646,True,3060,True
45,6,16:36,spatial_neighbor_gravity_eb,59.76665438497256,49.06164090095567,10.56646833434887,4.6102993293167,8.798024996262503,0.6140414684096823,0.1983632411413966,0.0,False,3061,True
125,51,17:51,global_od_time_adjusted,73.70666388576777,100.71340318404594,15.296000000000001,5.857083233145933,29.933109371576478,4.266153302449405,0.26363636363636367,0.0,False,3062,True
233,134,01:30,full_observed_sparse_eb,40.989059948074605,27.778827409470228,10.584528552965173,6.713297533248027,8.532434438255342,1.01037881152597,0.09090909090909091,1.0,True,3063,True
178,81,17:54,global_od_time_adjusted,83.8442372465156,127.63330886914127,25.9,0.5,1.0,0.1,0.21372549019607845,0.0,False,3064,True
245,97,12:10,global_od_time_adjusted,67.11057666498803,71.73765429182757,13.86,0.5,1.0,0.1,0.21372549019607845,0.0,False,3065,True
177,224,13:01,global_od_time_adjusted,37.70626194152373,65.53037563821096,6.781428571428571,7.7716898590529215,17.518455074984196,1.1981942195466886,0.28596491228070176,0.0,False,3066,True
233,37,23:04,temporal_same_od_eb,31.79116330396704,22.943355816877,6.271923730042958,6.2770212927937195,6.740804638400606,0.8272288957690681,0.2053380872444047,0.4789639663089815,True,3067,True
148,135,16:00,temporal_same_od_eb,45.19785921157397,101.84575417232612,8.73603201964523,0.5,7.503765536981503,0.47590577536343937,0.16523296803085938,0.0,False,3068,True
186,9,17:24,temporal_same_od_eb,94.2863008518074,70.82618860773997,11.96,0.5,1.0,0.1,0.15841589363937184,0.0,False,3069,True
1,217,12:14,spatial_neighbor_gravity_eb,101.8867806292881,88.19204529501566,14.193788229577063,1.0,2.0,0.25,0.12784984721839873,0.0,False,3070,True
163,24,08:21,full_observed_sparse_eb,22.3630502147505,19.548713127545724,3.197964140917348,3.917016227301816,4.711616037796687,0.43659526989872116,0.12218169539088176,1.4127983791596392,True,3071,True
150,238,22:24,temporal_same_od_eb,63.8361138127804,61.44690372170596,20.0,0.5,1.0,0.1,0.1594301202951801,0.0,False,3072,True
171,244,22:25,full_observed_sparse_eb,39.13343577984659,36.73941890728597,12.44066909368474,5.371829158686522,12.317265175938763,1.8154281801606085,0.11587302245335943,1.3295238963843445,True,3073,True
50,131,21:13,temporal_same_od_eb,56.56163456274406,41.53613501577199,13.73,0.5,1.0,0.1,0.15177455261958225,0.0,False,3074,True
159,213,18:38,observed_sparse_eb,20.691323686386994,19.837143128630153,4.026377457116417,4.990221821604369,5.893466523928501,1.234942984734354,0.764477650557994,1.9793474573937715,True,3075,True
232,223,14:02,temporal_same_od_eb,42.182615107458176,35.22200820104164,9.029391027319736,1.043205227787162,1.7640736745425212,0.1490736157056991,0.16596984639701104,0.10396392643747276,True,3076,True
25,91,18:09,temporal_same_od_eb,39.06058566188335,51.89672697722117,6.258799281126331,5.9345458298098075,12.445211306428314,1.559564239585367,0.20134502229376058,0.8049681714340409,True,3077,True
215,253,12:45,spatial_neighbor_gravity_eb,41.220263156600154,39.58213620502259,7.644667981253194,7.450518672695918,9.169090070834946,1.6135535499067504,0.3855659822065555,0.0,False,3078,True
138,263,20:20,observed_dense_eb,42.49633078015219,25.695672620805713,8.189896543111626,6.485077980154283,3.548843296546388,0.7725606079090095,0.995,205.67983377739506,True,3079,True
183,224,00:14,spatial_neighbor_gravity_eb,70.48010807480661,61.08299613679402,17.242837780916027,7.3360295090388234,8.412753428496563,0.9066982069610351,0.2033545740208258,0.0,False,3080,True
170,217,17:42,full_observed_sparse_eb,37.89711742027901,36.08256052314867,5.625501470529864,6.204696330708753,9.719290921967698,0.8499868195679176,0.20314435986181203,2.656598477512617,True,3081,True
110,31,23:16,spatial_gravity_time_fallback,156.30567029222706,117.0385146723668,25.292520188240502,54.70698460227946,35.11155440171004,6.3231300470601255,0.10550000000000001,0.0,False,3082,True
160,151,18:56,global_od_time_adjusted,48.29153666892487,38.14548614004591,10.41,3.686129406301438,6.521876284899257,1.1429129450662485,0.2518518518518519,0.0,False,3083,True
232,167,06:25,full_observed_sparse_eb,32.22856643419606,31.080643701181796,10.344368893553384,6.99811349511867,15.060741284315855,1.1192830798303908,0.09090909090909091,1.0,True,3084,True
214,76,21:59,global_od_time_adjusted,61.83857339490152,56.93512083819809,18.87,0.5,1.0,0.1,0.21372549019607845,0.0,False,3085,True
222,164,22:04,global_od_time_adjusted,44.02766768810481,79.27607047425866,17.25,3.5355339059327378,15.603219593553453,4.107614879708175,0.2518518518518519,0.0,False,3086,True
3,88,23:24,full_observed_sparse_eb,48.07886485764157,46.27935483078202,16.436898068162744,2.63338430543765,10.83856397708612,0.7743790645480337,0.1171255500546803,0.6300719258693306,True,3087,True
250,49,02:59,global_od_time_adjusted,40.73258797282654,66.25091063751104,10.433333333333334,2.357022603955276,14.810773644703096,4.910080334260213,0.23962264150943396,0.0,False,3088,True
74,119,18:39,full_observed_sparse_eb,23.30266013939339,23.011607941846222,3.2295860008112074,3.664837447444323,10.577573472444264,1.0205802068337246,0.1367873188825216,1.6055926092492854,True,3089,True
88,14,20:16,full_observed_sparse_eb,40.41930432025322,26.199510958402165,8.301578940458525,8.000426966178953,15.031520436173844,1.178166309401884,0.16666666666666666,2.0,True,3090,True
14,146,09:07,temporal_same_od_eb,68.97074392403428,61.46486271796685,13.47,0.5,1.0,0.1,0.15240028341778344,0.0,False,3091,True
57,150,11:37,spatial_neighbor_gravity_eb,86.06469418905218,88.66197022861232,17.955336973373132,3.5739291542551768,2.9974593402139984,0.25,0.14330700485166836,0.0,False,3092,True
184,73,08:46,spatial_neighbor_gravity_eb,43.99719441606855,41.31184144602885,9.460322701465016,1.0,2.0,0.25,0.13111838637319725,0.0,False,3093,True
104,104,02:22,spatial_gravity_time_fallback,3.750314924676285,1.3865914102437205,0.01,1.3126102236366994,2.0,0.25,0.25,0.0,False,3094,True
23,74,03:09,global_od_time_adjusted,79.7203024043487,58.92711928985363,24.225,13.25,4.990315948154284,0.5649999999999649,0.22692307692307692,0.0,False,3095,True
112,206,06:32,spatial_gravity_time_fallback,59.718421860237804,41.01564948057483,10.169713527623143,20.901447651083227,12.304694844172449,2.542428381905786,0.10550000000000001,0.0,False,3096,True
214,42,18:50,spatial_neighbor_gravity_eb,94.61897152447963,82.56637978066406,21.187129339829344,1.0,2.0,0.25,0.13321518308789423,0.0,False,3097,True
176,223,02:15,spatial_gravity_time_fallback,114.17834865416177,81.68139484583648,18.73945313618892,39.96242202895661,24.504418453750944,4.68486328404723,0.10550000000000001,0.0,False,3098,True
70,24,16:26,full_observed_sparse_eb,55.8562933022847,36.51986905659798,8.541258059158219,9.080518875328977,12.113269190442116,0.935870971797942,0.16666666666666666,2.0,True,3099,True
12,263,10:17,temporal_same_od_eb,44.755796514126736,44.90536098117137,8.5,0.5,1.0,0.1,0.16092814268901298,0.0,False,3100,True
91,10,06:07,temporal_same_od_eb,28.990252081460724,20.838515086729505,9.782896406564834,1.5151489173230783,1.0,0.45516819326989505,0.17670795827918612,0.0,False,3101,True
112,16,19:55,temporal_same_od_eb,42.66371267307958,38.72737502510988,11.836043240959569,0.5,1.0,0.1,0.1670580676307349,0.0,False,3102,True
30,31,13:49,spatial_gravity_time_fallback,130.8069380787291,116.70809110853087,17.754516252903525,45.78242832755518,35.012427332559255,4.438629063225881,0.10550000000000001,0.0,False,3103,True
20,240,03:07,temporal_same_od_eb,14.981195998017373,11.45653957293226,3.692390542149856,1.7387659026683175,1.6866566043691906,0.7814860427681375,0.2072803989580892,0.0,False,3104,True
108,154,20:41,global_od_time_adjusted,15.509732901675756,19.918405748894994,3.7750000000000004,2.4649999999999817,1.642341339993127,1.1749999999999994,0.22692307692307695,0.0,False,3105,True
179,187,15:58,spatial_neighbor_gravity_eb,92.97681582125159,102.82441762725604,19.318336323776613,1.0,2.0,0.25,0.13160193347338947,0.0,False,3106,True
89,110,00:58,spatial_neighbor_gravity_eb,54.01201553951494,35.61756098234215,12.514969265060145,1.0,2.0,0.25,0.12389225125145374,0.0,False,3107,True
161,61,01:17,full_observed_sparse_eb,49.3379292284065,36.73168586329708,9.14860452241421,9.385869578779925,8.995004417518283,1.34053453572578,0.2908661105209098,4.108188320939107,True,3108,True
249,108,17:35,temporal_same_od_eb,58.04262594967413,50.8503802719645,10.691261877484564,2.62372506926145,3.6177304465115796,0.7329607092219692,0.15338912407123895,0.3519206135828341,True,3109,True
86,71,15:05,global_od_time_adjusted,59.604156080715924,74.11386933196387,14.41826086956522,8.041541388421868,17.48758245737414,1.1292538982574605,0.42054794520547945,0.0,False,3110,True
230,251,13:51,global_od_time_adjusted,96.4630289825956,69.8048937830921,17.856666666666666,6.81931244497736,3.163631289226065,2.1617482636874215,0.23962264150943396,0.0,False,3111,True
245,124,04:25,spatial_gravity_time_fallback,77.45775941559326,45.67236454941748,13.69616376958669,27.110215795457638,13.701709364825241,3.4240409423966724,0.10550000000000001,0.0,False,3112,True
52,188,17:10,temporal_eb,23.415416344626326,28.560899067352445,3.5496378539561633,4.42472835732395,10.957155249606371,1.3125700054935503,0.7116537081137403,0.3274086061695556,True,3113,True
9,190,05:33,spatial_neighbor_gravity_eb,59.19392825008351,45.4049797571618,16.985077548785167,4.136946223770928,7.126765516179585,1.5856175657798872,0.18058897526718198,0.0,False,3114,True
10,220,11:14,temporal_same_od_eb,74.15122819686874,70.56245566398374,18.2,0.5,1.0,0.1,0.15580924943871527,0.0,False,3115,True
72,166,16:39,temporal_same_od_eb,86.09501017611089,79.57923850393455,16.43,0.5,1.0,0.1,0.15221254344630275,0.0,False,3116,True
151,95,17:44,temporal_same_od_eb,71.83162004054408,59.58754584382298,14.77759205468775,0.94787573017895,1.7971149232083865,0.16540858523610402,0.16366422279085166,0.05221726945015348,True,3117,True
97,129,04:56,temporal_same_od_eb,23.488937795290255,14.790367537529558,7.8533826681353744,4.660990972274385,2.3682068193430816,0.8487466541644793,0.17357200806873602,0.5368959751959537,True,3118,True
234,197,21:31,temporal_same_od_eb,52.305846383868676,37.84412026987761,12.555663836795524,0.5,1.0,0.1,0.16453946598654615,0.0,False,3119,True
156,117,06:21,spatial_neighbor_gravity_eb,71.01871601761984,50.47372706233016,21.10988204397387,1.0,2.0,0.25,0.12485375165053583,0.0,False,3120,True
114,193,19:33,temporal_same_od_eb,40.55774325412085,31.455919623526725,6.944766633624998,0.553672445080553,1.410314406892156,0.11727018205935594,0.15247603364597417,0.0,False,3121,True
77,198,21:56,full_observed_sparse_eb,19.463202056147217,19.32480559631653,3.622665304487959,2.7499206208095175,4.571362685325815,1.7891989710354723,0.11212342850963991,0.7188586283931926,True,3122,True
72,137,00:33,temporal_same_od_eb,34.13970180176053,31.625040264709,8.95,0.5,1.0,0.1,0.15559599981200556,0.0,False,3123,True
225,77,11:08,full_observed_sparse_eb,22.968020496942984,26.45828569208162,2.9826352962040437,3.9360582536459496,14.092894003056763,0.9791562922594513,0.19240612831527082,2.5630543760551703,True,3124,True
47,51,01:01,temporal_eb,27.180512075321968,20.125931188100704,7.035643785782397,3.696023968480606,10.744757550303996,1.0844411714431537,0.6171121091110067,0.0,False,3125,True
32,195,02:21,global_od_time_adjusted,48.463711314212844,102.90659334199998,28.7,0.5,1.0,0.1,0.21372549019607845,0.0,False,3126,True
45,73,03:25,global_od_time_adjusted,34.663762789078234,33.16986312474002,11.5,2.5,4.362257807805233,0.1999999999999801,0.2269230769230769,0.0,False,3127,True
65,8,00:15,global_od_time_adjusted,41.01857112904764,29.082306412780863,9.489999999999998,1.8399999999998948,1.0,0.13000000000002615,0.22692307692307692,0.0,False,3128,True
162,117,16:36,temporal_same_od_eb,63.85588088655804,108.70197806734905,19.6,0.5,1.0,0.1,0.15251010091112574,0.0,False,3129,True
70,206,03:51,global_od_time_adjusted,94.91324837831233,57.52122937343054,25.7125,24.2580536884145,14.233051813438585,3.655122261977022,0.2518518518518519,0.0,False,3130,True
152,164,17:41,full_observed_sparse_eb,38.193625792291144,36.01107278688012,6.481794318084057,6.880502149612598,8.011551364774203,0.7523273019600961,0.31491863826455396,4.846437854679436,True,3131,True
2,88,20:50,spatial_neighbor_gravity_eb,63.654109660517484,83.5119990586775,13.578485208891301,5.878159298133816,20.50945773596835,3.123090280194554,0.13656380941211538,0.0,False,3132,True
71,141,03:56,global_od_time_adjusted,36.921374616433816,51.951024323474016,12.032999999999998,3.404646824561939,18.34727955002787,1.2966576263609548,0.31666666666666665,0.0,False,3133,True
101,173,19:41,global_od_time_adjusted,42.91346966076185,41.192189745330836,12.152,5.982773269981074,3.6464632206728056,0.7356466543117257,0.26363636363636367,0.0,False,3134,True
250,167,09:43,temporal_same_od_eb,16.568090307484542,23.73223132771328,3.703943991906815,5.750443859348261,2.717727969309999,0.5474816071235497,0.1649443881544506,0.0,False,3135,True
89,216,09:52,full_observed_sparse_eb,46.169288757081446,56.65652941164585,9.368441670007897,6.711672124432386,10.559843318634886,1.3428278088864989,0.21305817112182274,1.6991350427535536,True,3136,True
207,22,08:25,spatial_neighbor_gravity_eb,75.50192585289108,87.68513457325056,16.210194794928917,9.623760121465285,17.221584262351026,2.628122934526291,0.36266892170075743,0.0,False,3137,True
113,220,09:02,temporal_same_od_eb,73.26221165198756,47.32473454176413,13.2,0.5,1.0,0.1,0.15568458401676258,0.0,False,3138,True
174,50,01:48,global_od_time_adjusted,38.913506951249005,40.953539873719535,13.171666666666667,3.1877917682973944,19.477182978006063,1.7530489313066968,0.38529411764705884,0.0,False,3139,True
71,79,06:36,full_observed_sparse_eb,31.603486136313823,41.805697917676454,7.89585220331934,7.144134766633373,6.482525012348921,0.8981377227410028,0.14166211152890906,0.5760465823752696,True,3140,True
82,124,15:52,full_observed_sparse_eb,39.58869484372718,42.55706949788619,6.19064951424842,3.548913176949813,5.891010798300872,1.539644176860071,0.12924959642264067,0.5648608208135855,True,3141,True
120,203,16:52,spatial_neighbor_gravity_eb,80.89824934393687,102.95194285072677,17.982345108022905,3.1741761469099887,32.13581812199568,3.8966427801524093,0.19980501413922325,0.0,False,3142,True
104,181,08:00,spatial_neighbor_gravity_eb,27.758018354832164,22.561763817367932,4.269932238884128,5.9362741396298855,5.972524913687845,0.9855995789056345,0.3892307692307692,0.0,False,3143,True
251,153,11:50,spatial_gravity_time_fallback,156.85399591086124,139.44712688609064,21.139484778930573,54.89889856880143,41.83413806582719,5.284871194732643,0.10550000000000001,0.0,False,3144,True
143,40,13:08,temporal_same_od_eb,49.64155143133378,42.45996106424414,8.242660723720524,1.2364579922213141,1.0,0.21247808827158615,0.16404540733487663,0.0,False,3145,True
44,50,15:24,spatial_gravity_time_fallback,152.3966198519975,142.17873015634942,20.807442020385785,53.338816948199124,42.65361904690482,5.201860505096446,0.10550000000000001,0.0,False,3146,True
103,211,14:23,spatial_neighbor_gravity_eb,21.376192624922354,20.240278572839568,2.6409414670280604,4.976382609355285,6.190742378085654,0.7890269413759495,0.3892307692307692,0.0,False,3147,True
39,95,06:00,temporal_same_od_eb,28.672704922764655,22.738021965125522,10.208430468625549,0.8466677040608102,4.294408519585619,0.8481698128137326,0.17673010752468735,0.0,False,3148,True
183,167,11:00,temporal_same_od_eb,29.76123060694043,71.61057479426445,6.0,0.5,1.0,0.1,0.1615970068845087,0.0,False,3149,True
176,188,13:11,spatial_gravity_time_fallback,85.49219102375251,74.45883432571873,11.375015142423543,29.922266858313378,22.337650297715612,2.8437537856058857,0.10550000000000001,0.0,False,3150,True
32,104,16:20,spatial_neighbor_gravity_eb,68.95795252900905,102.89351523822828,13.887144906182828,1.0,5.564462151381132,3.549999999999999,0.1303355078063188,0.0,False,3151,True
199,74,10:08,spatial_neighbor_gravity_eb,30.868448278732977,19.89386476124723,4.868349227673592,9.405190607467036,9.833590421174897,1.2152859842610628,0.3892307692307692,0.0,False,3152,True
17,207,06:34,spatial_neighbor_gravity_eb,33.773366409341556,28.200799859331703,7.682027612951712,6.97667285665992,8.158022034385766,1.4170263485295178,0.38923076923076927,0.0,False,3153,True
218,205,21:06,temporal_eb,11.808011451333854,9.750486086781217,1.775814249259149,4.76397648697407,5.555789935884328,0.6829002813107731,0.8212874738954797,0.42228083105283076,True,3154,True
36,173,12:45,temporal_same_od_eb,40.30993677480586,37.673022278642705,9.64,0.5,1.0,0.1,0.15322469681671014,0.0,False,3155,True
148,175,21:06,temporal_same_od_eb,56.97892846978321,47.2575440843392,15.562321494744722,0.5,1.0,0.1,0.15319439508234242,0.0,False,3156,True
23,237,17:03,spatial_eb,77.82420740287336,72.02147313770871,17.665894653486337,27.649688745825998,22.357878322696596,3.88456062742178,0.05,0.0,False,3157,True
74,78,00:49,full_observed_sparse_eb,24.46458793760746,20.71956570962305,5.7698754286530445,3.5027413996180745,6.385093020915422,0.863134768251166,0.11654895521696373,0.7452916637472953,True,3158,True
83,70,00:34,temporal_same_od_eb,10.843333158543228,9.029016484251098,2.7795012274286375,0.5,1.0,0.1,0.15161753413339674,0.0,False,3159,True
256,118,03:45,spatial_neighbor_gravity_eb,63.2657919771765,37.74614866599662,16.635548348951595,11.194511165557177,6.645805493502995,3.023159254200016,0.14865880356180525,0.0,False,3160,True
195,206,21:27,global_od_time_adjusted,97.39595999610478,39.14300643721598,12.98,0.5,1.0,0.1,0.21372549019607845,0.0,False,3161,True
174,52,06:04,spatial_neighbor_gravity_eb,54.00289597432986,49.75709381575886,15.262016044802802,2.181548914886172,12.784384009495389,2.701405062002248,0.294335094795527,0.0,False,3162,True
148,219,17:42,temporal_same_od_eb,75.92900401090817,61.776092765180394,12.023597435125074,6.701613123844344,4.835978538222489,0.9117145311437735,0.15389093616553215,0.17953409294578648,True,3163,True
85,135,06:16,global_od_time_adjusted,33.30494664006669,34.74514412846538,12.127503143750827,6.849147174272739,11.13501878050744,1.4786698081913994,0.26902041343210825,0.0,False,3164,True
218,29,14:53,temporal_same_od_eb,56.99445633093522,59.516208896372916,14.809999999999999,0.5,1.0,0.1,0.15233693412735663,0.0,False,3165,True
72,164,05:14,temporal_same_od_eb,42.324705134058334,25.34450188263492,10.305067376182809,1.1694272486803299,1.4802735706459675,0.274925814280359,0.17322950940888596,0.0,False,3166,True
54,121,19:26,global_od_time_adjusted,48.85091357303557,50.06405982674244,14.46,0.5,1.0,0.1,0.21372549019607845,0.0,False,3167,True
106,36,07:07,observed_sparse_eb,30.788548554496835,26.59718067097949,5.187251329809429,7.034352813282117,4.7045824021504545,1.4911910940227369,0.6935261385457485,0.5068462790650834,True,3168,True
50,44,12:36,spatial_neighbor_gravity_eb,147.23220735936937,103.85230781434727,26.556110090158093,27.208550747790717,8.77493425963746,0.9296303721798702,0.17837618373255376,0.0,False,3169,True
243,233,04:35,temporal_same_od_eb,24.236034227166016,26.115252512902366,9.476626785329541,0.6406089268530384,1.0,0.17656112833040166,0.17112422315012335,0.0,False,3170,True
104,48,21:12,spatial_eb,32.333370985377925,26.960656237832836,5.047923465360384,10.72589196482052,7.652769230934565,1.282936462870674,0.3333333333333333,0.0,False,3171,True
15,152,12:49,spatial_neighbor_gravity_eb,52.17684405432476,48.27394768644442,11.237055235074138,2.538999970195906,4.6920514880696915,0.4065547147735211,0.17109567262824532,0.0,False,3172,True
255,148,20:14,observed_sparse_eb,17.39977892165473,13.644305820949787,2.5158201733964876,4.302385365825164,4.241244690881293,0.4889394241990355,0.9549620191721062,10.62384345282183,True,3173,True
206,168,01:09,spatial_gravity_time_fallback,93.81508466637553,66.3736630674965,15.1593793100539,32.83527963323143,19.912098920248944,3.789844827513475,0.10550000000000001,0.0,False,3174,True
208,79,07:54,temporal_same_od_eb,45.16226499499511,85.24488289719523,14.3,0.5,1.0,0.1,0.15224923988562367,0.0,False,3175,True
233,259,14:12,full_observed_sparse_eb,55.38270297596106,57.39626804657497,13.476014598637217,9.438732874017155,15.503954525884053,2.5636556416222094,0.1060695954229317,0.7948734155201223,True,3176,True
229,240,10:48,temporal_same_od_eb,65.22449649108998,45.22452835854966,11.634853637352187,0.5,1.0,0.1,0.15316144256480935,0.0,False,3177,True
111,138,22:27,spatial_neighbor_gravity_eb,70.97411909856926,59.00640497848708,15.053436380402088,11.442290539833994,12.47402841769323,1.6323224137456462,0.28281722892577355,0.0,False,3178,True
233,109,20:43,spatial_neighbor_gravity_eb,98.50442334965484,80.47174285063393,21.15374238157457,7.621249276646014,6.855726075109699,1.5880594194209372,0.1663954340380136,0.0,False,3179,True
141,208,11:56,temporal_same_od_eb,44.24105995277585,48.51219367969773,9.8,0.5,1.0,0.1,0.15269159892171502,0.0,False,3180,True
199,193,17:26,spatial_neighbor_gravity_eb,38.00050325099951,33.5583103295132,5.793946836237316,9.237519300015656,7.167949175318555,0.9942125199709464,0.3892307692307692,0.0,False,3181,True
106,77,16:39,full_observed_sparse_eb,43.25137258450492,45.91278442174192,6.066524659361713,2.6562312788980544,5.351747462780903,1.98970141657148,0.1231885193160826,0.5885694669406973,True,3182,True
170,206,11:09,temporal_same_od_eb,85.67360864760721,72.43845611685879,18.783771501365415,6.034039726362006,4.954030577782776,0.27776967850401224,0.20747069256026096,0.0,False,3183,True
43,193,21:42,temporal_same_od_eb,23.683892578441046,21.073290231700643,4.194559799420039,0.5,1.0,0.10507955613327649,0.1647090013920156,0.0,False,3184,True
54,7,12:40,global_od_time_adjusted,44.249477694808164,41.71934284202429,10.671666666666667,6.378500346215137,6.712621616491383,1.0951319047899577,0.275,0.0,False,3185,True
110,207,20:05,spatial_gravity_time_fallback,128.20482028966404,103.46130042578108,19.274525312358215,44.871687101382406,31.03839012773432,4.818631328089554,0.10550000000000001,0.0,False,3186,True
258,177,00:12,temporal_eb,20.177439961339047,17.39651044321881,3.76081759650692,4.07855923190571,5.363308127652733,1.027969454556025,0.7182082620588199,0.23007854087787294,True,3187,True
43,243,07:48,temporal_same_od_eb,33.574048838873814,31.08523008843865,6.917630316637864,1.8273405798192255,1.386241617566293,0.1928857360788864,0.19081548543160537,0.0,False,3188,True
177,224,16:27,temporal_same_od_eb,51.78260114503364,50.195536558974375,8.19,0.5,1.0,0.1,0.15365021980509294,0.0,False,3189,True
57,115,15:49,spatial_neighbor_gravity_eb,99.61496359696415,94.06324155687835,22.741411065053065,1.0,2.0,0.25,0.12776341331015623,0.0,False,3190,True
164,143,22:08,full_observed_dense_eb,20.73101860408365,17.152844878806185,2.632551475531203,3.8442404410067876,3.764208602877502,0.44518852049476565,0.9138253875106067,106.12099858551284,True,3191,True
217,8,07:09,spatial_neighbor_gravity_eb,36.48053336019025,32.55820357319446,7.862598104965585,4.946628860083118,6.940835520636505,1.4460966491468594,0.312594363531286,0.0,False,3192,True
181,30,16:02,global_od_time_adjusted,72.65853508231137,81.81808226481002,12.2,0.5,1.0,0.1,0.21372549019607845,0.0,False,3193,True
198,182,21:47,temporal_same_od_eb,47.95473756030284,49.27704586075465,15.120990009827839,0.7746261173863401,4.233451164665233,0.5284838319867322,0.15054422200300277,0.15851682816547452,True,3194,True
226,140,05:17,observed_sparse_eb,19.85651438194271,12.644888681618793,3.196318406337777,1.9119691829661734,2.357811558777198,0.24931071021644918,0.9229980562166201,10.219623872883481,True,3195,True
10,160,05:09,full_observed_sparse_eb,24.500549662946327,17.727003952413753,8.407484110625994,3.1131231626657163,3.342251681115301,0.8409102312789063,0.11973549379538403,0.6099693409603972,True,3196,True
141,206,09:27,global_od_time_adjusted,97.7628710428581,76.23897181688982,21.016666666666666,2.7341462205878493,3.4715865289111876,0.47555815160255177,0.23962264150943396,0.0,False,3197,True
173,245,06:52,spatial_neighbor_gravity_eb,79.01968336801403,62.87014648174395,19.542700351811057,6.364659369431289,18.349356121058232,0.8208938217983129,0.14204163055608968,0.0,False,3198,True
65,66,22:36,observed_sparse_eb,12.63112002895074,8.039384222619956,1.0017481933365597,4.349758802302615,3.6083637431576596,0.3792748922420436,0.9081904530767555,6.272164326086752,True,3199,True
123,207,16:41,spatial_neighbor_gravity_eb,83.53087775962479,100.54133904432211,16.87852159451406,6.701397294075175,11.87388166843211,5.313692735889222,0.17425211049762615,0.0,False,3200,True
70,85,21:51,temporal_same_od_eb,64.20664364464928,43.3900173449679,14.351654703525131,3.960420517621081,2.5475134232986116,1.5551455873290274,0.1653878165742002,0.0,False,3201,True
35,120,03:51,global_od_time_adjusted,46.719749444696916,51.25615915654173,14.9,0.5,1.0,0.1,0.21372549019607845,0.0,False,3202,True
14,20,11:10,global_od_time_adjusted,76.24532248165752,121.53282755474174,21.7,0.5,1.0,0.1,0.21372549019607845,0.0,False,3203,True
51,129,13:17,temporal_same_od_eb,46.37164335759627,80.5933114814213,6.752465338028028,0.5,1.0,0.1,0.17091945981620352,0.0,False,3204,True
122,36,20:25,global_od_time_adjusted,39.69322840422031,35.758798471951906,10.580526315789474,6.691273392426011,11.830048429441367,3.0159339544705785,0.3927536231884058,0.0,False,3205,True
259,133,07:37,global_od_time_adjusted,63.38878158085777,85.4914996775781,23.1,0.5,1.0,0.1,0.21372549019607845,0.0,False,3206,True
199,240,08:04,spatial_neighbor_gravity_eb,46.75421180861541,35.02995041952518,9.603388367781088,9.807298501721197,10.097889469376105,0.9398579587602879,0.24302699508289882,0.0,False,3207,True
228,116,06:48,temporal_same_od_eb,42.160461797504276,67.42736088804546,14.834743851523077,1.451339836996845,8.08960186154082,0.949902101810949,0.1645235868791225,0.17969407087889877,True,3208,True
180,258,10:29,temporal_eb,10.311825174837296,9.054187422760105,1.4733480636026544,3.9803967093387334,3.1916734034729264,1.0497757550539384,0.7719586687400638,0.0,False,3209,True
206,63,07:26,spatial_neighbor_gravity_eb,69.87177283072751,57.778411746968025,15.941089401908531,1.0,2.0,0.25,0.12838579044639856,0.0,False,3210,True
52,25,10:44,observed_sparse_eb,11.92109219108283,9.105741184391896,0.8847493565620305,3.548656737858726,3.2090982863522597,0.08507886289403783,0.8003357382729144,2.946870628995569,True,3211,True
190,128,16:17,spatial_neighbor_gravity_eb,72.40654579549297,85.59775168860662,17.7206624688535,2.8655317045411457,10.725674912892767,2.825628739116728,0.14497431982452808,0.0,False,3212,True
204,61,16:03,spatial_neighbor_gravity_eb,90.70608215345783,86.23749886331404,19.032652258912325,1.0,2.0,0.25,0.12589662478651287,0.0,False,3213,True
150,240,05:54,spatial_neighbor_gravity_eb,78.8709262918267,71.35993396980285,19.024045619311995,1.0,2.0,0.25,0.13698587450359173,0.0,False,3214,True
184,258,03:27,global_od_time_adjusted,39.82314885583686,35.42787046905599,15.11,0.5,1.0,0.1,0.21372549019607845,0.0,False,3215,True
137,149,05:48,temporal_same_od_eb,43.73241057842137,31.83357239774104,15.48423388541076,0.5,1.0,0.1,0.15499494259555138,0.0,False,3216,True
42,221,17:55,global_od_time_adjusted,99.09428205498541,83.63647291607882,20.924999999999997,8.72000000000002,7.708531025402163,2.025000000000023,0.2269230769230769,0.0,False,3217,True
233,155,02:50,global_od_time_adjusted,51.8493478394206,62.61465939321086,16.137307692307694,15.10714710456789,23.87127630984565,4.019195822446519,0.43947368421052635,0.0,False,3218,True
70,172,07:16,global_od_time_adjusted,77.48263192576954,65.11640464812604,23.02,1.126449683247275,8.713378111037724,0.19866219234350121,0.23962264150943396,0.0,False,3219,True
48,84,05:33,global_od_time_adjusted,109.76811408695762,50.98280191889834,26.393333333333334,7.9195805163881,11.770406627013386,3.47909311299495,0.23962264150943396,0.0,False,3220,True
120,237,14:42,temporal_same_od_eb,36.250500911278976,40.568436891865794,6.089774611665437,1.165348399133531,2.102585515744349,0.20080655418822366,0.20989385502894353,0.19802021374726309,True,3221,True
115,171,21:18,spatial_gravity_time_fallback,116.25485321311893,91.00377144047201,17.924965791583503,40.68919862459162,27.301131432141602,4.481241447895876,0.10550000000000001,0.0,False,3222,True
81,257,17:28,spatial_neighbor_gravity_eb,87.38884136078872,111.65033402540209,19.351208239137474,1.0,16.08846873883359,2.830455072625815,0.17472504211749484,0.0,False,3223,True
240,263,19:30,global_od_time_adjusted,41.58116945345648,42.937113132199286,11.25,8.145744628673016,20.198591568682183,1.4808330988557334,0.23962264150943396,0.0,False,3224,True
257,122,18:11,spatial_neighbor_gravity_eb,83.73511357930474,85.30596522534262,17.70179240348182,4.866844769834494,5.086839899744033,1.9531810957653297,0.17591036157662138,0.0,False,3225,True
27,20,03:00,spatial_neighbor_gravity_eb,79.18032460288164,72.23365559099716,22.73094533624083,1.0,2.0,0.25,0.1261232021011574,0.0,False,3226,True
4,121,12:21,global_od_time_adjusted,46.42079600172778,44.78587231389548,11.433333333333332,1.7604229289829476,3.1927634016617876,1.85711843695789,0.23962264150943396,0.0,False,3227,True
167,112,12:27,temporal_same_od_eb,48.17338460774086,57.526506609451076,11.268432583567613,1.5691957869211433,5.828150307959413,0.34045958504129353,0.15593724292887318,0.1846077933120398,True,3228,True
257,221,02:25,global_od_time_adjusted,32.743687397648934,26.938521117888804,10.44,0.5,1.0,0.1,0.21372549019607845,0.0,False,3229,True
165,147,10:37,spatial_neighbor_gravity_eb,73.82926831351472,81.06475133427006,17.724751046776106,5.011996909688854,14.356691882738106,2.675286259834194,0.19284012003773093,0.0,False,3230,True
212,93,09:39,temporal_same_od_eb,32.40593107169285,34.369142072387376,9.392536097752451,4.0396910803833705,3.2733430311358545,1.5194730459639816,0.13469421798589623,0.38216874959583436,True,3231,True
263,99,07:54,spatial_neighbor_gravity_eb,99.00888685394885,79.5745658510449,22.31064828858564,1.0,2.0,0.25,0.12700802480396728,0.0,False,3232,True
59,152,16:02,spatial_neighbor_gravity_eb,45.764693211826,56.36851023922941,7.612637388561828,4.553292061801391,11.34744694781708,1.1722649466141923,0.3765094583563127,0.0,False,3233,True
159,226,20:50,temporal_same_od_eb,35.21350284141279,26.764454345501164,8.23159745305818,1.8515876756114507,5.523926314755927,0.4441174827653706,0.1368780060796719,0.3653567976524812,True,3234,True
65,110,08:12,spatial_neighbor_gravity_eb,63.79123606155861,54.23461582116394,13.17339577903585,8.584899851946835,8.063557752040293,0.9153578931329949,0.13666039570333807,0.0,False,3235,True
84,141,17:00,gravity_prior,101.42852025346338,97.56787927897875,20.345340699594473,35.49998208871218,29.27036378369362,5.086335174898618,0.05,0.0,False,3236,True
61,43,09:54,temporal_same_od_eb,60.31073447569459,49.70196854362074,9.451070708058916,2.3635449732116998,4.829802454901729,0.6683691869026454,0.13614857768625757,0.37542722828504793,True,3237,True
217,25,01:33,temporal_same_od_eb,19.178751156013323,14.888904637912102,3.269398579122636,0.5,1.0,0.1,0.1570036613553942,0.0,False,3238,True
140,82,22:30,temporal_same_od_eb,39.455872364622856,27.368853360969172,6.7399719697553,0.5,1.0,0.17905032948832378,0.15927105926486723,0.0,False,3239,True
107,193,20:18,full_observed_sparse_eb,23.4906114711035,19.22438636321136,4.150074907693421,5.234565609875709,4.7417702467949665,0.7191003251802166,0.10834495826823062,1.2301534491406443,True,3240,True
87,185,20:49,temporal_same_od_eb,53.08210368897275,56.83522622352891,18.51,0.5,1.0,0.1,0.15751225593773593,0.0,False,3241,True
81,43,12:23,global_od_time_adjusted,49.63761774866132,50.030619626774325,12.08,0.5,1.0,0.1,0.21372549019607845,0.0,False,3242,True
186,94,12:27,temporal_same_od_eb,61.87055590760032,59.08174612503292,11.009968610891587,6.212845106171736,10.884202285348412,0.28539571159094584,0.16448868728060578,0.0,False,3243,True
52,259,01:57,spatial_neighbor_gravity_eb,71.98526059001597,56.924248924929785,18.678964050883263,7.8352582662074575,10.536393767676667,1.3997865290924172,0.17167131023960389,0.0,False,3244,True
106,44,11:49,spatial_gravity_time_fallback,122.19346073090311,107.95541556181242,16.355663405314125,42.76771125581609,32.38662466854372,4.088915851328531,0.10550000000000001,0.0,False,3245,True
236,182,20:17,temporal_same_od_eb,35.21498452539158,27.56421276425444,8.233661460002459,1.2561628166508616,3.2232983200842527,0.263131495022425,0.15947654715737403,0.1402282285330898,True,3246,True
208,187,09:12,spatial_gravity_time_fallback,151.26199714672654,129.65041217779202,21.41696118466284,52.94169900135428,38.895123653337606,5.35424029616571,0.10550000000000001,0.0,False,3247,True
140,187,14:16,global_od_time_adjusted,95.06853140469332,86.34964524872792,21.92,0.5,1.0,0.1,0.21372549019607845,0.0,False,3248,True
15,261,02:11,global_od_time_adjusted,58.00994603818028,50.77037493922769,19.5425,14.252588361417018,15.279823943977924,1.1776751462096624,0.2518518518518519,0.0,False,3249,True
73,232,05:53,global_od_time_adjusted,38.770943328793145,27.417564971858564,11.7725,13.31256173694606,1.8518921495341156,1.2457001043589824,0.2518518518518519,0.0,False,3250,True
220,218,06:42,spatial_neighbor_gravity_eb,63.019752294656115,57.27028563379792,17.945410231799713,2.339331270441451,9.354604049849325,1.518290643267115,0.1594497424458447,0.0,False,3251,True
120,118,09:36,spatial_neighbor_gravity_eb,112.43677196848503,88.11700925968591,22.057489721589683,1.0,2.0,0.25,0.12811121733513497,0.0,False,3252,True
48,153,13:58,full_observed_sparse_eb,50.15796912340882,57.50715801414971,10.459098982353078,7.541493999623967,6.364863930082689,1.4575378466411677,0.10031961389342997,0.8899285597979869,True,3253,True
44,78,01:39,spatial_gravity_time_fallback,174.5504545589165,130.09530165484387,28.6373199262509,61.092659095620775,39.02859049645316,7.159329981562725,0.10550000000000001,0.0,False,3254,True
83,128,03:03,spatial_neighbor_gravity_eb,40.934696740099525,31.111405997352605,10.252646612500254,5.046661938045046,7.634737233326722,0.9211872611732154,0.22241493451339284,0.0,False,3255,True
242,79,13:36,temporal_same_od_eb,60.47115399995042,76.5496108348024,14.730936388799819,3.1583207801567843,25.785034582320723,1.5793819832612932,0.13412115602920593,0.39025495623490514,True,3256,True
133,208,11:42,spatial_neighbor_gravity_eb,77.00260910971944,84.782224021333,14.524237046564792,1.453700294615617,21.494599310540153,6.118723406304156,0.13992300829418147,0.0,False,3257,True
131,213,17:11,global_od_time_adjusted,50.242392671953844,50.89588688505067,11.52,2.0788689232368585,21.816813459157775,4.627102765230095,0.26363636363636367,0.0,False,3258,True
52,110,07:57,spatial_neighbor_gravity_eb,57.55818724322513,51.99072546947161,12.888043570652272,1.0,2.0,0.25,0.12389225125145374,0.0,False,3259,True
118,84,16:23,temporal_same_od_eb,17.828651747294924,15.249340056463527,2.620175785788504,0.2656490271139873,0.5312980542279746,0.053129805422797466,0.14292858390119514,0.4687019457720254,True,3260,True
147,134,05:16,spatial_neighbor_gravity_eb,37.87915521539123,24.23600399184582,10.882784453640916,4.258831296243782,4.720851651905359,1.1684551759673578,0.22144940691875617,0.0,False,3261,True
35,69,23:52,temporal_same_od_eb,59.62055333397244,52.283477158191104,19.217855885671934,4.903438817738669,6.842344732411559,2.146212887887516,0.2504783711049734,0.0,False,3262,True
245,114,00:32,spatial_neighbor_gravity_eb,31.355187641001912,40.479089740169584,11.99335407531657,1.0,2.0,0.25,0.13451508737271253,0.0,False,3263,True
7,61,15:22,full_observed_sparse_eb,48.45375548449179,47.92408995141702,8.634994185191339,6.1530465949899416,9.87812714611897,2.4991612525236575,0.12996071133217207,1.5154813895846715,True,3264,True
120,252,10:56,spatial_neighbor_gravity_eb,41.92995454774355,41.6426264704305,8.508943308411578,2.7792535339024305,9.342538866513696,3.592618320482826,0.20659766083181796,0.0,False,3265,True
139,73,04:33,global_od_time_adjusted,31.243011569487166,19.93987140359521,10.3525,4.474032716688621,2.1735227959644554,1.5769016297791119,0.2518518518518519,0.0,False,3266,True
232,20,05:00,temporal_same_od_eb,30.0136112364023,25.92756527349308,14.18,0.5,1.0,0.1,0.1560747541773711,0.0,False,3267,True
208,149,00:22,spatial_neighbor_gravity_eb,70.54513768551767,60.177841579727215,19.940527943427064,1.2629518827941426,13.73966373071493,1.6725769036981677,0.1448436664972569,0.0,False,3268,True
70,59,19:25,global_od_time_adjusted,43.36072989886338,33.68769362171774,9.72,0.5,1.0,0.1,0.21372549019607845,0.0,False,3269,True
225,161,15:58,full_observed_sparse_eb,45.79340776177708,57.119039496598546,7.6548052536489095,9.958267990307654,20.0378984658381,1.4613067559745292,0.09090909090909091,1.0,True,3270,True
38,9,14:40,global_od_time_adjusted,34.7047557485504,39.16192399017483,5.859999999999999,5.440345168788053,6.805360381636746,0.7517091636176013,0.23962264150943396,0.0,False,3271,True
150,255,17:38,spatial_neighbor_gravity_eb,73.44727753720417,85.52091620783355,13.699166802371114,5.640404022166442,12.987940932465378,1.847396036913589,0.20583334073050014,0.0,False,3272,True
225,179,03:16,temporal_same_od_eb,33.024785281714,19.803447567123758,8.246969009820674,2.0868903116217483,1.7069899542930058,0.8744214640265491,0.16114108477519304,0.0,False,3273,True
25,195,21:52,full_observed_sparse_eb,14.90750811748637,13.235344711337778,2.1859550495370246,3.9356672389940552,4.037887221075771,0.54482790231163,0.2686231795707326,3.9575650477580666,True,3274,True
257,165,00:14,global_od_time_adjusted,19.925633117162036,17.798182005189016,3.7458823529411767,5.024919149274689,4.660611903277382,1.4908113023117129,0.3776119402985074,0.0,False,3275,True
253,193,09:26,spatial_neighbor_gravity_eb,41.05375368439629,36.01727673808301,8.054807687366482,5.516378278192954,5.139003104058525,1.3299570153959683,0.298336839485395,0.0,False,3276,True
196,181,02:38,global_od_time_adjusted,37.790854432406235,34.56193742277936,9.49846153846154,13.652294603069258,12.114310356314288,2.5532147041413853,0.34444444444444444,0.0,False,3277,True
238,101,07:41,global_od_time_adjusted,56.39516617923981,72.63693208142763,18.025,1.299038105676658,11.903042887656769,2.1901769334919168,0.2518518518518519,0.0,False,3278,True
48,118,20:33,temporal_same_od_eb,60.44341479864984,75.86372223556565,24.53,0.5,1.0,0.1,0.15368397499741662,0.0,False,3279,True
72,158,14:57,temporal_same_od_eb,37.424842369156366,113.07970615982886,8.8,0.5,1.0,0.1,0.15286470683518164,0.0,False,3280,True
128,180,23:01,spatial_neighbor_gravity_eb,63.86472144856991,53.32746710631055,16.745147780309615,1.0,2.0,0.25,0.1341027933271429,0.0,False,3281,True
217,203,22:37,spatial_neighbor_gravity_eb,61.44040994959477,53.00603604560856,15.67715591877699,7.103467650322516,9.130423905685914,1.5600241202868699,0.2304026763888086,0.0,False,3282,True
136,23,23:41,spatial_gravity_time_fallback,138.94877404903025,101.24483962123861,22.635423383502733,48.63207091716058,30.373451886371583,5.658855845875683,0.10550000000000001,0.0,False,3283,True
143,117,08:23,global_od_time_adjusted,82.44628416232742,119.81591716193691,23.944,8.799999999999926,41.52837553819742,2.684724194400618,0.26363636363636367,0.0,False,3284,True
97,140,04:00,temporal_same_od_eb,29.929168391244,18.883589631770064,8.203112804124638,0.6461111824347074,1.1713491593928267,0.1605601065974578,0.16625587597977398,0.021480002813007104,True,3285,True
202,190,22:04,spatial_neighbor_gravity_eb,46.456366410819186,38.11211080322644,8.629522642841511,11.800881901458684,13.314185501150623,1.6368774188748267,0.3399209311970468,0.0,False,3286,True
37,95,11:26,full_observed_sparse_eb,32.67892743608074,30.58034441717151,6.296668994277053,5.217868505588093,8.904057830830723,1.5099282609589972,0.12507405398136168,1.4885589719334718,True,3287,True
217,67,10:22,global_od_time_adjusted,44.371201558341426,42.43334488377397,8.293333333333335,8.538482821256304,6.5490022058334025,0.779287423797455,0.23962264150943396,0.0,False,3288,True
127,192,14:06,spatial_neighbor_gravity_eb,55.48842428726297,59.50263189935504,12.88084675356782,1.0,2.0,0.25,0.16318738519108061,0.0,False,3289,True
218,64,12:32,temporal_same_od_eb,38.10660885074598,36.858067596486364,9.421896917089132,1.7187272634719122,2.4844226745611584,0.18606072137702678,0.15451702500911396,0.15704076296527347,True,3290,True
65,164,10:25,full_observed_sparse_eb,31.48620637877338,28.928794732185587,5.064714373837692,6.014101887403736,7.814785114701831,1.2216198622676098,0.16029579144644282,2.0685551882752193,True,3291,True
18,144,10:44,global_od_time_adjusted,53.837834824287256,58.0229731704853,14.589999999999998,2.99944809738222,7.583057540156155,0.7634570496542143,0.23962264150943396,0.0,False,3292,True
160,180,21:38,temporal_same_od_eb,20.07934354445882,17.766367358193705,3.993118133266054,0.5,1.0,0.12949594391186825,0.16346450289641984,0.0,False,3293,True
17,169,05:01,temporal_same_od_eb,38.817480903289805,30.784209183480687,16.83,0.5,1.0,0.1,0.15596001415805527,0.0,False,3294,True
89,155,12:44,observed_sparse_eb,19.340448236491383,22.118189154396255,3.0595273588135514,2.773989270230812,3.3353387045503258,0.6895120860098528,0.8838697532926878,4.0,True,3295,True
49,72,07:20,full_observed_sparse_eb,22.350695178605314,23.70995214247476,3.8648073540619805,2.229609029357862,8.136415440378745,0.8097450492300131,0.17267880023491328,1.3856200682703061,True,3296,True
57,97,04:31,spatial_neighbor_gravity_eb,42.75999147175942,33.45210316138589,10.350084776030702,6.872196695415203,7.071991040895544,1.0858158595493272,0.3152216950531214,0.0,False,3297,True
12,74,06:00,global_od_time_adjusted,28.713703744510177,26.828109983092542,9.263333333333334,5.418644994853136,1.7642031640211195,0.6079290894321175,0.30677966101694915,0.0,False,3298,True
249,50,07:11,full_observed_sparse_eb,16.76196746320224,13.07109281790083,2.685054269649657,4.151832383189885,3.876464760830679,0.5877007589191896,0.43568656522112276,7.813343217518174,True,3299,True
16,85,02:27,spatial_neighbor_gravity_eb,66.65340182475164,71.35688978285515,16.795532691906715,3.5346802680577647,14.809117277766498,2.4957017317109162,0.23992988245643615,0.0,False,3300,True
101,68,03:32,spatial_neighbor_gravity_eb,58.169848573358344,52.50408296917691,16.033772750435748,9.971172213458447,15.121615643679691,2.225659633580061,0.23688297327445176,0.0,False,3301,True
183,54,11:36,spatial_neighbor_gravity_eb,84.42764177524684,74.81074639076326,16.037781759581495,8.950000000000099,19.505546297672026,1.8249999999999993,0.13875057065046317,0.0,False,3302,True
18,5,05:49,spatial_gravity_time_fallback,146.64890254702536,91.53682518818718,26.792446347948566,51.327115891458874,27.461047556456155,6.6981115869871415,0.10550000000000001,0.0,False,3303,True
124,251,03:17,spatial_gravity_time_fallback,89.12748280240015,60.32673018903458,15.014458788387762,31.194618980840055,18.09801905671037,3.7536146970969404,0.10550000000000001,0.0,False,3304,True
252,244,21:17,full_observed_sparse_eb,39.9970504837406,32.072444693486084,10.54362082065254,4.526753936414744,6.532130124850571,1.2055865546497402,0.10227313987629456,0.8396472717608958,True,3305,True
133,19,11:01,global_od_time_adjusted,87.62875642630502,83.37169966044848,21.8,0.5,1.0,0.1,0.21372549019607845,0.0,False,3306,True
213,190,11:57,temporal_same_od_eb,53.286349616147014,57.79331005467133,13.8,0.5,1.0,0.1,0.1482200741044461,0.1913117815698726,True,3307,True
6,151,13:28,spatial_gravity_time_fallback,109.06509909560033,96.08490785936375,14.682625162154187,38.172784683460115,28.82547235780913,3.6706562905385467,0.10550000000000001,0.0,False,3308,True
235,72,17:34,global_od_time_adjusted,71.43361569981312,99.75484865139991,18.713333333333335,5.4232409083604285,31.324297193581483,7.7483843682060725,0.4070422535211268,0.0,False,3309,True
114,74,23:15,full_observed_sparse_eb,32.38881722077692,27.71512116156299,7.127876917798196,8.843898351498826,5.4119365301170825,1.090957249532205,0.6165153618966546,16.085258287007747,True,3310,True
111,196,07:21,spatial_neighbor_gravity_eb,56.74220851810094,54.256624663257575,12.826549808019319,4.776007625795452,11.082833300482235,1.4374969611277868,0.20939544067201082,0.0,False,3311,True
203,179,01:50,temporal_same_od_eb,47.017117795497555,51.384040107146745,19.01,0.5,1.0,0.1,0.15421752654373702,0.0,False,3312,True
154,169,02:08,spatial_neighbor_gravity_eb,79.26929153218308,74.99309775743967,21.73407953031976,1.0,2.0,0.25,0.13682000780662862,0.0,False,3313,True
123,100,11:40,temporal_same_od_eb,55.165160494902125,111.96209077414409,14.328515815586305,4.165153906012265,15.978002484353034,1.3456345966297647,0.17196843417360524,0.6765790237087117,True,3314,True
262,169,09:22,temporal_same_od_eb,31.159260125958006,42.865436074155085,11.113920686566628,1.8204881437803038,8.720754831442285,1.126085551310158,0.12684739737031275,0.49289152959642735,True,3315,True
16,93,22:15,temporal_same_od_eb,29.934721987979323,22.558605225015647,7.58,0.5,1.0,0.1,0.1562487355071845,0.0,False,3316,True
175,144,03:45,spatial_neighbor_gravity_eb,51.92789713227925,38.427394270719724,13.818149081151585,1.981256113273339,5.063685823516986,0.71009994263094,0.19109660523261995,0.0,False,3317,True
122,227,05:55,global_od_time_adjusted,56.669436631306496,74.25299710004673,23.0,0.5,1.0,0.1,0.21372549019607845,0.0,False,3318,True
167,122,17:48,global_od_time_adjusted,52.99674017954953,54.65771311689174,13.6,0.5,1.0,0.1,0.21372549019607845,0.0,False,3319,True
32,19,15:23,global_od_time_adjusted,52.71238056821484,55.66083630781706,13.700000000000001,0.5,4.087491714547963,0.1,0.23962264150943396,0.0,False,3320,True
150,234,07:56,global_od_time_adjusted,59.53490827491755,59.120871374920334,17.244999999999997,4.205000000000008,6.420374662229041,1.245000000000025,0.22692307692307692,0.0,False,3321,True
36,12,00:11,spatial_neighbor_gravity_eb,29.57839904747095,24.175881549424098,5.697097215298477,7.326658171482183,7.536462622470502,1.1675864244990046,0.3892307692307692,0.0,False,3322,True
157,78,08:32,global_od_time_adjusted,50.82264977802995,39.56039282830024,11.1,0.5,1.0,0.1,0.21372549019607845,0.0,False,3323,True
78,156,00:41,spatial_gravity_time_fallback,128.2484217206574,91.54655475530951,20.879654039001935,44.88694760223009,27.463966426592854,5.219913509750484,0.10550000000000001,0.0,False,3324,True
216,208,04:05,temporal_same_od_eb,35.02102380351609,29.535336046801802,13.744240097483486,2.7408414094488207,3.080858649057972,0.3824153191772503,0.13597781121679758,0.36405657169882844,True,3325,True
18,81,21:02,temporal_same_od_eb,22.456274346240033,20.79568014344801,4.87,0.5,1.0,0.1,0.1529010116296674,0.0,False,3326,True
157,78,01:16,global_od_time_adjusted,43.223837240787496,28.909295473669314,11.1,0.5,1.0,0.1,0.21372549019607845,0.0,False,3327,True
181,148,22:27,full_observed_sparse_eb,22.204208826709955,18.582617555623703,3.4471793731536726,4.969363587256498,5.145274734606809,0.7368273195378149,0.556692521015629,12.588248765054885,True,3328,True
111,172,01:02,spatial_neighbor_gravity_eb,34.314220910290636,25.148575200712823,8.115986228623154,1.0950000000000546,2.0,0.2599999999999976,0.1329277743455359,0.0,False,3329,True
147,183,03:22,temporal_same_od_eb,16.424950217345692,14.651038163327232,5.730031603735638,1.465068050740911,2.01714076417646,0.3548563307127997,0.1300547285659279,0.44763439377559955,True,3330,True
241,127,14:46,observed_sparse_eb,14.1619762561065,14.842124690853776,2.1395760263590806,4.579968543229768,6.601067747475235,3.254803407030591,0.7000245050427852,1.0,True,3331,True
101,31,18:20,global_od_time_adjusted,54.115627507600315,56.376322912765886,14.439999999999998,0.5,1.0,0.1,0.21372549019607845,0.0,False,3332,True
25,214,09:50,global_od_time_adjusted,42.11229312293863,40.81103368043469,11.106666666666667,4.0564543905019095,5.787309692104088,1.2189977668378023,0.23962264150943396,0.0,False,3333,True
193,58,09:51,spatial_neighbor_gravity_eb,48.729731786714325,46.43597595592579,9.49881286589724,7.753427335218403,11.142249011230748,1.187517677311737,0.23858055668398623,0.0,False,3334,True
177,235,01:49,temporal_same_od_eb,59.39046694810726,50.32607127653953,18.5,0.5,1.0,0.1,0.16042026953157013,0.0,False,3335,True
199,21,16:53,spatial_neighbor_gravity_eb,113.42181714613585,109.5269832618929,21.757226087994844,12.892748501843839,22.34132608498291,2.651871415581321,0.3230356453643094,0.0,False,3336,True
31,21,12:18,spatial_neighbor_gravity_eb,98.83823351700761,113.78564678862159,22.92791104506426,1.0,2.0,0.25,0.1334117643082432,0.0,False,3337,True
121,167,13:02,global_od_time_adjusted,49.75003892229938,60.45104621993307,12.820000000000002,1.3266499161420708,14.05492762796251,0.7359347797189367,0.26363636363636367,0.0,False,3338,True
160,97,19:38,full_observed_sparse_eb,45.22980784059651,39.928197543080685,7.911196927668575,3.4114075578417054,5.056569733257068,0.2945526037461199,0.12463829965179865,0.5240630642433501,True,3339,True
122,233,04:40,global_od_time_adjusted,34.103589547945326,31.38754654210927,16.575714285714287,1.7837955405854036,11.49459270429548,4.014274021335275,0.28596491228070176,0.0,False,3340,True
91,42,15:10,temporal_same_od_eb,60.19393583314147,129.85181817766113,16.900402961627528,0.5,1.0,0.1,0.1629416820752991,0.0,False,3341,True
107,46,12:33,temporal_same_od_eb,61.56735149780523,66.55934007603219,15.764560384178827,2.8871883268605596,2.8848516791826033,0.19956239658044234,0.14846141593070108,0.18790632103464588,True,3342,True
43,14,04:30,global_od_time_adjusted,54.01392829541216,29.538625347099664,15.255357142857141,12.37890381117514,6.353060628652754,1.4988149655712955,0.4512820512820513,0.0,False,3343,True
90,71,07:26,global_od_time_adjusted,40.257808313948885,44.271955642900714,9.462777777777777,11.233022869102397,13.798981751540133,1.245796512524133,0.38529411764705884,0.0,False,3344,True
60,204,04:05,spatial_gravity_time_fallback,149.74940175154708,95.38789146426346,26.39140563461359,52.41229061304148,28.61636743927904,6.597851408653398,0.10550000000000001,0.0,False,3345,True
231,95,23:57,full_observed_sparse_eb,48.87540185225178,30.725262049054336,11.515375525542442,10.864348172326983,8.795428299396509,2.0077249330973976,0.18148726864831477,2.2312013909137107,True,3346,True
168,246,07:48,full_observed_sparse_eb,35.80002502266299,32.9394709302719,8.297246418553788,6.806319824847716,9.187290344603515,1.7063870892032342,0.21815374910730945,2.8031984860740273,True,3347,True
214,252,17:50,global_od_time_adjusted,116.32326711310122,137.23968012000472,32.62,0.5,1.0,0.1,0.21372549019607845,0.0,False,3348,True
183,255,19:32,global_od_time_adjusted,75.23000966394854,59.530253483970306,16.99,0.5,1.0,0.1,0.21372549019607845,0.0,False,3349,True
178,201,04:34,global_od_time_adjusted,28.012750852355182,36.14657658927773,11.4,0.5,1.0,0.1,0.21372549019607845,0.0,False,3350,True
65,91,11:37,full_observed_sparse_eb,41.66742351289085,58.90237436617075,7.231675005854131,4.595450882599666,14.179553356229702,1.7608142760404906,0.14620060380281114,0.5252400240497792,True,3351,True
22,202,10:18,spatial_neighbor_gravity_eb,56.51439880877062,79.03038492252838,12.125177733688513,4.806366333426528,29.037465485888802,2.5105988622472357,0.33305619269832193,0.0,False,3352,True
18,157,03:25,spatial_neighbor_gravity_eb,42.864466855517975,32.54351402643139,11.81647578695068,2.2234769771306544,6.687403446277559,1.0975266858096977,0.20479383226100029,0.0,False,3353,True
44,111,23:06,spatial_neighbor_gravity_eb,75.49790246894673,56.16609019376946,20.052726635993373,1.0,2.0,0.25,0.12822371745085662,0.0,False,3354,True
261,100,05:30,temporal_eb,27.76896997510836,18.11010632924156,3.9655053015455373,7.2926960175241025,7.390371318392192,0.9738911575887945,0.9766669340187775,0.0,False,3355,True
208,257,03:49,spatial_neighbor_gravity_eb,61.602024132521706,49.22553100703071,14.682318467079249,6.4247550560373625,5.72269695755025,3.5161686425179624,0.14474587161895036,0.0,False,3356,True
247,257,19:10,spatial_neighbor_gravity_eb,66.33037446966948,70.7836497513228,13.36118780509598,10.126909143518901,20.48932516258582,1.2152636177299931,0.18085980179777555,0.0,False,3357,True
28,182,05:32,global_od_time_adjusted,30.280037225863786,23.91744130020727,12.392727272727273,8.425413936418801,5.211988416806237,1.553606308555511,0.3262295081967213,0.0,False,3358,True
213,26,15:46,global_od_time_adjusted,65.1892796610605,111.93351651381283,16.7,0.5,1.0,0.1,0.21372549019607845,0.0,False,3359,True
182,255,16:03,global_od_time_adjusted,65.19961917887798,55.67159791082373,13.425,4.754999999999947,3.3241719839630743,1.125,0.22692307692307695,0.0,False,3360,True
254,33,05:53,full_observed_sparse_eb,45.12095352651279,57.55259462084436,16.481750971916995,6.10585866803406,16.75112567631327,2.4942564876606665,0.1337421928105222,1.5653969450988932,True,3361,True
26,134,09:48,temporal_same_od_eb,59.8484185316721,65.87958921980872,11.928219149354598,3.7683666597428442,7.641773498201833,0.7158549619871222,0.18192253531141128,0.0,False,3362,True
225,198,03:08,observed_sparse_eb,15.126213413089662,11.901420076156473,2.0500274141426047,2.97285656058217,2.1501333836914216,0.5491093470890318,0.8583228446784201,1.5145537903147144,True,3363,True
25,249,18:54,full_observed_sparse_eb,29.235612431847024,26.21003133875943,4.090679513683838,5.644060532320132,6.683232644066539,0.7613157542706961,0.11962522519773462,1.379052972610097,True,3364,True
37,87,02:44,full_observed_sparse_eb,26.826051613304976,22.719093132609146,5.253563526799432,5.731292621741634,5.867515886693716,0.9213282073160712,0.32701841617891986,4.876859115488937,True,3365,True
202,209,21:56,temporal_same_od_eb,34.214714670827064,38.35689496256692,9.130240825575857,2.8935296029040356,1.0,0.1,0.16036562200283871,0.0,False,3366,True
93,138,19:12,observed_sparse_eb,31.078446581327455,10.585161390597875,2.9480469913953593,29.24174677916037,11.622208748647264,1.247355435359045,0.6364850613485699,1.2213552365025606,True,3367,True
230,153,00:27,temporal_same_od_eb,42.75535850999593,43.56765110721222,11.8,0.5,1.0,0.1,0.16054286219168068,0.0,False,3368,True
244,109,11:17,spatial_gravity_time_fallback,167.3756681394181,149.18705778328274,22.826337432883506,58.58148384879634,44.75611733498482,5.706584358220876,0.10550000000000001,0.0,False,3369,True
211,23,10:52,spatial_neighbor_gravity_eb,74.37530887467179,60.22157478854197,14.69319878232185,11.002480236032108,6.991943589298742,1.5343765496180304,0.22333641931277454,0.0,False,3370,True
92,109,14:06,spatial_gravity_time_fallback,162.06947691155,146.2957370047559,22.2446779457168,56.724316919042494,43.888721101426775,5.5611694864292,0.10550000000000001,0.0,False,3371,True
5,58,05:09,spatial_gravity_time_fallback,148.8135158957606,85.76432431061566,27.76314868427647,52.0847305635162,25.7292972931847,6.940787171069117,0.10550000000000001,0.0,False,3372,True
105,76,18:58,spatial_neighbor_gravity_eb,50.9455747020413,61.58908230198662,9.855242450570724,11.977875799560465,26.971341597585386,5.103765048622763,0.35583588114411524,0.0,False,3373,True
186,146,05:49,temporal_same_od_eb,17.93269312233798,12.108482048307886,4.2031490531300895,0.5,1.0,0.1,0.16340436995046786,0.0,False,3374,True
189,192,21:59,global_od_time_adjusted,37.0037144706487,37.06645944447102,11.870000000000001,6.334999999999987,2.4974732514286924,1.2699999999999985,0.22692307692307692,0.0,False,3375,True
87,49,19:31,full_observed_sparse_eb,28.803661456325433,23.368963839551935,3.8673926612389353,5.120513942898844,5.570938096068949,0.703185644154263,0.4688084623392394,8.851777255112879,True,3376,True
108,36,16:53,global_od_time_adjusted,62.12466796540167,67.6153154138922,12.555,12.536738899020834,15.174129610156672,1.899383671966606,0.275,0.0,False,3377,True
82,48,22:15,full_observed_sparse_eb,46.32362782700248,29.68437847597623,7.397972976059817,19.522319060009025,10.727640891790454,0.7967649306613019,0.16794262377100228,2.019904930827636,True,3378,True
83,110,15:56,spatial_gravity_time_fallback,137.96068114659863,124.65306425318278,18.182483425499388,48.28623840130951,37.395919275954824,4.545620856374847,0.10550000000000001,0.0,False,3379,True
24,240,21:20,global_od_time_adjusted,36.456993736702344,27.069283907026453,8.963333333333333,13.938660165963668,11.05756767694195,3.542102326146,0.275,0.0,False,3380,True
128,262,23:36,full_observed_sparse_eb,25.395868705280844,27.57321601924688,7.279402385778418,2.716307744105082,3.273687168910879,0.21071604330139887,0.11908926110621432,0.6023629265949069,True,3381,True
179,142,20:45,temporal_same_od_eb,25.13293905177488,22.454395704920373,4.393156752214068,1.1162038670519134,1.0012301983953409,0.2059711396471473,0.16837553360678562,0.0,False,3382,True
73,104,05:12,spatial_neighbor_gravity_eb,47.11309999669153,54.10744067555611,12.981795603208067,1.0,2.0,0.25,0.1252451993297571,0.0,False,3383,True
57,197,10:44,global_od_time_adjusted,28.941207982954577,23.665900234074584,6.0725,4.460907979324382,4.407189553353738,1.0829906509291756,0.2518518518518519,0.0,False,3384,True
233,92,11:46,full_observed_sparse_eb,56.24059840420689,42.981394574166394,10.910012911317114,10.857284134223422,12.958625524920533,1.7709760011881277,0.09712631587800713,0.9499749568984015,True,3385,True
30,211,06:31,spatial_neighbor_gravity_eb,59.42862858397783,65.11837325386537,16.38084148654902,12.336627484473475,22.576012893230377,2.7056004787680195,0.14088119529717003,0.0,False,3386,True
127,228,18:11,global_od_time_adjusted,71.61092562173506,68.26097949378529,17.2725,2.537727514430926,11.107381366743297,1.1893984824271366,0.29655172413793107,0.0,False,3387,True
28,126,18:20,global_od_time_adjusted,53.37017498680972,56.780385413613345,14.555833333333332,2.6331259148269712,3.3362261050694424,0.8564019532646798,0.3354838709677419,0.0,False,3388,True
52,18,07:08,spatial_neighbor_gravity_eb,60.060185522015175,51.0849326417303,16.19365075670057,7.03374671964515,8.441713534929104,1.6770822081266674,0.2268391285287374,0.0,False,3389,True
41,54,23:49,temporal_same_od_eb,42.48599851869342,36.04751746431451,11.27,0.5,1.0,0.1,0.15391962878776655,0.0,False,3390,True
37,157,14:36,full_observed_sparse_eb,18.696664280635545,16.923264395416112,2.260660885701341,5.771913485544481,7.1363052129277955,0.7361174377494989,0.09090909090909091,1.0,True,3391,True
164,60,08:47,temporal_same_od_eb,61.958623910947196,36.701638757684684,9.789245048702652,0.5,1.0,0.1,0.15361185276404843,0.0,False,3392,True
143,29,02:43,global_od_time_adjusted,63.46009721652982,50.18870449739598,18.63222222222222,21.514419683574765,18.050751021917375,2.0151469633628705,0.30677966101694915,0.0,False,3393,True
71,78,13:04,spatial_neighbor_gravity_eb,74.53186597048158,91.69107346463517,15.907000141477665,7.219052638421063,32.411402703031996,4.027981877120309,0.2830388060133625,0.0,False,3394,True
113,140,02:14,full_observed_sparse_eb,21.311038730697813,16.744086555394695,3.691456713193358,4.405941343077665,3.8569245291331975,0.39397414793168467,0.632935635267968,17.285638887152437,True,3395,True
135,105,13:55,spatial_neighbor_gravity_eb,59.36964330753939,69.9989161251508,11.933288855520221,3.476938459813093,20.01536140046743,2.8554313374249913,0.18187273183052022,0.0,False,3396,True
21,236,14:33,temporal_same_od_eb,59.25455671637528,89.2121751979138,15.581171462011486,0.5,1.0,0.1,0.15414061051450462,0.0,False,3397,True
71,223,15:49,temporal_same_od_eb,106.3808154062883,83.97990274665241,13.07,0.5,1.0,0.1,0.15779805972139932,0.0,False,3398,True
184,100,14:55,global_od_time_adjusted,47.52584514785222,145.35537988150668,14.400000000000002,0.5,1.0,0.1,0.21372549019607845,0.0,False,3399,True
260,204,18:39,spatial_gravity_time_fallback,157.62757392821754,134.71596763638905,21.19217931380673,55.16965087487614,40.41479029091671,5.298044828451682,0.10550000000000001,0.0,False,3400,True
191,47,15:11,global_od_time_adjusted,51.89766247882372,64.6197467967209,15.979999999999999,1.401435771707862,44.34776766322217,1.9283326130796783,0.23962264150943396,0.0,False,3401,True
205,153,20:33,spatial_neighbor_gravity_eb,67.66988183015971,66.84666362431777,16.94558931499906,5.749421710449781,16.53802418257682,4.463372699654521,0.23509402291665543,0.0,False,3402,True
47,82,01:58,spatial_neighbor_gravity_eb,36.25806610737694,29.52238504815098,9.064590804014923,3.8361733239035756,7.363196022656601,1.063287952761649,0.2374365522924955,0.0,False,3403,True
55,238,11:26,temporal_same_od_eb,68.27407477417916,117.4381339458701,17.220162179113245,0.9936965207292435,8.591746791479874,1.0298316546030373,0.1750140265753401,0.0,False,3404,True
27,228,12:17,spatial_neighbor_gravity_eb,112.63336147185922,107.03153927459063,24.227717249032512,6.683585319512686,10.437763548801255,1.6707408488072057,0.271672425717735,0.0,False,3405,True
178,5,21:44,spatial_gravity_time_fallback,81.09096200848138,62.65266904661404,12.313089123535985,28.381836702968485,18.79580071398421,3.078272280883996,0.10550000000000001,0.0,False,3406,True
170,247,15:31,temporal_same_od_eb,48.40456810487366,55.968819492032,8.395201501893613,3.708030265392301,9.685794954842379,0.3177132916713834,0.20521250462037777,0.0821963661443661,True,3407,True
28,101,17:18,temporal_same_od_eb,30.27655607403991,26.89820743328216,6.578921029541831,1.0109967180197592,2.1881932010750718,0.22248211832168532,0.15914002740260824,0.17353780090616056,True,3408,True
22,210,02:50,temporal_eb,20.656405034394158,16.332973215433142,4.004113410716662,6.106742074578893,5.981058994055806,1.2501983869395672,0.6854621468609281,0.3051105498270559,True,3409,True
68,217,00:38,full_observed_sparse_eb,32.828320964228254,26.015339111380026,5.826475828816957,5.891014302665269,6.134555127645526,0.731486771505419,0.18620703799276356,1.1322850006739458,True,3410,True
150,66,01:33,temporal_same_od_eb,44.11367288928013,51.05281065089497,14.294269599572116,1.1970422730570873,1.8848819450012293,0.10203491616363618,0.16873595013508674,0.0,False,3411,True
239,255,13:22,full_observed_sparse_eb,52.14344868669647,45.49695424249929,7.716963006575892,9.03141491459709,8.915099668345283,1.7060104958585072,0.16666666666666666,2.0,True,3412,True
158,234,03:23,observed_dense_eb,12.16882046354645,7.874431624463893,1.3006773136385237,3.6707318722640285,1.9159928190447513,0.3146685326296057,0.994501097131357,27.526212596363756,True,3413,True
13,47,02:12,global_od_time_adjusted,43.416692448609,28.831658556468696,11.1,0.5,1.0,0.1,0.21372549019607845,0.0,False,3414,True
195,96,09:46,global_od_time_adjusted,47.74655393380219,80.99565640189738,8.75,0.5,1.0,0.1,0.21372549019607845,0.0,False,3415,True
263,159,18:14,full_observed_sparse_eb,25.710616089691637,23.913466537280957,3.7493054077854993,3.919197823818254,8.391959240671788,0.609297143536218,0.09090909090909091,1.0,True,3416,True
126,89,11:32,global_od_time_adjusted,60.003732918184824,110.73466221462444,15.4125,0.7806247497997998,24.330628023668314,5.669972993762848,0.29655172413793107,0.0,False,3417,True
163,7,08:10,temporal_same_od_eb,23.727277404723353,22.34349343092812,3.504753414269742,2.1670380930656936,2.802240065846756,0.2934963058855623,0.1829805706344456,0.6899645012813806,True,3418,True
64,121,23:24,observed_sparse_eb,22.768198333699196,14.817475746674909,5.4519588021758665,6.660741039990528,3.039466609264435,0.39099790930306527,0.502203767786155,0.6020002082890272,True,3419,True
228,241,19:47,global_od_time_adjusted,62.039813008671445,68.77159328377705,20.511292811765692,19.596179868360203,19.688569163058897,1.6220281614231904,0.27060941703651525,0.0,False,3420,True
95,131,00:01,full_observed_sparse_eb,16.26914532967583,11.815655472518333,4.498430337420957,4.133284224136468,5.000078622681224,3.1124032232005816,0.10269609168370385,1.1815198119290393,True,3421,True
184,184,08:35,global_od_time_adjusted,14.27374999881755,16.190357912562845,3.315,2.0450000000000026,1.0,0.5050000000000016,0.22692307692307692,0.0,False,3422,True
146,38,19:32,temporal_same_od_eb,66.35143130434727,50.58534571200408,14.17,0.5,1.0,0.1,0.16118127295738022,0.0,False,3423,True
174,199,17:24,spatial_neighbor_gravity_eb,33.592742935122914,32.99232591844203,6.038485108846283,4.6681209771797025,8.180209574485943,0.7233947854907254,0.27354542987323593,0.0,False,3424,True
179,198,12:07,full_observed_sparse_eb,37.23413200105286,38.06803731099631,6.473192158524407,3.320104654758629,4.350508907898993,0.9688586170629869,0.12592761044626716,0.5359197727641174,True,3425,True
30,169,12:31,spatial_neighbor_gravity_eb,88.27843267120376,109.7660528976946,20.29501532783407,8.642514022097437,27.077653187877743,3.5162367063915454,0.18873737058808787,0.0,False,3426,True
166,192,13:19,spatial_neighbor_gravity_eb,52.56898224137,53.35829756692216,10.21609471484607,7.699137321328115,17.185957275423846,1.6709673028351995,0.27293759420764047,0.0,False,3427,True
238,250,11:01,temporal_same_od_eb,49.95389161717143,37.81763653460637,9.893984826896697,5.884831359281784,2.469148313361265,0.24291763021247686,0.18980458528925437,0.12051169835262954,True,3428,True
191,245,21:34,spatial_gravity_time_fallback,128.6169594412687,100.80940769111987,19.876702682104607,45.01593580444404,30.242822307335956,4.969175670526152,0.10550000000000001,0.0,False,3429,True
34,82,11:25,global_od_time_adjusted,35.16863766876031,29.61928134405032,7.010714285714286,5.090867774149852,9.023936369340007,0.5001066212849663,0.353125,0.0,False,3430,True
51,110,14:57,spatial_gravity_time_fallback,200.58332796554646,186.48133949618608,27.588101823440795,70.20416478794124,55.94440184885581,6.897025455860199,0.10550000000000001,0.0,False,3431,True
119,238,01:03,global_od_time_adjusted,26.074293400325942,22.006349176784866,6.745,3.8683476183506578,8.51246369766286,2.7891903654531793,0.5022727272727272,0.0,False,3432,True
228,35,12:36,temporal_same_od_eb,50.4879747103771,63.07754913148124,7.276417228542601,3.612570910055206,6.8997032122583715,0.8096679296176532,0.1675234831453838,0.0,False,3433,True
220,81,17:59,temporal_same_od_eb,29.105663017405014,26.724792242296463,3.280308695677985,0.7492051305931549,1.2502535814853575,0.17080338605217193,0.1600858591348926,0.06401570089174413,True,3434,True
176,107,01:15,spatial_neighbor_gravity_eb,62.04145770500536,47.33068705168113,16.295598061414957,1.0,2.0,0.25,0.12646251501184605,0.0,False,3435,True
52,245,10:25,spatial_gravity_time_fallback,51.238288303225445,42.5442987245146,6.808790352985267,17.933400906128906,12.763289617354378,1.7021975882463167,0.10550000000000001,0.0,False,3436,True
218,144,20:24,global_od_time_adjusted,62.95365953895569,80.3463209184863,16.035,15.114999999999954,3.4458507060582577,1.635000000000018,0.22692307692307695,0.0,False,3437,True
23,196,10:18,spatial_gravity_time_fallback,130.4791509219942,112.77193728200803,18.147791463607554,45.667702822697976,33.831581184602406,4.5369478659018885,0.10550000000000001,0.0,False,3438,True
160,209,16:52,global_od_time_adjusted,47.627368125401475,66.47023693626166,11.225714285714286,2.5082028691182012,38.81257952717329,1.7922839151911858,0.28596491228070176,0.0,False,3439,True
73,131,08:43,full_observed_sparse_eb,22.024458669632505,30.42948151114162,4.804173763015108,2.38007369104264,19.79084424394871,0.54444983224785,0.09090909090909091,1.0,True,3440,True
213,52,07:48,spatial_neighbor_gravity_eb,54.970546147636284,70.11129444301154,13.241593357879044,3.7982245538212878,20.88274251226313,2.7895289025885184,0.259308641673314,0.0,False,3441,True
144,229,10:56,full_observed_sparse_eb,23.167877346245277,22.601193370370176,3.26064516747886,4.671042385589436,5.604045161652458,0.5317084810500157,0.4755867184517418,9.480981631229866,True,3442,True
7,123,07:15,temporal_same_od_eb,49.62924509065623,59.18765512415553,18.713307363450955,0.5,1.0,0.1,0.16217875687773134,0.0,False,3443,True
12,3,14:06,spatial_neighbor_gravity_eb,95.24552890746926,139.84765076741303,19.531315924915795,5.902039926715025,33.66321736525355,2.5569740484256434,0.2975060290668997,0.0,False,3444,True
7,190,23:40,global_od_time_adjusted,39.27874000186109,31.682922815054127,9.712307692307693,8.250768585321056,7.2970477455268075,2.378416259893427,0.34444444444444444,0.0,False,3445,True
29,51,06:56,global_od_time_adjusted,71.31855146189827,86.00744518512668,32.92,0.5,1.0,0.1,0.21372549019607845,0.0,False,3446,True
205,255,09:31,temporal_same_od_eb,49.540140325849215,59.87508951719478,13.136013520532615,0.7164075783587665,2.096733733962637,0.3277684624456738,0.16743796118625195,0.06964191072217574,True,3447,True
262,234,15:17,observed_dense_eb,26.216855659175103,24.254742064887246,4.023640362898972,4.948511736909963,6.581300657216067,0.5369522430198108,0.9883830321228424,40.6112513253806,True,3448,True
118,257,06:58,global_od_time_adjusted,27.87550019537278,24.75132834833391,9.4,0.5,1.0,0.1,0.21372549019607845,0.0,False,3449,True
70,123,01:08,temporal_same_od_eb,65.76119794813222,47.42731093639217,18.202342613544836,7.4244793308962445,6.214112286941043,1.4065136178876045,0.13334274876688335,0.4472157898491993,True,3450,True
62,40,01:52,global_od_time_adjusted,19.947121156452646,19.93076091000087,3.1991666666666667,5.727907907173038,4.82067687625366,1.1105963738260427,0.427027027027027,0.0,False,3451,True
88,57,01:46,global_od_time_adjusted,52.43445640075946,39.380580690951724,0.01,0.5,1.0,0.1,0.21372549019607845,0.0,False,3452,True
116,85,18:57,global_od_time_adjusted,59.80562717604508,88.15367899972648,18.192500000000003,5.451061823168063,23.32009084197729,3.1621462252716763,0.2518518518518519,0.0,False,3453,True
30,119,01:17,spatial_neighbor_gravity_eb,77.06988224295638,72.29413508242357,19.586858975613517,14.349675599515797,27.51785404355449,6.119469372388963,0.15772784471064374,0.0,False,3454,True
212,28,18:27,global_od_time_adjusted,42.522929840627874,43.792014216049076,11.376000000000001,3.597949415986836,10.725526305196029,0.6205030217492569,0.26363636363636367,0.0,False,3455,True
257,198,06:29,global_od_time_adjusted,33.47752969001101,28.81523824077521,9.159166666666666,5.839211502610798,9.674105707699606,2.200168396332931,0.3354838709677419,0.0,False,3456,True
93,67,19:17,global_od_time_adjusted,77.04120918837499,51.430314657249205,14.6,0.5,1.0,0.1,0.21372549019607845,0.0,False,3457,True
14,231,00:21,global_od_time_adjusted,29.130188192474726,28.178840108019145,7.573513513513513,9.37020382112252,12.753932608525169,2.7212201319581153,0.6177419354838709,0.0,False,3458,True
43,107,01:57,full_observed_sparse_eb,21.150542190219483,17.794915631221762,3.0974234967648004,5.593828726898302,5.405151986984047,0.8208601759440295,0.118664873769947,1.396907694910242,True,3459,True
218,65,05:52,temporal_same_od_eb,51.428719800823345,29.732193659446416,12.3,0.5,1.0,0.1,0.15926544600232506,0.0,False,3460,True
101,199,12:04,spatial_neighbor_gravity_eb,66.22693734216718,53.17283627237147,13.537719365746561,8.008335338633467,8.591232120212055,0.6919752340612096,0.18451299268765226,0.0,False,3461,True
174,130,07:30,temporal_same_od_eb,44.21678491465109,50.966886404536694,16.86,0.5,1.0,0.1,0.15618802422599387,0.0,False,3462,True
247,137,18:23,temporal_same_od_eb,57.539673881893656,47.84678127975968,8.520645669349715,0.5,1.0,0.1,0.15693265553895064,0.0,False,3463,True
181,206,19:08,temporal_same_od_eb,64.36085348486226,46.58202104094142,13.02,0.5,1.0,0.1,0.15245495650063765,0.0,False,3464,True
210,12,02:07,spatial_neighbor_gravity_eb,42.30269571302375,44.66296191674478,10.17665315606822,4.09732555002669,20.09864219349381,2.57020157504337,0.2762256730308177,0.0,False,3465,True
260,16,01:47,temporal_same_od_eb,30.149770876348278,32.030435302073585,11.721627185822397,0.8979717771805944,2.3626604890922303,0.2725566430815817,0.15556748020615657,0.161165348984607,True,3466,True
261,208,20:20,global_od_time_adjusted,54.11179550261825,80.73714874585846,16.241875,11.91759425112197,26.322484472048387,2.9517965265876667,0.36969696969696964,0.0,False,3467,True
50,240,04:19,global_od_time_adjusted,40.04104188519268,24.70491533549505,12.14857142857143,7.519464266631168,4.80625408710484,3.851576406658256,0.28596491228070176,0.0,False,3468,True
121,168,09:30,temporal_same_od_eb,53.18741081645329,44.90027341103525,12.21,0.5,1.0,0.1,0.15618598221387603,0.0,False,3469,True
215,156,18:10,spatial_gravity_time_fallback,153.03055825319177,134.57792145879577,20.244937759570714,53.560695388617106,40.373376437638726,5.0612344398926785,0.10550000000000001,0.0,False,3470,True
152,111,10:33,spatial_neighbor_gravity_eb,61.650194723806585,73.79422848740253,12.922841471468292,5.685430479981341,12.064958750844465,1.467734654508951,0.17903774835787353,0.0,False,3471,True
29,263,15:59,global_od_time_adjusted,71.45345423590648,78.82735091886826,19.063333333333333,2.9038518480726943,16.631498222383403,2.4373528445608508,0.23962264150943396,0.0,False,3472,True
136,34,22:22,global_od_time_adjusted,45.708998728904106,93.09050293467595,13.3,0.5,1.0,0.1,0.21372549019607845,0.0,False,3473,True
37,66,17:46,full_observed_sparse_eb,28.950131685028534,30.48213740259195,3.510381966883894,6.028573852417136,9.25213541410387,0.718705268792827,0.0982928389484913,1.097465474120085,True,3474,True
79,52,00:04,full_observed_sparse_eb,26.1890593556255,18.456696075784734,4.17584661360564,5.648907678631679,4.248808614762794,0.9044338245720205,0.4724975531318977,9.110903104023151,True,3475,True
176,211,00:02,spatial_neighbor_gravity_eb,53.882912554445824,43.131781602911076,13.974521829489234,1.0,2.0,0.25,0.12646251501184605,0.0,False,3476,True
151,261,05:46,temporal_same_od_eb,26.060754288949905,21.669909804985497,7.561458335523189,1.240896406778886,1.0477411512371786,0.3032465686326253,0.16670057397858581,0.0,False,3477,True
255,218,17:27,global_od_time_adjusted,59.35087478385947,65.0999645101909,14.263333333333334,2.388881653735886,22.41850764362842,1.9604477946519052,0.23962264150943396,0.0,False,3478,True
152,131,03:44,global_od_time_adjusted,54.226216151850764,39.80568026391185,17.51,0.5,1.0,0.1,0.21372549019607845,0.0,False,3479,True
63,206,04:29,spatial_gravity_time_fallback,68.87262664820355,39.84320909090615,12.177769148812574,24.10541932687124,11.952962727271846,3.0444422872031436,0.10550000000000001,0.0,False,3480,True
88,123,01:21,temporal_same_od_eb,50.54218010626899,30.51712174217982,11.69,0.5,1.0,0.1,0.15495598332632013,0.0,False,3481,True
160,147,17:29,global_od_time_adjusted,48.432103199568516,59.355819062236364,14.645,3.2249999999999988,7.584049840649658,1.3150000000000053,0.22692307692307692,0.0,False,3482,True
117,129,05:33,global_od_time_adjusted,52.31999129578999,36.22879023803198,17.125999999999998,5.595543226532909,9.873796685981572,1.902615042513864,0.26363636363636367,0.0,False,3483,True
82,116,05:44,full_observed_sparse_eb,27.623536844037346,25.015043107512035,9.77935595459326,4.87145280191189,8.246575268921053,1.7249431782567908,0.09793266930229216,0.9049686872024125,True,3484,True
73,175,03:08,global_od_time_adjusted,15.799478679839867,12.811591896014868,4.563437773158739,1.213250667367051,1.3577056984016314,0.46423756915732245,0.20271677282311518,0.0,False,3485,True
99,38,22:49,spatial_gravity_time_fallback,157.94415067512384,121.60139922075993,25.050211107415578,55.28045273629334,36.48041976622798,6.262552776853894,0.10550000000000001,0.0,False,3486,True
47,52,18:42,spatial_neighbor_gravity_eb,59.90172967161054,84.1515611636037,10.963479817932857,2.1080067923232195,16.991383560174395,3.633854142836336,0.17173390484214376,0.0,False,3487,True
63,181,02:31,temporal_same_od_eb,20.255224171022153,22.79404454707652,5.44,0.5,1.0,0.1,0.15649364367872481,0.0,False,3488,True
17,2,00:49,spatial_neighbor_gravity_eb,64.59066627267414,57.767491847927836,15.120729650379278,9.142495878796478,15.29950922719488,3.1132566859793953,0.22648481438864548,0.0,False,3489,True
103,142,04:02,spatial_eb,37.569393747556404,28.371061929688942,6.62224498910334,12.526194606494208,7.211693160641855,1.66984199377428,0.3333333333333333,0.0,False,3490,True
152,189,14:23,temporal_same_od_eb,50.84653488903316,101.29794757054826,11.87504147835072,2.766187025277393,10.880748908694333,1.8453585535613233,0.14065574656292945,0.43443501959901454,True,3491,True
79,7,11:53,full_observed_sparse_eb,39.760484599298806,33.6247511503249,6.713439953398472,7.358759108145659,8.42546148765321,1.6543647742157812,0.20782130423422668,1.1013954700660662,True,3492,True
158,168,02:04,temporal_same_od_eb,40.38115067273457,25.121186725180223,9.4525351562973,4.909515716081748,2.4689125710196667,1.197766307857136,0.15803688333888635,0.285914257081604,True,3493,True
235,257,00:34,global_od_time_adjusted,53.20574325842978,40.32588735408396,15.469999999999999,0.5,1.0,0.1,0.21372549019607845,0.0,False,3494,True
187,98,02:16,spatial_gravity_time_fallback,124.26536471894147,89.11448510029814,20.456619349895654,43.492877651629506,26.734345530089442,5.114154837473913,0.10550000000000001,0.0,False,3495,True
223,102,17:58,temporal_same_od_eb,38.61937669046251,36.3449231878638,6.69865102495011,1.0257772742378808,1.9472657373578806,0.4137456574410541,0.18483594605318518,0.0,False,3496,True
16,139,17:42,global_od_time_adjusted,34.50315724914825,37.144413726834074,9.208888888888888,8.815878911807628,8.697272736093046,1.3379291165781835,0.30677966101694915,0.0,False,3497,True
42,211,06:55,temporal_same_od_eb,33.972407539123964,32.50936745860371,9.156006505718505,2.1674320369058497,2.613497108096647,0.3778536776038991,0.1526989042647151,0.3605642639427664,True,3498,True
168,235,00:42,observed_sparse_eb,20.689235105192942,15.231805057519981,4.208107632672688,1.7528133540208806,1.9344827111419107,0.7441692194325802,0.8189009547944378,2.0,True,3499,True
188,236,09:18,full_observed_sparse_eb,57.4828418314721,66.26820952253435,11.86562734037184,8.048577428317255,15.88021276488385,2.2319716324089893,0.10481939184454568,0.8223472120559236,True,3500,True
96,47,22:27,spatial_neighbor_gravity_eb,51.59897283807988,45.23117239039851,13.795519135582158,1.0,8.075690801522718,0.581921274009476,0.17328339934108297,0.0,False,3501,True
57,96,03:39,spatial_neighbor_gravity_eb,27.069612789302017,15.057858302215859,6.476455421015172,7.247510640521316,4.0408858595918815,1.3801246360751125,0.2811088836441349,0.0,False,3502,True
231,59,08:57,global_od_time_adjusted,48.82203572340971,112.31376134535847,10.95,0.5,21.515221146687967,0.5500000000000211,0.2269230769230769,0.0,False,3503,True
28,12,04:33,spatial_neighbor_gravity_eb,50.37454316381901,30.460336869086767,13.495820081880325,14.883037925550084,6.125031053484685,1.163270718117305,0.28554390963056153,0.0,False,3504,True
137,69,13:58,full_observed_sparse_eb,38.857179247694795,48.498010175521365,7.822417008484062,5.7959955614500736,24.364001070227296,1.4687892791348782,0.12378022564568751,1.542373723153844,True,3505,True
110,80,16:37,spatial_neighbor_gravity_eb,89.22994677101465,68.82831786065759,16.46764430084998,20.349999999999966,4.2943366843797435,0.599999999999964,0.12769888537085178,0.0,False,3506,True
145,94,03:05,temporal_same_od_eb,31.079946142117475,27.758198939326142,11.30451246703835,1.165743631573466,1.8948284963281878,0.10344482737505464,0.17000636481222725,0.0,False,3507,True
177,102,19:16,temporal_same_od_eb,20.169817554672996,19.35436742612431,3.93975293788259,0.6456424594216277,1.1481604671322858,0.1496272141877361,0.15806258926103361,0.052428698379330285,True,3508,True
161,190,13:06,temporal_same_od_eb,61.88987337560255,51.91896009197329,9.377074715858186,5.081658070353415,2.8545300146862154,1.1410789898205773,0.1905478217710368,0.0,False,3509,True
257,190,01:29,temporal_same_od_eb,9.00800872215359,10.612879040490775,1.9899999999999998,0.5,1.0,0.1,0.15337758982841868,0.0,False,3510,True
199,208,07:36,spatial_neighbor_gravity_eb,33.75428412335371,23.220738456882483,7.004295507643249,9.236855460085025,5.998039209028758,1.3878986258633383,0.3892307692307692,0.0,False,3511,True
159,104,10:59,spatial_neighbor_gravity_eb,53.82797451195553,61.40464582695416,11.155097985945133,4.0015764254714465,26.808937948064106,0.5722081983179068,0.14927739893203765,0.0,False,3512,True
239,58,04:29,global_od_time_adjusted,37.220265499699,23.914924467128426,12.295000000000002,11.89500000000001,4.107302174015925,0.33499999999995034,0.22692307692307692,0.0,False,3513,True
128,202,23:31,spatial_neighbor_gravity_eb,39.22972138559765,33.42321271497442,8.789482233788302,4.054955532176892,5.1039478150315105,0.768169345943032,0.22971327295242377,0.0,False,3514,True
126,94,12:19,temporal_same_od_eb,31.791472236574265,36.20148841211013,3.15,0.5,1.0,0.1,0.15385520920066958,0.0,False,3515,True
225,243,23:21,global_od_time_adjusted,47.73277213181157,53.79888792932863,14.3525,9.75441304497818,21.418001065624466,3.937039882413469,0.4512820512820513,0.0,False,3516,True
54,187,10:55,spatial_neighbor_gravity_eb,56.05535175833106,45.12522385831754,11.830839279138642,1.0,2.0,0.25,0.12796689166101996,0.0,False,3517,True
134,25,05:18,temporal_same_od_eb,34.243201661030355,23.943649222363618,12.862209629904715,0.5,1.0,0.1,0.1555819400755957,0.0,False,3518,True
166,109,18:03,spatial_gravity_time_fallback,154.19576874342198,135.99841130372312,20.362580671459437,53.96851906019769,40.79952339111693,5.090645167864859,0.10550000000000001,0.0,False,3519,True
99,15,20:24,spatial_gravity_time_fallback,166.04968128307846,133.36735135526217,25.409794179603633,58.11738844907745,40.01020540657865,6.352448544900908,0.10550000000000001,0.0,False,3520,True
69,233,06:53,temporal_same_od_eb,29.986275558068492,30.0299271172616,8.331134653220445,1.5724861880542067,1.0,0.15988685056431115,0.1855328655805784,0.0,False,3521,True
58,130,09:41,global_od_time_adjusted,36.93081022025865,41.75983129691476,11.39,0.5,1.0,0.1,0.21372549019607845,0.0,False,3522,True
193,141,18:30,temporal_eb,13.66788094698512,10.130910316456267,1.6550814484316172,7.557235373822314,7.758653209884802,0.656570720527286,0.7048315903535118,0.0,False,3523,True
123,203,18:53,global_od_time_adjusted,55.94419546586097,59.21509362955581,16.068,2.914497555325685,11.11291518497923,0.35374567135152457,0.26363636363636367,0.0,False,3524,True
171,232,15:42,global_od_time_adjusted,50.01985787173801,57.19038080083329,13.79,0.5,1.0,0.1,0.21372549019607845,0.0,False,3525,True
172,70,14:58,spatial_neighbor_gravity_eb,83.67619885555239,88.85106109790054,21.02523921111485,1.0,2.0,0.25,0.12656400753182917,0.0,False,3526,True
157,158,09:22,global_od_time_adjusted,47.484435206001564,35.16367514243717,7.253181818181818,14.7256089688723,8.241286722689491,1.797344977165529,0.41388888888888886,0.0,False,3527,True
149,68,00:08,global_od_time_adjusted,35.847141034799115,48.988139241358056,12.02,0.7000000000001689,12.848386298305675,0.9836666101886371,0.4,0.0,False,3528,True
12,87,19:53,observed_sparse_eb,10.164744140107997,6.762847817718546,0.8174341918309345,2.44832587682299,2.1059470196566004,0.2707518419687383,0.8202098491558454,1.9375159423601076,True,3529,True
226,209,04:16,global_od_time_adjusted,28.877212759659226,21.739022314447748,7.274,13.951331671803468,6.921694972973597,1.7715108429435775,0.5818181818181818,0.0,False,3530,True
232,186,19:13,observed_sparse_eb,23.34484229148447,21.802509929792958,3.083742886813236,4.5805035337278275,2.5475105614123246,0.6236628588308017,0.9570550175691046,6.165307945479057,True,3531,True
198,256,18:54,observed_sparse_eb,21.110796817745307,21.05745178663137,3.221028153434955,4.999057824804241,4.871186916867995,0.6254768452181064,0.8202367461840209,1.3703113605878627,True,3532,True
65,115,11:18,global_od_time_adjusted,54.8248563162742,49.52904621549058,12.725,3.659999999999977,6.974975618824956,0.9349999999999976,0.22692307692307692,0.0,False,3533,True
186,87,12:41,full_observed_dense_eb,31.982919045972647,26.008626839035706,4.633592792659593,7.079060030444737,6.5097663227247935,0.8713988850886798,0.8959433394420563,89.73174810424595,True,3534,True
106,105,14:47,spatial_neighbor_gravity_eb,15.310916643833043,14.052694006170176,1.825537355088188,4.516377508026439,8.55806641152931,0.5980058759784899,0.3595344892370296,0.0,False,3535,True
214,179,08:28,spatial_neighbor_gravity_eb,80.16605954229728,70.67775576021242,18.072191370275522,7.455000000000034,7.566787670231829,0.28999999999996223,0.13475802824353267,0.0,False,3536,True
141,42,23:00,full_observed_sparse_eb,21.727781335258296,16.492367922081634,4.120584236981546,5.612977435523151,4.635908338045777,1.0342862996784574,0.6419303118085152,17.93512182659606,True,3537,True
230,140,17:33,full_observed_dense_eb,20.399981721724927,18.473800431510746,2.1107385345479726,4.993107797424534,5.228425317077349,0.5119648660397914,0.9259700056084377,125.9165411731606,True,3538,True
87,9,06:16,global_od_time_adjusted,58.742294338589794,36.656233198955626,16.580000000000002,5.695000000000103,1.0,2.089999999999979,0.22692307692307692,0.0,False,3539,True
216,176,01:38,spatial_gravity_time_fallback,109.69845332403872,80.5883013347644,17.778283589201937,38.394458663413545,24.176490400429316,4.444570897300484,0.10550000000000001,0.0,False,3540,True
2,40,02:28,spatial_neighbor_gravity_eb,95.9911091438256,63.70847380746294,24.733322928864276,25.78992183377005,9.743443927318925,0.8448103394396786,0.14769058489429326,0.0,False,3541,True
4,218,14:29,global_od_time_adjusted,70.62156339015161,76.64445144253946,13.9125,12.856703504398023,27.501019837239685,6.024588678905806,0.2518518518518519,0.0,False,3542,True
208,246,18:14,temporal_same_od_eb,70.51599878328011,62.353939824450634,15.57,0.5,1.0,0.1,0.15663194041746914,0.0,False,3543,True
160,66,04:26,global_od_time_adjusted,25.693695711059107,17.90177810984631,9.063333333333333,4.785892462923352,4.573799134987541,0.8056605295587574,0.275,0.0,False,3544,True
199,196,14:17,spatial_neighbor_gravity_eb,39.5475884507059,33.57706961576682,6.997715858143925,6.611766477515122,6.897385600122115,1.49390724972597,0.3892307692307692,0.0,False,3545,True
215,32,18:57,global_od_time_adjusted,51.49414162082404,64.59957139897296,13.3,1.5,18.688304225878625,1.3999999999999926,0.2269230769230769,0.0,False,3546,True
163,3,10:34,global_od_time_adjusted,66.58399089648006,54.05061285841672,13.916666666666666,13.606077584014539,27.462342631046297,0.9453864583098279,0.275,0.0,False,3547,True
44,144,18:26,spatial_gravity_time_fallback,137.72994540760016,118.94190072377545,18.345140165535675,48.20548089266006,35.682570217132636,4.586285041383919,0.10550000000000001,0.0,False,3548,True
163,101,05:12,global_od_time_adjusted,59.045016489896646,33.182329564112365,17.028333333333332,18.182265856231027,13.703845381781019,1.1562931673623773,0.275,0.0,False,3549,True
106,128,18:14,spatial_neighbor_gravity_eb,78.79466080203241,79.62463578371508,15.712870418962904,5.278346990150626,7.342509508768909,0.49579955367529494,0.17366953610588715,0.0,False,3550,True
255,230,14:01,full_observed_sparse_eb,36.31674494591231,38.59083655540127,5.60708056551021,6.81632089277033,9.676509537298283,0.923450615500595,0.22156954483288285,2.8684444911102247,True,3551,True
131,131,23:38,observed_sparse_eb,10.862260794358889,7.032306378622858,1.5417466716097366,6.052724957551327,4.8069892603615285,0.6968714069220137,0.7751355228965993,1.0,True,3552,True
217,10,22:00,global_od_time_adjusted,54.201575361976076,44.36559222781379,13.27,0.5,1.0,0.1,0.21372549019607845,0.0,False,3553,True
256,262,06:18,temporal_same_od_eb,23.02385249393767,19.224212687878666,8.159061478983055,1.686185458476738,1.4765435939845153,0.2227590430605605,0.15662176167973227,0.17602456839412284,True,3554,True
80,188,00:21,observed_sparse_eb,29.02640655780732,23.65240317717082,4.889659821531934,8.188157896277673,3.4730673443639177,0.5464032851595442,0.8680486186161158,4.0,True,3555,True
72,188,04:49,temporal_eb,14.626722973383007,10.642270594881971,1.900334457873408,3.8651897349790048,5.943455256533457,0.9730175973511502,0.9365153046035569,1.2951436136410521,True,3556,True
178,144,16:41,temporal_same_od_eb,49.78710851153013,38.928210593391725,8.81,0.5,1.0,0.1,0.15531235963226708,0.0,False,3557,True
31,179,23:55,temporal_same_od_eb,27.03323091939725,24.05245845165551,9.128864930180391,1.933900351286855,3.050796651719355,0.33314989314448873,0.17088723107110543,0.7013367236686463,True,3558,True
136,89,10:27,global_od_time_adjusted,76.666313132532,128.94005382586232,19.578333333333333,11.600217909830612,30.879650762842513,1.5188857392473238,0.275,0.0,False,3559,True
133,116,15:46,global_od_time_adjusted,67.03496022791715,65.46797806972376,12.751249999999999,4.526226353155646,14.20399676370202,5.898738080089675,0.29655172413793107,0.0,False,3560,True
27,31,16:50,spatial_neighbor_gravity_eb,100.03610467165711,121.0093903698814,21.548509122240894,6.1282587702834945,9.693511864931633,0.9104333522498882,0.1281144022497419,0.0,False,3561,True
118,77,09:07,spatial_gravity_time_fallback,97.64966142781829,82.48360529619987,13.657819510751693,34.1773814997364,24.74508158885996,3.4144548776879233,0.10550000000000001,0.0,False,3562,True
178,156,06:55,spatial_gravity_time_fallback,63.55674232480687,45.506706359183724,10.39738204912652,22.244859813682403,13.652011907755117,2.59934551228163,0.10550000000000001,0.0,False,3563,True
196,83,01:35,temporal_same_od_eb,11.994438124661494,8.947728684149643,2.289374361181426,0.5,1.0,0.1,0.16645921992388282,0.0,False,3564,True
221,194,10:59,spatial_neighbor_gravity_eb,86.55439344291042,80.23893326142317,17.26133545863751,1.0,2.0,0.25,0.13334933712594635,0.0,False,3565,True
242,192,08:28,global_od_time_adjusted,28.06619433536146,25.57771829420735,7.2,0.5,1.0,0.1,0.21372549019607845,0.0,False,3566,True
183,115,20:14,spatial_gravity_time_fallback,137.761535901734,110.92233474354556,20.86696702425812,48.2165375656069,33.27670042306367,5.21674175606453,0.10550000000000001,0.0,False,3567,True
210,136,12:15,temporal_same_od_eb,86.55751225095568,97.79114760183941,24.81730143549159,0.5086331449702887,1.2509532500360094,0.21828698940211194,0.15311073698403227,0.0,False,3568,True
228,184,18:12,spatial_neighbor_gravity_eb,86.75125052768193,113.19442408029529,20.306574366374804,3.448522002249655,38.20977579363974,1.7522282956281916,0.15016344394371406,0.0,False,3569,True
240,216,15:31,spatial_neighbor_gravity_eb,71.2454918520486,91.91647781799024,15.539739557608383,4.048566878476622,28.011361009876715,2.711990870768679,0.1860899840718151,0.0,False,3570,True
168,176,18:17,spatial_gravity_time_fallback,151.44662044141992,132.5930863253112,20.08563639705778,53.00631715449697,39.77792589759336,5.021409099264445,0.10550000000000001,0.0,False,3571,True
261,36,17:25,temporal_same_od_eb,51.3187123057866,57.000049206798785,7.070654881507316,4.129110092755809,6.8187572597838155,0.6285303475687596,0.19108111186614213,0.0,False,3572,True
258,162,05:38,full_observed_sparse_eb,32.46423287564832,24.612705538891753,10.361684104979911,7.57410440438881,6.189657311689723,0.49882871800757345,0.13010296411248412,0.5252556053988933,True,3573,True
34,87,12:56,temporal_same_od_eb,21.20741839535389,20.57173265424909,3.1039623971785466,2.332297684839334,2.6052715688177117,0.36929860305290185,0.14187864197162844,0.2807927356184763,True,3574,True
183,141,06:57,full_observed_sparse_eb,41.10975989892788,42.74933728318074,11.165938818291274,5.650297207892916,9.83535730922406,0.6379906043779336,0.11312999718991432,0.8004769349400611,True,3575,True
213,163,01:33,global_od_time_adjusted,39.50693273653397,32.18613351620118,10.492941176470588,8.148803423315227,8.84201031341036,1.856187632205211,0.3776119402985074,0.0,False,3576,True
199,197,07:57,spatial_neighbor_gravity_eb,45.73187506333589,33.587496711691344,9.308085187214381,8.34554626275832,8.90323208266924,1.4042184735119423,0.3892307692307692,0.0,False,3577,True
124,198,16:59,observed_sparse_eb,28.943793059204676,27.04198805714955,4.9591312319203,14.67376811577495,9.547600929940373,1.0090497054528769,0.5772956105903525,1.8067684312132428,True,3578,True
180,158,11:40,spatial_neighbor_gravity_eb,69.5358077370842,66.20425735607829,12.887980978087283,10.485850041854652,8.502606692808863,3.1530686045231286,0.19677443930988758,0.0,False,3579,True
234,114,16:48,observed_dense_eb,11.964035578541015,9.39111389740514,1.1199334688054816,2.8974774275769444,2.9340041794435052,0.34409482788492374,0.995,246.39036472956764,True,3580,True
181,21,03:10,temporal_same_od_eb,18.730676581739033,15.357041583622957,4.75,0.5,1.0,0.1,0.15809633401557543,0.0,False,3581,True
31,83,08:16,spatial_neighbor_gravity_eb,46.92360345347124,45.92737900018901,9.890721693863433,5.336610591635381,12.298090269634603,2.309188448055854,0.19519857157630788,0.0,False,3582,True
70,263,10:54,observed_sparse_eb,42.73423334651797,30.559071469912567,8.012561961798397,2.285646038346095,2.49208358972458,0.31052737888672144,0.9567326384884025,5.855971744360772,True,3583,True
116,135,11:21,temporal_same_od_eb,44.28962717438593,42.50449652598755,10.9,0.5,1.0,0.1,0.1595511197899795,0.0,False,3584,True
82,22,17:28,global_od_time_adjusted,65.88323686585991,65.46741503275915,16.145833333333332,7.459948009574593,16.99956819931599,1.269740513735901,0.3354838709677419,0.0,False,3585,True
225,197,01:06,full_observed_sparse_eb,28.322843831097302,24.352274826014487,7.1825437557760505,5.007705512377109,5.062714129562011,1.099085050942121,0.1284128188618442,0.6308373045762972,True,3586,True
67,106,15:18,global_od_time_adjusted,27.66510568291615,31.283884308330336,4.749575116836791,2.716807190850233,14.35182212005728,0.6804617018248873,0.33783797304248026,0.0,False,3587,True
138,108,07:32,temporal_same_od_eb,97.45256884136433,68.13863950812649,21.692957456348307,1.8792489040873934,2.9530572465082807,0.2944154151570312,0.15330965076141995,0.1385028124765384,True,3588,True
214,229,11:57,global_od_time_adjusted,83.89678125668476,71.5786822892969,18.2,0.5,1.0,0.1,0.21372549019607845,0.0,False,3589,True
11,75,05:56,global_od_time_adjusted,41.40102199043477,37.894494835981476,16.565714285714286,6.109951735004293,11.156562056010955,1.425951884009476,0.28596491228070176,0.0,False,3590,True
244,129,03:30,full_observed_sparse_eb,31.045084031260483,26.137585995460014,8.548298137104068,5.960092476462275,11.87709339329211,1.6224087446847502,0.09295199728968133,0.9711735128377086,True,3591,True
121,141,20:47,temporal_same_od_eb,37.29782714741142,37.48272898804655,11.71521986321554,0.5,3.0151846731906917,0.1610590107689624,0.16195030255622278,0.0,False,3592,True
222,158,08:01,global_od_time_adjusted,58.75636983463692,85.24408857196984,10.0,0.5,1.0,0.1,0.21372549019607845,0.0,False,3593,True
230,236,17:01,observed_dense_eb,21.368015619939683,18.386125806208863,2.3601687461554564,4.596579701061044,5.419273015431908,0.48526581002065167,0.995,464.6978162504361,True,3594,True
170,213,00:38,temporal_same_od_eb,30.49043263217614,33.57952853424931,9.45574535462152,4.452724816979808,8.75473892243504,1.0083205121545744,0.1309432317909163,0.43509714436851654,True,3595,True
145,233,10:03,full_observed_sparse_eb,27.069774442582588,16.021026745137434,2.648985114846916,21.601603062217297,5.739401314214666,0.649875632849963,0.28252072879492074,4.161592025116192,True,3596,True
66,212,20:31,global_od_time_adjusted,53.0441165143063,44.14307199776521,14.263333333333334,9.395044793223011,15.604932320628288,0.9525521274741706,0.23962264150943396,0.0,False,3597,True
155,149,23:58,temporal_eb,15.656335329201555,13.059120702743343,2.2603314201293085,5.26834201659474,5.901954226026547,0.8865912666953533,0.8054169385903489,0.16413370876270506,True,3598,True
162,153,00:50,global_od_time_adjusted,44.77499302615263,38.98282446341844,10.60375,7.983886800143155,10.139234307300114,0.5863432761616684,0.29655172413793107,0.0,False,3599,True
246,40,08:05,temporal_same_od_eb,37.25337462013052,27.10180511373227,7.1291237920439805,0.5540531591300848,1.0,0.1,0.16209368774706318,0.0,False,3600,True
141,79,23:34,full_observed_dense_eb,20.90593210230966,17.460536881978193,3.6268603759082456,4.2638464747509035,3.9410436243763964,0.8309482924043117,0.904817694894532,95.7998300262961,True,3601,True
160,181,11:58,temporal_same_od_eb,62.125465546631055,65.33048071142785,11.72,0.5,1.0,0.1,0.15183201059969625,0.0,False,3602,True
214,73,22:24,spatial_gravity_time_fallback,119.67620662045232,92.53437774611501,18.6268927003298,41.88667231715831,27.760313323834502,4.65672317508245,0.10550000000000001,0.0,False,3603,True
158,123,12:36,global_od_time_adjusted,63.78947907329598,45.93805106915487,11.746666666666666,11.241037033132052,6.910538054047342,2.4189529415293185,0.30677966101694915,0.0,False,3604,True
223,182,03:39,global_od_time_adjusted,25.05620055396818,18.88520328121455,8.240833333333333,4.612431496028487,2.867116435272557,1.286250742360226,0.3354838709677419,0.0,False,3605,True
255,33,08:45,full_observed_sparse_eb,23.297323793178645,23.605724904331968,3.8534864471825103,5.738522172404494,6.148186051894241,0.5517232848017811,0.09491541197364226,1.0616973443940907,True,3606,True
42,67,10:47,global_od_time_adjusted,70.7119650777479,69.0373366938121,18.130000000000003,4.930000000000009,9.944450670335986,0.3699999999998809,0.22692307692307692,0.0,False,3607,True
42,70,12:11,temporal_same_od_eb,33.03144502555628,26.623788704849257,6.787222906271484,1.8051654035787177,3.937793689953843,0.30483452925729665,0.1467365741684504,0.2446358925162997,True,3608,True
126,181,01:49,global_od_time_adjusted,48.5161501200589,45.3517034630272,14.59,7.5150000000000095,15.825197327609475,1.4899999999999909,0.22692307692307692,0.0,False,3609,True
125,166,02:51,full_observed_sparse_eb,32.03715213839209,24.359488642158887,7.066599743078898,7.965208095612006,4.193905011028002,0.6744339567147717,0.3521275244232645,5.83978407150439,True,3610,True
163,220,17:28,full_observed_sparse_eb,60.15201355252707,42.58910914553705,10.503051006046057,7.916003692628359,11.866057110804725,0.78727977531513,0.16666666666666666,2.0,True,3611,True
146,48,05:33,full_observed_sparse_eb,20.050777011165188,14.84236672738522,3.6956592084720365,7.414375093356869,4.794174919973136,0.6752588422969231,0.1777958622893366,2.1736154517136512,True,3612,True
80,213,10:41,temporal_same_od_eb,51.01980519634248,47.84758338194639,12.627133778903708,1.7504842845848585,3.3927318354671145,0.5280438536802493,0.14458219024213154,0.24264424273953722,True,3613,True
200,27,09:24,spatial_gravity_time_fallback,165.5729760058278,143.01258718528698,23.487914227802094,57.950541602039735,42.903776155586094,5.871978556950523,0.10550000000000001,0.0,False,3614,True
239,168,17:17,full_observed_sparse_eb,34.401394159142065,30.965505859819313,5.404588403841955,6.88828846755987,8.695053536025288,1.6621740416021726,0.10590488109015389,1.2144397995892007,True,3615,True
258,242,05:01,temporal_same_od_eb,28.938413930142133,15.031950980172262,1.4723033958063605,0.7149735121678138,1.0741858212787343,0.3111627713425722,0.15478596320938873,0.0,False,3616,True
209,165,07:36,temporal_same_od_eb,32.1872970868747,29.956940674361768,8.2,0.5,1.0,0.1,0.1521797034737302,0.0,False,3617,True
166,252,15:54,temporal_same_od_eb,76.14742781182092,49.35803772687095,12.06,0.5,1.0,0.1,0.15963200328063393,0.0,False,3618,True
245,207,13:38,spatial_gravity_time_fallback,105.06459153024664,92.73237248924326,14.129386842261718,36.77260703558632,27.819711746772974,3.5323467105654296,0.10550000000000001,0.0,False,3619,True
138,209,23:26,full_observed_dense_eb,58.9428238810026,33.81419026905831,12.48674135596852,8.30132955340662,5.669426728954995,1.6994298613331487,0.741271159635488,29.623979592977946,True,3620,True
251,10,22:22,spatial_gravity_time_fallback,116.37184660920872,90.00958267340422,18.087223423173956,40.730146313223045,27.002874802021264,4.521805855793489,0.10550000000000001,0.0,False,3621,True
245,207,07:42,spatial_gravity_time_fallback,93.6814746831961,76.26714789391464,14.12938684226172,32.788516139118634,22.88014436817439,3.53234671056543,0.10550000000000001,0.0,False,3622,True
179,149,13:03,global_od_time_adjusted,68.04004361916888,74.52569307740123,17.104,12.862055201249932,21.579381602931345,4.381810584678439,0.26363636363636367,0.0,False,3623,True
18,185,00:58,full_observed_sparse_eb,13.69895588914162,12.511653348521907,2.627238507902078,3.927063651624213,3.6630172362572746,0.6738825462366576,0.10385098893589828,0.8352120446632125,True,3624,True
11,64,22:06,spatial_neighbor_gravity_eb,96.38566789039439,105.0399678924147,24.23028425332307,1.0,3.380208349991226,2.8628833107858616,0.1335754619889332,0.0,False,3625,True
92,186,23:33,temporal_same_od_eb,39.02663076512498,32.0712928984772,11.955704254922207,0.5,1.0,0.1,0.166368180440824,0.0,False,3626,True
227,111,19:57,temporal_same_od_eb,14.072093585063545,17.047533634274888,2.36,0.5,1.0,0.1,0.16048733211103589,0.0,False,3627,True
127,1,14:10,spatial_neighbor_gravity_eb,119.80709022976698,82.2359123632387,20.960707703517983,9.696856483770809,15.752779565595311,0.27266155593146685,0.15941875981201198,0.0,False,3628,True
59,43,06:09,spatial_neighbor_gravity_eb,38.95682675134343,33.73545829036028,8.805445117275621,6.219104060009736,8.621815567187141,1.4492886754740142,0.23449985363410852,0.0,False,3629,True
214,74,00:54,spatial_neighbor_gravity_eb,74.49104679909667,60.7421885443856,19.42362791636677,1.0,2.0,0.25,0.12366909070372117,0.0,False,3630,True
257,197,23:36,spatial_neighbor_gravity_eb,52.41174444351984,52.452693974762596,11.79975771984397,8.893908090611962,11.82975647313532,3.838067115058265,0.27570003380631186,0.0,False,3631,True
185,151,03:02,full_observed_sparse_eb,35.68927811586129,28.585122417860873,10.70921782644417,3.414448878959525,9.478275449916692,0.5559955115135746,0.0989323101262449,0.8867881426378936,True,3632,True
250,220,01:46,temporal_same_od_eb,21.420246339072605,21.25287124896304,7.04394076924685,0.9950228146870991,1.3603569789859422,0.20145368926147106,0.16018554300464374,0.09753410884285696,True,3633,True
197,234,02:05,global_od_time_adjusted,43.94430469298207,36.23246157576269,11.781875,7.917033037026897,8.839766574135082,2.3724017860335156,0.3696969696969697,0.0,False,3634,True
160,104,07:20,spatial_neighbor_gravity_eb,39.88960436770717,37.53095430027081,9.576919044592765,4.3669039375740635,17.10077537570655,0.407615014443796,0.14007810861734982,0.0,False,3635,True
68,247,15:55,full_observed_sparse_eb,57.394248631175735,49.22440124997659,9.403517510653412,9.850742648876508,14.76771639384822,1.324706844197092,0.15116072711333933,1.9278751975454256,True,3636,True
223,9,14:11,temporal_same_od_eb,41.83408394234068,43.1202989515016,9.02,0.5,1.0,0.1,0.15206576143804074,0.0,False,3637,True
102,152,09:57,temporal_same_od_eb,62.41870404528703,66.07814056946955,18.02,0.5,1.0,0.1,0.16064076780592415,0.0,False,3638,True
228,122,12:57,global_od_time_adjusted,7.291950299117405,86.3759558543139,22.16,0.5,1.0,0.1,0.21372549019607845,0.0,False,3639,True
19,146,13:39,global_od_time_adjusted,52.23217846333614,61.64383719100846,13.72888888888889,14.732012761330344,18.29497926289219,1.255817081907182,0.30677966101694915,0.0,False,3640,True
199,162,21:25,temporal_eb,50.34323544496918,28.101678525341157,9.078324381754436,0.9199999999999473,2.8333333333333623,0.21999999999990513,0.35306073163643803,0.0,False,3641,True
216,160,03:54,global_od_time_adjusted,15.584561866879193,19.634878902794334,7.26602476671138,2.7109840953207187,3.5158918232219434,1.3870836233206063,0.4337091908162186,0.0,False,3642,True
177,71,07:15,temporal_eb,20.3877643798101,19.456763885876438,3.117908558180684,3.8500821472246924,7.641939898984671,0.7107244416270315,0.8294426570517587,0.25106126048860844,True,3643,True
110,252,23:09,spatial_gravity_time_fallback,145.82404182597267,109.91246324831522,23.44565637520408,51.03841463909043,32.973738974494566,5.86141409380102,0.10550000000000001,0.0,False,3644,True
29,165,05:16,temporal_eb,19.226813815675722,15.461537646125949,3.06526956103201,3.272437157280439,9.525211537015483,0.7891576623682865,0.6386404149976554,0.0,False,3645,True
201,69,02:03,spatial_neighbor_gravity_eb,72.31547975233848,71.76111031596157,19.95609009232885,1.0,2.0,0.3441495840178103,0.14169122041779653,0.0,False,3646,True
8,141,00:09,global_od_time_adjusted,72.92138612942297,16.638502655157584,6.34,0.5,1.0,0.1,0.21372549019607845,0.0,False,3647,True
8,77,22:46,spatial_neighbor_gravity_eb,60.30058494937474,45.617423059147896,14.889940917287511,7.353844827176816,14.292976514330544,4.601774636884862,0.3444418725961367,0.0,False,3648,True
240,143,15:03,global_od_time_adjusted,45.847995914529704,64.28207180535584,8.574,4.950157169222026,32.7472489134062,4.329071955973936,0.26363636363636367,0.0,False,3649,True
140,139,06:24,global_od_time_adjusted,51.1357946286918,54.357093267553644,18.349333333333334,11.97686380763623,19.857042608845752,4.344051053516239,0.3615384615384616,0.0,False,3650,True
200,122,22:32,spatial_neighbor_gravity_eb,64.42353981039908,69.1351005608073,16.29460465309439,13.996838015860963,14.88933698642697,4.377269998499446,0.16256467590751947,0.0,False,3651,True
20,29,20:37,global_od_time_adjusted,70.58430308405337,120.01930620351246,17.299999999999997,1.5,45.10634220494619,8.600000000000001,0.22692307692307692,0.0,False,3652,True
108,146,11:26,global_od_time_adjusted,76.56281884317033,67.11665695749149,17.15,0.5,1.0,0.1,0.21372549019607845,0.0,False,3653,True
120,101,02:53,spatial_neighbor_gravity_eb,57.66074402377915,57.406399655537385,13.860928533702841,1.3451975594786671,8.44056440030436,4.5400417632405015,0.1430641598534371,0.0,False,3654,True
91,251,21:35,spatial_gravity_time_fallback,68.28339962263223,52.17784365401309,10.286142711418577,23.89918986792128,15.653353096203928,2.5715356778546443,0.10550000000000001,0.0,False,3655,True
181,224,02:24,temporal_same_od_eb,30.33446640879353,17.124220543398046,5.670097341943481,5.228864185729055,1.2482859510675408,0.645904015398876,0.16769292982858092,0.0,False,3656,True
182,100,08:59,temporal_same_od_eb,52.87940196408435,72.15732528518963,10.812548189475548,1.9235023150536514,8.183964267340322,1.084488840175768,0.17290750961630863,0.08481090396733038,True,3657,True
234,41,10:28,full_observed_sparse_eb,38.60005851061768,32.92480002260126,6.085032637157938,6.93417168794454,9.101966708461706,1.1551048976988965,0.21324840648366278,2.7494522127163776,True,3658,True
136,174,03:46,spatial_eb,15.154892556484183,11.332781532473668,2.3176774163825233,4.138208847920588,5.059326001121983,1.854051112256483,0.5798319327731093,0.0,False,3659,True
186,224,22:51,full_observed_dense_eb,16.47592327524234,13.247416788626817,1.9653764694995002,3.714260955760511,3.344577656807818,0.3125688538773669,0.9093503875530844,100.35022878421086,True,3660,True
158,127,20:01,full_observed_sparse_eb,44.19314254168441,49.13534275879159,10.953387490465541,9.480299117601712,5.60880459565069,0.9434321795597862,0.16666666666666666,2.0,True,3661,True
59,228,04:01,global_od_time_adjusted,47.64111144993889,51.28500208638087,18.21,0.5,1.0,0.1,0.21372549019607845,0.0,False,3662,True
130,172,04:37,spatial_neighbor_gravity_eb,70.27019407027106,46.11683000994503,23.902463342931217,5.139999999999929,2.0,1.719999999999962,0.13090296858264636,0.0,False,3663,True
144,22,08:51,temporal_same_od_eb,38.05265222702725,48.86128542006422,9.1,0.5,1.0,0.1,0.15226524839081096,0.0,False,3664,True
136,46,07:41,global_od_time_adjusted,31.879101743737674,29.73614552799099,7.326666666666668,3.7836255393765583,5.956269199424157,0.40794879853017885,0.23962264150943396,0.0,False,3665,True
187,95,23:15,spatial_gravity_time_fallback,104.45647014905555,77.47200069311413,16.68972327119283,36.55976455216943,23.24160020793424,4.172430817798207,0.10550000000000001,0.0,False,3666,True
1,129,17:47,global_od_time_adjusted,178.34007284004545,134.1186242997584,33.34,0.5,1.0,0.1,0.21372549019607845,0.0,False,3667,True
132,52,23:40,full_observed_dense_eb,97.60781654338004,60.03256722210614,22.52959295006169,16.23597467306494,7.762676319175528,4.163160004007704,0.7498900242382595,30.18161205263698,True,3668,True
119,169,00:03,temporal_eb,14.31318941020416,11.636164171757493,2.005087574724646,3.9345810572283852,5.606446037975968,0.6899881088557411,0.6974347256242026,0.6451052775472128,True,3669,True
166,254,09:05,temporal_same_od_eb,42.549045939258434,39.009759766026825,10.35963724234973,5.210374902652093,7.090871479742762,0.825554846705469,0.1727837032258764,0.7039220382396678,True,3670,True
106,22,22:08,temporal_same_od_eb,28.707181873669406,25.419020527476782,6.305883083301271,3.5514908024440808,3.0963254933742426,0.7126687212595052,0.1329692816532567,0.4639047978092492,True,3671,True
153,263,10:57,temporal_same_od_eb,37.616757312912874,60.089111292573065,7.400000000000001,0.5,1.0,0.1,0.15368319489112425,0.0,False,3672,True
53,23,17:01,spatial_neighbor_gravity_eb,126.00853092234432,112.62814498037237,23.66986455518645,18.89729783944392,42.306565664400885,2.5096330327726206,0.2373076871038815,0.0,False,3673,True
172,104,01:58,spatial_gravity_time_fallback,59.29871668737757,41.54605974003367,9.391434437685511,20.754550840582148,12.463817922010099,2.347858609421378,0.10550000000000001,0.0,False,3674,True
30,105,02:28,spatial_gravity_time_fallback,73.4792067798806,51.55935633395032,11.909616821147484,25.71772237295821,15.467806900185096,2.977404205286871,0.10550000000000001,0.0,False,3675,True
172,146,10:22,spatial_gravity_time_fallback,111.6439672867379,96.2939032240356,15.443491303254332,39.07538855035826,28.888170967210677,3.860872825813583,0.10550000000000001,0.0,False,3676,True
94,16,04:21,global_od_time_adjusted,29.444331291459932,22.9194384757371,10.75,0.5,3.477318027937028,0.1,0.22692307692307692,0.0,False,3677,True
218,105,21:24,spatial_neighbor_gravity_eb,66.19289339542074,71.05011359143938,15.912412376306708,12.396066833074979,24.113236380901512,4.361788256799224,0.21113675663106157,0.0,False,3678,True
210,36,01:42,temporal_same_od_eb,38.11449276631469,42.694618403675435,11.359139329629027,2.173917211988906,2.5212463927374813,0.36827604741925596,0.14772786410899305,0.1982571243667257,True,3679,True
189,89,19:35,observed_sparse_eb,20.512650835761455,20.18936806650735,3.071304062686597,3.903726924649237,7.521270848133882,2.077680817415663,0.8087509591981862,2.6763336477792166,True,3680,True
36,82,14:58,full_observed_sparse_eb,26.835485844289373,28.129937664133344,4.23523009895641,3.023027733097737,6.81924108127124,0.7996176842703279,0.17146344411799755,1.7071775961683926,True,3681,True
244,173,19:36,temporal_same_od_eb,49.07561964086173,38.450242537581055,11.28,0.5,1.0,0.1,0.15441654574106228,0.0,False,3682,True
110,126,16:21,spatial_gravity_time_fallback,167.9247243429009,150.94797300404622,22.36791101774292,58.773653520015316,45.284391901213866,5.59197775443573,0.10550000000000001,0.0,False,3683,True
178,20,01:24,spatial_neighbor_gravity_eb,75.48734697873115,83.37916660617446,19.49854155993515,7.760297817881785,20.78737534885165,10.938921336219577,0.1378782168552696,0.0,False,3684,True
247,138,06:54,temporal_same_od_eb,34.14599587552241,20.730725077983358,8.00502561874741,8.333889018932304,8.349430598410457,0.4866498847724289,0.13559783876149306,0.4292660753676536,True,3685,True
248,163,15:01,temporal_same_od_eb,69.57056989237718,50.11640105348057,11.481991302382298,1.0724157431588464,2.176791710103339,0.20806868764700728,0.17641253286010722,0.0,False,3686,True
31,212,02:02,global_od_time_adjusted,20.32207824295609,13.165827647266998,3.6899999999999995,0.5,1.0,0.1,0.21372549019607845,0.0,False,3687,True
194,129,22:05,temporal_eb,30.85160216127683,21.472067436941433,5.833688347577564,20.238013363195723,11.874553974729555,1.6948242780103575,0.4458319186570115,0.0,False,3688,True
82,3,14:55,temporal_same_od_eb,57.967833876031925,53.465753472550844,11.2,0.5,1.0,0.1,0.1540536072422784,0.0,False,3689,True
121,43,08:00,global_od_time_adjusted,42.088558788333344,41.73861401579179,12.33,0.5,1.0,0.1,0.21372549019607845,0.0,False,3690,True
85,140,10:19,full_observed_sparse_eb,48.43544048231276,69.07148668583486,11.481642522098104,4.641383438892782,31.671877993953395,1.7061342617403232,0.12551945789098318,1.4949282478410595,True,3691,True
72,32,15:59,temporal_same_od_eb,81.78672338687218,80.60090681792572,19.86,0.5,1.0,0.1,0.1529959934895243,0.0,False,3692,True
94,52,15:11,spatial_neighbor_gravity_eb,64.31505971532901,104.80341077275568,14.488569538934453,1.0,2.0,0.25,0.12859356604881786,0.0,False,3693,True
138,75,04:37,full_observed_sparse_eb,29.50719156524405,14.500433261201914,7.602988014964733,4.654276542911482,3.2840881361839185,0.512930022860094,0.1280694369097254,0.5638297275015844,True,3694,True
250,154,10:21,spatial_neighbor_gravity_eb,94.42047886272324,89.81036177515088,21.28980331252478,6.303629258471227,12.441318456623549,2.259152882200004,0.18621714756915153,0.0,False,3695,True
69,84,13:01,spatial_gravity_time_fallback,185.75887014214743,165.41574930751497,25.327496128528804,65.0156045497516,49.62472479225448,6.331874032132201,0.10550000000000001,0.0,False,3696,True
171,260,00:31,observed_sparse_eb,26.64019850448505,18.56947403984836,7.026513260379878,4.7249474135935765,7.476632981861877,2.182279046486654,0.5534407653373595,1.0,True,3697,True
142,185,01:54,global_od_time_adjusted,48.92673027897864,33.56933252221826,12.5772,16.749023966786844,12.828222015782533,1.5052641495764136,0.43333333333333335,0.0,False,3698,True
187,164,02:57,spatial_eb,62.590654819629805,36.1190175244891,13.975301892612688,0.0,0.0,0.0,0.05,0.0,False,3699,True
255,161,09:50,full_observed_sparse_eb,32.36714257249626,30.825630204712347,5.162899619160916,6.24125606416169,7.381808421241292,1.68552725201975,0.14323986185972462,1.6907661765483653,True,3700,True
29,115,20:20,spatial_neighbor_gravity_eb,36.03394549093056,29.655772953305068,8.698539942716021,1.0,2.0,0.25,0.1311856940075407,0.0,False,3701,True
100,258,12:06,temporal_same_od_eb,67.46160598280343,58.97923924648906,10.605663560627665,0.5,1.0,0.1,0.1637437378955134,0.0,False,3702,True
23,207,00:07,spatial_gravity_time_fallback,110.2291487356668,79.11174426112835,17.93295288545416,38.580202057483376,23.733523278338502,4.48323822136354,0.10550000000000001,0.0,False,3703,True
84,17,00:12,spatial_gravity_time_fallback,103.72234648302518,74.11859354096437,16.80960728702676,36.30282126905881,22.23557806228931,4.20240182175669,0.10550000000000001,0.0,False,3704,True
245,63,23:40,spatial_neighbor_gravity_eb,69.47015816315935,52.56050917851586,16.014386533423103,1.0,2.0,0.25,0.13016982836817312,0.0,False,3705,True
174,13,18:07,spatial_neighbor_gravity_eb,85.05362550451702,120.90629266204658,17.74814819379032,5.233491916090948,26.60706689498715,1.6930330886626677,0.3045266933282711,0.0,False,3706,True
66,213,17:55,temporal_same_od_eb,72.30172005723824,64.27619255906951,16.08,0.5,1.0,0.1,0.1599248127049132,0.0,False,3707,True
143,69,19:48,temporal_same_od_eb,30.06861109852724,28.97466494618578,6.6,0.5,1.0,0.1,0.1605870885367845,0.0,False,3708,True
61,9,07:57,global_od_time_adjusted,44.91248528139719,41.53561524477756,12.355,3.8499999999999988,1.0,0.1450000000000301,0.22692307692307692,0.0,False,3709,True
53,55,08:29,spatial_neighbor_gravity_eb,111.81845136052138,97.63487851812637,23.60315182960925,12.177654100339758,17.406566793864005,2.096989242740383,0.33399043887743307,0.0,False,3710,True
10,103,23:45,spatial_neighbor_gravity_eb,66.8705644394451,54.85429976074273,15.557152199814222,15.208626564556962,15.851861850914894,1.84328710190871,0.19214657417502606,0.0,False,3711,True
141,232,10:34,full_observed_sparse_eb,25.00737416343417,25.93133963036463,4.849208728326047,5.2385943667272805,7.1672386707798035,0.5954725286198055,0.5594683379198819,12.70909789874603,True,3712,True
206,27,06:04,spatial_gravity_time_fallback,65.93796418013655,41.23732528000399,11.660540342133679,23.07828746304779,12.371197584001198,2.9151350855334197,0.10550000000000001,0.0,False,3713,True
251,49,13:18,spatial_neighbor_gravity_eb,58.56281577101196,68.0028364618347,11.72916570080653,1.0,2.0,0.25,0.1269262217332141,0.0,False,3714,True
113,89,02:00,full_observed_sparse_eb,40.409078242611926,28.404017944078465,8.377982373537682,7.261345496426492,10.129782186630445,1.3720368961910516,0.16666666666666666,2.0,True,3715,True
112,227,13:14,full_observed_sparse_eb,43.619559910324234,51.19181672290909,9.453765511024853,4.555877372305597,10.411594352595356,0.7572223348522967,0.09595434654473192,0.9288087803762934,True,3716,True
262,9,09:31,global_od_time_adjusted,63.670864812891615,52.36430711885863,14.4,7.55624741521873,3.2429235548800004,0.5623610939600966,0.2518518518518519,0.0,False,3717,True
213,69,09:05,observed_sparse_eb,23.457951798711186,23.931034946994984,4.196589554734232,4.5688993508766975,5.659664632587787,0.777986141539476,0.76717403610639,2.642658781734049,True,3718,True
77,167,13:22,global_od_time_adjusted,61.96908984933011,154.0764068573186,18.6686707016338,2.9087665110103313,27.973523181408627,3.19986057169973,0.253214677856946,0.0,False,3719,True
84,131,02:28,spatial_gravity_time_fallback,152.53259138304009,109.86696988972074,25.370989997441587,53.386406984064024,32.96009096691622,6.342747499360397,0.10550000000000001,0.0,False,3720,True
15,195,11:43,global_od_time_adjusted,57.131191391154466,72.77850655880798,18.480000000000004,0.5,1.0,0.1,0.21372549019607845,0.0,False,3721,True
96,144,01:23,spatial_neighbor_gravity_eb,37.160342879623116,30.74877266174743,7.638903027894267,5.55552707781412,8.195570751709134,1.5511881036143476,0.23686883397661113,0.0,False,3722,True
218,190,16:59,global_od_time_adjusted,69.19082086508809,94.55362559085509,12.0,0.5,1.0,0.1,0.20779035466743345,0.0,False,3723,True
121,64,10:33,global_od_time_adjusted,58.94731983391288,18.531183863598745,4.945,48.2611579714992,4.522130421919892,1.459768817313205,0.2518518518518519,0.0,False,3724,True
258,155,07:21,temporal_same_od_eb,30.326322502180876,27.290275827316552,8.661235766333121,1.81488867364803,3.3517142472771653,1.4731485183778161,0.1914914514071992,0.8493658926896188,True,3725,True
258,205,08:29,temporal_same_od_eb,32.047911170280955,35.96983153412002,6.47474452383,2.173317017876368,2.1992714713013086,0.2382190218164687,0.1685895395173254,0.0,False,3726,True
46,91,06:24,spatial_neighbor_gravity_eb,66.02577244782151,45.641595303139596,19.665648513328048,9.259999999999984,2.0,0.28000000000007974,0.12562941164540295,0.0,False,3727,True
22,30,14:39,global_od_time_adjusted,65.99357890134341,73.79741604060185,18.45,0.5,1.0,0.1,0.21372549019607845,0.0,False,3728,True
251,4,01:29,spatial_neighbor_gravity_eb,52.71456064382574,36.40018066659868,13.46392447566297,1.0,2.0,0.25,0.12429543178487985,0.0,False,3729,True
193,43,17:46,global_od_time_adjusted,29.31224634812934,30.528577483398387,3.359761904761905,6.403376646972534,14.075625263500042,0.9796026602057002,0.5195652173913043,0.0,False,3730,True
88,175,21:13,spatial_neighbor_gravity_eb,69.2799919901871,60.26508066632028,15.887315004522671,7.013412626348683,7.181254465383179,0.6392121386920464,0.19204612263908744,0.0,False,3731,True
212,44,00:40,spatial_gravity_time_fallback,172.51787515028775,124.06052387989502,28.298326140003503,60.381256302600704,37.218157163968506,7.074581535000876,0.10550000000000001,0.0,False,3732,True
34,226,05:44,temporal_same_od_eb,19.186832390486174,12.010820172391494,4.941149326425269,1.218712096037316,1.2943891727849202,0.17264987365810552,0.166407303065464,0.0872154470159785,True,3733,True
157,197,09:05,temporal_same_od_eb,26.99521169929412,25.41939108410746,5.838867376961058,3.592611806710211,2.63538024741594,0.5603234797319808,0.14047242800048365,0.33012761034397897,True,3734,True
15,126,23:45,spatial_neighbor_gravity_eb,30.86500556935121,22.035168803640513,7.7743644939692675,2.0315802842239568,3.1626932312900555,0.5334376621475534,0.16832261388141395,0.0,False,3735,True
182,131,06:45,global_od_time_adjusted,31.550838495815544,30.172730592624738,11.959999999999999,2.206414285668131,7.082524181321751,1.1502347586471295,0.26363636363636367,0.0,False,3736,True
236,254,11:33,full_observed_sparse_eb,50.23788816106681,52.27052659547956,11.26132321499172,7.780800865798924,20.473035523357062,1.5677254433409749,0.10649238458295826,0.8046000720989923,True,3737,True
48,261,11:19,full_observed_dense_eb,30.78586808547782,26.154643780477915,4.664577738474294,5.741277173220009,5.6251135764713736,0.6710797113643359,0.8004617304224719,40.153031607421106,True,3738,True
182,33,12:49,full_observed_sparse_eb,63.90452306830335,63.75776398287406,14.750284047575086,9.282845137293593,13.391770252838334,3.021263316030793,0.09090909090909091,1.0,True,3739,True
160,42,22:35,temporal_same_od_eb,35.30433878049824,31.425574068987718,10.722807826868276,0.5,1.0,0.1,0.15918626651344142,0.0,False,3740,True
196,120,17:40,global_od_time_adjusted,58.800112624566054,53.185958374932625,13.175,3.865000000000043,1.0,0.5649999999999649,0.22692307692307692,0.0,False,3741,True
212,187,11:28,spatial_gravity_time_fallback,146.1632003104232,130.50651487955983,19.811142443881458,51.157120108648115,39.15195446386795,4.9527856109703645,0.10550000000000001,0.0,False,3742,True
28,4,15:39,temporal_same_od_eb,73.65543317488465,82.80533396202287,8.97,0.5,1.0,0.1,0.1582392192228397,0.0,False,3743,True
54,229,16:10,spatial_eb,33.60724583046333,29.482799371782896,7.1766856033756365,8.084860948436626,4.718632262859522,0.7004729354752637,0.5238095238095238,0.0,False,3744,True
66,132,07:42,full_observed_sparse_eb,82.3165762005865,57.93454331679588,18.07065479667664,14.300900085661956,14.456391761252174,3.6159972802617473,0.17940261544663494,2.198680800967505,True,3745,True
230,176,06:49,global_od_time_adjusted,92.66348773411943,53.56426098201134,20.94,7.320661210270292,6.468628991442154,1.3297242821978608,0.275,0.0,False,3746,True
110,80,13:48,spatial_neighbor_gravity_eb,87.14907610144684,66.97800227820014,16.46764430084998,20.349999999999966,4.178891787128107,0.599999999999964,0.12769888537085178,0.0,False,3747,True
5,97,15:00,spatial_gravity_time_fallback,108.69157943480214,99.62558120116954,14.729745068443838,38.04205280218075,29.88767436035086,3.6824362671109596,0.10550000000000001,0.0,False,3748,True
111,36,08:06,global_od_time_adjusted,35.905231116363666,34.931407574140266,6.61,0.5,1.0,0.1,0.21372549019607845,0.0,False,3749,True
213,60,03:27,temporal_same_od_eb,13.182681595024095,7.537803727000979,1.78,0.5,1.0,0.1,0.15189323729437623,0.0,False,3750,True
25,129,12:43,full_observed_sparse_eb,42.12535498810326,38.33344975334335,8.235547990679782,6.645918264655891,12.108931728394257,1.7761505892465337,0.10367225222554935,0.8793433722968373,True,3751,True
174,213,00:34,temporal_eb,22.530550214878353,17.649642507431228,5.182354435264791,4.75171708016807,11.825942057388275,1.144242284340795,0.6551561658256584,0.25737177665151023,True,3752,True
216,48,07:50,temporal_same_od_eb,63.43669354720122,69.75044646632392,9.837444318958122,7.793739272813463,5.741938383113133,1.4591621332408429,0.14788421359382,0.3312534068815012,True,3753,True
189,174,22:24,temporal_same_od_eb,59.256799763523944,53.17891056863341,18.0,0.5,1.0,0.1,0.15424393489473165,0.0,False,3754,True
57,177,03:36,spatial_neighbor_gravity_eb,38.551280062384535,26.744737556661526,9.854811367777591,4.45052544820118,7.9740553490470845,1.594226221554106,0.30461639219188047,0.0,False,3755,True
73,80,05:54,global_od_time_adjusted,28.876510851019543,20.60058048677278,10.055,0.5,1.0,0.46499999999999386,0.22692307692307692,0.0,False,3756,True
196,220,05:16,global_od_time_adjusted,36.795277079790864,26.406110611009282,13.231428571428571,2.7070618155981476,7.673611176301906,3.6011523099118845,0.28596491228070176,0.0,False,3757,True
54,259,08:37,spatial_gravity_time_fallback,116.11949013769481,99.40531515028115,16.54985354430541,40.64182154819318,29.821594545084345,4.137463386076353,0.10550000000000001,0.0,False,3758,True
219,150,04:02,global_od_time_adjusted,40.12252115960837,23.843959044246553,10.956666666666665,7.633471068626384,7.603160584794598,2.7791105691489837,0.275,0.0,False,3759,True
42,67,06:27,global_od_time_adjusted,49.08564054902745,42.38618446188158,18.130000000000003,4.930000000000009,6.105497990954845,0.3699999999998809,0.22692307692307692,0.0,False,3760,True
129,127,00:18,full_observed_sparse_eb,34.93413382067297,27.172269585066573,10.372360925164454,7.420473608440803,8.15025825205736,1.0628793362803037,0.09090909090909091,1.0,True,3761,True
146,97,04:07,temporal_same_od_eb,21.329670293060232,16.330022609196526,7.65,0.5,1.0,0.1,0.15477990086651566,0.0,False,3762,True
115,107,01:48,global_od_time_adjusted,63.22321283564761,37.83220485089066,13.9,0.5,1.0,0.1,0.21372549019607845,0.0,False,3763,True
189,171,07:55,global_od_time_adjusted,51.07103353231598,46.050227548109646,13.790000000000001,3.695622034546014,4.609519797824994,0.10230672835471107,0.23962264150943396,0.0,False,3764,True
33,107,15:09,observed_sparse_eb,27.00759954503095,24.452912023546567,4.461257829267189,4.57127670369136,3.526290938905669,0.9591447474387038,0.8840215605969057,4.092405432270269,True,3765,True
193,44,05:46,spatial_neighbor_gravity_eb,107.04563190686883,56.48592779558928,27.899535301259107,1.0,2.0,0.25,0.12682662712864226,0.0,False,3766,True
191,219,16:07,observed_sparse_eb,21.364282205022512,20.674387929450088,5.120609852270462,5.888819576369458,2.7676363983026553,1.41827768999905,0.6978645613102277,2.1243457707989535,True,3767,True
76,116,14:18,temporal_same_od_eb,83.05285615975056,82.42858016562688,20.07,0.5,1.0,0.1,0.16047975870751358,0.0,False,3768,True
116,19,22:13,global_od_time_adjusted,46.99330301378094,52.785884184821704,17.705,1.7600000000001452,9.203160448744779,0.20500000000019655,0.22692307692307692,0.0,False,3769,True
159,217,16:28,global_od_time_adjusted,54.065773995129746,48.23565418185941,12.046666666666667,1.482482902280978,2.711271370338893,0.21746008573739337,0.23962264150943396,0.0,False,3770,True
75,90,14:30,full_observed_sparse_eb,34.065972738254125,35.91786924328098,5.016459457926213,8.490210517039726,8.443537775828746,1.008720804804928,0.37652430260384584,6.0536554516553736,True,3771,True
248,77,03:20,global_od_time_adjusted,42.172518204215706,42.11185132841086,12.51,1.691011161997462,19.919202170909074,6.555097253283128,0.2518518518518519,0.0,False,3772,True
223,130,21:42,full_observed_sparse_eb,32.63238725965355,28.718810766919642,9.493431388765938,6.18416076658721,6.591300659926063,1.2367806461676394,0.17969877258793568,2.2033008523717967,True,3773,True
253,250,09:50,spatial_neighbor_gravity_eb,32.29625482095469,27.7601875819163,6.297206221761362,3.9384420107846183,6.62930573211568,0.4799127387931663,0.20285447028344938,0.0,False,3774,True
169,151,22:17,global_od_time_adjusted,28.14554128589029,37.505696511541416,6.476470588235294,5.854771750387444,35.377034868484,1.505890165420913,0.3776119402985074,0.0,False,3775,True
66,165,03:48,temporal_same_od_eb,30.89157901539176,24.175340816514876,7.970000000000001,0.5,1.0,0.1,0.1536970523322921,0.0,False,3776,True
148,110,19:20,spatial_neighbor_gravity_eb,81.36086443050773,61.07860557492751,16.767362379602535,14.04046939184065,6.986555919890753,1.7326712560579076,0.1733499018954298,0.0,False,3777,True
25,117,11:29,temporal_same_od_eb,81.27587466102688,86.93536536161027,21.790561262175753,5.813870638883904,8.541367503365334,1.03015307524059,0.17446172128577103,0.05490011192269151,True,3778,True
181,136,02:24,global_od_time_adjusted,48.79934539544958,54.66104064931602,15.628,3.9668748404759375,26.053030646771887,1.430236344105411,0.26363636363636367,0.0,False,3779,True
99,206,11:22,spatial_gravity_time_fallback,44.55308918032486,32.9150054333314,5.795117926400325,15.593581213113698,9.87450162999942,1.4487794816000812,0.11400000000000002,0.0,False,3780,True
202,150,03:20,spatial_neighbor_gravity_eb,57.62411753984183,54.24447720898354,15.776599128963145,9.36081853053801,20.26953234857624,4.075848519756265,0.22610752185039495,0.0,False,3781,True
80,127,12:13,global_od_time_adjusted,54.32832251689739,57.645534383795344,13.705555555555556,6.752336424374047,12.359328403709286,1.6115401727524703,0.44545454545454544,0.0,False,3782,True
257,256,21:21,temporal_same_od_eb,29.698038368380608,29.856039801118655,7.33,0.5,1.0,0.1,0.15951846603537562,0.0,False,3783,True
172,138,06:36,spatial_neighbor_gravity_eb,81.88118084318072,68.51182993275391,22.02635375637658,1.0,2.0,0.25,0.12553773827189083,0.0,False,3784,True
27,36,05:14,global_od_time_adjusted,44.38319461545183,38.807568883961586,13.33,0.5,1.0,0.1,0.21372549019607845,0.0,False,3785,True
188,211,05:32,temporal_same_od_eb,21.49606608246506,16.902013551617465,5.556774719248943,0.5,1.0,0.1,0.15213828078075714,0.0,False,3786,True
133,224,12:44,global_od_time_adjusted,45.452215611231715,42.97700760238996,10.295,3.12239791666594,6.41555695457255,0.3474550330618443,0.2518518518518519,0.0,False,3787,True
70,259,18:45,temporal_same_od_eb,66.5865367795564,52.27518428639553,13.952444078302614,6.305938236896213,1.0673796169755674,0.545091866626529,0.1952961979462249,0.03736738003955509,True,3788,True
194,51,21:16,global_od_time_adjusted,36.8411489563644,30.345301472782285,10.04,0.5,1.0,0.1,0.21143002937973834,0.0,False,3789,True
97,226,07:11,full_observed_sparse_eb,25.616293874824684,20.808277080019177,6.156325285391454,4.474548248831024,5.489994468108716,0.8068729013323291,0.2702512078114694,2.908286728281439,True,3790,True
174,11,15:37,spatial_neighbor_gravity_eb,97.13541819613562,122.47791577450616,22.58898583464454,1.0,10.867850385150755,1.8609419458586116,0.15205516337341213,0.0,False,3791,True
38,260,09:04,spatial_neighbor_gravity_eb,64.38698415179735,59.18223344826147,14.265118552225871,7.508044809050444,11.648935498864876,1.6960633097596434,0.3158069920250845,0.0,False,3792,True
237,136,22:49,temporal_same_od_eb,34.02634151994424,21.284776715950663,7.371146811346754,0.5,1.0,0.1,0.16449852597980885,0.0,False,3793,True
168,99,04:35,spatial_gravity_time_fallback,117.04822121692249,68.42259516769349,21.298560111586532,40.96687742592287,20.526778550308045,5.324640027896633,0.10550000000000001,0.0,False,3794,True
88,230,17:23,observed_dense_eb,35.28164723205698,30.877297653806878,5.4999399172297565,6.619141302504941,7.811636042418097,1.5739977034377706,0.9840374193870539,58.76953689995429,True,3795,True
108,234,19:50,global_od_time_adjusted,47.98374266356788,89.0162055565879,14.4,3.4641016151377544,16.271640451564522,1.524795068197687,0.2518518518518519,0.0,False,3796,True
16,74,03:26,global_od_time_adjusted,33.26541812582589,33.65064388380438,14.32,0.5,1.0,0.1,0.21372549019607845,0.0,False,3797,True
50,162,18:43,observed_dense_eb,16.1414836377059,14.76099145400314,1.4811202860067123,3.7480805158428723,3.6951395360603683,0.40062056126334455,0.9844506955552158,28.872509729707716,True,3798,True
144,74,07:34,full_observed_sparse_eb,32.903815189724604,32.00710849622981,7.640339949368775,5.831168371420975,7.589294797962401,1.2006010748518041,0.11374692227070574,0.7488324220593796,True,3799,True
91,105,04:13,spatial_neighbor_gravity_eb,30.181654786554745,23.578069791818066,6.831914974769232,5.715873796774936,7.923896492601573,1.4106244752625614,0.31656301559895805,0.0,False,3800,True
24,77,09:19,global_od_time_adjusted,74.53711257416606,61.050443948623396,16.8875,12.244698852973059,10.755755852464327,3.2526402736853637,0.2518518518518519,0.0,False,3801,True
236,49,10:21,full_observed_sparse_eb,58.99825333759972,45.66516075486125,10.074992065221576,5.353539259999296,7.973860273645516,0.44950931349016576,0.17972678590566257,1.1763070788811092,True,3802,True
245,146,21:05,spatial_neighbor_gravity_eb,69.3433063358581,88.25777267814655,10.925592931257702,1.0,2.0,0.25,0.12707865832682572,0.0,False,3803,True
187,222,12:45,spatial_gravity_time_fallback,102.13186450285502,89.6303416497002,13.646882620657983,35.746152575999254,26.889102494910055,3.411720655164496,0.10550000000000001,0.0,False,3804,True
32,244,04:37,temporal_eb,30.4137392702044,22.016886698656453,6.839646540898755,5.192451272975249,12.232379100940905,2.2174796504139533,0.6743483911221225,0.0,False,3805,True
244,137,05:14,full_observed_sparse_eb,28.762730686497033,23.904122930972143,8.996494610305195,8.146670422891773,5.932035624463206,0.9491833218282503,0.09994895906922144,1.1292701146898665,True,3806,True
181,57,03:03,global_od_time_adjusted,48.76626698156759,38.834499174394566,11.365,4.590000000000045,4.147111823624355,0.5649999999999901,0.22692307692307692,0.0,False,3807,True
219,45,13:33,global_od_time_adjusted,67.47870121815606,115.7106239272322,15.7,15.749737100980434,43.16917385157673,2.6804850307360426,0.2518518518518519,0.0,False,3808,True
84,12,00:31,spatial_gravity_time_fallback,93.26905007322762,65.91221903045596,15.04942472454462,32.64416752562966,19.773665709136786,3.762356181136155,0.10550000000000001,0.0,False,3809,True
4,257,22:43,temporal_same_od_eb,35.44827408192182,26.40676051362952,7.859606007971795,3.568211422011513,6.906687498858058,0.16274624501762588,0.16634570184783098,0.0,False,3810,True
217,61,17:17,observed_sparse_eb,20.799417352337947,22.663621202264807,2.740944670085507,5.567932972988756,7.21533589302756,0.9340034305635588,0.7009257229274479,0.8847398213280684,True,3811,True
34,159,05:59,global_od_time_adjusted,32.53900526007615,25.556868814418937,12.3875,3.9451132746728397,3.755643997411575,0.29498940658945466,0.2518518518518519,0.0,False,3812,True
180,222,17:32,global_od_time_adjusted,21.567068568817362,19.13552800006338,3.915294117647059,3.310005801853605,3.990029576913472,0.49865840774267123,0.3776119402985074,0.0,False,3813,True
84,156,05:09,spatial_gravity_time_fallback,54.74509801066006,20.837234859932543,10.03339412293036,19.16078430373102,6.251170457979763,2.50834853073259,0.11400000000000002,0.0,False,3814,True
159,174,14:32,temporal_eb,29.158194734068662,30.787986871938628,6.471424099927834,6.535408305881455,9.440976051303345,2.692727495453362,0.7353340822377332,0.5551646476095868,True,3815,True
209,32,22:46,global_od_time_adjusted,48.448960983711466,47.03550479434881,16.203582599468554,8.726759439701198,11.36229276287123,1.3224709614894308,0.2735480812690384,0.0,False,3816,True
258,240,03:54,spatial_neighbor_gravity_eb,57.80324514306554,40.612006833312364,16.07856830438532,6.275737670262705,8.53777970351337,2.560768548903931,0.20162210732588215,0.0,False,3817,True
147,73,15:45,global_od_time_adjusted,60.41038551863024,50.764470080589234,0.01,0.5,1.0,0.1,0.21372549019607845,0.0,False,3818,True
191,170,11:26,temporal_same_od_eb,51.719140579348355,76.10065048594426,14.1,0.5,1.0,0.1,0.1527047497633242,0.0,False,3819,True
51,149,09:50,global_od_time_adjusted,77.10115740905854,132.13440541553794,3.5,0.5,1.0,0.1,0.21372549019607845,0.0,False,3820,True
134,228,00:22,global_od_time_adjusted,60.79289425911624,47.49145967591563,17.33818181818182,8.225488606150913,9.371546044240475,4.182945500224833,0.3262295081967213,0.0,False,3821,True
226,38,11:28,global_od_time_adjusted,54.269501187049,67.6805924169754,13.991052631578947,14.445701562361332,30.06101516539023,1.663084941771077,0.3927536231884058,0.0,False,3822,True
87,212,06:23,global_od_time_adjusted,39.84491693467476,36.045626515218636,12.5075,9.515425305786378,7.39495333263023,0.8542065031360987,0.2518518518518519,0.0,False,3823,True
190,240,03:48,spatial_neighbor_gravity_eb,66.14899414501009,55.67155814716479,19.758724492707223,1.0,2.0,0.25,0.13267579385555023,0.0,False,3824,True
178,239,06:09,global_od_time_adjusted,32.43490129314134,32.047546771058585,12.9,0.5,1.0,0.1,0.21372549019607845,0.0,False,3825,True
125,116,22:37,full_observed_sparse_eb,39.009093146617246,34.86176233809651,8.510277005552705,6.846460403110705,6.572435017188081,1.8010051246416492,0.19731305739937738,2.6386210839504116,True,3826,True
259,84,12:33,spatial_gravity_time_fallback,226.99748362311607,203.43544325221865,30.97418811555827,79.44911926809061,61.03063297566559,7.743547028889568,0.10550000000000001,0.0,False,3827,True
42,228,14:44,full_observed_sparse_eb,57.011471116237594,75.88186270008975,13.390395332405491,7.133695859418891,23.779015875535745,3.4957980346575734,0.09449679460104471,0.9504684469562434,True,3828,True
40,230,08:09,full_observed_sparse_eb,46.43713413130385,39.774089191620334,7.797688069734344,8.049640352938722,9.647352954402361,0.9452661868137817,0.30579784447703307,4.838276027331474,True,3829,True
230,55,15:32,temporal_same_od_eb,88.27954458946868,75.29030662299986,18.384852766387077,0.5,1.0,0.1,0.16560905453735505,0.0,False,3830,True
199,15,13:45,spatial_neighbor_gravity_eb,48.02212930530079,37.21430381740793,8.906833622070948,6.812903587453927,7.7640870833765705,1.0219153236776817,0.3892307692307692,0.0,False,3831,True
169,153,14:01,full_observed_sparse_eb,22.216188609126974,19.42175203927232,3.1797319900043726,6.2441411378849265,5.048472476834354,0.7977022270712654,0.09691031840810643,0.9219812209850673,True,3832,True
9,156,14:35,spatial_gravity_time_fallback,157.77063945199433,144.68409415392634,21.56600529941303,55.21972380819801,43.4052282461779,5.391501324853257,0.10550000000000001,0.0,False,3833,True
164,227,20:33,temporal_same_od_eb,49.87454677720031,34.93679399930594,10.217434819817054,2.4522960399985756,2.296831602944324,0.27600542804967165,0.16053363906832316,0.2131389475436407,True,3834,True
170,215,17:11,temporal_same_od_eb,51.08194049845059,78.75713612199525,11.007105462612655,0.5,1.0,0.1,0.15851922201576513,0.0,False,3835,True
55,27,17:30,spatial_neighbor_gravity_eb,100.16322577251997,107.24548473033349,19.629208399308858,5.567659096397328,10.543618894271685,1.816036614764402,0.3854470154514179,0.0,False,3836,True
28,48,04:44,full_observed_sparse_eb,55.16453443598508,27.567063461222645,12.417211597173624,18.89950975351686,12.263297507063399,1.4905156654861944,0.09418609839430317,0.9537596949616933,True,3837,True
212,230,08:25,temporal_same_od_eb,40.0962060249242,37.180400627458326,10.440902329642627,0.5386368993679179,1.0,0.1,0.17229152627126812,0.0,False,3838,True
14,252,11:07,temporal_same_od_eb,86.82207387913664,114.19793817816085,12.66658315469083,5.764759234225549,14.496920700206989,2.7162383877339176,0.12717842488189351,0.4882205567101465,True,3839,True
95,223,10:50,temporal_same_od_eb,29.910990156879002,25.99170643997287,6.820551247509032,2.838331598726874,3.1435030313951327,0.5780653658266991,0.1481635060382186,0.35077416395106553,True,3840,True
116,73,04:34,global_od_time_adjusted,29.555579129443792,39.276655441343664,9.4,0.5,1.0,0.1,0.21372549019607845,0.0,False,3841,True
156,10,04:15,spatial_gravity_time_fallback,113.0710157351701,69.50465522710103,20.043494961357496,39.574855507309536,20.851396568130305,5.010873740339374,0.10550000000000001,0.0,False,3842,True
223,21,09:29,global_od_time_adjusted,71.14547137218295,73.93692554948485,20.368000000000002,7.5822334440453645,12.314436240514222,2.4649981744414893,0.26363636363636367,0.0,False,3843,True
244,262,13:21,full_observed_sparse_eb,33.200573008708275,33.32936809006259,5.964169682260824,6.157516584034392,8.434570141571877,1.1269667427038423,0.1346175039331141,1.5769510519171064,True,3844,True
4,252,15:43,global_od_time_adjusted,65.8017436431481,65.82877329583766,15.83,4.779999999999985,10.428316635503172,0.44000000000000405,0.22692307692307692,0.0,False,3845,True
16,106,17:58,spatial_neighbor_gravity_eb,82.51637835726379,107.26995136189956,17.91598291818025,1.0,14.3941539779716,0.8542809364414788,0.1731139821266907,0.0,False,3846,True
125,81,22:45,temporal_same_od_eb,5.406277068359954,51.65738857007529,17.09,0.5,1.0,0.1,0.15616131144620393,0.0,False,3847,True
260,195,09:36,temporal_same_od_eb,41.98515785941285,42.179944292355465,9.09994637912761,1.2424701219009215,6.590206241447956,0.3787230107589922,0.1421555750072582,0.398493411947733,True,3848,True
238,95,10:21,full_observed_sparse_eb,64.85482607438361,48.07813486049132,12.977462982568689,11.83524620769132,11.914723595462092,1.5375821722527787,0.13815370020774348,1.6236288427422139,True,3849,True
154,20,20:45,spatial_neighbor_gravity_eb,70.0516553152846,84.79306039827969,21.704017726683542,1.0,2.0,0.25,0.1326930065028243,0.0,False,3850,True
32,3,04:47,observed_sparse_eb,12.246965319931194,8.422970015926595,1.8463820139118319,4.821242440529217,5.841468868451629,0.7164915287728972,0.5801379552950403,0.8707863344999396,True,3851,True
47,173,09:52,temporal_same_od_eb,39.46913119943467,42.19446158992475,11.49,0.5,1.0,0.1,0.15921830722624936,0.0,False,3852,True
93,231,18:00,global_od_time_adjusted,82.76873303665505,49.82478272409175,12.5125,20.597219531370488,12.740938642812287,1.8127733783980242,0.4512820512820513,0.0,False,3853,True
154,107,02:34,global_od_time_adjusted,67.30056857179972,60.86155510929616,23.225,2.885000000000174,2.617898270651795,1.6949999999999954,0.22692307692307692,0.0,False,3854,True
58,224,17:45,spatial_neighbor_gravity_eb,83.06182636453303,108.70016431626317,16.535194898698013,3.096978749986961,21.824671593806237,0.6227909276172467,0.2140417438478783,0.0,False,3855,True
162,14,21:32,full_observed_sparse_eb,60.64490974519017,38.96572650120654,12.922082810361397,10.352101533831602,12.58043615007459,1.9406918454982158,0.1933763292125666,2.512825520881279,True,3856,True
218,81,01:01,global_od_time_adjusted,52.533630121819066,43.174311142042704,16.55,0.5,1.0,0.1,0.21372549019607845,0.0,False,3857,True
95,186,07:12,temporal_same_od_eb,34.22463552251941,28.69861557411647,8.74310022982277,1.9060682983881019,4.9324262056909305,0.4079125222192358,0.1880143242320777,0.4463343903453705,True,3858,True
44,228,07:04,spatial_neighbor_gravity_eb,70.99700674324903,52.87856873015353,19.651480278668068,1.0,2.0,0.25,0.12479281505648526,0.0,False,3859,True
30,248,13:40,spatial_neighbor_gravity_eb,81.99667865418624,91.66086761858008,18.827526704732456,6.52111318481667,14.427634041908881,1.931190213687675,0.1449891340199072,0.0,False,3860,True
166,65,06:31,full_observed_sparse_eb,37.64360338987271,33.22861361209368,10.9267202411177,11.209301578042954,9.902599088632051,1.351353752306258,0.17071938264044062,1.8926272157301796,True,3861,True
207,192,07:30,global_od_time_adjusted,19.211839405105337,20.646101785234322,6.84,0.5,1.0,0.1,0.21372549019607845,0.0,False,3862,True
49,198,08:22,temporal_same_od_eb,25.0211132955264,22.154111571257047,3.0532665398645964,2.7215295209341903,3.294736755470249,0.31777693471781354,0.16612024578086584,0.0,False,3863,True
120,123,09:38,spatial_neighbor_gravity_eb,83.66239572658644,94.6438029503927,18.036056455886715,6.9415137123797335,22.838210119222488,3.9350772692253866,0.1914522724623755,0.0,False,3864,True
186,75,05:02,full_observed_sparse_eb,23.21731917040549,15.609182944620168,4.312179506622313,5.203043405224478,3.83176158205461,0.5380138578665044,0.6487269099689911,18.532700972751854,True,3865,True
260,230,05:20,full_observed_sparse_eb,30.85426083158037,16.086597307408752,5.210993618092908,16.122581125680107,4.644449390266044,0.7424188911436739,0.12494130951753984,0.6905886371213334,True,3866,True
165,128,11:52,spatial_neighbor_gravity_eb,89.75074567831354,106.2847839712451,18.434667213171192,11.696691494326924,10.775358790858984,2.7448724243831633,0.15535735998133932,0.0,False,3867,True
124,8,09:35,spatial_neighbor_gravity_eb,65.28312156187596,56.96498634563077,15.078930217966388,9.511728181750284,10.329597514356983,1.3322464724313257,0.2699342253582171,0.0,False,3868,True
145,197,04:05,full_observed_sparse_eb,37.08820435771719,21.23863109352503,9.59594989458622,18.211296206363038,11.590665073940556,1.7972253865203436,0.11646431195593565,1.3373289178183505,True,3869,True
123,155,22:23,observed_sparse_eb,18.398472490302357,18.069411141814513,2.846021675378043,4.194485917174464,8.564681011021577,1.07141467986613,0.7192935718288409,1.0,True,3870,True
27,257,21:29,temporal_same_od_eb,35.43211926104065,32.175904481778474,8.64,0.5,1.0,0.1,0.1559583870392507,0.0,False,3871,True
13,101,21:17,spatial_neighbor_gravity_eb,81.97092744095106,66.56756448922197,18.002649813424934,11.9511562530211,6.960864627263534,0.4902824061999078,0.20084411636367253,0.0,False,3872,True
254,83,19:42,temporal_same_od_eb,58.94395544451004,52.83138201339227,15.61,0.5,1.0,0.1,0.1607359201108475,0.0,False,3873,True
248,155,11:30,spatial_neighbor_gravity_eb,79.89888550924972,91.18636397388799,19.142047138192474,4.47102057119862,15.153975830869504,1.9377213271549407,0.1696938162751458,0.0,False,3874,True
217,141,10:42,temporal_same_od_eb,31.858016636278776,68.14731078899646,6.2,0.5,1.0,0.1,0.1518872441032073,0.0,False,3875,True
119,95,03:13,global_od_time_adjusted,35.01823043326071,31.12283421549789,12.454285714285714,0.615871706756983,5.948331195936786,0.9913750500168668,0.28596491228070176,0.0,False,3876,True
143,108,21:54,global_od_time_adjusted,67.71582261875734,62.38037331005734,18.14,13.053634311945439,20.20455241607252,4.825432623091934,0.2518518518518519,0.0,False,3877,True
58,19,19:05,spatial_neighbor_gravity_eb,45.160107640798905,46.10041598253029,12.806603218876287,1.0,9.399290941174664,6.3048732684408755,0.14374073185369618,0.0,False,3878,True
158,101,10:27,global_od_time_adjusted,84.31795035439723,68.95560844295686,18.515,0.5,1.0,0.1,0.22692307692307692,0.0,False,3879,True
172,217,10:18,spatial_neighbor_gravity_eb,65.12572149648828,61.81102128591289,14.05957171901009,1.0,2.0,0.25,0.12891942301796394,0.0,False,3880,True
226,113,23:25,full_observed_sparse_eb,30.374018833467247,23.502354679125144,5.2408981610771015,15.098709029480204,7.146912910070972,0.9950554998686085,0.14105937253062642,1.7171490271879577,True,3881,True
40,196,21:36,global_od_time_adjusted,44.346206871667604,32.30307677349715,10.7,0.5,1.0,0.1,0.21372549019607845,0.0,False,3882,True
19,65,14:14,temporal_same_od_eb,56.54378746073134,76.35922406230884,16.3,0.5,1.0,0.1,0.15630562940615628,0.0,False,3883,True
108,107,17:53,temporal_same_od_eb,68.23096260939471,67.45210127558201,16.46,0.5,1.0,0.1,0.1524742906405861,0.0,False,3884,True
166,251,08:57,spatial_neighbor_gravity_eb,112.06512053902966,81.15508615583705,22.65061113963033,1.0,2.0,0.25,0.1446288785290972,0.0,False,3885,True
34,39,17:20,temporal_same_od_eb,42.04014373325767,76.57151444170736,7.399835584743911,2.4602680255213505,5.516477159379136,0.6084051978034197,0.13778466998342587,0.3528394676002904,True,3886,True
100,244,11:57,full_observed_sparse_eb,40.63973355310669,45.26418224544139,7.995342098764569,7.3296350867657605,9.677922184774028,0.8653276219056977,0.37118719968931163,6.103237113133787,True,3887,True
48,262,18:31,full_observed_dense_eb,25.290970160551236,22.94058781174642,3.410556851980781,4.5311965533956755,5.166406806779082,0.4635685616394502,0.8315914443000476,49.4356279532154,True,3888,True
41,30,04:24,spatial_neighbor_gravity_eb,61.209865978080686,55.94164054321895,17.26220013728314,6.2729742086378595,14.988518244020998,5.44259631083033,0.24455804354603117,0.0,False,3889,True
161,40,04:04,temporal_same_od_eb,32.260244379930256,18.08323803496072,8.37204199111826,0.5,1.0,0.1,0.15576376830659872,0.0,False,3890,True
3,140,18:58,global_od_time_adjusted,51.01838941330696,52.758277509492295,11.943076923076923,6.052214910711886,21.33741734580971,1.4900820040179765,0.34444444444444444,0.0,False,3891,True
232,160,19:25,global_od_time_adjusted,30.67216376956187,22.26879712727912,6.0649999999999995,5.182182817114811,13.062221229793984,1.8345435399575574,0.29655172413793107,0.0,False,3892,True
176,42,13:15,spatial_neighbor_gravity_eb,102.32761375002259,102.81698504063698,22.666859616929813,1.0,2.0,0.25,0.12646251501184605,0.0,False,3893,True
215,18,10:44,global_od_time_adjusted,59.715963843874206,61.60068517984689,16.19727272727273,11.601854724907216,29.755238766285107,1.0189842617135216,0.3262295081967213,0.0,False,3894,True
160,139,08:22,global_od_time_adjusted,41.79467095096737,47.858466040794134,13.606666666666664,4.676971954872805,6.454072152306871,2.613622432988799,0.23962264150943396,0.0,False,3895,True
200,255,19:57,temporal_same_od_eb,63.19383882779271,52.60958558351432,16.2,0.5,1.0,0.1,0.15547802644962253,0.0,False,3896,True
247,210,09:03,full_observed_sparse_eb,78.55604759019427,95.19407012407528,23.322894058200497,8.8776075310089,13.39684027377472,2.229525907614658,0.10556384460693002,0.793213691361025,True,3897,True
52,44,02:34,spatial_gravity_time_fallback,101.28860358774354,71.8620324945312,16.6959538990944,35.451011255710235,21.558609748359366,4.1739884747736,0.10550000000000001,0.0,False,3898,True
126,110,01:40,spatial_gravity_time_fallback,137.1596927957289,102.04100077104485,22.36791101774292,48.00589247850511,30.612300231313455,5.59197775443573,0.10550000000000001,0.0,False,3899,True
224,213,00:49,global_od_time_adjusted,36.478239973436935,26.619303392265792,10.2,0.5,1.0,0.1,0.21372549019607845,0.0,False,3900,True
228,33,20:23,full_observed_sparse_eb,25.294108343082705,23.352400197396925,4.157689389161231,7.592449568719815,9.50467510806358,1.5199523116416376,0.1266341272165425,1.4715704792583608,True,3901,True
227,128,20:58,spatial_neighbor_gravity_eb,71.59805726132353,67.21174269577564,19.194705534845824,1.829956878440051,21.1073230720547,0.25,0.16614188971287414,0.0,False,3902,True
241,97,05:18,spatial_neighbor_gravity_eb,52.385643543110426,44.27706023826009,14.898364345958715,5.784104900785169,13.8569192686621,3.5020571762610255,0.24845976355243304,0.0,False,3903,True
137,13,17:17,full_observed_dense_eb,28.939459616825836,29.177273612732424,5.226567920311924,5.4887379562935035,5.584126069130409,1.076690403106714,0.7162504660799194,25.254435357349564,True,3904,True
256,215,08:20,global_od_time_adjusted,46.8017960694136,42.2743840930381,12.057616920783591,4.378502110426698,8.630747385575232,1.045109323428258,0.30118713669068414,0.0,False,3905,True
179,103,20:50,spatial_neighbor_gravity_eb,42.255673070263796,40.34322050213579,8.712597172983694,5.267314821749073,10.319722924776915,2.869126253355011,0.2699243229013798,0.0,False,3906,True
63,205,10:44,temporal_same_od_eb,36.11700854496362,31.778163343224204,8.358423073036715,3.1505953260874957,1.7431161679606841,0.1952176990286015,0.18065176665512014,0.0,False,3907,True
219,147,11:53,global_od_time_adjusted,78.67606552197508,83.93050013847892,21.330000000000002,16.81312450306474,9.414518041687948,2.3914152016466317,0.23962264150943396,0.0,False,3908,True
154,94,14:49,spatial_neighbor_gravity_eb,93.84361242407662,114.62984880581544,22.794658392893236,1.0,42.896502002219655,0.25,0.13180532104560955,0.0,False,3909,True
24,203,18:06,spatial_neighbor_gravity_eb,77.45580987414695,91.65851325944294,18.237582427902872,3.3694354410514817,25.084529875308323,1.8652661912159954,0.19915239468279272,0.0,False,3910,True
187,203,00:57,spatial_gravity_time_fallback,130.00391775104396,92.9327978486509,21.192392452350322,45.501371212865386,27.879839354595273,5.298098113087581,0.10550000000000001,0.0,False,3911,True
61,212,00:42,temporal_same_od_eb,46.58349291563155,46.938719948750204,17.99,0.5,1.0,0.1,0.15554404629617655,0.0,False,3912,True
171,119,19:27,global_od_time_adjusted,40.25950964947292,36.661420886964095,10.620000000000001,4.394999999999958,3.328864840916451,0.4799999999999884,0.22692307692307692,0.0,False,3913,True
61,123,20:33,full_observed_sparse_eb,32.384708274445785,39.49984032496568,6.294640091729738,6.790250827286753,10.074741332596115,1.8462477741913332,0.09090909090909091,1.0,True,3914,True
139,7,02:34,global_od_time_adjusted,47.59215722925575,41.293852875778654,16.11375,5.7216320606536675,5.668157038356741,2.0219355670990127,0.29655172413793107,0.0,False,3915,True
144,146,05:14,temporal_same_od_eb,23.792516624819278,12.10471820191103,5.641373855859276,0.5187930144617712,1.0,0.1,0.16024298681559251,0.0,False,3916,True
18,227,05:34,spatial_neighbor_gravity_eb,64.93134878487483,48.437495090111874,17.427541951940583,3.582870472788045,4.661274046966937,0.8637418019458153,0.15749963676321221,0.0,False,3917,True
92,4,10:14,global_od_time_adjusted,43.116172067283244,43.820974634831316,11.885714285714286,1.9107419223636852,14.312184286485877,2.0606161155125884,0.28596491228070176,0.0,False,3918,True
238,234,07:03,full_observed_dense_eb,25.42444544170924,18.945794180402142,4.292002238044983,3.8916708169564824,3.9215928757364162,0.570800876112084,0.739699239563341,28.640299622361017,True,3919,True
125,155,15:40,temporal_same_od_eb,65.30120260974185,88.7006902642864,13.5,0.5,1.0,0.1,0.15212323949570916,0.0,False,3920,True
161,21,00:48,temporal_same_od_eb,62.15710432101914,47.49876329810597,18.2,0.5,1.0,0.1,0.153649681846227,0.0,False,3921,True
263,262,00:28,observed_dense_eb,8.16709177011871,4.087753728649661,0.6535835263165017,1.9282814610679246,1.4274218933960408,0.1900931241255269,0.9949999999999999,53.87108701502163,True,3922,True
209,131,16:07,full_observed_sparse_eb,50.60100423248109,125.59659032734055,16.53516570768638,14.52078302066543,37.59469614219001,2.1578021134644683,0.22476120151795975,3.2085598250463363,True,3923,True
178,172,14:57,spatial_gravity_time_fallback,58.92105981184861,52.3848237357304,7.750408041246182,20.62237093414701,15.71544712071912,1.9376020103115454,0.10550000000000001,0.0,False,3924,True
139,130,14:33,observed_sparse_eb,21.520960518765712,22.10063342082159,4.039371805232889,3.8259388978758118,5.350167077969151,1.7619016315582896,0.785447710895438,0.8232298505931084,True,3925,True
140,32,07:12,temporal_same_od_eb,32.80426122501821,29.397065511306028,10.6,0.5,1.0,0.1,0.15740570586469446,0.0,False,3926,True
67,72,03:19,global_od_time_adjusted,29.63086693058416,30.04226958890465,8.129999999999999,2.3129236909159854,4.917228033016559,3.532823233619254,0.26363636363636367,0.0,False,3927,True
71,261,18:51,global_od_time_adjusted,41.579265207145525,49.54863246931912,7.893846153846154,5.927678033083909,15.172016186822674,1.544289921273442,0.43947368421052635,0.0,False,3928,True
260,155,14:59,global_od_time_adjusted,58.780003833288774,79.64587130260296,14.012,11.068496555539951,6.700104606365601,2.6326746855621925,0.26363636363636367,0.0,False,3929,True
127,81,16:17,temporal_same_od_eb,32.26636694820043,50.616515029923065,5.6,0.5,1.0,0.1,0.15296897852903923,0.0,False,3930,True
22,231,01:06,global_od_time_adjusted,34.63737448749917,31.52996800655825,9.184722222222224,9.84539625759858,12.206797111709871,1.5521499177862694,0.49302325581395345,0.0,False,3931,True
223,127,00:22,full_observed_sparse_eb,28.50155448589279,22.561924782841714,8.630218908679407,6.579734887636789,3.5474395819939915,0.5403916342527086,0.14284035002125925,0.5103630748572741,True,3932,True
18,161,13:16,temporal_same_od_eb,54.16694504532797,128.02624548122705,9.7,0.5,1.0,0.1,0.15591156039548365,0.0,False,3933,True
223,218,11:32,global_od_time_adjusted,49.01243830763118,53.16609422508821,13.54,3.506324419887564,17.41049196501337,2.0477426596132644,0.29655172413793107,0.0,False,3934,True
254,126,09:17,full_observed_sparse_eb,29.74168273780438,25.63028751775626,6.427263771350187,5.30327046190757,6.791762903199468,1.1043834034691544,0.18233229260700057,2.2631825157976095,True,3935,True
97,112,11:33,observed_sparse_eb,23.778873489100388,22.412614898570922,4.109886106625865,3.357344417153003,2.0098122915550785,0.0715253062306401,0.8908404051564546,2.5535977504349887,True,3936,True
178,188,22:50,global_od_time_adjusted,23.663960764991067,25.918186502872643,4.1675,3.5093996548555078,4.039642200937706,0.6172469116974136,0.29655172413793107,0.0,False,3937,True
127,182,09:32,global_od_time_adjusted,29.145919921484705,34.27705255915127,6.5725,4.209046618594283,12.112711746737997,1.1282702468823702,0.29655172413793107,0.0,False,3938,True
82,89,03:00,global_od_time_adjusted,43.0244347617643,32.347262340245905,12.014047619047618,7.147384850704656,10.000823837985056,3.4328213160909833,0.5195652173913043,0.0,False,3939,True
178,178,07:07,temporal_eb,11.24912535417291,9.3590096403003,1.2267070227862937,4.948444547923877,6.8292063819492395,0.35194285830260036,0.5200025577912102,0.0,False,3940,True
57,142,17:27,temporal_same_od_eb,61.85476129491951,66.03389843029751,11.18,0.5,1.0,0.1,0.16081638179325305,0.0,False,3941,True
191,143,12:23,global_od_time_adjusted,70.84771589098278,96.0170827239892,17.3,3.94553333952879,20.628202222917615,3.0326006441116937,0.3354838709677419,0.0,False,3942,True
225,111,05:32,global_od_time_adjusted,19.932650215412355,15.610601671277905,3.65,0.5,1.0,0.1,0.21372549019607845,0.0,False,3943,True
21,49,10:41,temporal_same_od_eb,29.584363722316937,60.63369996958596,6.3,0.5,1.0,0.1,0.15198149607665826,0.0,False,3944,True
20,215,01:42,global_od_time_adjusted,30.16284951944996,53.842943367695945,17.753333333333334,21.982619397049923,6.270661777555193,0.3488393453853146,0.23962264150943396,0.0,False,3945,True
55,120,04:42,global_od_time_adjusted,49.75804430785742,60.04827378517936,16.4,2.0,6.847700224776002,4.600000000000002,0.22692307692307692,0.0,False,3946,True
210,76,15:11,observed_sparse_eb,32.685289213465815,42.21869439374902,7.899555081334496,4.790416385762128,13.442347460144756,1.8525017210418413,0.6686421599940009,0.7450181671330967,True,3947,True
30,212,00:55,spatial_neighbor_gravity_eb,66.88911376309193,58.298973804445694,19.142190189135547,6.25465909628605,9.000594814391382,1.440690243964111,0.15171683668971003,0.0,False,3948,True
42,110,23:36,spatial_neighbor_gravity_eb,96.4722270719244,79.46768317102476,29.71503788510973,1.0,2.0,0.25,0.12281960988864432,0.0,False,3949,True
45,240,19:03,global_od_time_adjusted,95.94297733768363,82.99011549488988,0.02,0.5,1.0,0.1,0.21372549019607845,0.0,False,3950,True
263,5,03:00,spatial_neighbor_gravity_eb,94.72949212250327,63.9970784701005,25.633322178627203,1.0,2.0,0.25,0.13829422249050663,0.0,False,3951,True
70,62,15:03,full_observed_sparse_eb,65.78372290266024,52.85015390816197,11.595552284408454,9.082907099691166,16.715449644047293,1.347198762798147,0.16666666666666663,2.0,True,3952,True
3,63,12:29,global_od_time_adjusted,59.17861732018335,61.04702269803918,15.600000000000001,6.319999999999957,12.320472646578535,1.6999999999999873,0.22692307692307692,0.0,False,3953,True
230,41,21:08,full_observed_dense_eb,27.149402703828358,20.151762294613405,4.324713296062214,5.110354240126952,3.8893862571614495,0.98219161855244,0.9044053199188824,95.62805533288865,True,3954,True
243,180,12:34,global_od_time_adjusted,65.6885932693729,89.13873483037071,20.0,0.5,1.0,0.1,0.21372549019607845,0.0,False,3955,True
12,42,21:38,temporal_same_od_eb,47.48119379065814,45.84071007881334,10.871210980962735,2.808402128831363,4.2380322825938475,0.2062128565523652,0.17172159848726576,0.9289608346356033,True,3956,True
241,59,03:16,global_od_time_adjusted,21.08250053940048,14.91914489359738,3.3,0.5,1.0,0.1,0.21372549019607845,0.0,False,3957,True
42,100,14:09,full_observed_sparse_eb,36.75721807404301,37.51327796756453,6.820162807964889,5.774091603307152,10.528950069632273,0.857296242409977,0.2901948170624715,4.371740487599453,True,3958,True
125,27,06:43,spatial_neighbor_gravity_eb,63.82872604696233,41.47296336861077,14.940051256155249,13.301309531458774,7.462677854482854,2.1181073911345765,0.1723965437380474,0.0,False,3959,True
212,11,01:44,spatial_neighbor_gravity_eb,68.8874321941941,79.95855518474035,18.786526318368303,1.0,2.0,0.25,0.14214890556741322,0.0,False,3960,True
255,154,11:58,global_od_time_adjusted,59.94045285360858,85.6434754891727,15.66,2.0350000000001867,6.196658964845555,3.0500000000000016,0.22692307692307692,0.0,False,3961,True
200,254,16:55,temporal_same_od_eb,24.68155924153599,24.914818248190425,4.67,0.5,1.0,0.1,0.15217266907410773,0.0,False,3962,True
157,169,12:32,global_od_time_adjusted,57.98810445451237,50.52422580468392,12.915,6.984999999999981,2.89301073663695,1.8550000000000066,0.22692307692307692,0.0,False,3963,True
26,76,23:17,full_observed_sparse_eb,37.74330296914906,47.32963050381284,10.359423186476812,7.825806844109917,11.937714747080237,4.487937361735532,0.10458222067763955,0.8585027640812228,True,3964,True
185,41,01:02,temporal_eb,33.54563038044049,34.6301955252179,8.258330182627706,4.109931521415704,16.582977252701927,1.519428047554576,0.5442186868742432,0.0,False,3965,True
83,223,02:23,temporal_eb,17.31424788790182,11.802245412656118,3.2358171881539657,11.876542200769213,4.280890984733259,0.7897552199711934,0.6781762799082961,0.49635562122293564,True,3966,True
42,260,00:39,full_observed_sparse_eb,24.456599531920737,18.394722564400173,6.590491181662905,1.5844284977584118,5.405353803917082,0.590738473025855,0.12184497361681715,0.6049082017678984,True,3967,True
120,163,22:14,global_od_time_adjusted,31.355528092171784,30.128005487323012,7.07,0.5,1.0,0.1,0.21372549019607845,0.0,False,3968,True
100,74,01:11,full_observed_dense_eb,26.04879039439127,20.1796993773082,5.197103518197664,5.517146735023904,5.412648662870016,0.9665867484225186,0.6944747574647248,23.009126429344576,True,3969,True
140,203,06:45,temporal_same_od_eb,47.4818835003103,70.07630031784012,17.9,0.5,1.0,0.1,0.1516521994892236,0.0,False,3970,True
242,25,20:06,full_observed_sparse_eb,54.442943399295956,73.4435983285093,16.942409452580232,3.8970056211288804,12.032551348011747,0.9568519701589078,0.1212611250307043,0.5717167804315864,True,3971,True
172,59,20:10,spatial_gravity_time_fallback,141.92789580761433,114.5941661687201,21.459522797569015,49.67476353266501,34.37824985061603,5.364880699392254,0.10550000000000001,0.0,False,3972,True
83,174,03:43,global_od_time_adjusted,37.151581745092216,28.91643358393435,12.701666666666668,8.164615558752423,2.645395786053514,0.45366715650226985,0.275,0.0,False,3973,True
104,151,12:40,spatial_neighbor_gravity_eb,48.0369615638255,46.4076312307394,8.02929811176784,7.938964692867019,13.448567071958163,1.0652953336253561,0.3892307692307692,0.0,False,3974,True
97,11,23:27,global_od_time_adjusted,36.76165652632349,31.74886788601137,8.604285714285714,6.831876628372793,7.417671230793398,1.8010382493190407,0.45128205128205123,0.0,False,3975,True
191,49,21:21,temporal_same_od_eb,46.09595812610546,48.70254292827103,13.635637070863186,3.870874289227761,7.605898575597201,0.5721605848955142,0.13486899323360574,0.37970257861401535,True,3976,True
163,199,05:20,spatial_neighbor_gravity_eb,36.93037343410117,18.589238170010404,8.087858361104894,10.98015415527141,6.102453943992508,1.9194559937855948,0.3892307692307692,0.0,False,3977,True
261,69,09:58,temporal_same_od_eb,52.77939221013131,45.01517750625141,11.964012848815731,1.446007925939131,4.20707788307663,0.20693717255571123,0.15702664167058147,0.1054079137341617,True,3978,True
144,205,07:02,global_od_time_adjusted,28.07062875509203,52.899095198098266,17.865,22.644999999999992,28.622332470156984,0.5350000000000016,0.22692307692307695,0.0,False,3979,True
206,140,05:35,spatial_neighbor_gravity_eb,51.569032756954684,32.11712370660309,15.296812461415133,2.627009140402176,4.127836567624228,1.424404535612348,0.17664942144983942,0.0,False,3980,True
123,26,01:12,temporal_eb,18.95167389878629,18.518860713754062,2.9340383615006225,5.090708857205897,9.11262943553407,1.370377482042172,0.7512560917148556,0.0,False,3981,True
236,207,13:28,global_od_time_adjusted,46.004048913008006,37.71896081726117,8.6,0.5,1.0,0.1,0.21372549019607845,0.0,False,3982,True
66,97,07:16,temporal_same_od_eb,9.758692933857533,9.676492845611794,1.3328895167015056,0.7459455437314091,1.163622772896057,0.1174655267037875,0.1715713425070153,0.05322527784855069,True,3983,True
185,180,16:33,spatial_neighbor_gravity_eb,63.21769485907272,73.00843509476854,13.561439145479689,2.640143937332428,10.267903082224048,0.9665766112820338,0.16810827387912874,0.0,False,3984,True
72,28,21:50,temporal_same_od_eb,32.89031952324241,25.909952882300995,8.568786879295777,0.5,1.0,0.1,0.15817211647399915,0.0,False,3985,True
51,145,15:58,global_od_time_adjusted,57.17785656021912,85.52763109651461,14.964999999999998,7.750633845047777,46.97917315187138,4.568864738641325,0.275,0.0,False,3986,True
190,42,13:44,global_od_time_adjusted,60.69917188428409,66.68713656875545,16.15285714285714,6.198984775340021,13.610280043219623,2.119917210551375,0.28596491228070176,0.0,False,3987,True
86,158,16:52,global_od_time_adjusted,83.10865801521503,171.71654883982472,18.099999999999998,6.128258770283346,27.649194925766544,1.4165686240584232,0.23962264150943396,0.0,False,3988,True
263,211,07:53,full_observed_sparse_eb,33.72238896132495,28.690788101391966,6.2980808816725276,6.243932960544701,5.966888878084921,0.9834886173216479,0.4088178921460871,7.61924602909496,True,3989,True
23,105,09:04,spatial_neighbor_gravity_eb,37.31869306481668,42.94263557096671,10.754639858861234,1.0,2.0,0.25,0.12744317734584953,0.0,False,3990,True
179,259,02:54,global_od_time_adjusted,32.27293687993173,29.524638777113424,11.79,1.8800000000000014,1.6828390282115722,0.39000000000002377,0.22692307692307692,0.0,False,3991,True
199,19,21:00,spatial_neighbor_gravity_eb,60.35041760875629,40.633494528395495,13.335357307197826,10.127740011070992,10.092506203546298,1.3815382329503325,0.3892307692307692,0.0,False,3992,True
24,93,05:12,global_od_time_adjusted,40.09785088053181,24.118891777168848,9.0325,19.29664737720002,7.404971464678625,5.621224844284383,0.29655172413793107,0.0,False,3993,True
134,159,23:05,global_od_time_adjusted,41.491446782144905,36.64483434787422,13.068571428571431,8.428197328259607,10.444362628120322,0.9693065057249948,0.28596491228070176,0.0,False,3994,True
156,100,11:27,global_od_time_adjusted,70.37073918905712,87.66046849957382,22.38,0.5,1.0,0.1,0.21372549019607845,0.0,False,3995,True
236,9,02:16,global_od_time_adjusted,61.71213536437186,40.173317474819044,15.505,17.7443773911625,14.822055973611427,1.990031406787335,0.31666666666666665,0.0,False,3996,True
166,169,21:27,temporal_same_od_eb,17.75066846160841,25.486785728100116,4.031201581005374,0.5,1.0,0.1,0.16387207465711173,0.0,False,3997,True
57,122,16:37,spatial_neighbor_gravity_eb,42.11336943205507,37.13974918616945,8.482776939891306,6.519686568367937,8.291324533790034,0.5217869756664261,0.2673756607171105,0.0,False,3998,True
29,53,21:33,global_od_time_adjusted,56.257843135305805,75.11352004568094,20.9,1.5,34.10804821383141,0.5,0.22692307692307692,0.0,False,3999,True
242,14,08:47,temporal_same_od_eb,71.98273528958637,78.96537687095818,22.00873087474661,0.5,4.461374805600421,0.7578725429727922,0.17572710640395828,0.0,False,4000,True
43,202,02:54,global_od_time_adjusted,27.5117836942296,22.318867851834263,5.087,9.712655970433646,8.60703570200181,1.4065848712395574,0.5111111111111111,0.0,False,4001,True
72,151,05:08,global_od_time_adjusted,43.39564818622168,37.74001936762517,16.3975,7.398220647561149,5.411590113794416,1.7494338369884046,0.2518518518518519,0.0,False,4002,True
199,141,22:35,spatial_eb,46.029818813827376,25.86730281979599,8.589686550677145,8.958796858037708,4.643592843657426,1.092239759938711,0.3333333333333333,0.0,False,4003,True
183,139,22:15,global_od_time_adjusted,42.502157938737,50.118505863896104,16.83,0.5,1.0,0.1,0.21372549019607845,0.0,False,4004,True
237,105,22:31,spatial_neighbor_gravity_eb,34.949602412535256,27.014740168877704,6.576532669338508,6.444721170115318,6.646176028435986,0.7623117670888886,0.3892307692307692,0.0,False,4005,True
80,63,02:40,full_observed_sparse_eb,24.809856225527852,20.773026697808188,4.6465949721318855,6.244071605048042,4.645099799782798,1.2087580609548605,0.1878302909896155,2.330152539438002,True,4006,True
125,259,21:01,temporal_same_od_eb,43.93153991604726,36.443961705023604,11.96920547450982,1.054658310826285,1.3542161238282964,0.21567213304829333,0.16069349495850677,0.05579418946435055,True,4007,True
33,32,21:04,global_od_time_adjusted,58.69918145808681,53.01053116652902,17.44,0.5,1.0,0.1,0.21372549019607845,0.0,False,4008,True
106,232,23:24,full_observed_sparse_eb,23.056662758991898,19.441352176882802,5.140029539590813,2.492578229444165,5.115645120708418,2.069051861225406,0.13096460579548228,0.6032061352654097,True,4009,True
66,126,22:27,global_od_time_adjusted,43.85929999900057,31.438828270706754,10.6625,5.070692753460818,7.823097554924013,6.146512730809235,0.2518518518518519,0.0,False,4010,True
259,2,08:21,spatial_neighbor_gravity_eb,88.43092773453125,115.94311593141876,22.605449422850178,5.971230588725955,30.239169257931138,3.875659625689361,0.15040240166252677,0.0,False,4011,True
129,87,09:47,temporal_same_od_eb,48.65028322140936,57.549395230563,10.013333333333334,6.12550406089166,8.29871341228973,0.5231528351150209,0.18194112050759823,0.0,False,4012,True
223,166,08:09,full_observed_sparse_eb,39.21607400505511,27.42855123902554,5.5403888223663,17.73265741894403,8.981657245306085,0.8810329551655985,0.16764329863009914,2.1817067989035266,True,4013,True
159,228,19:49,global_od_time_adjusted,62.30937492387113,52.15467774003326,15.66,0.5,1.0,1.2600000000000149,0.22692307692307692,0.0,False,4014,True
13,34,03:26,global_od_time_adjusted,22.820100027796638,16.235294816998444,4.2208695652173915,4.166972626447756,3.829955925533508,0.8348335582277993,0.42054794520547945,0.0,False,4015,True
127,168,12:45,temporal_same_od_eb,28.042264780036447,22.9729896335691,5.1,0.5,1.0,0.1,0.15613000455301568,0.0,False,4016,True
11,231,11:46,spatial_eb,38.08069056569859,39.19395783896641,9.275968125538382,0.9808564222086067,14.866344094241697,2.4378509560575328,0.4623655913978494,0.0,False,4017,True
179,146,11:09,observed_sparse_eb,12.13347583610734,11.174429739910208,1.5190324190590214,3.189093853818378,2.992688625486209,0.358557503559951,0.8575557976953516,4.4700874217640205,True,4018,True
173,53,09:27,observed_sparse_eb,20.106929101547795,17.741955723830994,4.01961829608139,4.000884961904683,4.6731659437978115,1.0001414155409465,0.676265692795008,1.0,True,4019,True
91,240,04:31,global_od_time_adjusted,69.79598960656992,70.79552379874528,24.3,0.5,1.0,0.1,0.21372549019607845,0.0,False,4020,True
82,102,16:42,full_observed_sparse_eb,22.448688525163853,23.15516050826448,3.3950833263163496,4.817390888343736,6.542968507745208,1.3342774974305078,0.16666666666666663,2.0,True,4021,True
16,132,13:00,temporal_same_od_eb,75.19683107231367,56.26558750230835,14.48,0.5,1.0,0.1,0.15626249285765606,0.0,False,4022,True
170,6,00:15,temporal_same_od_eb,72.17402283954209,41.70248726547529,15.9,0.5,1.0,0.1,0.1560972169980843,0.0,False,4023,True
218,145,01:02,temporal_same_od_eb,37.52853911021248,35.37030084158255,13.562209256372947,0.5,1.0,0.1,0.15161753413339674,0.0,False,4024,True
79,232,03:21,full_observed_dense_eb,12.283451823390504,8.557570550347341,1.4306254322830554,6.822604787886219,4.301608441006076,0.9148330423392864,0.8906575825539982,82.34130297773433,True,4025,True
32,159,05:10,temporal_eb,26.999830450391464,19.43913678154325,5.956619107783688,5.2351619163936745,11.32551567588493,1.2149895123973147,0.5596651488602774,0.0,False,4026,True
227,151,16:38,global_od_time_adjusted,54.09105770427401,84.33906172514719,13.01,5.561974896563242,29.933307167947554,1.3059900459038756,0.4,0.0,False,4027,True
37,132,09:48,temporal_same_od_eb,49.18893703081497,57.75558201562405,10.75802757272076,4.287556685112869,6.372078300016023,0.9370642691795149,0.184043461158147,0.0,False,4028,True
30,229,19:39,spatial_neighbor_gravity_eb,66.91693879924944,101.78239885534107,18.099716756168668,1.0,2.0,0.25,0.12200758482617938,0.0,False,4029,True
7,234,22:49,full_observed_sparse_eb,27.930396845719876,23.722743161843745,5.805021611501492,5.028925910399721,4.728286230596375,1.4883598225740937,0.17422274954639516,1.4167101864556173,True,4030,True
151,113,02:25,temporal_same_od_eb,27.41794032664373,22.211458000555478,6.031095616490743,2.260685173657529,2.2940488195812945,0.34271724634584344,0.138453226656782,0.329127153454305,True,4031,True
38,234,12:33,global_od_time_adjusted,74.40205561325104,63.76312217200824,16.3,0.5,1.0,0.1,0.21372549019607845,0.0,False,4032,True
122,190,23:30,spatial_neighbor_gravity_eb,59.49159452623625,67.51716521237522,15.22321462622347,7.893225041901126,11.557935418929263,2.0551191885180997,0.22840112931649906,0.0,False,4033,True
236,219,21:35,temporal_same_od_eb,97.83203109439569,54.69467898762105,17.83,0.5,1.0,0.1,0.15209482148210612,0.0,False,4034,True
21,180,07:36,global_od_time_adjusted,49.70666279018113,44.20328015908271,14.18,3.275000000000075,1.0,0.9000000000000012,0.2269230769230769,0.0,False,4035,True
126,133,16:37,spatial_neighbor_gravity_eb,67.03093275772912,94.10581046297759,14.701160673708575,1.4311805824529205,22.697253316331462,4.716017695084873,0.18474867837624848,0.0,False,4036,True
9,60,15:34,spatial_neighbor_gravity_eb,52.32887945137975,57.07409988057322,11.59000298234567,1.0,2.0,0.25,0.12606386177038134,0.0,False,4037,True
233,186,16:01,observed_dense_eb,17.2880969573103,16.344112288857477,1.4290994294800963,4.396261552283183,4.78973212306255,0.3123799791194364,0.9941734936470885,134.24843921101385,True,4038,True
262,117,11:22,global_od_time_adjusted,67.75864646942907,80.66856293915599,13.525077235527778,2.3123600507708404,9.39263580202173,4.271288878190663,0.24482001328467168,0.0,False,4039,True
42,101,05:02,global_od_time_adjusted,36.645577121658675,43.791972323870965,2.8,0.5,1.0,0.1,0.21372549019607845,0.0,False,4040,True
93,174,16:37,global_od_time_adjusted,34.485225738820745,50.51112081279114,12.566666666666668,16.558575488918798,5.846777195069425,0.7047615830114652,0.23962264150943396,0.0,False,4041,True
64,212,22:52,spatial_neighbor_gravity_eb,39.15013273143652,30.00757014157415,9.938794807125614,2.716263508697815,2.8736696528180126,0.7181188536860245,0.15743688089380153,0.0,False,4042,True
213,250,09:14,observed_sparse_eb,10.963252794209868,10.083025638013652,1.6542600807149086,4.863536162652096,7.69285238534911,0.6042324657514826,0.7727222786515753,3.866009002248859,True,4043,True
167,54,14:52,spatial_neighbor_gravity_eb,53.964126561919656,84.31558076919072,11.304691905015368,15.108030149559529,30.60803538735629,3.1873058764417364,0.17497546225254876,0.0,False,4044,True
121,71,09:33,temporal_same_od_eb,41.05510075110704,59.269382794226786,11.765596308141912,0.5,1.0,0.1,0.158563080903925,0.0,False,4045,True
82,206,07:04,spatial_gravity_time_fallback,83.69430810318488,61.911711467646384,13.711895054086774,29.293007836114704,18.573513440293915,3.4279737635216936,0.10550000000000001,0.0,False,4046,True
187,146,11:56,spatial_gravity_time_fallback,104.07650424937353,91.21945813226068,13.881603080086933,36.42677648728073,27.365837439678202,3.470400770021733,0.10550000000000001,0.0,False,4047,True
59,141,15:36,global_od_time_adjusted,42.693740565737244,42.786355256706685,8.99,0.5,1.0,0.1,0.21372549019607845,0.0,False,4048,True
31,37,17:55,global_od_time_adjusted,64.79605530285279,92.2354832751057,15.399999999999999,0.5,29.383402417104907,1.8000000000000025,0.22692307692307695,0.0,False,4049,True
59,258,15:04,spatial_neighbor_gravity_eb,58.27012805536346,58.970371694761006,13.562507627763814,4.275343881380868,13.906432299871284,2.18474662324347,0.2187278859744422,0.0,False,4050,True
1,161,23:22,spatial_eb,93.83236749898398,46.34835075043427,16.0600708341031,22.38499999999997,8.95000000000001,0.15499999999998268,0.22165068961816436,0.0,False,4051,True
148,99,02:12,spatial_neighbor_gravity_eb,66.88069285112316,46.88497985512551,17.12122093507925,6.63658118829612,2.465220349428537,0.25,0.13012632865640866,0.0,False,4052,True
1,252,01:51,spatial_gravity_time_fallback,122.4338882893453,90.48596594082375,19.948083686200192,42.851860901270854,27.145789782247128,4.987020921550048,0.10550000000000001,0.0,False,4053,True
251,84,04:53,spatial_neighbor_gravity_eb,30.514674783258812,17.072379574083186,8.799805360298723,1.0,2.0,0.25,0.12544920123514966,0.0,False,4054,True
207,197,18:19,spatial_neighbor_gravity_eb,50.78213758676036,43.73087911693218,10.27162638751658,8.361848589818942,10.07993066519795,2.0411737122930442,0.3892307692307692,0.0,False,4055,True
43,68,21:49,observed_dense_eb,21.61094097126882,16.893767170885514,2.779172193221374,4.60267466693303,3.826436487662182,0.7607430354095239,0.9917990111075097,40.0,True,4056,True
236,136,00:53,full_observed_sparse_eb,32.67246477699549,31.015402804687994,7.4943561125439295,8.500591080596624,14.599310361050804,0.8585445622867278,0.09090909090909091,1.0,True,4057,True
128,13,06:15,global_od_time_adjusted,33.393145613966375,38.51437521162556,12.66,3.1000000000000205,4.484692139090251,0.3600000000000147,0.22692307692307692,0.0,False,4058,True
95,51,16:22,temporal_same_od_eb,87.08701330826841,98.93819895054133,24.65,0.5,1.0,0.1,0.15234965536620987,0.0,False,4059,True
32,241,10:26,full_observed_sparse_eb,15.650261972978551,18.60253556720805,2.5098477179321304,2.9546833829541317,6.315498719646154,0.3428057216619157,0.17028522089423814,1.471306190830859,True,4060,True
97,102,04:30,global_od_time_adjusted,27.784826372605746,19.14446067432946,7.326086956521739,9.030760434562819,3.5839480616998136,2.136917200752836,0.42054794520547945,0.0,False,4061,True
209,256,22:14,full_observed_sparse_eb,23.794041058763977,18.235112065065998,3.684544586123924,4.554251139691932,4.516505247887743,0.7400891817855907,0.2349418788546606,3.0759421951548234,True,4062,True
222,102,12:56,temporal_same_od_eb,30.83549790934469,40.64897676618085,5.416595767519188,0.5,1.0,0.1,0.16416727231793546,0.0,False,4063,True
16,107,23:22,global_od_time_adjusted,39.792364881414,49.11474248355205,14.046666666666667,0.5,25.544274684045327,2.3662253109588343,0.23962264150943396,0.0,False,4064,True
163,205,17:09,temporal_same_od_eb,56.60189693279165,141.4742641450675,2.6,0.5,1.0,0.1,0.1543895932096531,0.0,False,4065,True
99,105,08:39,spatial_gravity_time_fallback,83.37041461813115,70.39979799102197,11.710130476046452,29.179645116345903,21.119939397306588,2.927532619011613,0.10550000000000001,0.0,False,4066,True
206,84,15:48,spatial_neighbor_gravity_eb,44.56458467779893,37.038553493159675,8.932066363780752,1.0,2.0,0.25,0.12836724683641482,0.0,False,4067,True
51,39,19:52,global_od_time_adjusted,67.55755233329091,66.95267874272301,19.993571428571425,8.37428428254604,24.282450745634783,2.362243507294544,0.353125,0.0,False,4068,True
102,82,20:35,temporal_eb,19.201730334321475,17.339244526080112,3.496968289559365,5.286774263288482,5.744384101836478,3.7655221003808528,0.7366316137942444,0.0,False,4069,True
125,123,00:44,temporal_same_od_eb,44.7361145494345,28.968761494029565,11.1,0.5,1.0,0.1,0.16152136966370734,0.0,False,4070,True
260,63,00:42,temporal_same_od_eb,42.09552793701014,34.54503455945262,13.240056207267935,0.5,1.0,0.1,0.15997509096082832,0.0,False,4071,True
67,183,07:00,spatial_neighbor_gravity_eb,72.80307137980853,74.36439073053039,20.02301883899039,2.9653545930941654,17.900782043150663,4.7201119041976565,0.1740824259423652,0.0,False,4072,True
177,115,04:26,spatial_neighbor_gravity_eb,48.08481135552336,30.607313185478596,12.670007540026244,1.0,2.0,0.25,0.13270528174377494,0.0,False,4073,True
247,256,13:21,temporal_same_od_eb,44.97304254566387,82.35795628944734,13.600000000000001,0.5,1.0,0.1,0.15424932823685092,0.0,False,4074,True
56,183,14:16,spatial_neighbor_gravity_eb,42.720634680283815,42.746675796248894,8.703716053132382,1.9328207097427983,7.123537324316458,1.6723184931647697,0.22639588575780015,0.0,False,4075,True
35,197,04:55,temporal_same_od_eb,20.50111704580931,18.460714086817568,7.043580538349495,0.5,4.558353281021111,1.375777013074091,0.2601638280355824,0.0,False,4076,True
119,29,08:48,global_od_time_adjusted,134.6564367063845,98.05169617651647,27.33,0.5,1.0,0.1,0.21372549019607845,0.0,False,4077,True
232,58,08:06,spatial_neighbor_gravity_eb,77.69667748347828,83.82729048264572,17.01460518567851,5.444503666647325,11.358713882464098,1.4454079818755479,0.25839388337103575,0.0,False,4078,True
194,74,14:12,observed_sparse_eb,18.097272900881794,12.13787379803852,1.4606762728814624,28.379703517576825,4.561236180367848,0.7426935027676318,0.5313733183095871,0.7826858729736159,True,4079,True
85,163,07:01,temporal_same_od_eb,32.80732351401634,45.74598884380078,11.1,0.5,1.0,0.1,0.1613900877399528,0.0,False,4080,True
86,115,06:26,spatial_neighbor_gravity_eb,81.67170442111372,53.203085362560586,21.24517172942548,15.361144992474319,15.370632365073547,1.84097961111924,0.2647949167720639,0.0,False,4081,True
249,23,11:11,global_od_time_adjusted,131.5975600450244,75.73939885543544,19.595,8.099999999999811,15.96485791831034,1.6050000000000049,0.2269230769230769,0.0,False,4082,True
95,102,04:24,observed_sparse_eb,16.90128909840998,11.27506979481237,2.9881086484371187,5.4669190753333154,4.657088208887468,1.3776951952641197,0.7744394730506131,0.5994283958062319,True,4083,True
225,79,07:42,full_observed_sparse_eb,29.17814520819742,30.029137434871743,4.737739405516674,6.2007037663174565,9.0122636020325,1.1991126674262362,0.09090909090909091,1.0,True,4084,True
95,231,01:12,global_od_time_adjusted,44.144689122077324,41.543756365258794,11.714571428571428,8.149544241670084,16.992667298823775,2.5965794454101614,0.48823529411764705,0.0,False,4085,True
261,253,23:32,spatial_neighbor_gravity_eb,57.033587132495576,43.91427819892034,12.535541248068114,15.183146524371972,14.861319386048084,2.4116271514928687,0.29136460633297423,0.0,False,4086,True
246,84,21:13,global_od_time_adjusted,134.94350560960672,85.93947623991016,28.4,0.5,1.0,0.1,0.21372549019607845,0.0,False,4087,True
144,204,18:41,spatial_neighbor_gravity_eb,118.46157464238468,79.73520930420284,20.538607002608956,1.0,2.0,0.25,0.14502216341225713,0.0,False,4088,True
134,158,10:22,temporal_same_od_eb,55.03649363923135,53.549541001143375,12.2,0.5,1.0,0.1,0.1546513589979594,0.0,False,4089,True
84,257,09:19,spatial_neighbor_gravity_eb,81.76005406028047,70.03263935538189,19.378549706539953,1.0,2.0,0.25,0.12343716741142688,0.0,False,4090,True
61,50,10:54,temporal_same_od_eb,51.491424138276415,86.048172653423,9.279035990170314,8.548118552590411,21.58809912184077,0.3572048711394411,0.1727892468855164,0.0,False,4091,True
246,237,13:52,full_observed_dense_eb,25.929875389998827,23.95322430877524,3.066435181410456,5.771901951472788,6.596368931755079,0.5344364921820104,0.9294240899310227,132.32809605051457,True,4092,True
37,204,13:35,spatial_gravity_time_fallback,135.89273638256114,120.78776247036389,18.422164806693026,47.562457733896395,36.23632874110916,4.605541201673256,0.10550000000000001,0.0,False,4093,True
151,254,16:28,full_observed_sparse_eb,45.53388322189011,45.56427126162775,11.21076223553175,5.1653387083730715,21.68996486546822,0.9066212257689269,0.10294864658855657,1.1589221349689467,True,4094,True
176,253,04:35,spatial_gravity_time_fallback,110.99656263481498,64.79215258429325,20.15943197600333,38.848796922185244,19.437645775287976,5.039857994000832,0.10550000000000001,0.0,False,4095,True
40,181,18:20,observed_sparse_eb,13.500458651110335,12.579990256027102,1.511423023677392,1.1938733590275363,5.964329065541528,0.3994344812881476,0.8577274191577003,3.678410121230101,True,4096,True
261,228,07:52,temporal_same_od_eb,32.28403416009857,26.17478467680587,5.21,8.609999999999989,8.453123607981954,0.4000000000000002,0.15910574102813693,0.0,False,4097,True
138,78,09:13,full_observed_sparse_eb,48.90485873593738,35.176881552679035,9.758666221737128,8.019165491874453,8.055622093987372,1.1001122873423603,0.17392331990926435,1.7617713623595535,True,4098,True
104,60,19:43,spatial_neighbor_gravity_eb,54.79449740875465,80.24863823572387,12.780430592466818,1.0,23.967764284901147,1.2449079959448215,0.1814592045563131,0.0,False,4099,True
59,8,20:32,spatial_neighbor_gravity_eb,19.901574809076987,25.890765798094893,3.187281931551838,1.0,2.0,0.25,0.12928703516864234,0.0,False,4100,True
96,190,05:49,spatial_neighbor_gravity_eb,36.80590011696641,28.279948293619732,7.54335316211294,8.001223734769887,4.292989151594229,0.7690247561859324,0.18773145247562567,0.0,False,4101,True
93,191,14:31,global_od_time_adjusted,37.97625486008286,37.364201888761066,9.379090909090909,8.000411766262557,10.44643384578272,1.6410055373318295,0.3262295081967213,0.0,False,4102,True
241,44,04:10,spatial_gravity_time_fallback,168.69239550943772,106.2219738400465,30.026027437818904,59.0423384283032,31.866592152013947,7.506506859454726,0.10550000000000001,0.0,False,4103,True
51,178,21:33,global_od_time_adjusted,73.89709088088763,123.3553863859447,23.699999999999996,0.5,1.0,0.1,0.21372549019607845,0.0,False,4104,True
218,217,17:50,global_od_time_adjusted,58.98505365792134,66.65552356437443,13.4,4.139574253470989,25.787185446703376,0.5787918451394936,0.2518518518518519,0.0,False,4105,True
137,230,19:56,full_observed_dense_eb,16.570994429696974,15.24288629264555,1.7068261920764802,4.106139370988806,5.246718358810664,0.49364681716273073,0.8472800061631585,55.560114560176046,True,4106,True
73,251,12:03,spatial_gravity_time_fallback,142.44351592946913,125.9101219813548,19.203201339454782,49.85523057531418,37.77303659440644,4.800800334863696,0.10550000000000001,0.0,False,4107,True
194,249,04:59,global_od_time_adjusted,38.56268623587967,25.961337395396033,9.847142857142858,12.202545903647007,4.171676316679031,1.1253915418417535,0.28596491228070176,0.0,False,4108,True
98,35,19:43,global_od_time_adjusted,39.393393183414304,36.83138990311265,9.993636363636364,3.2451963228060428,12.731762668507422,1.0372452390589162,0.3262295081967213,0.0,False,4109,True
50,247,12:49,temporal_same_od_eb,42.67012371659173,38.853999291276665,8.95988627078736,5.09494618328841,3.6544557683748446,0.7636046022257379,0.187383000830932,0.5554534878583581,True,4110,True
154,251,14:44,spatial_neighbor_gravity_eb,60.59937594352013,49.18009953092893,11.761499921498409,1.0,2.0,0.25,0.12429543178487984,0.0,False,4111,True
158,97,19:11,full_observed_sparse_eb,36.50486323389845,28.949082852613145,4.682684785414278,5.839799436094972,7.081864125904591,0.9889502087333568,0.2828445507289547,4.21856248705754,True,4112,True
105,76,14:48,spatial_neighbor_gravity_eb,50.87333855435598,67.76375452393674,9.855242450570724,11.977875799560465,29.675379188773306,5.103765048622763,0.35583588114411524,0.0,False,4113,True
22,94,13:59,global_od_time_adjusted,98.61217142454876,104.30040320812897,26.76,0.5,1.0,0.1,0.21372549019607845,0.0,False,4114,True
39,175,13:23,global_od_time_adjusted,64.90196258643903,61.01578465380645,15.663999999999998,11.323972094631813,16.928334621158452,2.3309191320163896,0.26363636363636367,0.0,False,4115,True
105,261,08:46,spatial_neighbor_gravity_eb,12.94915187985613,9.154232266895397,1.2113055117208271,7.309248088998007,6.6925047944074585,0.8562769297509999,0.3892307692307692,0.0,False,4116,True
252,4,00:32,global_od_time_adjusted,38.99117358474867,38.09946234277668,14.620000000000001,1.6387571510142451,4.152074111465347,0.8670640114778,0.2518518518518519,0.0,False,4117,True
18,117,01:58,global_od_time_adjusted,59.601863361745885,61.95338884034361,23.5,0.5,1.0,0.1,0.21372549019607845,0.0,False,4118,True
7,25,04:30,full_observed_sparse_eb,30.21021092087153,21.821109179825513,8.42756986677432,6.849802042031278,7.049838220686121,1.4628131654903955,0.1660027506759469,1.991236308922499,True,4119,True
262,240,07:57,temporal_same_od_eb,36.83353040540064,31.204959514028232,9.296311556784852,0.5,1.0,0.1,0.1601507401652991,0.0,False,4120,True
160,187,00:25,spatial_gravity_time_fallback,93.24347361492005,66.03053502994916,15.04503031418993,32.635215765222014,19.809160508984746,3.7612575785474824,0.10550000000000001,0.0,False,4121,True
63,220,01:02,spatial_neighbor_gravity_eb,67.96979696822187,48.72104391361896,18.68132545029817,2.1189307800853467,3.3632598305260637,0.6409316329529648,0.18074601814085114,0.0,False,4122,True
86,126,05:58,spatial_neighbor_gravity_eb,67.1324125434033,42.143422579300804,18.21525127481188,11.256384634372893,9.546079100947981,2.362667328394201,0.3296268182873477,0.0,False,4123,True
164,139,01:34,global_od_time_adjusted,77.24736116337138,58.76691458210056,20.538,19.60316301008589,26.382668298510126,3.2975105761771366,0.26363636363636367,0.0,False,4124,True
175,185,00:01,spatial_neighbor_gravity_eb,44.192330223677274,27.04286908815734,10.296245919747527,1.0,2.0,0.25,0.1352481664791835,0.0,False,4125,True
208,12,08:25,spatial_neighbor_gravity_eb,84.14634154275828,104.62680537815918,18.47088674322365,11.27384780358455,31.174739035054376,1.0550141300070204,0.28681909090205393,0.0,False,4126,True
67,155,04:40,spatial_eb,31.987004303168977,26.20087256274699,7.638727408389412,7.627288885560947,8.01411694216636,2.9153617072839397,0.48453608247422686,0.0,False,4127,True
99,122,20:35,spatial_gravity_time_fallback,157.43363599908315,125.60927216226472,24.18608860141797,55.10177259967911,37.68278164867941,6.046522150354493,0.10550000000000001,0.0,False,4128,True
62,189,21:56,full_observed_sparse_eb,11.83060690452196,11.066095085016515,1.5302118285155872,3.9900559561739684,4.7211891801027015,0.5099403666053127,0.09090909090909091,1.0,True,4129,True
31,111,08:18,spatial_gravity_time_fallback,106.40882578157425,90.62713275901177,15.412466353112555,37.24308902355098,27.18813982770353,3.8531165882781386,0.10550000000000001,0.0,False,4130,True
134,186,11:26,temporal_same_od_eb,118.28081289070809,63.00776399333416,14.54,0.5,1.0,0.1,0.1527300433932678,0.0,False,4131,True
83,155,00:25,global_od_time_adjusted,41.42175085660607,55.66216492160913,14.8,0.5,1.0,0.1,0.21372549019607845,0.0,False,4132,True
62,157,23:25,full_observed_sparse_eb,31.615207085963007,27.632337728768793,5.71922230887138,7.275555853241457,7.107035600076407,1.5036924264178801,0.1168392026148094,1.342277474515484,True,4133,True
220,213,04:14,temporal_same_od_eb,20.09541576207395,15.972989265178509,6.93,0.5,1.0,0.1,0.153342420520343,0.0,False,4134,True
122,128,22:15,spatial_neighbor_gravity_eb,63.385890961249686,59.06208368293005,15.66043597259494,1.0,2.0,0.25,0.13411512117431562,0.0,False,4135,True
116,213,08:41,temporal_same_od_eb,27.78956015545719,24.92797406993679,6.426453367737639,1.7143403630106375,4.65632874823044,0.5789128557675539,0.24629437198370935,0.0,False,4136,True
189,145,18:13,full_observed_sparse_eb,43.52628168544775,39.63000352870946,6.489385811026542,5.031036307575277,6.33531985013241,0.9217941903335767,0.1078022539527849,0.838683704796253,True,4137,True
34,106,23:33,global_od_time_adjusted,17.66284813136427,15.1044730324354,2.7442857142857138,3.8816885658755527,2.482587498267616,0.6580676722226153,0.28596491228070176,0.0,False,4138,True
222,216,09:23,temporal_eb,22.813244759843876,21.144593680752735,4.971236943059903,3.2341415925269277,8.711467213405838,0.7561381430799754,0.6260766648772517,0.4753273272966183,True,4139,True
66,217,07:22,full_observed_sparse_eb,15.32850163790453,13.473734262659466,2.4328803113215303,4.522454125776733,4.826225096286478,0.6032859886368909,0.1624020021104501,2.0223486301794367,True,4140,True
129,80,20:25,full_observed_sparse_eb,25.585136284485905,21.846970692627405,5.265085302833564,9.410869623508862,7.463449630890908,1.7833159125043747,0.1886263731762195,2.3425714215490245,True,4141,True
225,249,14:23,full_observed_sparse_eb,40.820922190070995,45.950744080585565,6.34317539433087,4.6624934943307075,18.80532015345316,1.0193452117991544,0.1251332909848065,1.4517594409994459,True,4142,True
165,13,05:22,temporal_same_od_eb,21.991405335829203,15.540229922974166,7.755000000000001,2.9600000000000075,1.1714099348179317,0.8149999999999924,0.15471094006596736,0.0,False,4143,True
180,254,23:24,global_od_time_adjusted,55.65913379085531,52.672581703050014,19.39,0.5,1.0,0.1,0.21372549019607845,0.0,False,4144,True
141,136,20:20,temporal_same_od_eb,33.01558186028402,26.22361373164993,8.36,0.5,1.0,0.1,0.15806349799892028,0.0,False,4145,True
10,232,01:51,global_od_time_adjusted,74.70167339868561,37.25682868357143,13.831785714285715,20.16005641087831,16.93053555481496,2.3342833919816974,0.45128205128205134,0.0,False,4146,True
77,11,08:08,temporal_same_od_eb,52.200900880578544,60.65899701461621,7.91,0.5,1.0,0.1,0.15888747092394329,0.0,False,4147,True
132,42,02:08,full_observed_sparse_eb,74.9331358142569,47.730581878497006,18.336487894764335,8.20205316708875,10.71590569427142,1.4290896338353083,0.5,10.0,True,4148,True
46,104,09:56,spatial_gravity_time_fallback,122.64377761766607,105.31883668682394,17.08403530059417,42.92532216618312,31.59565100604718,4.2710088251485425,0.10550000000000001,0.0,False,4149,True
3,262,08:41,temporal_same_od_eb,36.968530830939656,67.03365496492117,8.163407956384443,2.5260832670385773,6.030946724789108,0.6239766943599311,0.18223341799270992,0.0,False,4150,True
88,149,23:50,temporal_same_od_eb,28.71111407721608,47.03358075249512,10.502005077170002,12.591410246512737,9.392349441369971,0.8969072503806509,0.1774463783179665,0.698583788794565,True,4151,True
212,140,13:42,observed_sparse_eb,32.26875474905473,36.80743192794858,8.092568118419189,5.3054084554966305,18.985657318545567,1.3944847394358777,0.6383685314905397,0.8209870618848711,True,4152,True
108,177,16:00,full_observed_sparse_eb,48.69778509998758,66.13050269166727,10.18955351733855,1.5321303876930095,23.60243655498793,1.433477974536839,0.0925600427291039,0.9813417864676239,True,4153,True
112,207,21:26,global_od_time_adjusted,22.234661265576456,18.107314227112504,5.5566666666666675,4.310741106687918,8.136712751071354,0.2589508747920048,0.275,0.0,False,4154,True
155,26,10:57,observed_sparse_eb,28.102648623927248,37.089002985719944,5.128146034790876,2.0840868914163764,8.569752797980929,1.118976960937171,0.6806512919966053,2.4485906476229786,True,4155,True
156,232,22:23,spatial_neighbor_gravity_eb,53.96710936079051,53.13426369335054,5.078151605517764,1.0,2.0,0.25,0.12213399176559919,0.0,False,4156,True
129,263,18:52,full_observed_sparse_eb,38.858722061339506,31.538590038340907,7.273645106806729,8.384928318718075,15.55773661639531,1.7350278926378389,0.12965789672841077,1.511484236815022,True,4157,True
220,53,20:53,spatial_neighbor_gravity_eb,45.92096896167676,37.632294370265114,10.81177874532488,6.794776540116733,6.560159002328055,1.8572844399073516,0.21155264554621936,0.0,False,4158,True
8,129,13:36,spatial_eb,17.60205340541475,14.67151065760477,2.702086387771407,5.816207240691015,9.99162033165051,0.873816660149918,0.3827160493827161,0.0,False,4159,True
123,142,11:17,temporal_same_od_eb,57.00936357542644,114.85853522006745,14.207440506272523,0.5,1.0,0.1,0.1549325190689034,0.0,False,4160,True
208,198,17:05,global_od_time_adjusted,57.30618997849794,54.622698125152006,13.3975,7.626586310401266,8.6100453299672,2.0366930917543646,0.2518518518518519,0.0,False,4161,True
154,161,06:19,spatial_neighbor_gravity_eb,52.17336847855674,48.36784957129043,14.500615378368865,7.05867129053411,16.109957783178327,4.548805720948379,0.22987180921268274,0.0,False,4162,True
27,71,21:41,spatial_neighbor_gravity_eb,91.20605223231313,71.82535589727823,19.85974007227274,5.42870204758376,8.864037249095093,1.586529062955473,0.28546528055777,0.0,False,4163,True
190,4,07:12,global_od_time_adjusted,33.06470403075982,46.868160397916746,7.2,0.5,1.0,0.1,0.21372549019607845,0.0,False,4164,True
42,88,08:07,full_observed_sparse_eb,40.407496775808134,48.07295941176622,10.239949026547013,5.729065656665194,19.321440179617127,1.3275381904116998,0.3913911012609815,6.445837954298696,True,4165,True
221,225,15:17,spatial_neighbor_gravity_eb,59.32039963997296,62.09263079988344,12.457049468245701,4.857004138334374,11.308176195746906,2.269552387626078,0.1868154223219577,0.0,False,4166,True
193,137,03:28,temporal_same_od_eb,13.89718816234471,11.212374023151272,3.9200000000000004,2.005000000000022,1.0,0.5100000000000013,0.15592700009972965,0.0,False,4167,True
175,233,23:03,global_od_time_adjusted,49.1866008444087,44.79940611336172,12.795,10.419999999999998,11.972122594274033,0.1,0.22692307692307692,0.0,False,4168,True
40,6,22:44,spatial_neighbor_gravity_eb,33.250763768502345,25.36619322400078,8.32401148589461,6.550888035631079,2.0,0.26516634743810585,0.19964995984456857,0.0,False,4169,True
203,143,07:40,spatial_neighbor_gravity_eb,73.80004032115235,82.55259832662168,17.03175377814574,8.527448854943653,21.455953872102604,2.9464964455576137,0.2839969180994048,0.0,False,4170,True
219,139,03:39,observed_sparse_eb,16.55264824274456,9.051804673584543,3.064742959535878,2.2146212062081787,2.3880245381560816,0.5502479360003824,0.7251831197731375,1.8636418042868215,True,4171,True
139,217,11:28,spatial_neighbor_gravity_eb,73.75083123125005,77.34721220980653,14.961376064624488,6.758760594708716,11.015890070695445,1.9768343371827721,0.22801563282831913,0.0,False,4172,True
204,223,06:32,spatial_gravity_time_fallback,129.55103555800824,92.05329851810488,22.807434268925125,45.34286244530288,27.61598955543146,5.701858567231281,0.10550000000000001,0.0,False,4173,True
67,216,10:53,temporal_same_od_eb,58.783071531524044,47.45489038675217,9.757721679413557,1.132519064692274,1.8341053234894027,2.5110413056355223,0.18677044298319773,0.0,False,4174,True
184,220,10:20,global_od_time_adjusted,42.074123583992325,50.65852595734631,12.27,0.5,1.0,0.1,0.21372549019607845,0.0,False,4175,True
165,84,17:38,spatial_gravity_time_fallback,105.48521926422498,93.11155052935237,13.712648520978426,36.91982674247875,27.93346515880571,3.4281621302446066,0.10550000000000001,0.0,False,4176,True
245,189,17:43,temporal_same_od_eb,55.97265709652955,46.98152881282215,11.653655285082532,0.4449072020231739,0.8898144040463478,0.08898144040463479,0.1584375806660648,0.11018559595365218,True,4177,True
151,212,16:19,temporal_same_od_eb,57.146664253918445,58.647879415350644,7.265000000000001,1.8949999999998055,6.445666582439748,1.464999999999998,0.1647491758653693,0.0,False,4178,True
27,192,02:45,spatial_gravity_time_fallback,207.9086764808474,101.62259415421292,36.27680066973436,72.76803676829657,30.486778246263874,9.06920016743359,0.2064045476624981,0.0,False,4179,True
9,23,11:51,spatial_gravity_time_fallback,166.34192869265294,148.010496188951,22.454486289319416,58.21967504242852,44.4031488566853,5.613621572329854,0.10550000000000001,0.0,False,4180,True
205,168,18:23,temporal_same_od_eb,64.3023731023975,64.49882257951688,15.398038308745484,3.1626256440530742,12.855738591938248,0.8746567571689196,0.22805783466614044,0.0,False,4181,True
132,25,16:33,full_observed_dense_eb,89.92006081649014,67.467974130447,16.651752270163644,15.889630538401164,12.34524153637013,4.385048093768803,0.9253322542248437,123.95481940427796,True,4182,True
23,114,15:54,spatial_gravity_time_fallback,95.25226709495715,85.40342976606807,12.403397330007403,33.338293483235006,25.621028929820422,3.1008493325018507,0.10550000000000001,0.0,False,4183,True
25,108,06:21,temporal_same_od_eb,27.093361029996053,36.63026394409809,12.157434233159131,13.33180700990607,3.3234267036821166,0.9717714851646041,0.14841233800061193,0.3835087108138957,True,4184,True
212,103,15:18,spatial_neighbor_gravity_eb,61.62003724953583,73.79470882785976,13.102217212269966,3.046610915474796,17.756816721520664,0.6571967493240651,0.14433964359274554,0.0,False,4185,True
137,115,12:34,global_od_time_adjusted,60.064260730277596,51.04630061640561,13.05,8.639999999999985,8.860500106522512,4.329999999999999,0.22692307692307692,0.0,False,4186,True
180,114,22:20,global_od_time_adjusted,58.09160081818301,42.2644912763657,14.25,0.5,1.0,0.1,0.21372549019607845,0.0,False,4187,True
65,84,10:28,spatial_gravity_time_fallback,113.11808269619613,97.94475234987625,15.639880282643185,39.59132894366864,29.383425704962875,3.9099700706607963,0.10550000000000001,0.0,False,4188,True
37,196,13:49,temporal_same_od_eb,33.99786573534661,35.616136253402296,4.864875148855939,0.5,1.0,0.1,0.16859636653253207,0.0,False,4189,True
106,156,03:56,spatial_neighbor_gravity_eb,40.297640738144665,26.213378116205337,11.818351473162142,1.0,2.0,0.25,0.12485375165053583,0.0,False,4190,True
83,132,07:41,full_observed_sparse_eb,75.04603675399187,39.554449481067344,11.59725108031299,15.06187294816452,6.350765157339003,1.4759072312274373,0.11368668809317531,0.7410436714652953,True,4191,True
28,80,22:41,temporal_same_od_eb,48.505389234165335,25.804605145600345,8.840081996328978,23.060310911807512,1.138989025674997,1.2979640115142634,0.1750394190757492,0.0,False,4192,True
73,247,05:40,global_od_time_adjusted,31.159787780512282,22.940648611379366,11.54,0.5,1.0,0.1,0.21372549019607845,0.0,False,4193,True
197,62,23:04,global_od_time_adjusted,35.64051449830643,30.170875064012193,8.023680221851727,4.591276282710657,4.5517526065353,1.1986951621443722,0.33256893725539544,0.0,False,4194,True
254,225,17:41,full_observed_sparse_eb,65.33097040925479,96.10130527709117,17.029253744905763,13.604285594990486,25.070614891350484,3.493435581483534,0.11505444816864334,0.711765342981451,True,4195,True
71,251,16:44,spatial_gravity_time_fallback,77.5849741583195,68.10235745513236,10.030538326855948,27.15474095541182,20.43070723653971,2.507634581713987,0.10550000000000001,0.0,False,4196,True
200,239,13:59,observed_sparse_eb,35.36987320143849,37.01270939826235,9.166282605407083,7.623630919249578,5.799491824918136,1.9772094643034346,0.612688598096838,0.9273959127676505,True,4197,True
233,72,01:12,global_od_time_adjusted,44.57244351038402,49.72253658302551,11.772330432693899,6.454517302773711,16.16276834835837,2.2290707846449322,0.3019482501217251,0.0,False,4198,True
133,82,17:45,global_od_time_adjusted,62.72552616661388,52.550183701544064,13.041666666666666,5.053660939248757,11.767011271024684,0.87194068350754,0.275,0.0,False,4199,True
150,75,22:56,full_observed_sparse_eb,60.19695615003581,67.39000366824004,19.29302528840035,1.620414541640964,15.818304343620273,3.08804738706854,0.11019462579614314,0.7278709249129349,True,4200,True
25,58,12:54,temporal_same_od_eb,88.89840294666632,94.89924002823302,18.47,0.5,1.0,0.1,0.13392277043881515,0.39305428161218003,True,4201,True
37,258,07:30,temporal_same_od_eb,22.176423417772853,19.404503297889168,5.02095562138476,0.5,1.0,0.197026489914516,0.15635004102453579,0.0,False,4202,True
15,33,22:20,spatial_neighbor_gravity_eb,72.62087218519858,67.39544236546186,16.741606429176905,4.458225173097623,6.916360360324365,0.6305502076264787,0.17069555728543817,0.0,False,4203,True
137,54,01:52,temporal_same_od_eb,29.051006134704323,16.737709154581303,6.219337286942148,0.5,1.0,0.1,0.1608824582333765,0.0,False,4204,True
18,206,20:03,spatial_gravity_time_fallback,128.61964625337478,103.9150962755972,19.31212171871983,45.01687618868117,31.17452888267915,4.828030429679957,0.10550000000000001,0.0,False,4205,True
212,132,16:39,global_od_time_adjusted,109.65512126898086,63.64504584153843,15.805,31.59999999999996,6.556212837969294,0.2950000000000672,0.2269230769230769,0.0,False,4206,True
58,224,04:00,spatial_neighbor_gravity_eb,66.0298590818699,59.07657724147697,16.535194898698013,3.096978749986961,11.8613150706016,0.6227909276172467,0.2140417438478783,0.0,False,4207,True
98,93,17:16,temporal_same_od_eb,25.29379005129019,14.96874503034076,3.04,0.5,1.0,0.1,0.15645939136650255,0.0,False,4208,True
170,209,00:05,full_observed_sparse_eb,22.464185281904015,16.808330384209903,4.516291037985459,4.533102141222059,4.870931700571538,1.2695212969362022,0.6153846153846154,16.0,True,4209,True
101,195,02:56,spatial_neighbor_gravity_eb,79.34906908448616,69.31140112835776,20.80370575369504,1.9358754345320457,4.989155449410887,3.768938784692574,0.16229650474978544,0.0,False,4210,True
52,76,00:08,global_od_time_adjusted,38.1331527473161,39.43508963088992,7.89611749498788,6.658828363115784,9.911553633015608,2.060261704300893,0.3391306824432334,0.0,False,4211,True
50,59,15:47,spatial_neighbor_gravity_eb,58.67876810595047,71.67423796314242,10.928205418607034,6.694670367164507,19.756195007747692,1.0966871229215756,0.3719718334788194,0.0,False,4212,True
70,93,11:54,full_observed_sparse_eb,22.023396260851754,18.402328489891417,3.6855771280771714,12.978138539191477,12.566796047593854,3.1004475167462897,0.12018752897226895,1.3864753824339502,True,4213,True
262,53,04:27,temporal_same_od_eb,72.54879046943091,22.18812764706435,11.32591227440878,4.499359816285418,1.3146853631458022,0.27968590778290825,0.16908587776683193,0.0,False,4214,True
163,78,04:39,global_od_time_adjusted,33.90686020515997,21.544560136202193,9.764545454545454,9.49120462793085,5.579590419315267,2.4943986837288916,0.41388888888888886,0.0,False,4215,True
50,103,18:55,spatial_neighbor_gravity_eb,34.33080682104503,31.702045197794163,5.349191885054209,6.0599659736506215,6.264181729195685,0.7256536933365708,0.38923076923076916,0.0,False,4216,True
245,107,18:36,spatial_neighbor_gravity_eb,65.53560726458856,53.46275024380779,11.42358747250789,1.0,2.0,0.25,0.13114326545175348,0.0,False,4217,True
124,15,12:05,global_od_time_adjusted,53.63247717762452,61.262448611762224,15.599999999999998,0.5,1.0,0.1,0.21372549019607845,0.0,False,4218,True
166,191,19:30,temporal_same_od_eb,55.027157392641776,59.98763691252338,15.7,0.5,1.0,0.1,0.1617480412921826,0.0,False,4219,True
29,114,05:42,temporal_same_od_eb,32.30103171566782,24.94833323265575,11.83,0.5,1.0,0.1,0.15278858155928102,0.0,False,4220,True
182,63,00:06,global_od_time_adjusted,42.441874347554716,38.778793301852346,14.771818181818183,3.3858219212836143,13.717544278080258,2.4148096788616553,0.3262295081967213,0.0,False,4221,True
9,187,00:00,spatial_gravity_time_fallback,124.46641118860249,89.9726866621861,20.379583957781858,43.56324391601087,26.991805998655835,5.094895989445464,0.10550000000000001,0.0,False,4222,True
75,125,11:35,full_observed_sparse_eb,42.45951694619328,42.77837116796023,7.572307075749226,7.4429817571903385,8.661048599217159,1.2785432071388039,0.23076923076923078,3.0,True,4223,True
195,144,15:46,full_observed_sparse_eb,35.93061077729815,29.134484581831767,4.685494187998093,14.57747051659679,5.660620090387682,0.41452116721834525,0.0947665681909117,0.95253756996037,True,4224,True
259,75,21:54,temporal_eb,41.62788973738935,38.40867617762537,10.711067437086339,10.328713540727119,17.54475170748376,3.5813144517506403,0.644985439123509,0.37803466155749277,True,4225,True
215,46,14:12,global_od_time_adjusted,55.41795292804728,64.31402396683197,15.25,0.5,9.61705031279727,0.44999999999998486,0.22692307692307695,0.0,False,4226,True
95,176,05:20,spatial_gravity_time_fallback,98.77167971218047,57.13826954130482,18.161157489453206,34.57008789926316,17.141480862391447,4.5402893723633015,0.10550000000000001,0.0,False,4227,True
111,104,08:46,spatial_neighbor_gravity_eb,54.80420040689826,49.97790351988462,7.168196667888626,1.0,2.0,0.25,0.1252451993297571,0.0,False,4228,True
238,182,07:31,global_od_time_adjusted,34.62525534381842,34.32152796853082,9.37607142857143,5.55635860239123,16.206764775744684,0.8059038372522668,0.4512820512820513,0.0,False,4229,True
60,67,22:29,spatial_neighbor_gravity_eb,71.55593443199893,58.0145261760887,19.62249337017309,1.0,2.0,0.25,0.13404218090218173,0.0,False,4230,True
2,249,12:55,spatial_neighbor_gravity_eb,76.7432322031176,83.94033876355704,15.131209198133941,8.174038888701073,11.419030266307296,3.687544729728259,0.14667931118360147,0.0,False,4231,True
237,228,02:27,full_observed_sparse_eb,45.70104897091677,31.671921751602806,11.628535771218068,7.310371353262555,9.7180651735185,0.9100181033843022,0.1066402491809262,0.7871522835359492,True,4232,True
200,122,10:31,spatial_neighbor_gravity_eb,71.61323166349092,87.97062501620351,16.29460465309439,13.996838015860963,18.945864982445638,4.377269998499446,0.1625646759075195,0.0,False,4233,True
247,233,08:38,full_observed_sparse_eb,36.28165443229007,42.849936536667784,7.823041711811031,4.085570628576377,17.029777116197337,1.4129562156638789,0.12963816023910862,1.511223715156234,True,4234,True
143,216,17:46,temporal_same_od_eb,101.00298490468408,91.10226592992895,15.806600446270956,0.5,1.0,0.1,0.17924986014324998,0.0,False,4235,True
234,185,03:01,temporal_same_od_eb,39.74124811053518,32.890801460124905,13.262195733327736,4.0706061843404155,4.021466030122609,0.16090496203666885,0.17819649117132086,0.13332467591150277,True,4236,True
184,98,10:28,spatial_neighbor_gravity_eb,48.178167558869,46.774407870053466,10.272792012832834,1.0,2.0,0.25,0.1307825489104549,0.0,False,4237,True
214,122,00:12,spatial_gravity_time_fallback,117.16055887350288,84.09107534465616,19.069894395615542,41.006195605726006,25.227322603396846,4.7674735989038854,0.10550000000000001,0.0,False,4238,True
223,89,12:50,temporal_same_od_eb,51.97555929632946,61.14986166030741,13.099999999999998,0.5,1.0,0.1,0.1597788326253145,0.0,False,4239,True
181,145,17:54,full_observed_sparse_eb,43.462422931323225,39.954024329044316,7.384692456745016,6.96209188703528,9.47204965279528,2.394750830653127,0.11986459899471216,1.3822127067302006,True,4240,True
161,131,06:37,global_od_time_adjusted,43.99331549664895,44.086510948378674,12.923191489361702,15.899904706303566,17.88522451385235,2.7422347668504456,0.5391752577319587,0.0,False,4241,True
71,139,09:42,full_observed_sparse_eb,48.09483883146655,64.86739868738285,12.211233488202176,4.919911439181756,18.190976619897313,1.7347397285214166,0.10660509701463165,0.7999401948051243,True,4242,True
36,217,15:04,temporal_same_od_eb,25.114809817336255,37.38035700741864,2.6,0.5,1.0,0.1,0.15524786023996537,0.0,False,4243,True
178,101,10:10,spatial_neighbor_gravity_eb,96.40350151198822,108.53622447456513,21.55157998611844,1.0,2.0,0.25,0.13132561802870746,0.0,False,4244,True
204,216,14:58,spatial_gravity_time_fallback,163.9977284338616,151.92691099950923,22.470826385406713,57.399204951851544,45.578073299852775,5.617706596351678,0.10550000000000001,0.0,False,4245,True
161,55,16:25,temporal_same_od_eb,69.50564881067035,122.80030015747255,13.211608207469034,0.5,1.0,0.1,0.15605879902015968,0.0,False,4246,True
222,109,20:10,spatial_gravity_time_fallback,104.05196092813392,83.21512129277662,15.587117106338336,36.41818632484687,24.964536387832986,3.896779276584584,0.10550000000000001,0.0,False,4247,True
51,99,00:45,spatial_gravity_time_fallback,169.8189582931415,122.03496799020981,27.821794348510924,59.43663540259952,36.61049039706294,6.955448587127731,0.10550000000000001,0.0,False,4248,True
262,142,19:17,observed_dense_eb,18.687682510226225,15.354597639931857,2.437033305856886,3.5368403894824505,2.6258861445401047,0.517439804952538,0.9944610172144587,144.08879023839722,True,4249,True
138,209,21:10,full_observed_dense_eb,61.3055933000669,37.50006735380781,12.374595942479273,7.918214281236138,5.388204454244937,1.2772094432982166,0.7868067734757072,37.08018717133149,True,4250,True
84,241,06:42,spatial_gravity_time_fallback,164.5447754799312,119.39143780565216,28.482547364139155,57.59067141797592,35.817431341695645,7.120636841034789,0.10550000000000001,0.0,False,4251,True
168,87,01:53,temporal_same_od_eb,34.19524295154312,29.10350221386245,9.749321383462494,2.8577313815291685,7.221677097382048,1.187243176027908,0.3526207270309547,0.0,False,4252,True
79,20,13:02,full_observed_sparse_eb,64.97847355145814,52.16871868162656,13.390863648624304,8.686430626426098,11.569643003482973,1.6014934508242715,0.1052577885580373,0.8534852140257883,True,4253,True
63,1,01:43,spatial_gravity_time_fallback,96.48462620287549,71.5037888591634,15.548141628062938,33.769619171006426,21.451136657749018,3.8870354070157345,0.10550000000000001,0.0,False,4254,True
164,68,16:01,observed_dense_eb,13.807313304865627,11.075432439758941,1.1093861308757775,6.063686987158299,3.772466646598345,0.39021047948840665,0.995,223.38346269077323,True,4255,True
51,95,16:02,temporal_same_od_eb,48.063158703088945,48.047932188700486,11.88241114682663,0.5,1.0,0.1,0.1564520396788214,0.0,False,4256,True
63,71,03:54,temporal_same_od_eb,21.54619658755332,17.713570909730354,4.9,0.5,1.0,0.1,0.15252651350229707,0.0,False,4257,True
85,113,20:32,temporal_same_od_eb,38.61726381133965,41.650493241250935,10.45,0.5,1.0,0.1,0.1517863310146267,0.0,False,4258,True
24,16,11:38,spatial_neighbor_gravity_eb,65.64286657157824,61.98986875691595,13.513027251368545,9.82007838684101,3.4699015577353336,1.1092875994823181,0.1873500549513542,0.0,False,4259,True
99,124,16:49,spatial_gravity_time_fallback,142.8040561157483,128.171239165988,18.815789753614187,49.9814196405119,38.451371749796394,4.703947438403547,0.10550000000000001,0.0,False,4260,True
43,51,14:38,temporal_same_od_eb,68.53680273094507,64.78469665156902,16.2,0.5,1.0,0.1,0.15443598569558886,0.0,False,4261,True
99,263,00:29,gravity_prior,85.90859206577721,57.13443741053166,18.633338792128445,30.068007223022022,17.1403312231595,4.658334698032111,0.05,0.0,False,4262,True
142,227,22:31,full_observed_sparse_eb,57.35361076677635,44.507465460364635,11.611084363062622,12.188126705649866,12.385707426242806,1.6803965265499503,0.09090909090909091,1.0,True,4263,True
88,211,12:11,full_observed_dense_eb,19.637303556508236,17.61951394568503,2.157774440421272,5.222982088566615,5.108038959685949,0.9137967897271551,0.6638424601285151,19.75429403118082,True,4264,True
240,150,21:31,spatial_neighbor_gravity_eb,95.44314139266262,99.0676935980029,26.14200317284254,1.0,2.0,0.25,0.12547826509600363,0.0,False,4265,True
255,143,01:32,full_observed_sparse_eb,33.72265985998732,27.20374908757509,6.583812308609094,8.269114898781531,5.8412837401749105,0.9749614433741444,0.2629744120453622,3.7536012418614746,True,4266,True
88,7,20:45,temporal_same_od_eb,45.988222208662656,30.24580390469353,9.824717871145019,5.173662044650919,4.330236156397434,1.0414301338785195,0.29866818079812674,0.004794553771205301,True,4267,True
48,40,14:08,full_observed_sparse_eb,46.80982482460267,39.557651722955754,7.911660509697695,3.9303856212000925,4.820758721320412,0.5541227434111582,0.13499428064209304,0.5360823135649255,True,4268,True
36,227,15:19,temporal_same_od_eb,63.99768394953364,72.88933754167952,8.44,0.5,1.0,0.1,0.15776371753806934,0.0,False,4269,True
95,19,17:21,temporal_same_od_eb,34.60056323836344,27.443349590217753,6.745766755587384,3.8462809180991386,2.7371110360822084,0.9422197120869544,0.17610652484375067,0.0,False,4270,True
212,56,18:25,global_od_time_adjusted,39.18587490741808,47.07673315287103,12.1875,1.1236992480196804,21.063053675860637,2.4769676521908797,0.2518518518518519,0.0,False,4271,True
244,135,05:54,global_od_time_adjusted,35.04762885135763,29.67494392968559,12.674,4.648873089255063,11.369395284503296,2.9662474610187224,0.31666666666666665,0.0,False,4272,True
30,81,18:40,spatial_neighbor_gravity_eb,88.64669905017979,114.22515336595424,21.56346589973259,1.9119937702735652,33.59893565913747,2.546097860944864,0.14781085985539774,0.0,False,4273,True
252,14,21:30,full_observed_sparse_eb,70.56222814624829,68.45806907073728,22.714772800340917,9.334569824518985,13.509164892089517,3.833188836690315,0.0930444372632336,0.9698691360262188,True,4274,True
85,9,14:32,global_od_time_adjusted,64.03375144087936,59.98322097612861,10.466666666666667,9.54186913904542,4.704682149146427,6.199103877891457,0.23962264150943396,0.0,False,4275,True
120,154,01:33,spatial_neighbor_gravity_eb,81.16378934927498,66.58266994039877,25.10634418274001,1.0,2.0,0.25,0.12747572681696734,0.0,False,4276,True
257,30,13:31,spatial_neighbor_gravity_eb,92.29966839758814,95.5383062658296,18.086513508328885,1.9329570428230605,7.613875731880614,1.6457635979695453,0.15395131632270528,0.0,False,4277,True
40,148,20:20,full_observed_sparse_eb,23.510866701604947,19.787703812143576,3.968353309925906,4.966222636863321,4.920794166168602,0.6913741100189299,0.11774134298133944,1.3541857273536806,True,4278,True
9,132,10:37,temporal_eb,49.860787780615254,41.86704435026458,11.113649662713941,10.774572948484884,6.546255762355519,2.3256368436183408,0.38789625112626197,0.0,False,4279,True
191,240,09:25,spatial_neighbor_gravity_eb,64.21883225579539,68.36872325426499,15.240963549576922,3.6154856845501024,8.7712681897195,1.5375407277352946,0.18301891076274768,0.0,False,4280,True
228,234,15:06,full_observed_sparse_eb,43.824783459351075,43.97037980479264,8.064325043498341,5.992522893428512,12.853949555183842,1.3725530261049226,0.1230111605153219,1.4237473188022491,True,4281,True
74,108,18:09,temporal_same_od_eb,70.75560628831249,99.80044284664733,12.723642905415032,1.5965440622193423,16.65935307887799,1.7851038599368316,0.18508821816823368,0.0,False,4282,True
200,94,11:24,global_od_time_adjusted,22.060091656783605,20.61486830045302,4.185,1.2240608644998334,2.0934446805491644,0.28022312538404576,0.2518518518518519,0.0,False,4283,True
106,250,14:04,spatial_neighbor_gravity_eb,67.25523891571272,66.11898037592984,15.211798951572193,3.635631708685172,6.135086489111815,1.0616071973303376,0.20535026874202644,0.0,False,4284,True
23,251,05:55,spatial_neighbor_gravity_eb,17.07404404956493,12.443628407819253,3.3801901899296167,1.0,2.0,0.25,0.12544920123514966,0.0,False,4285,True
15,217,16:41,spatial_gravity_time_fallback,113.52860083719162,93.75076695728114,15.068148459424595,39.73501029301706,28.12523008718435,3.767037114856149,0.20020531557352444,0.0,False,4286,True
228,182,10:46,global_od_time_adjusted,69.6726821722767,70.47077437499162,17.77,6.61690078511083,33.76290441136961,4.084683586276911,0.26363636363636367,0.0,False,4287,True
16,115,15:58,spatial_gravity_time_fallback,146.2134538686988,131.81530888924516,19.30023352566502,51.17470885404457,39.544592666773546,4.825058381416255,0.10550000000000001,0.0,False,4288,True
159,124,20:05,global_od_time_adjusted,52.44652837595349,89.50153318380163,12.349999999999998,0.5,10.611525256129301,4.960594722409805,0.2518518518518519,0.0,False,4289,True
188,206,20:06,spatial_neighbor_gravity_eb,45.986263219653615,37.70847668757068,10.38875800705426,1.4247983662765247,2.0,0.25,0.14360201246503884,0.0,False,4290,True
114,114,15:31,full_observed_dense_eb,10.173731642219192,8.30729080031234,0.8461417900614427,6.694391865879986,9.603743049746406,1.1853113979860945,0.7633109669027106,32.26577274461231,True,4291,True
158,230,07:11,observed_dense_eb,18.132031885429424,14.368973568157402,2.5064272911323395,3.2104554565134915,2.8884946433152336,0.5101005132997101,0.9924681225562175,52.31243090005998,True,4292,True
171,30,10:36,spatial_gravity_time_fallback,159.0258000281107,100.91294591818716,22.838999475498127,55.659030009838744,30.27388377545614,5.709749868874532,0.2127568714698963,0.0,False,4293,True
239,159,15:06,temporal_same_od_eb,44.69053817468756,39.16738294369887,6.481237114481711,2.776924665015794,3.3188753933596997,0.6538953014477814,0.2582369956662971,0.0,False,4294,True
26,44,07:14,spatial_gravity_time_fallback,91.39621765203555,69.6433236919157,14.7961611567661,31.988676178212437,20.89299710757471,3.699040289191525,0.10550000000000001,0.0,False,4295,True
252,258,07:24,global_od_time_adjusted,32.87538931651091,27.689422108269785,9.437999999999999,4.9119918566707605,3.7280541216680865,0.9697298592907352,0.26363636363636367,0.0,False,4296,True
54,184,03:43,spatial_neighbor_gravity_eb,66.84574917862402,47.08906118038897,19.617370577314922,4.125,6.883528522957452,0.6450000000000808,0.1355791619075068,0.0,False,4297,True
209,255,20:26,full_observed_sparse_eb,29.65076690984343,24.035853865911285,4.653135651613658,8.455172343809778,7.825545155786129,1.2551164065519922,0.243051712667269,3.7415790488137333,True,4298,True
163,149,10:04,global_od_time_adjusted,85.24423277655121,64.07052644452385,15.668181818181818,27.78660319930041,18.905313023658323,5.879157048702288,0.3262295081967213,0.0,False,4299,True
118,131,01:18,spatial_neighbor_gravity_eb,92.8057501247809,71.29357861919534,25.56447878091049,1.0,2.0,0.25,0.1255216087812094,0.0,False,4300,True
117,261,23:15,global_od_time_adjusted,58.79288111446566,64.61663665627079,20.026666666666664,2.0612833111654663,18.31542103349938,2.6858807783584937,0.3615384615384616,0.0,False,4301,True
200,24,11:13,global_od_time_adjusted,34.668254298644214,32.012948185101884,7.850000000000001,2.2099999999999977,1.7034071088559084,0.5300000000000025,0.2269230769230769,0.0,False,4302,True
178,217,19:31,full_observed_sparse_eb,41.281497700186364,42.02754657015695,8.126098950206172,4.377297115939467,13.247665645712638,1.0093856593297958,0.09381960771591141,0.9589310718471609,True,4303,True
161,125,11:31,full_observed_dense_eb,28.08465867128988,26.00251102702948,3.232995199087359,6.100802906263055,6.57575216858549,0.5915586377291053,0.7669314508837726,33.16116515415148,True,4304,True
185,22,15:33,temporal_same_od_eb,71.83881679425471,125.1555352495058,20.1,0.5,1.0,0.1,0.16608339105826242,0.0,False,4305,True
151,97,19:10,temporal_same_od_eb,58.52518034447601,50.17761588159193,10.241627076596071,3.7490558556046016,1.357464308028751,0.4585576102110882,0.18330880449619594,0.0,False,4306,True
230,142,11:55,observed_dense_eb,12.50029384145931,10.379700191571388,1.2138018031626836,6.116997226295563,8.68900913095451,1.7801857932792078,0.9950000000000001,263.86726743124603,True,4307,True
146,51,14:35,temporal_same_od_eb,50.559757306451836,88.01588058370297,14.43169004646866,0.5,1.0,0.1,0.16456219774365358,0.0,False,4308,True
171,258,22:29,temporal_same_od_eb,29.620272177108788,26.600285376129136,9.04,0.5,1.0,0.1,0.15327240383596952,0.0,False,4309,True
185,135,23:19,spatial_neighbor_gravity_eb,42.456645704059255,34.05063278031308,10.46344473246231,1.7496901741812514,5.127704267798439,2.090838818251071,0.1826846458971501,0.0,False,4310,True
236,194,19:06,full_observed_sparse_eb,28.798168765980613,24.99326493150612,3.907461144688093,5.229056842652181,6.259677847163186,0.8224431831737663,0.26483928119761463,3.620074917796586,True,4311,True
53,236,15:36,temporal_same_od_eb,60.29445626531734,54.347038295464486,8.690464952923882,0.5,1.0,0.1,0.154187649622156,0.0,False,4312,True
123,76,11:08,observed_sparse_eb,35.3563442167511,46.274254719086954,8.669582831931129,5.44732922002862,16.020392485619144,2.6425519852782386,0.6338235702132013,0.5378193509627778,True,4313,True
118,32,23:37,spatial_gravity_time_fallback,145.798592711387,106.6621641794762,23.760528233575553,51.02950744898544,31.998649253842864,5.940132058393888,0.10550000000000001,0.0,False,4314,True
209,243,15:25,temporal_same_od_eb,71.65231916368202,71.92797731722564,10.9,0.5,1.0,0.1,0.16001018266750816,0.0,False,4315,True
53,75,06:03,full_observed_sparse_eb,28.940584927477282,21.453541775059183,10.26240092680038,3.3437028220607976,5.873616422671688,1.216834351001855,0.10363797406339652,0.8203887410974495,True,4316,True
184,101,08:46,spatial_neighbor_gravity_eb,57.691218017478164,45.71148450372931,12.20561195897492,1.0,2.0,0.25,0.13096277547604024,0.0,False,4317,True
176,110,13:11,spatial_neighbor_gravity_eb,14.116327235007674,10.54617190970159,1.7096157568208374,2.6450000000000005,2.0,0.25,0.12769888537085178,0.0,False,4318,True
84,102,17:13,spatial_gravity_time_fallback,155.11462887582255,139.58626204975877,20.362093739729744,54.29012010653788,41.87587861492762,5.090523434932436,0.10550000000000001,0.0,False,4319,True
2,249,03:46,spatial_neighbor_gravity_eb,59.963876770591256,48.79154990255407,15.131209198133941,8.174038888701073,6.637478395776943,3.687544729728259,0.14667931118360147,0.0,False,4320,True
104,6,11:36,spatial_neighbor_gravity_eb,48.122519555630205,38.51718335845089,9.798445285746244,8.461302500206457,6.777802871663672,0.8991329156470798,0.1447427869404823,0.0,False,4321,True
48,204,16:20,global_od_time_adjusted,132.33194962928778,95.81861091955342,23.85,25.53000000000003,2.688835616982682,4.25,0.2269230769230769,0.0,False,4322,True
183,201,23:51,spatial_gravity_time_fallback,115.11945991710587,83.09043403184515,18.723005908748213,40.29181097098706,24.927130209553546,4.680751477187053,0.10550000000000001,0.0,False,4323,True
22,228,02:27,temporal_eb,19.050224418364426,16.483480727302013,3.5813105414754314,4.683528867668241,7.1103522188227615,1.5892270766190624,0.8020115820744596,0.22658303923548573,True,4324,True
154,218,08:26,spatial_neighbor_gravity_eb,63.32699493130403,60.19823459962642,13.535250181029951,4.247920682753657,10.449215732538535,1.0638943717788283,0.1934796810682371,0.0,False,4325,True
215,99,14:28,spatial_gravity_time_fallback,162.99881377710471,149.14458637815784,22.316563561848564,57.049584821986656,44.743375913447345,5.579140890462141,0.10550000000000001,0.0,False,4326,True
75,199,13:33,spatial_neighbor_gravity_eb,34.90833613389044,24.646671682846005,5.627651721552995,8.320685380278501,10.733665328164138,0.9966132089758346,0.38923076923076916,0.0,False,4327,True
124,68,11:35,global_od_time_adjusted,51.04271057785477,87.58627372536881,13.719999999999999,12.374069891150484,31.3293833086839,2.7737543228408414,0.42054794520547945,0.0,False,4328,True
36,23,03:48,spatial_neighbor_gravity_eb,62.684978774405735,44.192894008614445,16.471342827917876,1.51412215313514,2.0,0.25,0.14653554300588814,0.0,False,4329,True
203,67,05:09,global_od_time_adjusted,49.10486576835436,40.32548324297189,20.46666666666667,7.544155942773733,15.219025303244376,1.5607120881899252,0.23962264150943396,0.0,False,4330,True
149,170,09:52,full_observed_sparse_eb,53.68418303755609,82.62553221194486,12.04161937308106,6.414785916685926,20.218971957809714,2.7545242932854253,0.13235116177210368,1.5470353353917687,True,4331,True
263,28,09:52,full_observed_sparse_eb,54.657146296119244,46.60606121797427,12.692738432217595,7.887371951215186,13.435842649836458,2.0248753134286956,0.12261861418679529,0.5525618920320028,True,4332,True
256,47,07:26,global_od_time_adjusted,46.74929318968172,44.11998099320441,14.88181818181818,5.108966837704079,8.764381274814472,1.3643634425276199,0.3262295081967213,0.0,False,4333,True
108,104,09:26,spatial_neighbor_gravity_eb,44.353159920449414,55.77470153283156,8.964834090986988,10.730175316666017,20.858498935344382,1.1182824131477478,0.21361659285175855,0.0,False,4334,True
17,6,03:06,global_od_time_adjusted,37.92955783932837,30.864993682360563,12.59,0.5,2.223387842872956,0.5600000000000073,0.22692307692307692,0.0,False,4335,True
145,198,09:36,full_observed_sparse_eb,28.357228430084362,26.57282071691283,5.062901841555983,3.52207920003313,4.155254645586952,0.9670090295146276,0.1378459224226589,0.6155167565392929,True,4336,True
55,195,15:03,full_observed_sparse_eb,42.29269517096641,54.39302942406284,10.174020771113623,2.6477021883304914,20.02533578875489,2.0240900733765517,0.15169864860805812,1.8024221616263674,True,4337,True
228,17,11:16,temporal_eb,30.50999777047669,34.021238041692506,5.007694014719775,7.4469907172583865,10.206391043745084,1.5557849929414458,0.7452216692681817,0.09444953355311725,True,4338,True
219,48,13:37,temporal_same_od_eb,90.35741224582168,85.61447411493803,15.803278854395863,8.689074742372828,16.89669169758848,1.3912697020513172,0.19005664765303315,0.9454884235522201,True,4339,True
45,14,11:26,full_observed_sparse_eb,46.28361622040593,36.548457499256926,9.343527350759757,5.375891417558548,10.827594457090939,1.5511695400393344,0.1143311706701448,0.7063090260387952,True,4340,True
220,122,02:44,spatial_neighbor_gravity_eb,61.57750841457987,55.694382679532154,15.886965961816895,1.3285729241978652,10.41044775611022,1.4466353441451063,0.14363810272339989,0.0,False,4341,True
234,209,10:42,full_observed_sparse_eb,25.01251701383365,23.432003052312627,3.4181639860531026,5.5234697841744,6.109838614618887,0.8713382551710167,0.5305536438641028,11.724374094198986,True,4342,True
227,145,10:54,temporal_same_od_eb,60.41001124208809,79.36377777440829,11.069832194159183,3.229723161330271,13.356722284180197,0.7060865067001953,0.13483525158119872,0.4277729222999511,True,4343,True
253,197,17:17,spatial_eb,27.757640512067017,24.018132180565555,5.89319997847485,3.14327147341038,2.891974847490639,0.5801915392542516,0.35897435897435903,0.0,False,4344,True
239,106,08:59,temporal_same_od_eb,61.454063280159886,45.55837837276652,9.669308301010451,0.7541241256837776,1.3438674998241371,0.2103639827348786,0.15783212831213464,0.05568062399274254,True,4345,True
27,57,09:20,spatial_gravity_time_fallback,247.57003138412568,143.89219212153006,36.857375945792086,86.64951098444398,43.167657636459026,9.214343986448021,0.1931757998827251,0.0,False,4346,True
45,70,01:01,global_od_time_adjusted,36.69703741347154,25.185976092377725,9.655,7.529864602866365,6.542757748312649,3.7303015963860116,0.29655172413793107,0.0,False,4347,True
46,86,21:09,global_od_time_adjusted,62.420981691980444,81.54714997303677,26.9,0.5,1.0,0.1,0.21372549019607845,0.0,False,4348,True
175,53,01:28,global_od_time_adjusted,24.222807508446625,19.971747308982295,7.61888888888889,1.9605353262392415,3.0040334463268255,1.5724463915571096,0.30677966101694915,0.0,False,4349,True
85,261,16:44,temporal_same_od_eb,30.24274369094779,34.44290568028712,7.08,0.5,1.0,0.1,0.15591603899286838,0.0,False,4350,True
260,154,07:34,global_od_time_adjusted,6.599100306557441,64.40870487166526,20.94,0.5,1.0,0.1,0.21372549019607845,0.0,False,4351,True
215,108,08:01,global_od_time_adjusted,46.72557668240221,56.32201055891511,14.45,1.0,7.413229425326063,0.25,0.22692307692307692,0.0,False,4352,True
95,256,17:14,temporal_same_od_eb,42.862803317296255,40.14851173122195,6.356461785666559,1.8720125787456645,2.5965540761671853,0.9303258735910709,0.17355290612592156,0.0,False,4353,True
225,170,13:17,full_observed_sparse_eb,42.11528879844718,50.27619722928896,7.525305395474938,7.595681386484064,14.607823026920212,1.5495848320979353,0.17309434711448932,1.701661059056903,True,4354,True
167,244,22:54,observed_sparse_eb,21.65865199161518,21.95679312356097,3.4135151047799495,1.183944650477972,1.8754087121816512,0.6912848166804642,0.7971978467203471,2.0,True,4355,True
42,173,17:37,global_od_time_adjusted,45.28347237200915,39.64750621582067,9.432500000000001,10.216059355250442,18.497362311794028,1.0564888783134376,0.2518518518518519,0.0,False,4356,True
105,191,05:59,spatial_neighbor_gravity_eb,59.61153012098247,49.786841779294605,17.697115996504078,9.856445293010575,21.79765911868748,3.4608255550835314,0.21994110989650967,0.0,False,4357,True
29,34,01:50,global_od_time_adjusted,48.19313387423385,55.44405858096798,8.165,7.9049999999999905,6.910161557862801,0.9350000000000052,0.22692307692307695,0.0,False,4358,True
148,169,01:33,full_observed_sparse_eb,43.50150542417323,32.091231117861014,12.124398943169963,6.477951197439752,7.215525753921886,2.1812737651054017,0.10892498177493373,0.8237887333647187,True,4359,True
31,156,09:34,spatial_gravity_time_fallback,154.8747426075006,133.99888654538873,21.876356080606044,54.2061599126252,40.19966596361661,5.469089020151511,0.10550000000000001,0.0,False,4360,True
57,216,05:50,global_od_time_adjusted,24.278501004596215,15.830406467839346,5.94,5.310344203114851,5.3009893849059555,0.865948420326901,0.23962264150943396,0.0,False,4361,True
218,184,15:38,spatial_neighbor_gravity_eb,69.82522922008518,76.72776500926298,14.633548883950414,3.026519194781087,9.74844970985799,2.5046699527429377,0.17248051317980242,0.0,False,4362,True
42,35,01:59,full_observed_sparse_eb,51.28068168958415,44.697102417516504,17.027419327021416,7.898844071384975,13.680263347933348,2.7042415961668445,0.09626697516212868,0.9304177758972401,True,4363,True
221,158,17:56,spatial_neighbor_gravity_eb,52.140904873883485,46.46301649969787,11.63364015625439,1.0,2.0,0.25,0.1323393709354771,0.0,False,4364,True
259,114,09:01,global_od_time_adjusted,57.67651228844811,85.94554929294178,16.470000000000002,3.8495136777981545,42.00193835261738,0.5481483983982621,0.23962264150943396,0.0,False,4365,True
6,149,09:18,global_od_time_adjusted,34.39754335098507,31.863308256640305,8.685,1.7950000000000401,2.654453366688232,0.8850000000000009,0.22692307692307692,0.0,False,4366,True
64,253,15:40,global_od_time_adjusted,34.857223264778376,36.44958533826093,8.48,0.5,1.0,0.1,0.21372549019607845,0.0,False,4367,True
120,76,15:05,temporal_same_od_eb,60.837154372483525,127.3532647781046,12.8,0.5,1.0,0.1,0.1541973361691123,0.0,False,4368,True
140,249,16:08,full_observed_dense_eb,33.512710572712976,28.814006071423087,4.517664478790881,5.3109925019515885,5.495404836166889,0.9882429834277775,0.7674418604651163,33.0,True,4369,True
207,51,12:54,spatial_neighbor_gravity_eb,47.94234211154702,46.70165587760552,10.560521936183537,4.633621631518533,14.960313591177616,1.7431046898281668,0.3318392775372684,0.0,False,4370,True
9,198,03:37,global_od_time_adjusted,28.465622546237157,24.825010257399676,10.795,1.3250000000000892,1.0,2.1049999999999978,0.22692307692307692,0.0,False,4371,True
213,39,11:01,global_od_time_adjusted,66.97013742492322,107.56055316936354,16.44323014140109,5.538863856768009,42.842933657242185,6.249561928145939,0.28073846579893486,0.0,False,4372,True
39,48,10:12,full_observed_sparse_eb,58.71836012417411,97.77161319969693,13.34600977717518,9.365290924640764,24.68699362995422,3.3837935435567013,0.20401011246471334,2.716994159322496,True,4373,True
166,99,02:51,spatial_neighbor_gravity_eb,85.51738959082253,60.793880119055785,24.195722428946766,8.875,4.6579558863779695,4.450000000000027,0.12758094195748584,0.0,False,4374,True
13,174,05:02,global_od_time_adjusted,49.39786169967088,35.0569630142155,19.14,11.884999999999978,6.390903180910456,0.23000000000004867,0.22692307692307695,0.0,False,4375,True
69,141,01:29,temporal_same_od_eb,20.343782210962434,17.004068640850814,5.9014724430611425,0.8370183772754753,1.9334274540620986,0.21321808826341498,0.1741809459692832,0.0,False,4376,True
43,90,23:41,full_observed_sparse_eb,22.112562022084965,17.3953386913634,3.2364950129247,6.150082963037081,5.319493728321052,1.0872525843893721,0.5065347732581112,10.274460476840673,True,4377,True
45,53,16:05,temporal_same_od_eb,58.66390636823844,187.37243780037574,19.258568278880364,0.5,1.0,0.1,0.15320021529349792,0.0,False,4378,True
27,201,17:04,temporal_eb,25.525729831609905,22.149901263409927,5.432856682314723,8.781038749629305,3.3517736758793224,1.5142042573153622,0.4171027083811273,0.0,False,4379,True
87,44,15:16,spatial_neighbor_gravity_eb,107.66874792424733,85.69321001245603,20.967681660070795,21.128236158984237,10.811828665860332,1.5023250302948994,0.1561629431986088,0.0,False,4380,True
99,196,12:15,spatial_gravity_time_fallback,147.17922968236635,130.6152814687211,19.86295961340035,51.512730388828224,39.18458444061633,4.965739903350087,0.10550000000000001,0.0,False,4381,True
100,66,05:07,temporal_same_od_eb,24.355308324504982,14.25269166013409,6.1556734753737015,3.2792252018608465,2.680821855295446,0.5095543362121601,0.1415532599185791,0.46789233399778496,True,4382,True
59,22,18:31,spatial_neighbor_gravity_eb,95.72340308452983,98.1090092525399,20.00029655316246,1.0,2.0,0.25,0.12745043484045648,0.0,False,4383,True
49,205,13:40,full_observed_sparse_eb,57.923203203407375,84.00564481078442,14.358402295389638,7.068906682676128,18.168112443501737,0.9838454105912171,0.11823350761430296,0.6440442123363113,True,4384,True
134,15,12:33,global_od_time_adjusted,34.0453231297936,35.199367583625616,8.998333333333333,8.043801400595502,6.626814922235121,0.8393234709507982,0.3354838709677419,0.0,False,4385,True
73,224,05:17,spatial_neighbor_gravity_eb,36.483416157682115,28.5795669448087,10.255441709777934,8.579657898756608,11.356311441222894,1.748353667084567,0.23384620687888386,0.0,False,4386,True
206,16,16:04,spatial_gravity_time_fallback,145.83445001193888,130.87917787185205,19.267657281983546,51.042057504178615,39.26375336155561,4.816914320495886,0.10550000000000001,0.0,False,4387,True
115,39,09:53,spatial_neighbor_gravity_eb,59.538444621509896,56.08583413799623,13.502691680797458,1.0,2.0,0.25,0.1479117291857176,0.0,False,4388,True
160,69,17:27,spatial_neighbor_gravity_eb,51.94066098191704,50.604809398588365,10.144192176133773,4.761937194254334,9.567241360553528,1.5099558565726017,0.23823874357636787,0.0,False,4389,True
78,233,16:32,global_od_time_adjusted,38.92739987366655,48.97275844883672,9.733333333333333,3.376321551958919,28.909828172962918,0.42425097393985356,0.275,0.0,False,4390,True
127,207,12:01,spatial_neighbor_gravity_eb,44.90103533380413,41.54218336607045,8.23716971148096,9.445245737563564,13.247292472117461,1.9666565322947887,0.2119411119685382,0.0,False,4391,True
83,27,08:58,spatial_neighbor_gravity_eb,108.84143659002423,103.9202715817438,23.47274603469914,1.0,11.420523512956706,1.6392374466355437,0.14823865800672703,0.0,False,4392,True
99,103,02:08,spatial_gravity_time_fallback,67.24431481220864,47.103981830140654,10.76716063938534,23.535510184273022,14.131194549042196,2.691790159846335,0.10550000000000001,0.0,False,4393,True
25,54,03:57,full_observed_sparse_eb,10.595281211611232,6.496449254419316,1.2507386136129028,3.0455247214297843,2.358684970092636,0.33174755576992826,0.10869431344585981,0.7728593807909938,True,4394,True
236,233,14:59,full_observed_dense_eb,21.011265617606533,18.38980184557167,2.6174704853044357,4.049403658485861,4.751629884740608,0.5754375684007889,0.9259641039357712,125.19408218259912,True,4395,True
163,101,08:04,global_od_time_adjusted,71.67929204224785,59.08701097082228,16.635579518042526,12.95407711493534,18.018585940416163,0.8439745940520752,0.23851899557659006,0.0,False,4396,True
187,178,20:37,spatial_neighbor_gravity_eb,44.74630052592796,41.375477889512254,10.83333164450689,1.0,2.0,0.25,0.13775242322544637,0.0,False,4397,True
73,206,08:16,spatial_gravity_time_fallback,119.5237050061356,102.0457232404348,17.411964135031365,41.833296752147454,30.61371697213044,4.352991033757841,0.10550000000000001,0.0,False,4398,True
222,82,16:09,temporal_same_od_eb,46.281198930048646,39.71024008187701,7.929186189507547,0.5,1.0,0.1,0.1617626627377797,0.0,False,4399,True
184,102,02:02,spatial_neighbor_gravity_eb,53.452229740333394,41.24418938116508,14.049943466053314,4.46009314607891,5.988818363379759,0.6358904495027269,0.14872058581018366,0.0,False,4400,True
50,166,09:24,full_observed_dense_eb,20.415761663203767,21.19597420399225,4.137121196691669,4.398807749676442,4.981933275314777,1.0378640712953144,0.7472020799981767,29.776954495724326,True,4401,True
123,137,20:31,global_od_time_adjusted,45.87560264044766,64.96595119509936,9.774000000000001,5.3911464457942575,32.37124343936974,5.539586988214915,0.31666666666666665,0.0,False,4402,True
134,183,05:08,global_od_time_adjusted,26.455468874558193,20.79875306199703,11.31,0.5,1.0,0.1,0.21372549019607845,0.0,False,4403,True
59,125,19:08,global_od_time_adjusted,54.60898950012137,45.414300625026385,12.3,0.5,1.0,0.1,0.21372549019607845,0.0,False,4404,True
207,148,16:45,global_od_time_adjusted,42.51551272923251,30.564808391513413,7.5566666666666675,5.48304254548106,2.6187655964764676,0.13767917618709508,0.23962264150943396,0.0,False,4405,True
236,46,12:54,temporal_same_od_eb,24.870726747369343,120.12427930858226,13.599413496880299,0.5,1.0,0.1,0.1531919286817236,0.0,False,4406,True
68,88,05:48,temporal_same_od_eb,17.72085260487765,12.498443095244207,4.1039252324484465,3.3571526950396793,1.4613327820930357,0.43889161294414036,0.27531574788734303,0.6305490284614592,True,4407,True
30,6,05:58,spatial_gravity_time_fallback,73.678118491427,45.52697542388712,13.141897253315378,25.787341471999447,13.658092627166136,3.2854743133288444,0.10550000000000001,0.0,False,4408,True
103,46,21:00,spatial_gravity_time_fallback,114.81822280406226,90.389106036215,17.64962987584744,40.186377981421785,27.116731810864497,4.41240746896186,0.10550000000000001,0.0,False,4409,True
11,131,20:03,spatial_neighbor_gravity_eb,83.49420774437836,96.06866096936605,20.095955566978034,1.0,3.44312620812342,0.37760055577811835,0.14203935061092388,0.0,False,4410,True
60,1,07:14,spatial_neighbor_gravity_eb,100.12161612789906,68.72637260262063,22.243756093911244,1.0,2.0,0.25,0.1278111519122278,0.0,False,4411,True
64,192,09:34,temporal_same_od_eb,24.240584063992134,21.27783342437894,5.84,0.5,1.0,0.1,0.1604408967622599,0.0,False,4412,True
82,211,12:36,temporal_same_od_eb,56.098763834904915,38.500218670574554,8.574761464044604,8.297791043739654,5.057983111374484,0.31696801951923803,0.1385810986929198,0.3789756881812778,True,4413,True
78,147,08:40,full_observed_sparse_eb,15.10044986023173,14.491592134145225,2.4575252559673686,1.827963630791466,5.256575174073815,0.4606003094363131,0.12598040250348186,0.6736602595485266,True,4414,True
135,96,20:22,temporal_same_od_eb,19.490757554948242,12.225153657167665,3.17,0.5,1.0,0.1,0.15451462749011097,0.0,False,4415,True
241,51,03:44,global_od_time_adjusted,22.30002663648247,19.43330129515116,5.880357142857143,4.130035748103434,4.624055693974445,1.8646609843976172,0.45128205128205134,0.0,False,4416,True
202,82,22:07,global_od_time_adjusted,26.095029245399935,26.031270830638377,6.235056237877263,3.174278469425889,5.092274990916169,1.4778307122985224,0.230969812420631,0.0,False,4417,True
58,162,08:34,spatial_neighbor_gravity_eb,66.90303749521027,77.18699303625513,14.392644041633808,5.620357934221684,21.208176344070335,1.214897823324042,0.29221817406602757,0.0,False,4418,True
26,168,10:26,global_od_time_adjusted,68.26887652007986,110.28068923037863,16.165,10.664999999999997,39.68803565223065,0.6650000000000057,0.22692307692307692,0.0,False,4419,True
230,165,07:35,global_od_time_adjusted,60.83581466371764,49.02143988705052,13.161566265060245,19.550348259946873,13.849222266536454,2.2513040301057394,0.6368421052631579,0.0,False,4420,True
141,83,11:11,temporal_same_od_eb,15.92126114663116,12.37130944149273,2.081436643229029,0.5,1.0,0.1,0.1525173384887079,0.0,False,4421,True
249,95,20:08,full_observed_sparse_eb,54.220461244743014,35.43593558135676,11.006493429387971,12.044767594090827,9.226363724248042,1.8402203879596846,0.09090909090909091,1.0,True,4422,True
227,145,10:03,temporal_same_od_eb,72.31236616004595,64.99201213323767,9.6,0.5,1.0,0.1,0.15381004983931484,0.0,False,4423,True
195,245,03:57,global_od_time_adjusted,40.026009016413354,28.18314686092326,12.78,0.5,1.0,0.1,0.21372549019607845,0.0,False,4424,True
213,151,20:03,global_od_time_adjusted,32.24892460465548,33.965338944644444,8.31642857142857,5.161259437345907,15.81276510957948,1.4911050894404194,0.4512820512820513,0.0,False,4425,True
31,204,22:36,spatial_gravity_time_fallback,177.43988760616048,137.84124772043006,28.005902395317968,62.10396066215617,41.352374316129016,7.001475598829492,0.10550000000000001,0.0,False,4426,True
98,70,10:45,global_od_time_adjusted,28.861798932085147,24.650187695073843,6.476280333510247,2.3331075236073437,3.500725149298943,0.8954214469386916,0.2851456869684384,0.0,False,4427,True
19,178,00:27,spatial_neighbor_gravity_eb,78.3611707920082,69.56118776594398,20.4681486346335,1.0,3.5049935004449018,0.25,0.15115304871506174,0.0,False,4428,True
100,53,08:59,temporal_same_od_eb,73.57466753834916,54.73456811899374,15.279799612849907,0.5,1.0,0.1,0.16425047150979605,0.0,False,4429,True
14,246,02:59,global_od_time_adjusted,32.03354768172628,28.828072553870193,10.094193548387098,8.71957888795963,16.83850007922825,1.2932224671864319,0.4679012345679012,0.0,False,4430,True
156,126,23:47,spatial_gravity_time_fallback,119.04067569862003,86.0407606739871,19.346434435291602,41.66423649451701,25.812228202196128,4.836608608822901,0.10550000000000001,0.0,False,4431,True
59,158,11:50,spatial_neighbor_gravity_eb,70.94018023450286,81.39667812641815,13.58688922676204,5.876270380907989,12.299859691364215,0.8500428206762001,0.19821275327101928,0.0,False,4432,True
7,76,13:01,full_observed_sparse_eb,51.47510030813436,53.775223543741355,13.804304168249923,6.328915335292899,15.590054810821949,1.4663367780781187,0.22582336281802717,2.929274088297788,True,4433,True
52,198,16:06,temporal_same_od_eb,50.287796839288056,58.94285795615394,3.616918875884007,0.5,1.0,0.1,0.1667714163846184,0.0,False,4434,True
216,212,18:14,global_od_time_adjusted,56.50621916253054,54.28995847647699,13.767142857142858,5.840185907021419,9.840408214884238,1.2599400698413445,0.28596491228070176,0.0,False,4435,True
36,249,19:12,full_observed_sparse_eb,39.162820274265435,35.290282376103335,6.061221135626511,7.94593518724875,7.078792012693044,0.9748739679864189,0.09090909090909091,1.0,True,4436,True
245,96,23:11,spatial_gravity_time_fallback,82.34550862998013,60.72531512051323,13.001814322801573,28.820928020493042,18.217594536153968,3.2504535807003934,0.10550000000000001,0.0,False,4437,True
10,130,02:31,observed_sparse_eb,14.438034421328927,11.354963820493474,2.192307468243372,6.716095683617758,4.847961914031617,0.7211556876644779,0.93971174839347,1.1536938188383399,True,4438,True
149,222,00:49,temporal_same_od_eb,24.93322499248245,22.898338268352443,5.37,0.5,1.0,0.1,0.15526816248031064,0.0,False,4439,True
103,225,17:25,spatial_neighbor_gravity_eb,40.71402068783185,44.07428463457261,6.064783268575769,7.734582511524629,28.387856342089364,1.0502059092136398,0.3008294470318831,0.0,False,4440,True
203,91,23:48,temporal_eb,45.03580918333627,38.41414541848685,12.440008197944644,5.137510463249753,15.15181626076558,3.9916113237638795,0.5099684314808491,0.207864624599722,True,4441,True
80,77,02:10,full_observed_sparse_eb,25.396570404107315,22.683208085715442,5.153397538746143,4.099253756664665,4.077201427134966,1.557343524574759,0.1271653946957098,0.6364674234840493,True,4442,True
61,175,16:27,global_od_time_adjusted,37.888766074242916,57.525911097036584,13.49,20.718601947686206,15.253790663600148,1.392647359049187,0.23962264150943396,0.0,False,4443,True
234,207,21:53,spatial_neighbor_gravity_eb,33.040341253666355,26.451648222344147,5.8664402355988425,7.638067622447998,7.737838785304994,1.2968628946096867,0.3892307692307692,0.0,False,4444,True
193,93,04:56,temporal_same_od_eb,19.561613158748063,15.642533434605244,8.5,0.5,1.0,0.1,0.15526614964411292,0.0,False,4445,True
226,177,02:31,full_observed_sparse_eb,31.700334459527202,29.371350020440243,7.7444398282119495,6.530075459449314,9.519143243945896,2.976648558575539,0.09351182939758955,0.9647840969967305,True,4446,True
103,40,14:11,spatial_neighbor_gravity_eb,23.135752057828192,18.402605644797756,3.1847767855558837,4.550476883362193,5.997610816007317,0.5819807097591576,0.3491793986846208,0.0,False,4447,True
148,244,04:53,full_observed_sparse_eb,38.04878663038842,30.01616882145396,11.271707434986894,8.060507848986896,4.333031802053384,1.0700388745205034,0.4948386760154586,9.995611570212162,True,4448,True
73,75,16:48,global_od_time_adjusted,49.03314100809867,62.499401470310644,5.3,0.5,1.0,0.1,0.21372549019607845,0.0,False,4449,True
111,242,12:42,spatial_neighbor_gravity_eb,84.66730971560503,84.54024868442839,18.203116042294216,1.0,2.0,0.25,0.12790860826119632,0.0,False,4450,True
257,184,20:19,spatial_neighbor_gravity_eb,78.07083740993696,72.22642951550878,22.133251879535198,1.0,2.0,0.25,0.13188982560765253,0.0,False,4451,True
83,141,11:37,temporal_same_od_eb,57.70912373181463,31.675049972470596,5.376486087650436,0.5,1.0,0.1,0.15614502487761647,0.0,False,4452,True
22,36,16:17,global_od_time_adjusted,55.131665135139066,67.18666955875173,12.656666666666666,6.84018680706572,6.899762436056783,2.2395882558085445,0.275,0.0,False,4453,True
178,90,04:15,global_od_time_adjusted,42.91937493187083,34.32566801539368,10.23,0.5,1.0,0.1,0.21372549019607845,0.0,False,4454,True
108,69,08:48,temporal_same_od_eb,71.23996370168402,139.04207470301046,20.464560684727097,0.5,1.0,0.1,0.15939471529808863,0.0,False,4455,True
244,258,07:42,global_od_time_adjusted,54.15122864127823,62.25958068300792,15.777960476644694,4.934625830829739,18.23968834325445,3.0513155205963853,0.3049569605510244,0.0,False,4456,True
168,118,20:42,spatial_gravity_time_fallback,124.21987438618385,98.43075358312123,18.999574985502612,43.47695603516435,29.529226074936368,4.749893746375653,0.10550000000000001,0.0,False,4457,True
190,33,09:13,temporal_eb,21.159068559726197,22.945240476917345,2.9477419477498317,6.77937958702962,6.711905841127104,1.0333607907258369,0.5843655440135092,0.13694056778052044,True,4458,True
187,224,20:20,spatial_gravity_time_fallback,75.36049854916436,59.08245177629642,11.204859934934378,26.376174492207525,17.72473553288893,2.8012149837335945,0.10550000000000001,0.0,False,4459,True
164,217,07:33,temporal_same_od_eb,26.311733977046547,21.822872541623614,5.713974586163966,0.5,1.0,0.1,0.15316165380254526,0.0,False,4460,True
27,145,18:31,spatial_neighbor_gravity_eb,127.01055312438376,127.40633948232787,26.59395248834214,2.418219463306935,22.34247065346967,2.2720819621103643,0.17156693685723234,0.0,False,4461,True
211,140,02:33,full_observed_sparse_eb,26.36582559734591,19.15340266880945,5.040979267898994,4.866663801277677,4.163417360316142,0.8508089898472045,0.4904737931933701,9.879919451297233,True,4462,True
85,215,15:26,global_od_time_adjusted,55.6432629542428,66.7644798531083,12.542727272727273,6.075691046639475,18.057321387327686,2.2176526939704497,0.41388888888888886,0.0,False,4463,True
204,163,03:56,spatial_eb,88.18276619269359,49.79119839992101,22.281514643183783,30.812765182300268,15.315285914839126,4.908616934523015,0.05,0.0,False,4464,True
102,242,18:38,global_od_time_adjusted,66.16503541571677,61.820068619468174,16.335,8.974999999999966,15.300609808517144,0.18499999999982522,0.22692307692307692,0.0,False,4465,True
57,91,02:23,global_od_time_adjusted,50.1079027448621,52.322782356055114,13.785,9.950000000000003,20.16864429768932,3.1849999999999965,0.22692307692307692,0.0,False,4466,True
221,258,22:46,temporal_same_od_eb,67.96432857825042,63.740736913610206,20.5,0.5,1.0,0.1,0.15651411658420877,0.0,False,4467,True
218,145,13:41,global_od_time_adjusted,65.40168898610898,51.74159644437133,13.108571428571429,12.056655203408543,12.313222052277034,0.7457389158494149,0.28596491228070176,0.0,False,4468,True
189,203,17:29,global_od_time_adjusted,59.8241511959266,111.60332141854701,15.8,8.779447590822533,34.13761471737178,2.682349716200325,0.2518518518518519,0.0,False,4469,True
188,29,20:30,temporal_same_od_eb,33.469519209520904,27.00635049197321,6.460006911879485,0.5,1.0,0.1,0.15322762626242584,0.0,False,4470,True
69,199,01:29,spatial_neighbor_gravity_eb,20.38873274707523,15.107153732342772,3.6975357926732295,4.602486334161699,4.423692095667436,1.477420037098329,0.3468288790670532,0.0,False,4471,True
132,126,04:10,temporal_same_od_eb,60.057828799996585,40.06512552661201,18.959530692143247,5.727452806328811,3.9788691977196815,1.0534863708279831,0.16090313889097854,0.3656471323145567,True,4472,True
117,182,20:57,spatial_neighbor_gravity_eb,74.6563787201342,79.6223468026806,20.216400169413514,6.8823580088735765,11.361175984101603,2.621450764844359,0.20759971906902983,0.0,False,4473,True
6,28,01:08,spatial_neighbor_gravity_eb,75.53895758810042,53.583552418842245,19.177378986499818,1.0,2.0,0.25,0.13540375838849447,0.0,False,4474,True
94,129,13:23,global_od_time_adjusted,44.105116329842005,40.70030067825326,10.448571428571428,1.742393380921019,4.551018072402375,0.7065899714509867,0.28596491228070176,0.0,False,4475,True
69,23,08:31,spatial_gravity_time_fallback,142.06210266492675,122.86848675689897,20.528093078090215,49.721735932724364,36.86054602706969,5.132023269522554,0.10550000000000001,0.0,False,4476,True
141,31,03:43,global_od_time_adjusted,41.21586638760023,23.198468684045373,10.196363636363635,8.818408431952268,4.473691920840901,1.1995209098732502,0.41388888888888886,0.0,False,4477,True
10,69,17:53,global_od_time_adjusted,70.89479113663577,58.747921677277795,14.324285714285713,6.556987548736506,32.372602888553004,3.722418020368935,0.28596491228070176,0.0,False,4478,True
12,232,02:24,global_od_time_adjusted,14.62077097951777,11.312981845733821,2.3249137931034483,4.13034706138636,3.1355111182855513,0.8049496618333424,0.689156626506024,0.0,False,4479,True
219,242,22:47,global_od_time_adjusted,67.89491593638996,48.759462154662366,16.82,5.724999999999861,9.50278364828375,1.8999999999999886,0.22692307692307692,0.0,False,4480,True
10,129,23:38,full_observed_sparse_eb,33.63134623404291,26.6811971234767,9.697311622054839,4.480643358935162,6.031870348097074,1.209906116635619,0.12679272287616833,0.5653516291718717,True,4481,True
179,165,07:59,global_od_time_adjusted,62.843501638079985,60.419395418724946,15.226666666666667,5.864846308491136,15.586317784875293,2.331899559491265,0.23962264150943396,0.0,False,4482,True
77,231,19:28,temporal_same_od_eb,57.08632385802127,43.70567788667193,9.8,0.5,1.0,0.1,0.15361049002287067,0.0,False,4483,True
96,160,10:47,global_od_time_adjusted,15.72006520334187,18.609652320249708,2.585,0.5199999999999952,1.1962604901222704,0.18500000000000047,0.22692307692307692,0.0,False,4484,True
35,19,19:20,global_od_time_adjusted,47.980057686890305,46.285470488623744,12.761163630156776,2.549344926626536,13.020995607315351,2.084379870010196,0.27478732167893405,0.0,False,4485,True
148,111,21:26,global_od_time_adjusted,24.871112975529982,21.652872801828984,4.59,0.5,1.0,0.1,0.21372549019607845,0.0,False,4486,True
36,210,16:47,global_od_time_adjusted,54.58595560147489,59.77318232527732,11.15037037037037,9.853349969636861,16.59078961015966,3.405774487958033,0.44545454545454544,0.0,False,4487,True
236,75,19:36,observed_dense_eb,9.379674988909013,7.841225481167459,0.9628173849579762,2.499366231425663,2.676101506101252,0.3525720396097244,0.995,316.7355799618411,True,4488,True
147,124,08:56,spatial_neighbor_gravity_eb,63.519307527058956,70.60526753925629,14.379775415745613,6.406404643904736,30.139860792726466,3.301508779868219,0.24636503844731092,0.0,False,4489,True
215,140,19:11,temporal_eb,58.230648846947815,50.067449214500854,13.18647011672944,15.127531345123725,17.358681387911304,3.2213254600623564,0.6918545985009781,0.0,False,4490,True
27,88,04:23,spatial_neighbor_gravity_eb,49.06186882828668,36.15876510406817,13.513799559898613,4.677259877020249,10.323056344203337,1.6173252619784584,0.15943225509626888,0.0,False,4491,True
184,143,11:33,spatial_neighbor_gravity_eb,82.86163026808768,88.14934703749238,16.98170842340693,6.9659476233227835,19.07651781744336,1.613089726065472,0.23180337210315444,0.0,False,4492,True
37,204,18:16,spatial_gravity_time_fallback,139.32436110550893,121.9108944534875,18.422164806693026,48.76352638692812,36.57326833604625,4.605541201673256,0.10550000000000001,0.0,False,4493,True
131,259,17:44,spatial_neighbor_gravity_eb,64.92408451089372,66.51234942343902,14.724061071657303,5.061437870356302,17.193635646703253,2.9056046613651114,0.2542379079009888,0.0,False,4494,True
125,54,19:43,full_observed_sparse_eb,30.199444504064957,21.221763860265355,4.363382166054842,3.290608663496224,3.7086758280164727,0.5340853768737867,0.10657858044729936,0.8337113101808455,True,4495,True
206,157,09:31,spatial_neighbor_gravity_eb,72.23063250780058,77.46004001705614,15.732968485273656,1.0,2.0,0.25,0.12987930861859898,0.0,False,4496,True
184,28,04:35,spatial_neighbor_gravity_eb,42.893310437398725,27.484611730505883,12.552553824168555,5.812784928700663,8.039351283177464,1.1719683107767258,0.14965999874119656,0.0,False,4497,True
27,245,22:30,spatial_gravity_time_fallback,74.5627737762408,56.37390258077212,11.409120940882106,26.09697082168428,16.912170774231633,2.8522802352205265,0.10550000000000001,0.0,False,4498,True
245,30,06:47,spatial_gravity_time_fallback,88.44692442374105,63.43425729276224,14.8832359159709,30.956423548309367,19.03027718782867,3.720808978992725,0.10550000000000001,0.0,False,4499,True
77,165,01:57,global_od_time_adjusted,26.016416517406377,31.794733171280413,6.712000000000001,7.111378488028874,10.972814663801028,4.768556175615423,0.43333333333333335,0.0,False,4500,True
102,211,00:32,global_od_time_adjusted,30.93135619985998,32.522495529315215,9.01,18.848578195715447,2.765038886259275,1.5476272160956641,0.2518518518518519,0.0,False,4501,True
212,186,05:00,temporal_same_od_eb,27.23205711362174,21.74128703250326,11.245,0.629999999999607,3.425898817897022,1.4550000000000043,0.1731480655035648,0.0,False,4502,True
62,232,20:22,temporal_same_od_eb,30.856678632390768,32.31282142141112,5.703998433136727,3.2095868636217766,8.441106838173539,1.1018435435392204,0.17331040783814872,0.9110090471911292,True,4503,True
262,47,09:07,temporal_same_od_eb,41.98070368390303,29.706464358629063,7.131197240619784,5.066298203156081,6.6649510611420855,0.7153793994948143,0.17014961636017706,0.9283000028350585,True,4504,True
52,71,14:03,temporal_same_od_eb,34.02174656231624,64.79393378219844,11.798650102354554,1.343804968931003,11.105803371505266,7.161801053879882,0.17676857005878802,0.17617998878344565,True,4505,True
249,100,12:19,full_observed_dense_eb,17.608984384211695,15.978123842356993,1.6471304396221516,5.6127123382601205,8.291311027182605,0.45845418647613256,0.8576140333834952,62.02703086112814,True,4506,True
165,131,04:28,temporal_same_od_eb,38.13219780491518,27.32988811412245,13.96,0.5,1.0,0.1,0.1569941505368995,0.0,False,4507,True
195,115,16:06,spatial_neighbor_gravity_eb,46.88860361997501,33.52901347519438,8.232167221105922,5.785899956993021,2.5648400110188656,0.31608036861795674,0.1711769293141418,0.0,False,4508,True
232,95,05:33,full_observed_sparse_eb,29.864029167619528,18.336705576326228,9.465196610896506,6.108291926472868,8.240566764192256,1.0734064952977598,0.09090909090909091,1.0,True,4509,True
177,175,23:55,global_od_time_adjusted,36.00519618268224,33.70149798234177,10.905,2.6130585527308603,12.668954095535396,0.6519777603569057,0.2518518518518519,0.0,False,4510,True
161,188,05:04,global_od_time_adjusted,42.91749833620525,25.94167684869695,10.530426829268293,9.797020594914507,5.337938285557706,1.6495200154079357,0.7364485981308411,0.0,False,4511,True
202,231,04:37,temporal_eb,37.02135565767567,22.094662890365644,8.050400467636983,2.829257774674369,5.005002312501762,1.4781444355076394,0.6303124395776408,0.0,False,4512,True
53,126,02:11,global_od_time_adjusted,28.82733707666868,39.58693263959694,9.383333333333333,0.7453559924998452,17.393839191775154,2.706422402771273,0.275,0.0,False,4513,True
55,181,15:02,full_observed_sparse_eb,42.76010460658791,56.32556650758053,9.252683415526231,5.405725415733851,18.467686392392572,1.8986123465450224,0.10548324987214869,0.8373369684790859,True,4514,True
224,163,06:09,full_observed_sparse_eb,17.46288448782302,13.78928080410748,3.124193706475925,4.181345723311058,3.2451375487990877,0.45988179378927074,0.46681990959390274,9.085148962355131,True,4515,True
179,2,10:11,spatial_neighbor_gravity_eb,92.2659138348888,80.41072580456115,21.066485129901324,10.6339333326431,20.314206230726416,1.634021127673761,0.16780818626991567,0.0,False,4516,True
257,154,12:45,spatial_neighbor_gravity_eb,42.88385117596317,49.40215791312997,6.930060659737398,13.813062332643158,10.94582065014609,1.6709883491664037,0.2147401483746404,0.0,False,4517,True
89,257,22:57,full_observed_sparse_eb,12.593592883421096,11.551452687212146,1.6500790770702083,3.6459964004086034,4.463831263788175,0.663913898529717,0.10896893025732074,0.7882174900464776,True,4518,True
20,191,00:03,spatial_neighbor_gravity_eb,49.82255290455554,47.95904427255198,12.833921405074385,8.23299355593801,12.776808014028912,1.944981368437527,0.2230352695857549,0.0,False,4519,True
205,20,14:21,global_od_time_adjusted,58.44180358137099,67.39639860738176,17.038,7.335027198313577,7.891508475061865,2.1416479636018493,0.26363636363636367,0.0,False,4520,True
48,14,05:39,temporal_same_od_eb,39.523737672364014,22.935622900133843,11.608186351471161,0.6008485925541875,1.0,0.24274391048222932,0.16916757047489595,0.0,False,4521,True
149,207,03:55,spatial_neighbor_gravity_eb,59.26529327757325,58.964495005509654,16.732622369489988,10.26255246768466,6.062341766711489,1.3652903157502358,0.15575022118986573,0.0,False,4522,True
85,110,07:36,spatial_gravity_time_fallback,75.97510784929204,60.720497826348016,11.590036245362837,26.591287747252213,18.216149347904405,2.8975090613407093,0.10550000000000001,0.0,False,4523,True
112,245,07:40,spatial_neighbor_gravity_eb,64.33199783492651,42.326061278476615,13.352609874509056,1.0,2.0,0.25,0.12747780210097573,0.0,False,4524,True
50,127,15:14,temporal_same_od_eb,36.05283613995407,46.72594741306064,8.44810667653694,4.963172052797248,5.849113552489911,0.2791536316370733,0.21104460321538282,0.09545771906956446,True,4525,True
239,229,10:55,full_observed_dense_eb,23.21510650871835,20.188178212788927,2.63638570509878,4.204055106417022,5.332936693559094,0.37907961209971625,0.863725433623143,63.43055727858385,True,4526,True
15,107,07:10,global_od_time_adjusted,42.074932912621165,53.35082716795736,13.100000000000001,1.0,3.015022727773764,2.2999999999999985,0.22692307692307695,0.0,False,4527,True
12,254,04:56,spatial_neighbor_gravity_eb,78.72600873685187,56.30295411396518,20.23800057690236,19.557509600939696,12.542959463205536,3.146480984210137,0.26483805903352775,0.0,False,4528,True
61,257,02:57,full_observed_sparse_eb,18.160893886589328,15.296864638590296,3.2031548860096875,4.122315077481544,3.7716929869407148,0.6685730117624158,0.10738707204534423,0.8316130732128322,True,4529,True
205,244,22:34,global_od_time_adjusted,54.279174417629385,62.364793894678755,17.483,6.7505815305053085,21.967286824439853,3.4583957263447984,0.4,0.0,False,4530,True
247,19,06:46,temporal_same_od_eb,38.11555976114257,36.970359633601944,14.596744944676242,1.0489267101705777,1.0040591902478633,0.2660604221259175,0.15485903689106562,0.09763251297602338,True,4531,True
186,175,09:10,temporal_same_od_eb,78.33408856464408,55.03833490179899,14.296998130537435,5.138928998283132,11.348820887321283,0.9756600898444682,0.2280336324391946,0.0,False,4532,True
262,108,10:09,global_od_time_adjusted,73.02236238428242,74.91968680823712,20.37,2.470000000000074,5.053701540225092,0.35999999999997523,0.22692307692307692,0.0,False,4533,True
259,146,21:21,global_od_time_adjusted,40.83234409171652,34.41794569848307,11.4,0.5,1.0,0.1,0.21372549019607845,0.0,False,4534,True
68,92,01:08,temporal_same_od_eb,49.051960875972355,35.795319163689726,12.416736865680704,6.920287191868799,5.3780629708980845,1.0701867464552373,0.13739863213409276,0.4543281199779692,True,4535,True
233,26,13:19,temporal_same_od_eb,59.984260175072606,52.68075601837311,11.61894426250132,3.187496389476733,5.604990528485026,0.45279701125727,0.181247702797051,0.0,False,4536,True
127,223,23:58,global_od_time_adjusted,35.59763454074272,26.047954588286444,9.475000000000001,17.582002694516905,18.464424262506235,2.3212550484597685,0.2518518518518519,0.0,False,4537,True
169,140,10:01,temporal_same_od_eb,33.83684690815792,30.289462930164298,7.782081176170433,0.6739791258779085,1.5934839105237586,0.13378700450285555,0.16077865224858237,0.035386369450606026,True,4538,True
1,159,11:22,spatial_gravity_time_fallback,120.30819190145584,106.56875353267935,16.244498649253714,42.107867165509546,31.970626059803806,4.0611246623134285,0.10550000000000001,0.0,False,4539,True
248,150,02:49,global_od_time_adjusted,71.84608876492666,65.72167816527991,26.11,0.5,1.0,0.1,0.21372549019607845,0.0,False,4540,True
18,50,00:27,global_od_time_adjusted,37.595614484891136,33.28886284284835,12.276,8.052353030843433,4.954560439226712,1.6794356194864988,0.3615384615384616,0.0,False,4541,True
150,40,19:44,global_od_time_adjusted,40.53276593979545,45.912905312576896,10.0,0.7634570496543074,15.33644008099045,2.0607442021431686,0.23962264150943396,0.0,False,4542,True
208,253,02:27,spatial_neighbor_gravity_eb,25.10665571756666,18.630767550817634,6.045957128574516,4.172327331317973,7.530938518060733,0.8444329281964464,0.1832518888919673,0.0,False,4543,True
244,224,11:15,full_observed_sparse_eb,48.08676009298637,55.33924682141881,9.942268378156149,9.140527452519205,12.680594853583788,0.8030497186801004,0.09329376864790448,0.9851961752656067,True,4544,True
60,111,15:57,spatial_neighbor_gravity_eb,73.58359906326214,75.75330974058545,16.655796100657565,3.107163357305706,25.992265519839595,0.433811373480087,0.15753804587657907,0.0,False,4545,True
62,115,11:34,spatial_neighbor_gravity_eb,53.22304538058919,60.35421571685863,11.252236640387336,1.0,8.731943497889938,2.220319528201041,0.13816400469841736,0.0,False,4546,True
246,2,04:24,spatial_neighbor_gravity_eb,69.9030762850191,39.68715585761372,17.708622933837507,21.56395238766049,5.474639443602413,2.6038430817388325,0.16494485239786827,0.0,False,4547,True
31,251,01:15,spatial_gravity_time_fallback,129.46005502164525,92.61694106368874,21.171418363834217,45.311019257575836,27.78508231910662,5.292854590958554,0.10550000000000001,0.0,False,4548,True
138,151,00:26,full_observed_dense_eb,48.07835122133841,24.462930652736816,9.371504147303655,8.392865668007984,5.617966596567174,1.1470025890537885,0.7845131531690293,37.25758040035588,True,4549,True
129,256,06:13,temporal_same_od_eb,20.530244788656145,13.629581595734866,5.705452859934961,2.3594009090279933,1.4280825283957397,0.21802094157481083,0.19067191428353267,0.0,False,4550,True
151,68,11:45,full_observed_dense_eb,28.96349722301298,25.37367752221507,4.473747560015137,5.800872200009554,6.496566129209296,0.923761834151514,0.7998059282919588,39.95924494131134,True,4551,True
71,116,02:22,temporal_same_od_eb,55.33272051869091,52.976417482628996,17.272785600203335,7.525599511399351,8.740936788073324,0.18193707585407454,0.21209973159805068,0.0,False,4552,True
59,217,15:06,spatial_neighbor_gravity_eb,52.02167827278693,85.9348647186385,9.287514082137807,1.0,2.0,0.25,0.14311641738538095,0.0,False,4553,True
27,60,03:39,spatial_neighbor_gravity_eb,73.7043635459951,81.69268866897774,21.941434693148373,4.64279609239462,15.737902676131892,3.5715309509135573,0.13339798648980764,0.0,False,4554,True
155,115,13:08,spatial_neighbor_gravity_eb,55.32386413468008,43.045578354835,10.816266251572326,1.0,2.0,0.25,0.13048802477814345,0.0,False,4555,True
23,183,07:52,spatial_gravity_time_fallback,162.40890942177282,136.29025987740846,24.448901950552628,56.84311829762048,40.88707796322254,6.112225487638157,0.10550000000000001,0.0,False,4556,True
96,27,05:09,spatial_neighbor_gravity_eb,72.93266595165679,42.16028704580376,18.482878106811032,2.2278819369586023,4.055040770808346,0.46404010607540547,0.14781766416716763,0.0,False,4557,True
238,95,22:38,full_observed_sparse_eb,55.64807323838034,37.86487658581643,12.943982799588845,11.110406676198156,9.180318421369664,1.5038056055266382,0.1621403527841534,2.0186070448133933,True,4558,True
220,51,19:02,temporal_same_od_eb,31.400910006186255,26.794275565572526,6.785439054394192,0.5,1.0,0.1,0.1639925426242082,0.0,False,4559,True
56,45,17:42,temporal_same_od_eb,38.38660519431872,43.944700608706,9.0,0.5,1.0,0.1,0.15192890865426395,0.0,False,4560,True
58,23,02:03,spatial_gravity_time_fallback,148.81695499483826,107.58560743582356,24.525361263016876,52.08593424819338,32.275682230747066,6.131340315754219,0.10550000000000001,0.0,False,4561,True
188,99,11:05,spatial_neighbor_gravity_eb,67.75030179697967,59.37862101012908,14.599441886818301,1.0,2.0,0.31999999999998235,0.12758094195748584,0.0,False,4562,True
237,205,17:31,temporal_same_od_eb,82.77196237627616,93.91578583169468,13.62,0.5,1.0,0.1,0.16158574946843637,0.0,False,4563,True
189,54,14:12,full_observed_sparse_eb,18.61445163534372,24.65717984955507,1.9302629169789496,1.7119619976660132,3.9915466561857484,0.747579617285967,0.10489657839271715,0.8026291697894976,True,4564,True
183,158,17:09,global_od_time_adjusted,59.608807738240984,85.78817615380048,16.44076923076923,3.3090072520444576,25.901203362883724,1.0530867561489625,0.34444444444444444,0.0,False,4565,True
16,59,06:12,spatial_neighbor_gravity_eb,34.26891962800935,25.796255149044697,9.581124538609117,1.0,2.0,0.25,0.13635132039812642,0.0,False,4566,True
145,173,04:56,full_observed_sparse_eb,22.847935835761767,14.742453625742355,6.7548292108015024,4.584485958845538,2.6241342164923296,1.7576954865472594,0.14451436885240043,1.7075896688516856,True,4567,True
233,148,00:33,full_observed_sparse_eb,18.764691506822583,14.06514489368417,2.916664167085669,4.524326626412114,3.8735371816009243,0.7085394778548676,0.6473976612237484,18.679078985644228,True,4568,True
200,50,08:31,full_observed_sparse_eb,34.77711655957207,39.30758172029106,10.896945147031305,10.660738788996074,10.327409918887033,2.779939396677154,0.09614701366061906,0.9260901456921573,True,4569,True
235,52,11:18,spatial_neighbor_gravity_eb,63.12598744135378,89.16777453367362,12.856128287200686,7.10251755751464,31.735387488976386,3.8945158584505184,0.28103490219078464,0.0,False,4570,True
142,112,15:59,full_observed_sparse_eb,36.988380562328494,32.032766249209665,5.036191869993782,5.265932004603124,7.51867108203399,0.8293309121870418,0.3354353864594944,5.050449275027866,True,4571,True
217,69,06:23,global_od_time_adjusted,54.74674879534324,42.1771615533649,14.510000000000002,0.5,1.0,0.1,0.21372549019607845,0.0,False,4572,True
173,151,06:56,full_observed_sparse_eb,42.49843386887948,38.213453310289225,9.811157304985482,6.313471092379987,7.6483502245184205,0.18393049940324127,0.11077941452768811,0.7411488497230749,True,4573,True
161,231,09:55,full_observed_dense_eb,31.927922200516466,26.314946722631685,4.430108410638345,10.537745524967178,6.446678064352274,1.3190786720101533,0.9186090384939025,114.25502246870386,True,4574,True
51,53,22:02,spatial_neighbor_gravity_eb,33.60362573688044,29.16568135551175,7.881309323300105,3.2732874962839307,6.569167645479282,0.8244006119110806,0.26120784843797196,0.0,False,4575,True
107,96,18:17,global_od_time_adjusted,64.97732674012684,49.85254889934007,12.696666666666667,14.508579071248406,12.643814697686015,2.1966995445187503,0.23962264150943396,0.0,False,4576,True
46,52,11:56,spatial_neighbor_gravity_eb,79.7500065886988,92.07625399885444,14.31822820494277,1.7538776192772265,24.592414222355437,4.861277715380317,0.14971541765235163,0.0,False,4577,True
184,190,05:12,spatial_neighbor_gravity_eb,61.70261775700817,67.53048214389723,24.45377522976243,1.0,2.0,0.25,0.12481439722389394,0.0,False,4578,True
191,52,21:00,global_od_time_adjusted,54.908148216975164,76.46965129841637,17.25,0.5,7.840053496202546,0.25,0.22692307692307692,0.0,False,4579,True
225,152,06:14,temporal_same_od_eb,38.77133932010828,31.143493109994193,13.78,0.5,1.0,0.1,0.1517236628430272,0.0,False,4580,True
242,238,02:18,global_od_time_adjusted,33.092881641883714,38.08597004856006,10.592857142857143,2.4275619750805664,15.497009920764652,1.4213747297771167,0.28596491228070176,0.0,False,4581,True
140,145,23:50,full_observed_sparse_eb,18.167893619573988,12.51925883003694,2.8954287424043006,4.766740021565761,3.8995514904466857,0.671957582783604,0.1883053825835463,2.714174733470415,True,4582,True
42,192,12:41,global_od_time_adjusted,65.45122861312912,41.4363760143943,10.6,0.5,1.0,0.1,0.21372549019607845,0.0,False,4583,True
78,29,06:49,spatial_neighbor_gravity_eb,72.18923813860074,78.58117890313244,20.620439927087354,10.993935522722804,17.86921078325674,3.461376078258597,0.2581927572129135,0.0,False,4584,True
17,255,06:25,observed_sparse_eb,18.054104685929268,14.442898588453522,2.3463727356918556,3.1285225328039665,3.4810443265759434,0.4046169366043433,0.8933403015120983,1.6706968428449045,True,4585,True
239,174,06:17,temporal_same_od_eb,45.42025253677592,25.942326083471613,11.62892324445573,1.114563431640031,2.164243977460176,0.2355781798693713,0.1640947150474194,0.0,False,4586,True
111,152,03:04,spatial_neighbor_gravity_eb,52.50671491238828,42.821576494984896,12.831941704312776,4.727229680242893,8.547365046910762,1.1785509646178933,0.2128746019645636,0.0,False,4587,True
87,251,07:24,global_od_time_adjusted,59.57518277300461,40.864679202310725,13.94142857142857,9.503659230817908,8.515021071819579,0.8590265016937566,0.28596491228070176,0.0,False,4588,True
223,145,14:17,observed_sparse_eb,22.078260558757844,19.308068247420515,3.2126348401434335,1.4265923491740344,2.901854905342876,0.5413684331471068,0.8433605768892345,3.8949792646214902,True,4589,True
115,106,09:24,spatial_neighbor_gravity_eb,39.67670827186844,37.22946221679334,8.337884840563007,7.1047442748532745,5.364507988841451,0.6675133073481705,0.16450443831070075,0.0,False,4590,True
139,55,12:04,temporal_same_od_eb,58.498125687310036,68.45988851840244,16.374888361971898,1.3612801384894704,8.800059909421694,0.7541018716112675,0.14237091202048355,0.2738465454364274,True,4591,True
114,113,23:04,observed_dense_eb,9.260799789604432,5.650988352575099,0.7697041128587746,2.5257463248079026,2.4099767508911683,0.2803248927455641,0.9944533252738385,133.2682107086618,True,4592,True
99,109,16:45,spatial_neighbor_gravity_eb,16.690124793013034,13.753204327951627,2.682875162397091,1.0,2.0,0.25,0.12428326123329414,0.0,False,4593,True
136,194,10:09,full_observed_sparse_eb,33.56575629022971,27.687414419488913,7.16,0.5,1.0,0.1,0.11711394823436033,0.6302356336768398,True,4594,True
71,139,00:47,global_od_time_adjusted,40.501510749924336,47.547320590891545,12.587941176470588,6.627832586327723,17.5489740983812,2.3104223950608294,0.48333333333333334,0.0,False,4595,True
55,189,11:25,temporal_same_od_eb,52.771729334551125,61.38131567888456,9.18197629590324,0.5,1.0,0.1,0.1616442905697022,0.0,False,4596,True
71,24,01:43,spatial_neighbor_gravity_eb,53.68886650964005,50.305609575338345,12.87707621012195,10.858153259098268,12.294220590748257,2.3624248557356933,0.31771114985770443,0.0,False,4597,True
168,128,12:15,global_od_time_adjusted,27.77448023163565,24.62043754831225,5.93875,2.4394709979829647,4.853730218072499,0.3303951232993617,0.29655172413793107,0.0,False,4598,True
101,131,10:12,temporal_eb,19.275818620169666,17.82587627303056,4.417167623033132,3.4629124052434443,3.9279467196104854,1.350176685968668,0.5015001402563305,0.0,False,4599,True
81,118,07:22,spatial_gravity_time_fallback,157.62831416504915,124.9993486173062,25.58427858311344,55.16990995776719,37.49980458519185,6.39606964577836,0.10550000000000001,0.0,False,4600,True
148,129,23:36,full_observed_sparse_eb,31.894646112513897,20.32313100548615,7.598602775997771,9.377460728955338,6.5766720590132595,1.3827008934306235,0.2072061644816964,2.6324161659144636,True,4601,True
136,4,22:06,temporal_same_od_eb,40.98617134189265,36.67117395206114,11.96,0.5,1.0,0.1,0.15223454599219233,0.0,False,4602,True
256,141,18:13,temporal_same_od_eb,41.32868566771771,37.28627611962341,6.085477569752412,2.3333626827463885,3.301680381632302,0.29789570901903695,0.19028845857917986,0.16519730701499213,True,4603,True
242,140,20:36,global_od_time_adjusted,33.92124355836462,39.06257926755877,9.213448275862069,5.584389508542113,21.02837111897192,1.3856935917017268,0.4569620253164557,0.0,False,4604,True
147,67,03:58,spatial_neighbor_gravity_eb,61.85339704932627,55.5717978807157,17.04979960726569,4.5278551503269915,12.75255856843911,0.4287864152235209,0.16842079346885913,0.0,False,4605,True
22,200,05:25,global_od_time_adjusted,51.653666292465424,50.11508257294082,24.75,0.5,4.490154320639886,1.4499999999999875,0.2269230769230769,0.0,False,4606,True
88,25,11:14,full_observed_sparse_eb,26.08193382448252,20.42099144484736,3.435767492068863,3.6050836393573213,4.881279494484853,0.46439797759129825,0.09090909090909091,1.0,True,4607,True
207,60,19:34,spatial_neighbor_gravity_eb,31.003497808343973,26.37396419315497,6.305106345980775,3.2532599814183696,8.558321701339807,0.8725484040870208,0.28439666457768686,0.0,False,4608,True
222,13,08:43,global_od_time_adjusted,94.60315091672763,62.77637177250258,16.9,0.5,1.0,0.1,0.21372549019607845,0.0,False,4609,True
79,23,01:55,temporal_same_od_eb,59.045018919400974,48.51886105376327,18.261682175972478,0.5,1.0,0.1,0.15893545622146807,0.0,False,4610,True
11,59,23:43,spatial_neighbor_gravity_eb,69.14459085272209,74.32965092638246,18.35984908776882,1.0,3.84355159739125,0.25,0.13597292290780813,0.0,False,4611,True
82,58,09:25,global_od_time_adjusted,35.762465700526064,40.78125911892814,11.25,0.5,1.0,0.1,0.21372549019607845,0.0,False,4612,True
184,129,17:22,global_od_time_adjusted,50.48407242318754,45.94056846116894,11.3,0.5,1.0,0.1,0.21372549019607845,0.0,False,4613,True
232,202,11:32,global_od_time_adjusted,41.64791053183164,45.99774058506883,8.1525,3.564467000829171,8.750597501776609,0.9362792051519631,0.2518518518518519,0.0,False,4614,True
202,163,08:28,global_od_time_adjusted,43.95527033439595,29.76331247973892,3.281,27.122094978080153,11.68739282969629,1.3760410604338806,0.31666666666666665,0.0,False,4615,True
62,85,01:00,full_observed_sparse_eb,12.937114097415526,10.849920711612707,1.7903336995288994,4.087516648496506,4.031924533916099,0.5477412119004704,0.16759768090086002,1.968504059227186,True,4616,True
188,166,12:16,full_observed_sparse_eb,60.72234135017247,82.10649191779578,12.970395420153256,10.503575603533179,26.462584052764637,2.7803554614823436,0.09090909090909091,1.0,True,4617,True
257,162,13:01,temporal_eb,41.690708979219934,40.11803903215497,9.602020114105501,10.566877027885242,16.90742632255448,1.8860957189985028,0.5504467787694906,0.0,False,4618,True
186,209,14:56,full_observed_dense_eb,31.356811292141337,26.59482049621857,4.227157565081347,5.911014400649206,6.100405556134482,1.0250762549520485,0.7459420245195836,29.9392890454005,True,4619,True
95,98,00:07,full_observed_sparse_eb,18.280370716858464,14.307625573523321,5.002299296611897,4.560399654671401,4.568176995932719,1.076978485070463,0.1279469200937276,1.4888993452372041,True,4620,True
102,166,08:05,temporal_same_od_eb,71.24739036148374,61.00828416682157,17.85,0.5,1.0,0.1,0.1551123743650194,0.0,False,4621,True
29,194,02:54,spatial_neighbor_gravity_eb,61.153014587400065,65.60634805416515,16.74648719913025,1.0,16.371852352722748,1.4118496741275945,0.18597359789101972,0.0,False,4622,True
24,238,23:34,observed_dense_eb,9.453707831206389,6.058964251999975,0.9420724594177805,2.787506253259874,1.88192748431953,0.3020581481643749,0.9925399487875594,32.06605327747559,True,4623,True
79,61,13:27,temporal_same_od_eb,34.49855072705486,52.22854364435282,6.105054838031701,7.603484570662406,9.806077252294253,0.6377834169566086,0.19480109701928314,0.0,False,4624,True
185,190,08:08,spatial_neighbor_gravity_eb,67.84022874586529,83.08997275967505,16.60679738506252,1.4738339027719332,3.724359445968765,0.8463600629779372,0.14556320848690738,0.0,False,4625,True
147,209,14:09,global_od_time_adjusted,43.78737294883099,76.06889007185947,9.414285714285715,0.5,37.4057185470759,3.3668249440803444,0.28596491228070176,0.0,False,4626,True
168,135,00:59,global_od_time_adjusted,35.66557702090998,29.701066815702884,11.384,5.863426984281442,4.1417315352976996,1.6513582288528397,0.26363636363636367,0.0,False,4627,True
90,258,18:25,temporal_same_od_eb,66.56831340400534,57.45615540442914,11.477796190978546,5.96000297422255,10.319075391824105,1.051578647693178,0.22780433802270506,0.0,False,4628,True
220,245,13:45,spatial_gravity_time_fallback,148.10371801081834,132.44462832806235,20.12247997216241,51.836301303786406,39.733388498418705,5.030619993040602,0.10550000000000001,0.0,False,4629,True
257,210,04:46,global_od_time_adjusted,24.034843837644914,18.674896234204052,5.372,6.562230108735901,3.5526098963055404,0.6691307794444988,0.26363636363636367,0.0,False,4630,True
50,90,21:36,observed_dense_eb,15.557628208054751,11.303362586065237,2.03861448256755,3.474296527343286,2.456020166716563,0.33090407515117004,0.9831456529816058,30.585279456603985,True,4631,True
259,127,01:43,full_observed_sparse_eb,20.312460503550174,16.920643733416284,5.263037045601947,4.710294366823616,4.707117292629297,0.9572377780146805,0.1009113375278982,0.8810231668312474,True,4632,True
45,60,14:34,spatial_neighbor_gravity_eb,73.13768089383754,93.76096835016943,14.32872794979713,9.427949838995806,24.887795317265354,1.6674877988047028,0.2619619945715126,0.0,False,4633,True
238,184,16:21,global_od_time_adjusted,71.37610156418863,59.22808743077084,14.75,0.5,1.0,0.1,0.21372549019607845,0.0,False,4634,True
12,119,20:06,global_od_time_adjusted,63.5617551485237,42.66110283007545,11.5,0.5,1.0,0.1,0.21372549019607845,0.0,False,4635,True
84,98,02:15,spatial_gravity_time_fallback,156.01426308580506,112.57021695874911,25.82866596572471,54.60499208003177,33.77106508762473,6.4571664914311775,0.10550000000000001,0.0,False,4636,True
127,171,18:15,spatial_neighbor_gravity_eb,50.15508938780755,49.47684388728984,10.182647689412615,7.389106102375575,14.851772537092558,1.7430952958397432,0.1804204623857677,0.0,False,4637,True
118,239,03:47,global_od_time_adjusted,70.86822281773117,45.5152738566415,20.17,0.5,1.0,0.1,0.21372549019607845,0.0,False,4638,True
68,156,18:00,global_od_time_adjusted,100.18484830017782,74.68721733852874,18.75,28.64970895903657,15.028650828411923,1.7465752202524782,0.29655172413793107,0.0,False,4639,True
75,248,17:35,full_observed_sparse_eb,40.872552968752956,44.64520976777299,5.388565275956394,6.654131846820629,16.436882669894317,2.0445671388040236,0.17482056044867747,1.345227829689776,True,4640,True
134,69,15:51,global_od_time_adjusted,56.67650505264009,62.773122860562154,11.447826086956523,6.8508158828616414,19.5775514848598,2.7419002558868697,0.42054794520547945,0.0,False,4641,True
38,180,10:26,global_od_time_adjusted,36.17432183355537,33.95154913167586,8.073333333333332,3.5323408808841408,8.910126655353924,1.1404190263037361,0.30677966101694915,0.0,False,4642,True
167,24,23:23,full_observed_sparse_eb,25.771776338977748,28.248990172657344,4.9336811320276865,2.2483355188836125,7.8641906865824,0.7098637135816696,0.12221880311426882,0.5582034372633586,True,4643,True
181,155,15:37,temporal_same_od_eb,36.28476617931006,45.25885973265585,5.505153368953918,8.478702241099235,5.1374353452565344,0.12794822295421113,0.1711222860543392,0.0,False,4644,True
245,2,08:51,spatial_gravity_time_fallback,101.88156875944713,86.22426726106053,14.306936630974729,35.65854906580649,25.86728017831816,3.576734157743682,0.10550000000000001,0.0,False,4645,True
118,29,00:10,global_od_time_adjusted,2.5763010508253004,51.51103925477026,12.670000000000002,0.5,1.0,0.1,0.21372549019607845,0.0,False,4646,True
232,70,06:41,temporal_same_od_eb,31.796183979851083,26.355998702678974,10.618037252342893,2.197573893614944,2.0194428611408313,0.2014285684183349,0.1416534282041413,0.2839706207329975,True,4647,True
232,21,04:14,full_observed_sparse_eb,41.97997309568372,27.520098659117842,11.453730566470082,16.76761130171437,10.000629490701415,1.501916770799449,0.09547486468626605,0.93696528881771,True,4648,True
30,218,21:58,global_od_time_adjusted,50.30175417101761,29.210553557112746,9.68,0.5,1.0,0.1,0.21372549019607845,0.0,False,4649,True
89,165,13:13,observed_sparse_eb,13.728085700543392,14.621561964042264,1.787974870450372,3.13617024421975,3.1269667163042643,0.5291710880750791,0.8616029518661077,2.438237982600839,True,4650,True
137,113,23:09,observed_dense_eb,13.688043790919437,9.81560637734843,1.504035942861674,4.160511507130956,3.165102721473065,0.3072874412628577,0.9904367473880292,43.61762304304186,True,4651,True
142,234,05:17,full_observed_sparse_eb,16.825283692959662,11.385441680284021,2.8384613451188896,4.019160301422589,2.848500701840143,0.4152547483360256,0.30124942340543054,5.93197601366591,True,4652,True
26,5,13:26,spatial_gravity_time_fallback,88.52282287054913,77.35220348644752,11.81781796046454,30.982988004692196,23.205661045934253,2.954454490116135,0.10550000000000001,0.0,False,4653,True
161,247,02:24,temporal_same_od_eb,32.67274128441244,22.496789989620545,7.353754983195913,4.38688821487199,3.9814203381846336,0.676253591751909,0.1364548868881262,0.396407854274063,True,4654,True
233,102,02:10,temporal_same_od_eb,42.99375717943859,23.654928761175704,9.1,0.5,1.0,0.1,0.16004585903211485,0.0,False,4655,True
229,205,08:57,global_od_time_adjusted,62.09743690499903,54.57337977183896,15.23,10.583818592549655,18.384919268683056,0.686935222564689,0.26363636363636367,0.0,False,4656,True
261,77,17:35,temporal_same_od_eb,70.58026980756578,96.36479715470307,5.982517088023026,4.235729048367933,9.576032687221321,1.9292580625680502,0.18419396817981748,0.0,False,4657,True
53,220,20:22,global_od_time_adjusted,41.46746753869988,47.876121952658416,15.295,22.313387657413216,6.405692091212206,2.643345418215336,0.2518518518518519,0.0,False,4658,True
119,17,21:41,temporal_same_od_eb,52.206597261230826,39.98565562719777,13.22,0.5,1.0,0.1,0.15539322262517144,0.0,False,4659,True
6,84,06:56,spatial_neighbor_gravity_eb,36.02542756676331,24.42700122248369,9.351686099988969,1.0,2.0,0.25,0.12311545474470295,0.0,False,4660,True
240,26,05:42,spatial_neighbor_gravity_eb,66.51038847779527,66.02798727260131,19.939919784846595,1.8388732086806545,17.737947755150277,0.25,0.14764089347738082,0.0,False,4661,True
25,201,07:19,global_od_time_adjusted,53.458127660545344,52.53968601922836,18.34125,8.394530120113927,13.98146499406064,2.7902170054495787,0.29655172413793107,0.0,False,4662,True
220,17,18:51,global_od_time_adjusted,63.852395050572014,61.315090881620236,14.866666666666667,5.553145254918365,5.653122842749045,1.391242450313951,0.23962264150943396,0.0,False,4663,True
164,204,03:30,spatial_neighbor_gravity_eb,110.49123494683946,56.19651175688334,24.101069336483015,3.5562763992012094,2.0,0.25,0.1623903352057664,0.0,False,4664,True
10,257,05:19,spatial_neighbor_gravity_eb,61.52908031278564,40.943516529875396,15.576416880796522,23.1385702532842,10.510007260936133,4.752597524516213,0.27665219232581173,0.0,False,4665,True
205,130,23:59,observed_sparse_eb,16.4089347317668,13.69370223023225,2.8027781362724413,5.830805592063172,2.558501870925222,0.8818201117858211,0.9412178817992423,2.819115470550713,True,4666,True
203,30,02:10,spatial_neighbor_gravity_eb,46.68080324129052,29.8307157240923,10.831410722681596,6.991106134999717,4.985447834506385,2.5410471448527363,0.2590167663333397,0.0,False,4667,True
20,181,21:39,global_od_time_adjusted,54.802399721649664,81.14734751671747,15.905000000000001,12.03775311260367,14.065974163278515,1.2000312495931007,0.2518518518518519,0.0,False,4668,True
144,106,18:51,full_observed_sparse_eb,31.956091948351002,24.21962775251078,4.098944911162347,5.352152983317204,4.503482183514525,1.0203407903722166,0.12141203756945736,1.4026388959168372,True,4669,True
114,131,20:13,temporal_same_od_eb,64.13828921916357,46.6852640565,14.562023982893049,0.5,1.0,0.1,0.15500409571039478,0.0,False,4670,True
222,5,11:59,spatial_gravity_time_fallback,129.29134045654297,113.96384125286222,17.377592912208733,45.25196915979004,34.18915237585867,4.344398228052183,0.10550000000000001,0.0,False,4671,True
58,248,14:03,global_od_time_adjusted,23.950215460322575,20.296666045386736,3.61,3.162808175586278,5.4308902425234225,1.2870379429786314,0.23962264150943396,0.0,False,4672,True
3,49,14:54,global_od_time_adjusted,58.85068238100177,73.0805794744276,18.18,0.5,1.0,0.1,0.21372549019607845,0.0,False,4673,True
31,231,04:51,spatial_neighbor_gravity_eb,63.42951370688648,51.897467399589985,17.065046423970415,5.887700767493932,15.32276230936044,1.9964144963367878,0.3148978519660273,0.0,False,4674,True
205,33,15:16,global_od_time_adjusted,60.69447213485444,101.92914767887837,15.167333333333334,11.42339404711031,44.08509728608116,4.233580780169687,0.3615384615384616,0.0,False,4675,True
25,61,22:55,observed_sparse_eb,19.800847888800632,17.123811233438786,2.7940687716610757,4.663290933354367,4.062695517547096,0.7464748158804106,0.9465118869654238,16.82416469836373,True,4676,True
223,35,11:58,temporal_same_od_eb,88.29946648148612,57.71940046394708,14.68,0.5,1.0,0.1,0.15296218034991826,0.0,False,4677,True
68,77,13:48,temporal_same_od_eb,69.26145880487857,102.62062473489891,11.287536338647865,2.6610014705478005,4.90393895300569,0.6840444929674209,0.1556219858098209,0.18856082273074293,True,4678,True
197,196,21:22,full_observed_sparse_eb,19.264068744699106,17.22896091863078,4.0607242510120365,2.577277906996381,4.744769778091243,0.6632019405072411,0.13314359326179545,0.543978918503484,True,4679,True
244,158,13:01,full_observed_sparse_eb,42.671770524931006,47.92234191637125,8.546483414081582,7.124017095478159,6.076613930734162,1.0881909547091464,0.16814771212232177,1.8480603959053923,True,4680,True
65,41,11:31,temporal_same_od_eb,53.14175619251564,59.72204594544215,11.562004819729157,1.2288735530139567,2.145263894123059,0.7371427196002065,0.1783142090887531,0.08443332800274561,True,4681,True
134,73,11:02,temporal_same_od_eb,26.561446908157496,24.10644547069058,5.52469160805849,0.6926372329960024,1.2205626670950045,0.18235986362812268,0.15935228737486823,0.10838894857180037,True,4682,True
163,56,15:36,temporal_same_od_eb,55.30674559906248,67.63807975074086,8.27,0.5,1.0,0.1,0.1522184066946148,0.0,False,4683,True
114,122,05:56,spatial_neighbor_gravity_eb,57.302725228917275,35.322928837856395,14.071120294496655,6.024407366502908,3.4877310848649885,1.8731393848436995,0.20869158060073473,0.0,False,4684,True
250,11,21:40,spatial_neighbor_gravity_eb,73.62776721623125,84.41927266938185,19.23058075793172,1.0,2.0,0.25,0.13319209913934885,0.0,False,4685,True
106,223,08:03,global_od_time_adjusted,42.11013562821206,37.81545412879014,11.099,4.625159024293115,6.5671795427362145,1.1221047188208408,0.4,0.0,False,4686,True
231,199,14:06,spatial_neighbor_gravity_eb,61.65642152535034,50.57362655122412,10.703118585393938,14.467262646902997,17.47227904690764,2.2343934658793216,0.3892307692307692,0.0,False,4687,True
129,252,17:39,full_observed_sparse_eb,29.56632575305973,24.305664456271124,6.009399856654918,5.412866782513912,5.620087327493572,1.2730907405848169,0.09090909090909091,1.0,True,4688,True
185,191,10:35,global_od_time_adjusted,53.647778038885434,53.99631386265709,12.3,0.5,1.0,0.1,0.21372549019607845,0.0,False,4689,True
133,222,05:58,global_od_time_adjusted,31.153377889588796,29.862730922715887,8.7125,3.4978741311688273,7.452673396499178,10.502280407130634,0.29655172413793107,0.0,False,4690,True
55,174,12:07,full_observed_sparse_eb,89.88462477434517,126.72944177920459,25.157567428878714,3.141540325601402,36.3783606706244,7.12192028666826,0.1239578557275229,1.4362436956033022,True,4691,True
226,68,20:12,full_observed_sparse_eb,33.592238290645696,27.91871989773324,5.367382241072734,13.813472658582775,7.2706465794449375,1.4445034356507622,0.14915429184773105,1.7688366523900498,True,4692,True
161,102,20:53,full_observed_sparse_eb,46.03059271816899,39.25968215755752,8.728549086136004,12.308002741663705,10.38536666388616,2.241613282917127,0.16666666666666666,2.0,True,4693,True
12,156,02:40,global_od_time_adjusted,60.513092797967644,46.86602582596281,18.43,0.5,1.0,0.1,0.21372549019607845,0.0,False,4694,True
65,231,16:01,observed_sparse_eb,17.10533439569663,13.033395649798635,2.216295273463657,6.331433236683047,5.729902919728508,0.2773653195773406,0.913051351442342,7.75762210983099,True,4695,True
260,188,18:29,temporal_same_od_eb,55.81057074458329,48.76669741422839,4.522800316211749,0.5,1.0,0.1,0.1733657017513875,0.0,False,4696,True
172,147,11:09,spatial_gravity_time_fallback,148.36043212815508,131.29566721659899,20.241896078975877,51.926151244854275,39.388700164979696,5.060474019743969,0.10550000000000001,0.0,False,4697,True
183,42,07:17,temporal_eb,33.162452352519445,33.06446146918221,8.42575577461309,5.123645234052497,15.981826893370899,6.127035047843994,0.465488026195856,0.0,False,4698,True
232,1,05:02,global_od_time_adjusted,73.45424035617359,25.91144254637326,14.19818181818182,12.694852213683738,8.037403560491045,4.563061807366981,0.41388888888888886,0.0,False,4699,True
187,178,07:20,spatial_neighbor_gravity_eb,42.543485601019775,38.63713124442248,10.83333164450689,1.0,2.0,0.25,0.13775242322544637,0.0,False,4700,True
170,38,05:29,global_od_time_adjusted,59.54889721631225,28.7932309962926,14.950000000000001,15.361312403242085,11.743153316068208,5.7845872800053755,0.2518518518518519,0.0,False,4701,True
191,57,18:17,global_od_time_adjusted,33.17297208616681,31.18037929239918,7.946666666666667,2.8018842866105995,1.8220990470402663,1.336521189090879,0.23962264150943396,0.0,False,4702,True
103,232,00:05,spatial_neighbor_gravity_eb,18.27670204961592,13.594992258701627,2.878514026021593,4.421411006475268,2.9978316637231566,0.795739663354468,0.3892307692307692,0.0,False,4703,True
20,262,10:53,global_od_time_adjusted,43.774743420251454,34.151670652838874,8.382857142857143,8.566337535698125,10.132535481554795,0.617615559706714,0.28596491228070176,0.0,False,4704,True
47,131,21:15,temporal_same_od_eb,42.36110954086262,38.138515704425075,12.215329327966277,0.5,3.531171266315411,0.1,0.15918572724768745,0.0,False,4705,True
46,79,04:54,spatial_neighbor_gravity_eb,55.16848745545606,38.621064451507294,15.533163962837122,5.709573586184764,7.936821509499431,1.5744173259172314,0.17963154904801748,0.0,False,4706,True
18,191,18:17,global_od_time_adjusted,59.39380440752854,45.119132973844046,9.703333333333333,7.939338063647931,8.8216008115828,6.861595214590328,0.23962264150943396,0.0,False,4707,True
5,123,16:20,spatial_gravity_time_fallback,93.50787397579548,82.60989806340066,12.236393118810279,32.72775589152842,24.782969419020198,3.0590982797025696,0.10550000000000001,0.0,False,4708,True
105,5,18:41,spatial_gravity_time_fallback,97.58061773919879,81.97965424348237,12.944681202453163,34.15321620871957,24.593896273044713,3.2361703006132907,0.10550000000000001,0.0,False,4709,True
168,247,06:11,observed_sparse_eb,14.439568739299025,9.97226681432942,2.002114623978149,10.92887706761058,0.751549918894662,0.2273861069491374,0.8571494137911342,2.248283947710643,True,4710,True
45,195,15:11,temporal_same_od_eb,35.13933483183005,31.569619927999476,4.535816641868466,1.8584752852558788,3.1564855974893757,0.21687922713901386,0.15519952521276567,0.0,False,4711,True
220,84,04:54,spatial_gravity_time_fallback,152.21908187879234,87.76627442565565,28.41311556494935,53.27667865757732,26.329882327696694,7.103278891237338,0.10550000000000001,0.0,False,4712,True
169,98,03:18,global_od_time_adjusted,37.8497602798326,31.596184895782137,13.235,7.224999999999965,2.354260865776933,0.7550000000000101,0.22692307692307692,0.0,False,4713,True
3,223,05:14,global_od_time_adjusted,25.06447444435845,18.46800756016578,9.995,0.7300000000002614,1.0,0.29499999999999493,0.22692307692307695,0.0,False,4714,True
4,157,22:02,full_observed_sparse_eb,33.90596532903033,22.890742336314695,6.8606491325234416,6.247087784284798,3.166767999111217,0.8413618336131938,0.10575555003104964,0.8482854419757899,True,4715,True
133,32,20:54,spatial_neighbor_gravity_eb,76.63444091569666,81.74044973428255,18.937812540301763,8.784566512235127,14.116911365429957,1.3007921191750145,0.16542502662475694,0.0,False,4716,True
103,239,11:19,spatial_eb,40.496147601308564,41.2022783527407,7.156207257785854,15.38906541925939,14.54198059508495,1.843932307317079,0.3333333333333333,0.0,False,4717,True
237,196,14:53,temporal_same_od_eb,43.25085767293373,49.89983587183577,7.244175491288178,3.2000695490438997,5.036888331015092,0.6210654916375831,0.14484637226839847,0.4500721451899139,True,4718,True
10,50,22:57,full_observed_sparse_eb,78.77383050226463,49.17882516279553,14.369250008944098,12.23905841263954,12.986584048804193,2.2717997136566512,0.10413618300382607,0.8210331178941459,True,4719,True
153,250,09:33,global_od_time_adjusted,38.84205742683338,34.1205658031359,9.370000000000001,6.649999999999989,3.809886939898529,2.1799999999999953,0.22692307692307692,0.0,False,4720,True
93,184,17:04,global_od_time_adjusted,35.941058453760405,54.75324537778479,13.43,0.5,1.0,0.1,0.21372549019607845,0.0,False,4721,True
176,47,01:45,spatial_gravity_time_fallback,138.78525150816984,104.59672135223867,22.6170557647275,48.574838027859435,31.3790164056716,5.654263941181875,0.10550000000000001,0.0,False,4722,True
14,51,23:15,global_od_time_adjusted,64.572159852105,89.61180828908455,19.47153846153846,8.082098415195084,30.481754064839357,8.877802782700273,0.34444444444444444,0.0,False,4723,True
119,123,21:01,global_od_time_adjusted,64.94980560216487,52.28514664704323,13.87,6.972895142382897,14.303705455475692,9.899659926819036,0.23962264150943396,0.0,False,4724,True
101,26,00:19,global_od_time_adjusted,83.24007008860401,69.43425360145282,26.52,0.5,1.0,0.1,0.21372549019607845,0.0,False,4725,True
58,117,23:40,spatial_neighbor_gravity_eb,68.77032364998493,76.83683419107311,19.332095863368743,1.0,15.923971388482798,7.672131385736301,0.14406112427233098,0.0,False,4726,True
184,230,00:25,spatial_neighbor_gravity_eb,66.58881324550369,67.96123254702775,16.602402404987693,8.746573752275173,18.020421963583207,2.210455771985297,0.31412089574018687,0.0,False,4727,True
92,71,08:23,global_od_time_adjusted,49.71088190247434,54.3351740043658,12.132941176470588,6.79408051937909,23.063905562748246,1.4623863041009888,0.3776119402985074,0.0,False,4728,True
222,119,15:33,global_od_time_adjusted,65.31753589975129,73.66901862270083,15.400000000000002,3.651491323951032,16.34946417514255,4.8928519290900265,0.275,0.0,False,4729,True
33,143,08:07,full_observed_sparse_eb,40.3826765912619,39.90097530597696,7.830360378995525,7.660549212624861,12.841604338958605,0.9800675852741364,0.12685225140486633,1.4744497185442356,True,4730,True
95,104,11:21,spatial_neighbor_gravity_eb,55.72460351868173,61.644852686329216,11.364823354171577,7.223511094656487,21.496318539651618,0.9619003870311413,0.2482203513089517,0.0,False,4731,True
71,21,11:53,full_observed_sparse_eb,28.761234130182135,33.51340548939826,4.356247680249701,5.685527072311827,8.403953574655292,1.5681466380917024,0.09090909090909091,1.0,True,4732,True
21,231,14:39,temporal_same_od_eb,46.650590092854884,71.95675527442721,7.723859225446885,0.5,1.0,0.1,0.15685954918380696,0.0,False,4733,True
226,59,17:53,spatial_neighbor_gravity_eb,46.269115479896826,47.322225030639245,9.045390020446717,7.349519884605304,20.78767852412831,2.497512013852548,0.36271920134892444,0.0,False,4734,True
17,115,23:35,global_od_time_adjusted,2.593714337933233,52.48238674951045,13.57,0.5,1.0,0.1,0.21372549019607845,0.0,False,4735,True
95,20,12:35,temporal_same_od_eb,52.59451831862431,53.217669464479286,13.60641685611056,0.5,1.0,0.1,0.15722256360047773,0.0,False,4736,True
221,89,14:07,global_od_time_adjusted,45.244506374620926,47.593779996279366,12.16,1.7850000000001056,8.072355062679225,0.3600000000000147,0.22692307692307692,0.0,False,4737,True
45,20,15:52,global_od_time_adjusted,72.94193317885184,80.66631379556489,12.93,12.352565185687839,24.622512835837412,3.6546500060425315,0.23962264150943396,0.0,False,4738,True
112,247,16:08,global_od_time_adjusted,56.208549379719145,48.538815858531194,10.280000000000001,9.695034720146797,13.908731560444872,1.0301082840765106,0.34444444444444444,0.0,False,4739,True
185,12,22:32,spatial_neighbor_gravity_eb,84.06256631242488,94.83636859711997,17.124078595247006,8.61628313659164,21.493269914969925,3.067918599576266,0.15558640588226483,0.0,False,4740,True
259,8,06:18,spatial_neighbor_gravity_eb,39.16719175182068,30.400451700642193,10.808271106953514,6.860630379142585,9.373314592317326,1.5602120869291958,0.27267231330121594,0.0,False,4741,True
140,79,23:00,full_observed_dense_eb,22.016702746393673,16.165658315531086,4.065158554659037,4.387348166421206,4.490379736396288,0.781800183876231,0.7722254413172414,33.91830184644691,True,4742,True
81,123,16:53,global_od_time_adjusted,88.2856652930877,137.1120557369238,20.9,0.5,1.0,0.1,0.21372549019607845,0.0,False,4743,True
25,252,01:35,temporal_same_od_eb,43.976810439967714,44.09570661591437,16.53,0.5,1.0,0.1,0.15262588937364935,0.0,False,4744,True
140,47,06:18,global_od_time_adjusted,28.356600501402347,26.73303352884527,6.812432432432432,5.746412505529934,9.287246039045211,2.4311919058915255,0.49770114942528737,0.0,False,4745,True
262,192,05:10,global_od_time_adjusted,34.95427949704606,27.841878733637657,10.5775,6.786426595602459,12.55562736359615,3.872230461891439,0.29655172413793107,0.0,False,4746,True
18,139,19:45,global_od_time_adjusted,61.0690975954825,73.33497211943903,21.276666666666667,5.751065601743331,24.028610765691525,2.3254581388525413,0.23962264150943396,0.0,False,4747,True
242,99,11:35,spatial_gravity_time_fallback,188.76622990569746,169.35425562721048,25.649564928510802,66.06818046699411,50.80627668816314,6.412391232127701,0.10550000000000001,0.0,False,4748,True
173,9,06:52,global_od_time_adjusted,19.012464255590615,15.931401762123276,5.979090909090909,8.60938263881259,3.805027016681161,1.0033258742389526,0.3262295081967213,0.0,False,4749,True
107,71,18:09,temporal_same_od_eb,40.7276336484976,86.03215307499579,8.15943250924786,2.1609342110377296,15.145441074075363,0.4739115896896675,0.1997232178980276,0.0,False,4750,True
3,30,00:10,spatial_neighbor_gravity_eb,71.78892648494895,79.14267943786356,19.999467009203165,1.0,9.736936986106747,2.399444389601053,0.1372067873037844,0.0,False,4751,True
41,162,06:09,full_observed_sparse_eb,20.237852224340457,16.37318221911869,4.189958849991316,6.11111798123358,3.8727743000058727,0.6795384728541924,0.2639054895802876,3.6030799103612345,True,4752,True
96,117,03:10,global_od_time_adjusted,36.32805889822062,24.574526898850287,10.11,0.5,1.0,0.1,0.21372549019607845,0.0,False,4753,True
32,66,16:39,spatial_neighbor_gravity_eb,63.093989499437,82.27545649356554,13.336161141321636,5.340064596575041,28.266171083709573,2.9973299651606604,0.23549571918171258,0.0,False,4754,True
172,234,09:42,spatial_neighbor_gravity_eb,66.8267788209734,61.64523737286614,16.18211923699196,1.0,2.0,0.25,0.14992374990445417,0.0,False,4755,True
238,53,08:46,global_od_time_adjusted,66.714647246922,48.910389832620986,12.989240815462823,8.625167167472885,8.631300801293456,0.6284852448571994,0.40148285297133957,0.0,False,4756,True
206,84,08:54,spatial_neighbor_gravity_eb,41.32424731163482,32.784444288879584,8.932066363780752,1.0,2.0,0.25,0.12836724683641482,0.0,False,4757,True
230,189,05:16,full_observed_sparse_eb,37.123712413158074,24.033696149774382,8.110447113737179,7.115128826625431,4.916982407513621,1.1838425122305936,0.09800128302421708,0.9262150473022963,True,4758,True
89,94,19:45,global_od_time_adjusted,71.29476179385301,70.99655924360482,21.043333333333333,8.215502960189928,17.41748304787116,2.512851412682844,0.23962264150943396,0.0,False,4759,True
95,192,18:17,full_observed_sparse_eb,20.506550408772657,15.899878570570884,3.322425337364868,7.214054594375929,4.832945644034393,0.8716694059604913,0.10230248212328476,1.1503927640273588,True,4760,True
76,27,15:35,global_od_time_adjusted,39.93992946447615,46.979584946318525,11.445,0.6500000000000979,13.78103837662035,2.505,0.22692307692307692,0.0,False,4761,True
232,73,06:50,global_od_time_adjusted,32.26724558433874,35.63005256513787,13.495555555555555,13.515782544040047,12.529839801217728,3.050767157112058,0.30677966101694915,0.0,False,4762,True
144,94,16:58,global_od_time_adjusted,68.4341620011413,54.01745742625738,13.266666666666666,3.3920298740822443,4.9560029031724575,0.18926759422108327,0.23962264150943396,0.0,False,4763,True
107,15,19:06,full_observed_sparse_eb,68.27196869199737,55.76421347096948,15.531861194533775,10.491847972259697,4.302451589908419,1.0161388888598375,0.12137560645517914,0.5701013871153293,True,4764,True
227,150,11:13,full_observed_sparse_eb,31.419801175128875,49.54755801568068,9.238513921139305,8.60839910753758,7.358974489391869,2.5742418539950003,0.10114931755035317,0.8666003384712724,True,4765,True
196,155,08:22,temporal_same_od_eb,53.598609018298724,49.1334147249824,13.89,0.5,1.0,0.1,0.1544783158305249,0.0,False,4766,True
245,14,21:13,temporal_same_od_eb,29.576301884746893,31.454198567954606,7.1,0.5,1.0,0.1,0.1567110865725737,0.0,False,4767,True
95,78,16:32,global_od_time_adjusted,55.28520610478971,51.08630348300618,12.752857142857142,10.065300668684475,9.164304505401745,1.2867091389134093,0.28596491228070176,0.0,False,4768,True
83,205,11:14,full_observed_sparse_eb,46.094214914926845,46.295499434557996,11.93869916001301,4.587148310250594,6.149457835875173,1.8905141423179423,0.09747778770854004,0.914429439852384,True,4769,True
102,39,15:41,global_od_time_adjusted,34.45449735857708,35.622419865259026,6.498666666666667,3.3529427207885503,6.814910433718916,1.2198079994636648,0.3615384615384616,0.0,False,4770,True
172,25,20:12,global_od_time_adjusted,73.12728490348216,45.393047441910596,14.32,0.5,1.0,0.1,0.21372549019607845,0.0,False,4771,True
263,13,00:04,full_observed_sparse_eb,35.70308051565512,31.274114465338265,8.402799948538394,7.44059438804328,4.572242617659046,0.7238323036495762,0.4468802367212393,8.185159196325674,True,4772,True
187,233,10:50,spatial_neighbor_gravity_eb,74.70293755220183,61.68490842243395,16.188717426801063,9.19182400424333,10.048775615984736,0.6991029515361387,0.136454512720855,0.0,False,4773,True
253,30,00:11,spatial_neighbor_gravity_eb,78.398811336726,46.8673443764182,17.86272895505489,1.0,2.0,0.25,0.12770558205915955,0.0,False,4774,True
57,95,20:05,spatial_eb,15.532310226477716,12.84476970164098,2.5409087364657226,1.8317707280115485,3.677716682943368,0.5279545434978292,0.375,0.0,False,4775,True
128,169,13:12,temporal_same_od_eb,23.37537057682553,25.647635494305785,2.5,0.5,1.0,0.1,0.15709743980366186,0.0,False,4776,True
199,84,03:47,spatial_neighbor_gravity_eb,116.85765880086028,84.29757677199103,28.93708111171,17.995183687593094,12.160886348445896,2.1697644986092883,0.1715003771405043,0.0,False,4777,True
166,222,09:10,temporal_same_od_eb,64.0652523058622,65.133174693401,18.1,0.5,1.0,0.1,0.15418460870740255,0.0,False,4778,True
55,237,07:33,full_observed_sparse_eb,53.76656217727046,89.34233646414101,15.143290918070061,7.375501027613193,26.262541395445588,2.3203736547439857,0.11413331577584931,0.7768853837842791,True,4779,True
96,152,13:50,global_od_time_adjusted,56.901970559765516,79.02622344727286,20.21,0.5,1.0,0.1,0.21372549019607845,0.0,False,4780,True
146,189,22:27,full_observed_sparse_eb,38.19664913396508,34.237909759935555,7.236673225171837,5.837310010121941,6.440212686569452,0.8086779107092377,0.09090909090909091,1.0,True,4781,True
67,113,13:18,temporal_same_od_eb,63.961264468790354,61.789750878139365,9.27,0.5,1.0,0.1,0.1518808609822855,0.0,False,4782,True
214,1,17:34,spatial_neighbor_gravity_eb,80.1730761699296,48.71889111837652,12.043535647229135,6.091426356649541,5.747213016560519,0.259053710171513,0.15877047929095248,0.0,False,4783,True
90,209,17:00,full_observed_sparse_eb,26.834745080327693,23.497938653267163,3.2670253802112,5.420455569721342,6.7096239888630755,0.8847728192179264,0.44586005133633216,8.061154217729552,True,4784,True
233,205,05:54,global_od_time_adjusted,36.827067529017164,29.575556922118746,14.443999999999999,4.83272759422671,4.927390960009551,1.5425511336743654,0.26363636363636367,0.0,False,4785,True
51,56,16:23,temporal_same_od_eb,45.52752299296387,51.08193523563443,12.73431221097594,2.598882308911534,8.674404776669718,0.6471737241825225,0.1313861176228474,0.4523325901117943,True,4786,True
214,224,11:10,spatial_neighbor_gravity_eb,59.15419121731519,53.88308944242321,13.415829658493177,1.0,2.0,0.25,0.12861303970424218,0.0,False,4787,True
54,236,14:27,temporal_same_od_eb,55.510664709499906,41.8769556146186,9.953350260523806,1.8896483205762271,3.3637449593998525,0.33872790801463076,0.14748608957985693,0.218902436953627,True,4788,True
192,43,17:26,spatial_neighbor_gravity_eb,59.15213057466876,48.849397661535725,10.06293017617024,7.9694711483895055,9.020939690058555,1.231141631081314,0.22173081095327424,0.0,False,4789,True
259,26,02:24,global_od_time_adjusted,58.83814329951011,101.4651010145723,9.0,0.5,1.649953692662607,1.9,0.22692307692307692,0.0,False,4790,True
83,241,19:58,temporal_same_od_eb,43.59105112791178,35.9309426700169,11.084719058952516,0.8829673968170928,2.149143575561985,0.5912977813016932,0.1526330890090222,0.16485411820416118,True,4791,True
234,71,00:28,full_observed_sparse_eb,45.605204348624014,39.88262414496311,9.908166009571877,7.267337454123202,10.377187902817221,1.4520434646049734,0.10373282083576604,0.8618751673616991,True,4792,True
47,158,18:30,global_od_time_adjusted,50.7804979091324,49.73848793099115,11.7,0.5,1.0,0.1,0.21372549019607845,0.0,False,4793,True
149,87,06:59,full_observed_sparse_eb,30.323275716491086,44.32970743681575,8.709424674718447,1.0666406198700769,11.968944387892467,0.48223002679838023,0.09639977213901661,0.9225235901701261,True,4794,True
201,214,23:49,spatial_gravity_time_fallback,79.5792703098611,56.62560279359712,12.74865489183523,27.85274460845138,16.987680838079136,3.1871637229588075,0.10550000000000001,0.0,False,4795,True
90,210,10:41,temporal_same_od_eb,93.22220962921743,76.27589394026273,20.13,0.5,1.0,0.1,0.15539808763925247,0.0,False,4796,True
109,128,18:29,spatial_gravity_time_fallback,186.83514502961972,161.90530957775476,25.111527265675072,65.3923007603669,48.57159287332642,6.277881816418768,0.10550000000000001,0.0,False,4797,True
254,245,23:29,spatial_gravity_time_fallback,133.12640392468091,97.79634275411155,21.596708741713467,46.59424137363831,29.338902826233465,5.399177185428367,0.10550000000000001,0.0,False,4798,True
17,46,15:02,global_od_time_adjusted,71.63456347697799,78.06932452025515,19.38,1.1904714285615703,20.895846604950282,0.46847269575363326,0.23962264150943396,0.0,False,4799,True
249,135,19:17,temporal_same_od_eb,83.5158980311361,58.70670229842772,13.20983515445421,1.7398196593724602,2.5518111534734125,0.15445307777563624,0.15425681754346107,0.10613014578854063,True,4800,True
151,112,08:06,full_observed_sparse_eb,41.915998244781356,41.62917408667607,7.932645377631555,11.696413814580076,9.706497854902508,2.055290927177839,0.09090909090909091,1.0,True,4801,True
177,142,17:44,temporal_same_od_eb,60.24371915261177,58.267242273637464,8.36234481193871,1.2000483987907824,2.1900115807735303,0.28648819378847146,0.1571032853233876,0.06596498320668331,True,4802,True
126,223,21:25,temporal_same_od_eb,23.82035693152906,19.46534205228633,6.383174285136528,1.2445794081952708,1.7078177873800087,0.4146243543100751,0.14374768358465576,0.311670471220566,True,4803,True
144,114,05:39,observed_sparse_eb,9.859867702842726,5.02994280348844,0.7825463099714556,2.6140676455805867,1.341602268203906,0.11457323270685812,0.9903984867776767,3.403067024838947,True,4804,True
103,194,05:44,spatial_neighbor_gravity_eb,40.765057336251786,29.669248613691828,10.404870147152085,6.741770291745846,2.0,0.42679685513781024,0.13239877113948673,0.0,False,4805,True
89,67,15:51,full_observed_sparse_eb,28.272320317564372,33.28102391541412,3.861706820939073,5.489202643081407,12.747755456853147,2.1481479871745655,0.2127765012311221,2.8767581189592804,True,4806,True
12,206,07:59,global_od_time_adjusted,57.01440795988331,49.64716506753986,14.7,0.5,1.0,0.1,0.21372549019607845,0.0,False,4807,True
258,131,23:57,temporal_same_od_eb,22.86299085715691,20.16838872865024,7.4,0.5,1.0,0.1,0.15190963120068202,0.0,False,4808,True
114,186,23:42,observed_dense_eb,14.652077906131074,10.40041872337012,1.7711227413671091,3.927426087681429,3.3665505407514966,0.39058856609370984,0.995,204.8449334871791,True,4809,True
105,115,06:13,spatial_neighbor_gravity_eb,39.76941082290541,22.94616977496836,10.433721942131617,12.192224407383591,6.132479511180422,1.3735559690089243,0.1509686242900149,0.0,False,4810,True
213,87,23:45,global_od_time_adjusted,42.28810101955772,35.96812041313184,12.267777777777777,5.569689797865238,6.9891594148815495,0.7517945608531743,0.30677966101694915,0.0,False,4811,True
198,196,22:20,full_observed_sparse_eb,17.7589410648917,16.72202464473355,3.653062905817662,2.5364112983672493,3.26537161719024,0.4663767315455571,0.11847466706556747,0.6709365571371961,True,4812,True
43,204,13:07,global_od_time_adjusted,158.1331494932479,147.29218623920116,37.8,0.5,1.0,0.1,0.21372549019607845,0.0,False,4813,True
76,85,11:22,observed_sparse_eb,27.149283250545544,33.365848264746774,4.857040061200352,3.41963393419223,9.487911331039573,1.2085679197798884,0.8817355980734282,4.129711491670193,True,4814,True
104,178,04:02,spatial_neighbor_gravity_eb,34.491251590376265,24.34041206153387,7.416841246548463,13.638814097280125,9.774934031525031,1.2661691257060086,0.22996914449566117,0.0,False,4815,True
199,21,13:03,spatial_neighbor_gravity_eb,110.51393599465675,104.83104472455443,21.757226087994844,12.892748501843837,21.38344802595836,2.651871415581321,0.3230356453643094,0.0,False,4816,True
1,70,16:07,global_od_time_adjusted,168.19086214336932,127.83577579198854,31.67,0.5,1.0,0.1,0.21372549019607845,0.0,False,4817,True
16,85,20:10,spatial_neighbor_gravity_eb,71.62807328796721,87.98412858367647,16.795532691906715,3.5346802680577647,18.259866464791113,2.4957017317109162,0.23992988245643615,0.0,False,4818,True
207,34,15:57,spatial_neighbor_gravity_eb,47.48883549945915,50.644836815591646,7.74887189519118,6.117291565532229,10.179768461102798,1.3649832446447259,0.3122016690486653,0.0,False,4819,True
144,251,05:29,spatial_neighbor_gravity_eb,59.51848479825563,30.72706521962147,13.959531566576157,23.88914013188539,9.26334568619045,1.5286281681746032,0.20906921935726697,0.0,False,4820,True
49,104,05:54,spatial_neighbor_gravity_eb,22.72278604049037,15.597035692351426,4.370744260932928,7.776151874409045,3.77003833855387,2.3580737113243395,0.2956605262001458,0.0,False,4821,True
254,180,06:24,temporal_same_od_eb,42.16666723888822,37.66463010392097,16.331002370540265,4.736448287697055,1.8349020986496474,0.4643903117562626,0.1862045340410465,0.0,False,4822,True
181,59,04:46,spatial_neighbor_gravity_eb,49.609568602132626,39.002407120611075,13.915460251820589,7.835088886655759,15.570766889106022,2.6898784509957,0.29318092439283727,0.0,False,4823,True
145,27,23:04,global_od_time_adjusted,86.32411210120915,72.85937655947315,25.94,0.5,1.0,0.1,0.21372549019607845,0.0,False,4824,True
55,85,21:56,full_observed_sparse_eb,31.624712364085134,35.31577234846257,6.8963814569930015,5.377431835501062,10.860140292695936,1.2456704243663197,0.11063478332610376,0.7430329636215021,True,4825,True
152,247,08:48,full_observed_sparse_eb,19.912363723531627,22.100633356863636,2.875598124460295,4.992138599734016,12.326863832251096,1.4991276768618285,0.09090909090909091,1.0,True,4826,True
53,194,12:26,spatial_neighbor_gravity_eb,36.670862184351854,27.29580020611849,5.8394851918865065,19.748871646433898,14.610144061387013,2.946991851153195,0.35976144357859685,0.0,False,4827,True
259,186,12:21,temporal_same_od_eb,65.54435144998469,74.51826756373143,15.975709558542825,1.8793746921170122,8.574279745069212,1.34775945308696,0.1393489307665885,0.39260971308240755,True,4828,True
115,142,21:17,global_od_time_adjusted,59.15960128738803,51.93908306715028,17.189999999999998,1.0449999999999624,1.0,0.2200000000001635,0.2269230769230769,0.0,False,4829,True
39,151,23:08,global_od_time_adjusted,72.8468038813676,81.20893595138679,18.49,16.268620784265092,6.3588763826341355,3.597248948849655,0.23962264150943396,0.0,False,4830,True
81,122,01:12,global_od_time_adjusted,39.529233312804024,55.561018050931295,13.8,0.5,1.0,0.1,0.21372549019607845,0.0,False,4831,True
43,110,13:10,spatial_neighbor_gravity_eb,108.81967423816491,98.34980329504063,22.250354714055604,11.828763299946587,9.89365865125471,2.9020878903595677,0.1303962926788458,0.0,False,4832,True
163,20,20:59,temporal_same_od_eb,54.642427400639036,36.72535396498965,11.682583787542344,0.5,1.0,0.1,0.160022796918183,0.0,False,4833,True
248,41,05:00,temporal_eb,27.956020873260304,20.65187860825806,6.687461384288113,4.777253357508172,11.887188932446422,6.141289892892568,0.6900601368707734,0.011596025160809376,True,4834,True
62,190,03:05,global_od_time_adjusted,12.663190879189377,10.247466606620497,1.685,5.90682325260372,5.028653269415319,0.5661603129856418,0.3696969696969697,0.0,False,4835,True
22,200,05:56,global_od_time_adjusted,52.843294777867776,54.47635399813169,24.75,0.5,4.880910570613175,1.4499999999999875,0.2269230769230769,0.0,False,4836,True
174,3,07:14,temporal_same_od_eb,14.518485361841352,13.141962654329035,2.977875748173866,0.7098076918615294,1.1626164136684252,0.4492113966954249,0.15772728140245834,0.05716006922063244,True,4837,True
63,208,12:35,temporal_same_od_eb,55.3965489026219,55.49782407543218,14.19,0.5,1.0,0.1,0.15214506632418529,0.0,False,4838,True
236,36,13:25,full_observed_sparse_eb,58.44197262355778,50.53722318226306,9.805610333420868,11.36047485738624,12.53874142517699,2.219795020644426,0.09090909090909091,1.0,True,4839,True
145,119,05:18,temporal_same_od_eb,22.971251081673604,14.32702479098271,7.700000000000001,0.5,1.0,0.1,0.15365775508071952,0.0,False,4840,True
140,140,08:43,observed_dense_eb,8.844033003545574,5.77158330762534,0.6831977027097681,5.6982042215513085,4.429123782462975,1.0566244396368727,0.995,250.2699823023487,True,4841,True
23,105,08:16,spatial_neighbor_gravity_eb,36.54499096029804,41.7657491910257,10.754639858861234,1.0,2.0,0.25,0.12744317734584953,0.0,False,4842,True
104,138,10:59,spatial_neighbor_gravity_eb,67.42371625970247,54.93795845494957,11.954262773592752,9.857519666500833,14.801320705908372,1.8615128530649436,0.3892307692307692,0.0,False,4843,True
198,1,17:07,spatial_neighbor_gravity_eb,113.68879675802074,83.40689184312541,16.445089320083817,19.811424590204158,15.163140616869002,5.004637304243075,0.1729352475475478,0.0,False,4844,True
25,252,07:47,temporal_same_od_eb,56.146620252346096,43.81441493896414,13.4,0.5,1.0,0.1,0.1518247729847072,0.0,False,4845,True
124,71,00:58,temporal_same_od_eb,28.095594344935275,21.449281056001354,7.664851455431703,1.4401430919008409,2.3273443698251675,0.3762013326741538,0.1511089806510477,0.15054778559341342,True,4846,True
162,242,09:35,temporal_same_od_eb,57.98083433518225,49.95822967029085,11.860874100197917,5.458095194023767,5.397292032896333,0.4453812473894826,0.13594380840589285,0.3645363693054833,True,4847,True
8,83,10:44,spatial_neighbor_gravity_eb,25.50659021426263,25.703410902671656,4.0256038407510095,4.5187617669115685,5.93498825222126,0.9642361672852431,0.3892307692307692,0.0,False,4848,True
132,204,10:16,temporal_same_od_eb,138.06121362870292,127.29910625865175,34.49710019929363,0.5,1.0,0.1,0.160535077370876,0.0,False,4849,True
228,258,00:33,full_observed_sparse_eb,52.47566032325284,49.45887222362554,18.975531977742833,4.96800545811343,13.113597931581033,2.7593617602935674,0.10821537663676607,0.8032464892415092,True,4850,True
47,82,06:39,spatial_neighbor_gravity_eb,34.45196836096621,27.56837595343963,9.064590804014923,3.8361733239035756,6.875845425103355,1.063287952761649,0.2374365522924955,0.0,False,4851,True
89,176,01:31,spatial_neighbor_gravity_eb,52.16009494130194,34.13620591073342,12.121339801897998,1.0,2.0,0.25,0.12646251501184605,0.0,False,4852,True
64,81,09:03,spatial_neighbor_gravity_eb,49.95840619945062,46.29961479009503,11.621226997743396,2.9694508306959095,6.918119392391107,0.4135954374592285,0.16864947409656156,0.0,False,4853,True
75,199,13:30,spatial_neighbor_gravity_eb,34.91187894886407,24.622493771559377,5.627651721552995,8.320685380278501,10.723135808745688,0.9966132089758346,0.3892307692307692,0.0,False,4854,True
80,124,11:44,temporal_same_od_eb,53.538407113076524,48.89884146075816,10.7,0.5,1.0,0.1,0.16128654581457683,0.0,False,4855,True
234,4,12:45,full_observed_dense_eb,16.813711186605726,14.485574386862018,1.7047922858705213,3.525499136946307,3.4630529878533625,0.3698170298686377,0.8063296734876246,41.70240068969723,True,4856,True
91,153,07:24,global_od_time_adjusted,59.889191099383254,95.21692404439582,14.650000000000002,0.5,15.497076964076532,9.350000000000001,0.22692307692307695,0.0,False,4857,True
76,13,06:28,global_od_time_adjusted,56.711137090373576,43.2282881969824,17.938,14.668616021970164,9.969626120435791,8.027712999354176,0.26363636363636367,0.0,False,4858,True
93,104,14:07,spatial_neighbor_gravity_eb,74.58903655593298,53.18796665431266,12.283385694275168,7.653926370751713,8.432033658877826,0.6500170937923084,0.14927739893203765,0.0,False,4859,True
85,60,05:56,global_od_time_adjusted,42.3363232423071,49.18415315129858,16.96,3.29232805169827,12.213123816376921,2.782516846310174,0.26363636363636367,0.0,False,4860,True
219,27,03:35,spatial_neighbor_gravity_eb,82.42496641203698,46.82814146036116,20.28507227633076,12.835649512538119,7.039098614424248,2.000281854592748,0.38923076923076916,0.0,False,4861,True
113,79,11:59,observed_dense_eb,9.824748276378536,7.5918972349648595,0.7914435682667095,2.712113584253301,2.864330420888145,0.2879190354048621,0.995,121.52286596327347,True,4862,True
51,31,00:20,global_od_time_adjusted,18.479522819389352,25.434401483836666,4.76375,5.835562847746566,24.988139004928943,1.9817034181481339,0.29655172413793107,0.0,False,4863,True
226,72,20:46,full_observed_sparse_eb,40.159015068093225,45.95227427425118,7.992867537179108,6.0718040831170805,14.723160543882203,2.325893102657755,0.16786851924761476,1.875264820283661,True,4864,True
110,9,20:39,spatial_gravity_time_fallback,148.55192423120218,118.30760458730589,22.817290520874472,51.99317348092076,35.49228137619177,5.704322630218618,0.10550000000000001,0.0,False,4865,True
6,52,02:33,global_od_time_adjusted,32.57387971781639,23.731171320743574,8.35,0.5,1.0,0.1,0.21372549019607845,0.0,False,4866,True
15,89,22:54,global_od_time_adjusted,59.53390847175615,57.141231912212504,15.717139957739988,3.8673405578634474,6.07424354904293,2.692511142663057,0.20710199334001203,0.0,False,4867,True
162,32,17:11,global_od_time_adjusted,56.96087621264175,47.26853098160664,11.59,9.063930878774755,17.85426878605387,1.1235657524150446,0.3262295081967213,0.0,False,4868,True
142,159,00:57,full_observed_sparse_eb,33.708824554259074,27.81869178772342,7.269061621877722,4.84216807338419,9.620939545100436,1.6466783520944877,0.11022738293242137,0.7803721816883109,True,4869,True
221,60,08:39,spatial_gravity_time_fallback,125.04413951426451,107.16322624971455,17.825219932053095,43.76544882999258,32.14896787491436,4.456304983013274,0.10550000000000001,0.0,False,4870,True
126,20,09:55,temporal_same_od_eb,30.518760016164414,34.88664473552619,4.816346393922372,0.5,1.0,0.1,0.169551067713144,0.0,False,4871,True
237,183,06:20,global_od_time_adjusted,36.09555624249576,32.503298212429684,12.504666666666667,14.825797186735777,25.491931105263575,2.9970449149490888,0.3615384615384616,0.0,False,4872,True
180,21,01:38,global_od_time_adjusted,39.63406436562403,36.25814891959104,13.473333333333334,5.346219848329031,12.487120642909419,0.7366742081061661,0.23962264150943396,0.0,False,4873,True
244,77,18:32,global_od_time_adjusted,72.2093116459201,75.57565104504127,19.80928500755231,6.820044222972805,21.417965136033423,1.2577622383044496,0.300069144213252,0.0,False,4874,True
251,122,22:26,spatial_gravity_time_fallback,129.42066497608135,100.17732436031335,20.201000021364123,45.29723274162847,30.053197308094006,5.050250005341031,0.10550000000000001,0.0,False,4875,True
196,101,05:29,temporal_same_od_eb,28.520611105936524,21.543482986623097,11.28,0.5,1.0,0.1,0.1559351524908796,0.0,False,4876,True
103,48,04:49,spatial_eb,32.38617486618656,26.143951084527615,5.107094383563797,10.933802531168405,5.459006365455059,1.4453221007275525,0.3333333333333333,0.0,False,4877,True
76,257,14:41,temporal_same_od_eb,36.38898969444508,74.19553785482358,5.817793759802815,4.382428184142259,7.782068489326026,0.4317127101928214,0.16051585048602426,0.0,False,4878,True
188,1,11:49,spatial_neighbor_gravity_eb,102.74996555990816,68.95129712802199,14.950288409121857,1.0,2.0,0.25,0.13067863280348577,0.0,False,4879,True
244,115,17:34,spatial_gravity_time_fallback,131.75024012925124,117.25245037062416,17.246188406594875,46.112584045237924,35.17573511118725,4.311547101648719,0.10550000000000001,0.0,False,4880,True
28,59,00:36,spatial_neighbor_gravity_eb,46.45753857528605,36.258134033875294,12.605253430452407,6.726228267172646,11.642409872699117,1.5166084123687045,0.2372445968449416,0.0,False,4881,True
233,32,22:54,temporal_same_od_eb,49.01415861262255,32.82502475524703,11.48,0.5,1.0,0.1,0.15497986029954144,0.0,False,4882,True
214,85,08:15,spatial_neighbor_gravity_eb,47.62448012142094,42.63491287836507,9.966955451822905,3.655494947628104,3.7346046130770882,0.4763338492982374,0.1737514862777777,0.0,False,4883,True
242,115,17:29,spatial_gravity_time_fallback,153.02482120305066,136.96392212589404,20.106021680765927,53.558687421067724,41.08917663776821,5.026505420191482,0.10550000000000001,0.0,False,4884,True
127,64,08:08,spatial_neighbor_gravity_eb,60.12232831803951,76.9937091439287,11.57697377224423,1.0,2.0,0.25,0.1246930693261378,0.0,False,4885,True
70,24,23:55,full_observed_sparse_eb,46.148712981801566,24.600073314789253,8.991696655671332,11.167824314227406,7.466242984777182,1.2656864914165795,0.33130812589426273,5.085133396283453,True,4886,True
261,115,08:31,temporal_same_od_eb,90.64771425491175,44.563596514311826,12.51,0.5,1.0,0.1,0.15303683029037934,0.0,False,4887,True
148,53,12:42,global_od_time_adjusted,58.90009977954233,53.32063887595471,13.641428571428571,4.74808446875671,5.787924995222813,0.9958690185163901,0.28596491228070176,0.0,False,4888,True
261,225,10:24,temporal_same_od_eb,40.01827800092377,35.90544030373785,5.6,0.5,1.0,0.1,0.15430936869234294,0.0,False,4889,True
259,135,00:14,global_od_time_adjusted,44.55156274731882,32.473369732738,7.199999999999999,0.5,7.423303407572063,6.5,0.22692307692307692,0.0,False,4890,True
145,120,16:54,global_od_time_adjusted,55.209417188296754,64.8817238391379,9.9,0.5,1.0,0.1,0.21372549019607845,0.0,False,4891,True
112,92,01:08,temporal_same_od_eb,28.540189619241946,22.889947965699506,8.785815099363413,3.2459839205676433,2.7155476115215365,0.7336456127006803,0.14798470995900725,0.4486514332310172,True,4892,True
198,43,04:20,temporal_same_od_eb,29.78113914019599,17.15622503480374,7.870655682889765,0.5,1.0,0.1,0.16306165494176839,0.0,False,4893,True
223,12,23:02,spatial_neighbor_gravity_eb,45.156427519377424,32.65922587146699,9.81626037199741,15.183631515737352,12.110329761401529,1.7419263342799653,0.3662124913637179,0.0,False,4894,True
7,202,11:19,full_observed_sparse_eb,15.269880646217048,14.685758415924752,2.088758166578375,3.7974100705157916,4.595947825791687,1.0154336128058135,0.3333333333333333,5.0,True,4895,True
226,80,19:26,full_observed_sparse_eb,18.799416747125743,15.934162079016897,2.6356827915978434,8.069463081940937,6.6202786794768835,0.8026141713977506,0.16666666666666666,2.0,True,4896,True
156,250,01:20,spatial_gravity_time_fallback,132.77913988235758,95.23238211239308,21.71697050056997,46.47269895882515,28.56971463371793,5.429242625142493,0.10550000000000001,0.0,False,4897,True
96,138,15:40,global_od_time_adjusted,29.83897563351293,35.408331611232214,8.56,13.362701822610568,23.744327639439444,0.16083117442417216,0.23962264150943396,0.0,False,4898,True
71,231,02:03,global_od_time_adjusted,29.574467881039396,39.98371840758663,7.911323529411765,6.49147342500211,14.789164850713673,1.3301535784966791,0.6033898305084746,0.0,False,4899,True
151,178,11:12,global_od_time_adjusted,93.8752935092227,71.46966270904562,15.84,9.280000000000065,10.926174571325163,0.8400000000000024,0.22692307692307692,0.0,False,4900,True
221,53,03:27,spatial_gravity_time_fallback,96.61064481842665,64.94647790748135,16.49844653833361,33.813725686449324,19.4839433722444,4.1246116345834025,0.10550000000000001,0.0,False,4901,True
224,254,17:39,global_od_time_adjusted,57.94653955815939,77.55426783090704,12.97774187499096,10.140012135181404,16.6462625411854,0.4186212474197723,0.20410681982129936,0.0,False,4902,True
221,149,09:14,temporal_same_od_eb,44.6868468047217,51.544607905254686,7.955245476359064,0.7394793669242397,1.023229920953862,0.10506834638993211,0.17369081091416994,0.084472439832183,True,4903,True
173,170,02:36,global_od_time_adjusted,32.94591613666674,28.734830211744335,8.375,8.153423744047663,8.72302204800824,0.4545877253072241,0.29655172413793107,0.0,False,4904,True
43,15,07:10,global_od_time_adjusted,164.80470389343688,108.08871895205293,24.5,63.69999999999996,49.14495107632246,18.4,0.22692307692307695,0.0,False,4905,True
202,190,12:58,spatial_neighbor_gravity_eb,53.36601408865421,49.31027093652009,8.629522642841511,11.800881901458684,17.226180353811458,1.6368774188748267,0.3399209311970468,0.0,False,4906,True
222,44,07:43,spatial_gravity_time_fallback,133.48058800328255,110.11724219010907,20.299573251641743,46.71820580114889,33.03517265703272,5.074893312910436,0.10550000000000001,0.0,False,4907,True
212,179,12:44,temporal_same_od_eb,34.480299864839964,33.897280166731214,6.997901729773044,0.6785252231106556,1.701105700989936,0.3165390128193845,0.16562616917797407,0.0,False,4908,True
45,129,15:05,temporal_same_od_eb,32.929059946907394,71.5355152512424,7.200000000000001,0.5,1.0,0.1,0.1599883498909231,0.0,False,4909,True
25,77,05:46,temporal_same_od_eb,23.466343864728657,17.715034054668344,6.4,0.5,1.0,0.1,0.1532807010649755,0.0,False,4910,True
162,182,07:56,global_od_time_adjusted,46.36482200975585,41.87027687885474,10.79087390354137,9.244709194903846,15.082667537084234,2.160543916532742,0.3744389273504591,0.0,False,4911,True
58,115,18:36,spatial_gravity_time_fallback,155.3121494055219,133.05457187907336,20.85382699847254,54.35925229193266,39.91637156372201,5.213456749618135,0.10550000000000001,0.0,False,4912,True
69,201,05:55,spatial_neighbor_gravity_eb,78.0494070665057,57.018203618645586,22.426199071539187,4.759838534136421,9.828386580879132,1.0796366297033995,0.1628060314380626,0.0,False,4913,True
212,237,00:44,global_od_time_adjusted,33.5759242086789,32.51874171080234,8.742941176470588,6.820430279986164,12.554538445509113,1.5081377870655897,0.3776119402985074,0.0,False,4914,True
16,180,16:22,global_od_time_adjusted,50.79321087649832,52.47343394503418,13.0725,5.40914041230211,11.115951085147595,1.7410539193258805,0.2518518518518519,0.0,False,4915,True
227,49,13:37,temporal_same_od_eb,33.57143865463098,60.06480999725983,4.608893137706987,1.4549058211151935,1.7243850597658505,0.1,0.1636815336258241,0.0,False,4916,True
156,119,02:08,spatial_gravity_time_fallback,116.25693498434599,83.35095189054161,19.05740497205601,40.689927244521094,25.00528556716249,4.764351243014002,0.10550000000000001,0.0,False,4917,True
142,256,11:52,full_observed_sparse_eb,50.3576779990081,43.01569464054124,7.469358474033175,6.064048112341675,8.022720940792967,1.1567412757925872,0.12803970863121006,1.4901241539319727,True,4918,True
154,158,14:04,global_od_time_adjusted,92.88516372133363,69.05273152902174,16.86,0.5,1.0,0.1,0.21372549019607845,0.0,False,4919,True
119,163,14:36,temporal_same_od_eb,47.64609303782373,38.15918767640632,7.1,0.5,1.0,0.1,0.15963596773545774,0.0,False,4920,True
29,8,08:56,spatial_neighbor_gravity_eb,98.29930280320201,118.74855524939032,19.851742369868695,2.747413352213294,7.623857807402674,4.406753818213837,0.155396614380597,0.0,False,4921,True
107,217,06:51,full_observed_sparse_eb,20.734044297957013,18.33754101198658,4.012405582941795,4.902713391447358,6.42977096278627,0.8590395724804507,0.09090909090909091,1.0,True,4922,True
178,32,17:26,global_od_time_adjusted,75.64428774120933,195.40015105230924,8.3,0.5,1.0,0.1,0.21372549019607845,0.0,False,4923,True
74,215,22:16,temporal_same_od_eb,45.47910943606947,41.61288547578079,13.99,0.5,1.0,0.1,0.15588760609219676,0.0,False,4924,True
243,87,19:07,full_observed_sparse_eb,54.02172344340686,65.67423601169772,13.06196457319005,5.72023211996729,10.950299919474658,0.9576855211286043,0.09090909090909091,1.0,True,4925,True
206,225,06:51,spatial_neighbor_gravity_eb,50.03449228067037,39.474658609229266,12.206688648680467,4.402844715979664,2.861538042487184,0.7235369548630672,0.1410864508086355,0.0,False,4926,True
211,160,09:58,global_od_time_adjusted,53.29660834321875,40.569041649432165,9.448125,12.285355341192831,13.610250049384824,2.4722085742054616,0.36969696969696964,0.0,False,4927,True
208,173,12:04,global_od_time_adjusted,33.84508571659856,26.960156823595064,6.5,0.5,5.596711084376199,0.1,0.22692307692307692,0.0,False,4928,True
125,147,14:35,temporal_same_od_eb,46.532977626547655,95.09886861341035,9.1,0.5,1.0,0.1,0.15509054899594993,0.0,False,4929,True
135,159,03:59,global_od_time_adjusted,31.23851534826335,27.362656301199973,12.48,0.5,1.0,0.1,0.21372549019607845,0.0,False,4930,True
60,41,08:47,temporal_eb,27.2990772059343,30.752183810669152,5.825798247955742,3.5329773672001483,11.539266420727849,1.6436667932837692,0.6460996588433447,0.0,False,4931,True
134,263,10:04,temporal_same_od_eb,47.5551820799359,72.87731275394094,13.1,0.5,1.0,0.1,0.15538794981952517,0.0,False,4932,True
263,247,17:11,full_observed_sparse_eb,29.979018273653686,26.696397076300876,4.228847497469532,5.317098047474975,9.606222344301798,0.604296832595471,0.12351468951945703,0.7185647309516412,True,4933,True
153,139,06:58,spatial_neighbor_gravity_eb,66.55554463911045,65.78067815074348,18.332658075652077,4.641990076634422,13.736617192543934,1.1121516611733602,0.18939873212518193,0.0,False,4934,True
99,21,00:40,spatial_neighbor_gravity_eb,42.454482967208094,32.54726217212158,10.674353979174427,1.3001775994366915,2.0,0.25,0.13068888438041243,0.0,False,4935,True
96,252,07:57,spatial_neighbor_gravity_eb,41.24215828006949,34.81302201913391,9.299206313027693,4.488443946720949,5.521406564367382,1.218695567324236,0.30141008622253945,0.0,False,4936,True
83,235,12:27,global_od_time_adjusted,44.82003035281298,41.374843202072825,10.571111111111112,5.827874482832851,12.34092414934192,0.42233331871727076,0.30677966101694915,0.0,False,4937,True
175,217,06:15,spatial_neighbor_gravity_eb,50.327958161765984,39.14594015152221,14.083904832976833,1.0,2.0,0.25,0.13766221502185563,0.0,False,4938,True
236,88,09:31,full_observed_dense_eb,39.515056094904686,39.915552894433596,7.761129878907944,6.146212951070941,6.066752457958328,0.4658007885988268,0.8449128938924715,55.20215389765971,True,4939,True
218,221,20:46,spatial_neighbor_gravity_eb,69.55279871046852,60.38798122360486,19.62346676606672,1.0,2.0,0.25,0.13072815089117285,0.0,False,4940,True
146,95,17:03,full_observed_sparse_eb,38.42701329267731,32.68265461593549,6.890070460072758,6.662984827611983,7.976291235060566,1.6606393254921346,0.1464207255772675,1.9770047701599083,True,4941,True
204,19,18:04,spatial_gravity_time_fallback,215.48396366017278,191.28108730962958,28.65360126751035,75.41938728106047,57.38432619288887,7.1634003168775875,0.10550000000000001,0.0,False,4942,True
16,154,13:28,spatial_neighbor_gravity_eb,91.14360775265439,96.43041492426235,20.86839248601143,6.607435237677465,29.20697663004593,1.5576002503617465,0.14073696643762276,0.0,False,4943,True
15,54,14:09,spatial_neighbor_gravity_eb,78.27873286316597,118.242221249177,17.973599422587746,1.0,2.0,0.25,0.12378226207646353,0.0,False,4944,True
34,263,11:40,global_od_time_adjusted,51.00247755907818,38.268521140997706,9.07388888888889,9.30027538421427,11.67024003125519,1.3825264268677235,0.3852941176470589,0.0,False,4945,True
232,106,19:53,temporal_same_od_eb,33.022832455855145,27.047527261568334,6.047840205446456,0.5,1.0,0.1,0.15474669672352714,0.0,False,4946,True
256,164,01:54,full_observed_sparse_eb,27.776528782713694,21.704920985126755,4.955381899686983,6.728317991604053,4.559816180610078,1.1211292128079777,0.2857142857142857,4.0,True,4947,True
47,242,11:46,observed_sparse_eb,22.12350349150192,24.599838819607882,4.138265722198194,5.701194452871785,11.872139161812381,1.9248490258502704,0.6812674188251215,1.0,True,4948,True
116,141,18:03,full_observed_sparse_eb,33.71118864671783,30.327494216262817,4.965502855957183,5.835959199283664,8.682690113818268,1.5586066482527776,0.3543098271413342,5.925593767542949,True,4949,True
176,173,16:49,spatial_neighbor_gravity_eb,111.33779147347607,97.44243449325437,21.956649513406926,1.0,2.0,0.25,0.13216458602383654,0.0,False,4950,True
81,80,15:59,global_od_time_adjusted,72.0641814760983,69.36515331336939,7.8,0.5,1.0,0.1,0.21372549019607845,0.0,False,4951,True
133,105,11:55,spatial_neighbor_gravity_eb,25.80838491764291,24.882082384212755,4.185937966632123,7.311997748606818,12.009880996729127,0.6553070464880834,0.30507130826339757,0.0,False,4952,True
48,197,11:17,temporal_same_od_eb,58.59783210807535,51.17362297337816,10.37,0.5,1.0,0.1,0.15675458386550006,0.0,False,4953,True
255,116,15:14,temporal_same_od_eb,54.00781290992235,65.75043522533394,11.46,0.5,1.0,0.1,0.15663770756101097,0.0,False,4954,True
182,209,01:11,global_od_time_adjusted,44.577809812552026,43.20061827420837,15.419999999999998,8.829378956076132,12.348050128603585,6.017554320486025,0.4,0.0,False,4955,True
203,54,00:26,spatial_neighbor_gravity_eb,78.5871932158434,77.41630947902632,18.43452271341645,5.195302754619224,3.366662832942226,1.7429381473552108,0.1710284605367371,0.0,False,4956,True
216,188,11:19,temporal_same_od_eb,38.569732641816174,47.17253576565069,7.504226966229285,0.788550868900142,1.251132318296622,0.11097974082590231,0.16635958195462852,0.0,False,4957,True
135,80,17:04,global_od_time_adjusted,39.7923648224089,37.67174660148092,9.24,3.491437526291991,20.741908812832364,0.7178579246619784,0.26363636363636367,0.0,False,4958,True
111,69,21:55,spatial_neighbor_gravity_eb,61.9577346054082,56.14665465953396,15.485012367315129,8.690561193285104,16.449166766575594,0.9726329247194918,0.17674442052107972,0.0,False,4959,True
63,106,07:53,temporal_same_od_eb,39.58081496429307,35.21609210290923,7.739215724747369,0.5,1.0,0.1,0.15737613291290165,0.0,False,4960,True
128,88,18:38,spatial_neighbor_gravity_eb,73.62536085969819,86.22202020410585,14.777960169293259,6.238535136180561,18.76338966646558,1.768025675413946,0.37053363810080764,0.0,False,4961,True
40,236,04:34,global_od_time_adjusted,34.335674854928534,23.170191862022016,10.17625,11.214717711978995,5.527033276098581,1.0966988818723304,0.47317073170731705,0.0,False,4962,True
194,229,22:52,temporal_same_od_eb,28.522869318574624,22.547840458794703,5.587423474581856,2.9123697553303067,1.0,0.1,0.1619625530610678,0.0,False,4963,True
218,37,05:54,global_od_time_adjusted,29.468552390968625,26.794567290351083,9.8475,6.990585615304205,9.811604860663238,2.067117774307292,0.45128205128205123,0.0,False,4964,True
23,170,08:09,temporal_eb,71.82363114932409,56.54876447763739,16.409491694747956,0.0,0.0,0.0,0.06809479200517961,0.0,False,4965,True
116,195,14:50,global_od_time_adjusted,56.50622344690467,55.37867307306687,12.968333333333334,6.686407647027092,9.353649942764541,3.4302838398917075,0.275,0.0,False,4966,True
160,261,08:47,full_observed_sparse_eb,50.11572000782015,43.359346438106314,10.176984162124105,6.965728098187044,6.861346338782714,0.893228750899583,0.09970674689535969,0.8876423938931524,True,4967,True
106,206,05:56,global_od_time_adjusted,52.99758940534103,27.68441083377597,13.48,0.5,1.0,0.1,0.21372549019607845,0.0,False,4968,True
199,39,10:54,spatial_neighbor_gravity_eb,81.60260145559022,68.98696190049158,16.342853738039423,12.197581976824685,15.772618532905575,2.614550098152574,0.3892307692307692,0.0,False,4969,True
81,212,11:31,temporal_same_od_eb,25.59842043421976,28.72362622555965,6.526465505817908,0.5,1.0,0.1,0.16407231453962673,0.0,False,4970,True
180,139,05:42,global_od_time_adjusted,19.971265223970896,13.620991893210924,6.816666666666666,3.4656393349568164,2.5330029403996566,0.6639042769020975,0.3615384615384616,0.0,False,4971,True
6,64,12:03,spatial_neighbor_gravity_eb,109.31106913078577,117.26532167461542,27.16038930448407,1.0,2.0,0.25,0.12468963659946104,0.0,False,4972,True
107,186,17:51,observed_dense_eb,14.90043694360193,12.727280733972762,1.1869938939300475,3.888316661375279,4.006705102935173,0.36662829646448725,0.9950000000000001,264.27226449006935,True,4973,True
165,210,02:53,temporal_eb,16.40632117106544,14.381961603545276,2.5215645913234006,4.381894291359064,7.362966612021884,0.6604513166974291,0.750660672086998,0.0,False,4974,True
243,88,21:48,temporal_same_od_eb,37.0746836410517,52.272923164758126,12.4,0.5,1.0,0.1,0.15735481192143777,0.0,False,4975,True
237,172,11:53,spatial_neighbor_gravity_eb,93.28625136281156,81.03264040925764,18.199435508838775,11.734940879832793,9.276483940547703,0.8720634009970025,0.23243512042944192,0.0,False,4976,True
10,202,19:56,temporal_same_od_eb,82.75794471126167,44.85704978633346,13.793974030871768,0.5,1.0,0.1,0.15937993116898547,0.0,False,4977,True
2,142,17:14,spatial_eb,70.00391129142224,69.17398566452677,15.23528121157371,24.152830788824986,19.284526142241894,3.3489218948896124,0.07792593893505702,0.0,False,4978,True
248,179,17:07,global_od_time_adjusted,31.18187231932061,30.230867330072467,6.01,0.5,1.0,0.1,0.21372549019607845,0.0,False,4979,True
33,86,16:10,temporal_same_od_eb,78.21844403445633,163.41424666221633,18.9,0.5,1.0,0.1,0.1551105241448911,0.0,False,4980,True
214,89,21:16,spatial_eb,40.66654494845493,32.54173512717298,10.767120032762268,6.955651579031922,6.359628648216013,0.8527993120697821,0.1192494383690431,0.0,False,4981,True
158,223,05:22,temporal_same_od_eb,33.70049822150277,17.70587874047551,9.432628560125071,0.5,1.0,0.1,0.15949678775380785,0.0,False,4982,True
240,174,15:01,observed_sparse_eb,12.528201847556133,11.41025084929793,1.5048447950882178,3.9569559006893145,7.931270915391387,1.2296621487221604,0.4436418119109302,0.9664580662142299,True,4983,True
203,113,12:22,spatial_neighbor_gravity_eb,79.90790243872158,85.34685682630867,15.854875467479008,6.843562935032334,13.818465459990756,2.071058977873312,0.22931639661457903,0.0,False,4984,True
245,53,09:36,spatial_gravity_time_fallback,122.50950635124784,105.34529553205604,17.170665642746403,42.87832722293673,31.60358865961681,4.292666410686601,0.10550000000000001,0.0,False,4985,True
24,145,03:27,global_od_time_adjusted,28.655199279870306,21.11174573990693,5.59,5.451749895499356,3.3064790615911885,1.1820646865027846,0.43947368421052635,0.0,False,4986,True
129,114,11:34,temporal_same_od_eb,42.60336180256616,43.03974870489653,8.0,5.084999999999997,7.328882664034994,0.1199999999999786,0.16040297367168735,0.0,False,4987,True
43,200,06:28,global_od_time_adjusted,40.86109310494162,24.902016101046648,10.58157894736842,7.674534956330388,7.765045330506933,0.8845591418024416,0.5728971962616822,0.0,False,4988,True
163,202,12:26,full_observed_sparse_eb,29.25597156278065,28.05214728257821,3.9227205807190577,5.364817263700146,6.4399401484544505,0.6527364156272152,0.09090909090909091,1.0,True,4989,True
171,215,12:39,global_od_time_adjusted,35.19357447388245,40.684872762967714,6.55,3.337353222332373,22.316629806481984,1.534731246831185,0.28596491228070176,0.0,False,4990,True
99,172,16:57,spatial_neighbor_gravity_eb,28.007245994002524,25.68690872592756,4.53552114968522,1.0,2.0,0.25,0.12700802480396728,0.0,False,4991,True
116,109,13:28,spatial_gravity_time_fallback,159.89965674963528,142.38883139468004,21.758718112565692,55.96487986237234,42.71664941840401,5.439679528141423,0.10550000000000001,0.0,False,4992,True
188,32,11:06,global_od_time_adjusted,81.90660894591785,125.0811381991652,12.770000000000001,22.926065224252234,26.048056839646883,9.04343961112142,0.23962264150943396,0.0,False,4993,True
70,188,14:40,temporal_same_od_eb,75.22180102953192,74.54462596987962,11.813810460543191,6.989367609185228,11.491013046680294,0.975970948203507,0.17050867309225995,0.357761814904201,True,4994,True
76,203,15:59,temporal_same_od_eb,38.686694685628424,33.69690149667693,7.910056920812025,1.9503510343649326,3.2118349403064035,0.1054328531041526,0.1722359179837626,0.0,False,4995,True
166,199,17:29,spatial_neighbor_gravity_eb,43.04501800412681,33.81461219774526,6.505666484117466,9.319273303639033,9.494064583433419,1.1459953997928778,0.3892307692307692,0.0,False,4996,True
188,3,23:24,global_od_time_adjusted,53.12181838432049,72.61755555106716,18.090833333333332,4.998753733570949,25.761043914216664,4.122692199549008,0.3354838709677419,0.0,False,4997,True
172,213,09:07,spatial_gravity_time_fallback,150.75376450812422,129.05484371874314,21.365027670596593,52.76381757784348,38.71645311562294,5.341256917649148,0.10550000000000001,0.0,False,4998,True
216,95,19:03,temporal_eb,21.76936861420504,21.993233922494383,3.9125128166162226,5.477642913863184,6.184283675779079,1.3715243192823363,0.8659386104938166,0.229773405713118,True,4999,True
