scenario_id,algorithm,baseline,algorithm_net_earnings,baseline_net_earnings,paired_difference
0,dqn,wait_only,156.66377815350884,156.66377815350884,0.0
1,dqn,wait_only,66.52172915741481,74.76608732058871,-8.2443581631739
2,dqn,wait_only,108.2588506402088,117.98849030240301,-9.729639662194202
3,dqn,wait_only,112.06787795451072,130.53964903629594,-18.47177108178522
4,dqn,wait_only,96.72099316188229,77.65179742106105,19.069195740821243
5,dqn,wait_only,95.06283715241402,108.27519559535108,-13.21235844293706
6,dqn,wait_only,75.23453996188061,128.99710591827227,-53.762565956391654
7,dqn,wait_only,129.31700087408177,129.31700087408177,0.0
8,dqn,wait_only,144.15091965524564,91.64224062421586,52.508679031029786
9,dqn,wait_only,125.05968789105933,125.05968789105933,0.0
10,dqn,wait_only,98.26711270047664,105.2411457240903,-6.974033023613657
11,dqn,wait_only,98.87187638928829,102.66075589290598,-3.788879503617693
12,dqn,wait_only,83.70625603798534,83.70625603798534,0.0
13,dqn,wait_only,80.61241419552663,80.61241419552663,0.0
14,dqn,wait_only,108.11514589030115,107.05374193606374,1.0614039542374059
15,dqn,wait_only,80.65541603585814,80.65541603585814,0.0
16,dqn,wait_only,102.09724367617369,142.83536536363337,-40.73812168745968
17,dqn,wait_only,89.20542478592498,103.7313261699077,-14.525901383982728
18,dqn,wait_only,117.40196611285613,115.5673626011019,1.8346035117542243
19,dqn,wait_only,110.10755668214613,92.62871968599153,17.478836996154598
20,dqn,wait_only,137.11924295940676,145.1798754643174,-8.060632504910643
21,dqn,wait_only,104.2406655745758,91.36201125200833,12.87865432256747
22,dqn,wait_only,97.61254851970338,97.61254851970338,0.0
23,dqn,wait_only,94.26035472440836,82.62523337027636,11.635121354131996
24,dqn,wait_only,101.9932359403505,100.09133642081723,1.9018995195332735
25,dqn,wait_only,105.4123264622131,104.76636453620044,0.6459619260126601
26,dqn,wait_only,94.33510709238581,111.8212548697415,-17.486147777355683
27,dqn,wait_only,118.19699026766071,111.39427787501549,6.802712392645219
28,dqn,wait_only,119.50589311745355,127.3538750655296,-7.847981948076054
29,dqn,wait_only,64.55722650259234,57.81747209742305,6.739754405169293
30,dqn,wait_only,104.6906830283076,109.11276007258573,-4.422077044278126
31,dqn,wait_only,96.86679226356193,96.86679226356193,0.0
32,dqn,wait_only,90.35920140924001,90.35920140924001,0.0
33,dqn,wait_only,77.60624423425055,77.88971093186021,-0.28346669760965426
34,dqn,wait_only,96.29858620945443,112.82076120482826,-16.52217499537383
35,dqn,wait_only,97.20924516087972,96.56822028448782,0.6410248763918958
36,dqn,wait_only,110.79187699140684,71.72845249891793,39.063424492488906
37,dqn,wait_only,123.06508998718499,123.06508998718499,0.0
38,dqn,wait_only,90.64678458881906,113.22912681259513,-22.582342223776067
39,dqn,wait_only,79.27992981714702,79.27992981714702,0.0
40,dqn,wait_only,129.18336647801513,78.6411276467918,50.54223883122333
41,dqn,wait_only,111.70412131918188,111.70412131918188,0.0
42,dqn,wait_only,75.24610480154321,75.24610480154321,0.0
43,dqn,wait_only,75.02182212892247,98.31343451128132,-23.29161238235885
44,dqn,wait_only,117.6212196044867,60.42786784570451,57.193351758782185
45,dqn,wait_only,128.1396535734197,128.1396535734197,0.0
46,dqn,wait_only,107.16327015000775,138.83996146062557,-31.676691310617827
47,dqn,wait_only,88.91741099909618,86.33471955892705,2.5826914401691283
48,dqn,wait_only,99.20603663003892,101.81385003524005,-2.607813405201128
49,dqn,wait_only,86.26355626292874,86.26355626292874,0.0
50,dqn,wait_only,55.00495730427166,78.46075169940968,-23.45579439513802
51,dqn,wait_only,92.09292788718359,82.62810106970763,9.464826817475966
52,dqn,wait_only,88.60366685673247,93.80548962528593,-5.2018227685534555
53,dqn,wait_only,116.80443487924703,116.80443487924703,0.0
54,dqn,wait_only,67.3208731549188,67.64208030344938,-0.32120714853057564
55,dqn,wait_only,89.05893656191503,74.06537969817865,14.993556863736387
56,dqn,wait_only,85.53719459847551,110.39684348436784,-24.859648885892327
57,dqn,wait_only,122.71492043160701,100.89384821276579,21.821072218841223
58,dqn,wait_only,82.92413677532106,88.90291945879248,-5.978782683471422
59,dqn,wait_only,127.13438833121349,114.12443919625001,13.009949134963477
60,dqn,wait_only,131.1978041057152,128.80268098100112,2.3951231247140754
61,dqn,wait_only,74.60418054792724,67.0776636792826,7.526516868644649
62,dqn,wait_only,138.1649425329752,138.44840923058484,-0.28346669760964005
63,dqn,wait_only,105.51450770609351,112.65652362191776,-7.1420159158242456
64,dqn,wait_only,90.07762313939364,80.91276220842582,9.16486093096782
65,dqn,wait_only,67.22465912702508,80.98716963190529,-13.762510504880211
66,dqn,wait_only,105.56798535900008,105.56798535900008,0.0
67,dqn,wait_only,101.47644104215092,101.47644104215092,0.0
68,dqn,wait_only,93.33821859355977,93.33821859355977,0.0
69,dqn,wait_only,77.29774218371628,89.0832636798051,-11.785521496088819
70,dqn,wait_only,115.03352242013376,128.05327531925312,-13.019752899119354
71,dqn,wait_only,79.5970289036334,93.51775037555065,-13.920721471917247
72,dqn,wait_only,120.35435613884032,136.14374003408284,-15.789383895242523
73,dqn,wait_only,85.60931333647129,85.60931333647129,0.0
74,dqn,wait_only,102.77838222755878,110.17137562674364,-7.39299339918486
75,dqn,wait_only,97.32599648121293,113.59759793291606,-16.271601451703134
76,dqn,wait_only,72.28671515516055,72.28671515516055,0.0
77,dqn,wait_only,101.13645165697267,96.13893020070586,4.99752145626681
78,dqn,wait_only,118.86742056634586,122.5460648514327,-3.678644285086847
79,dqn,wait_only,108.56795343109357,88.18105913501986,20.386894296073706
80,dqn,wait_only,97.08314627004523,123.89320949370082,-26.81006322365559
81,dqn,wait_only,89.9808199355036,142.66438429390638,-52.683564358402776
82,dqn,wait_only,130.20204642467277,133.2483716006256,-3.0463251759528305
83,dqn,wait_only,105.05901474232788,129.80694340782458,-24.7479286654967
84,dqn,wait_only,80.36149648674785,80.36149648674785,0.0
85,dqn,wait_only,100.30565478346026,98.92751300982975,1.378141773630503
86,dqn,wait_only,107.69965362473035,100.77433311669341,6.925320508036933
87,dqn,wait_only,47.79019412366884,92.61520260716826,-44.82500848349942
88,dqn,wait_only,79.15052921204864,79.15052921204864,0.0
89,dqn,wait_only,114.16925458502104,116.68433969144937,-2.51508510642833
90,dqn,wait_only,81.81352224430097,86.57636735541149,-4.762845111110522
91,dqn,wait_only,93.05927215051318,94.98060229661388,-1.9213301461007006
92,dqn,wait_only,86.32011343220923,86.32011343220923,0.0
93,dqn,wait_only,76.66359081532714,76.66359081532714,0.0
94,dqn,wait_only,104.8540599293411,104.8540599293411,0.0
95,dqn,wait_only,177.9270080650049,180.65969557863477,-2.7326875136298554
96,dqn,wait_only,141.20666383849348,152.76297444043345,-11.55631060193997
97,dqn,wait_only,114.05597593190849,108.27791684156732,5.7780590903411735
98,dqn,wait_only,133.3242551829542,133.3242551829542,0.0
99,dqn,wait_only,106.4844727086207,98.09280259432197,8.391670114298734
100,dqn,wait_only,97.34199825842802,97.647838391712,-0.3058401332839793
101,dqn,wait_only,130.92516718689694,148.7642276600258,-17.839060473128853
102,dqn,wait_only,108.93639298147352,124.35247989619273,-15.416086914719216
103,dqn,wait_only,87.38624080196375,83.67811049572234,3.708130306241415
104,dqn,wait_only,129.29676494645256,129.29676494645256,0.0
105,dqn,wait_only,121.41452845736288,114.35336742357148,7.061161033791393
106,dqn,wait_only,80.79853946387654,80.79853946387654,0.0
107,dqn,wait_only,53.13769157553137,51.75583073371873,1.3818608418126388
108,dqn,wait_only,101.66527265287037,84.45245649575058,17.21281615711979
109,dqn,wait_only,87.4535102096568,96.13982798049638,-8.68631777083958
110,dqn,wait_only,90.28484159982122,107.58182422882852,-17.296982629007303
111,dqn,wait_only,83.87037117600731,83.87037117600731,0.0
112,dqn,wait_only,122.60849497056459,87.56799077908899,35.040504191475605
113,dqn,wait_only,121.52007262647868,121.79271077730755,-0.2726381508288682
114,dqn,wait_only,91.35616088456034,50.21731614579252,41.138844738767816
115,dqn,wait_only,115.24765906853418,106.62247623793877,8.625182830595406
116,dqn,wait_only,118.32720501482842,98.2855796344259,20.04162538040252
117,dqn,wait_only,170.81421099455346,170.81421099455346,0.0
118,dqn,wait_only,103.76939213584892,111.0075616575291,-7.238169521680177
119,dqn,wait_only,105.10233866510036,105.10233866510036,0.0
120,dqn,wait_only,85.26031093503519,80.0034416818939,5.256869253141289
121,dqn,wait_only,69.91595706243291,62.71976141092551,7.196195651507402
122,dqn,wait_only,112.43964349382018,118.62656932207072,-6.186925828250537
123,dqn,wait_only,91.18878873782482,77.81997599304012,13.368812744784705
124,dqn,wait_only,99.73396211047236,102.0562590027078,-2.3222968922354426
125,dqn,wait_only,97.14130138754933,86.13229234399296,11.009009043556375
126,dqn,wait_only,72.65125520275183,72.65125520275183,0.0
127,dqn,wait_only,105.5785016784074,72.64013279524043,32.93836888316697
128,dqn,wait_only,105.54916677129212,92.7858424475393,12.763324323752826
129,dqn,wait_only,93.5994711364432,108.7365258542724,-15.137054717829201
130,dqn,wait_only,123.13501544670652,89.30413544965555,33.83087999705097
131,dqn,wait_only,90.44590266486776,90.44590266486776,0.0
132,dqn,wait_only,118.18243366642473,94.23881474340877,23.94361892301596
133,dqn,wait_only,111.06612495741582,75.98464853554829,35.081476421867535
134,dqn,wait_only,110.65797361408606,127.81280515229952,-17.154831538213458
135,dqn,wait_only,96.42955092149131,84.5622418716922,11.867309049799118
136,dqn,wait_only,90.35434026965062,74.93237651407634,15.421963755574282
137,dqn,wait_only,68.06766411885918,58.55223975083235,9.515424368026835
138,dqn,wait_only,107.64077502015341,104.8449547365256,2.795820283627819
139,dqn,wait_only,117.12199209395527,132.09663422839125,-14.974642134435982
140,dqn,wait_only,107.42156602053113,107.66502760112475,-0.24346158059361755
141,dqn,wait_only,79.0350804570515,79.35628760558208,-0.32120714853057564
142,dqn,wait_only,153.73454517241518,113.08995700318826,40.64458816922692
143,dqn,wait_only,123.7278086482823,123.7278086482823,0.0
144,dqn,wait_only,0.0,0.0,0.0
145,dqn,wait_only,133.3028821145054,132.50788133036386,0.7950007841415356
146,dqn,wait_only,116.3224063155849,96.14664086410579,20.17576545147911
147,dqn,wait_only,92.49527369461862,87.9564042023972,4.538869492221423
148,dqn,wait_only,147.3292694991968,144.45237124552648,2.8768982536703334
149,dqn,wait_only,119.41187201987519,126.0837655457452,-6.671893525870004
150,dqn,wait_only,102.56986521937391,108.39421322636562,-5.824348006991713
151,dqn,wait_only,84.46749462009566,77.02048836092983,7.447006259165832
152,dqn,wait_only,154.79799547405412,141.99304336156018,12.804952112493936
153,dqn,wait_only,105.95851555036197,134.99605860423307,-29.037543053871104
154,dqn,wait_only,104.9972116960681,104.9972116960681,0.0
155,dqn,wait_only,90.07250505437268,93.15037198493434,-3.0778669305616546
156,dqn,wait_only,99.40367285941497,111.0634858073865,-11.659812947971531
157,dqn,wait_only,96.44302631465922,89.56543789979295,6.877588414866267
158,dqn,wait_only,117.22304978818615,117.22304978818615,0.0
159,dqn,wait_only,125.2395121434291,114.26466929467034,10.974842848758755
160,dqn,wait_only,73.28926388198953,34.829382089691386,38.45988179229814
161,dqn,wait_only,86.3143170238073,80.83463577593885,5.479681247868456
162,dqn,wait_only,100.17675891740741,100.17675891740741,0.0
163,dqn,wait_only,106.11332678071888,82.37728033613317,23.73604644458571
164,dqn,wait_only,99.43486215870223,90.7098908068312,8.724971351871034
165,dqn,wait_only,99.08667289191791,99.08667289191791,0.0
166,dqn,wait_only,118.30459801445961,118.30459801445961,0.0
167,dqn,wait_only,112.98731610317793,131.31791918902067,-18.33060308584274
168,dqn,wait_only,104.24815877420069,104.24815877420069,0.0
169,dqn,wait_only,194.48202822262402,194.48202822262402,0.0
170,dqn,wait_only,102.29170839409494,118.24386795213273,-15.952159558037792
171,dqn,wait_only,94.26958320901954,87.43907482251029,6.830508386509251
172,dqn,wait_only,98.75685037278795,106.48146683179826,-7.724616459010306
173,dqn,wait_only,91.94471751342166,107.32271589718857,-15.377998383766908
174,dqn,wait_only,93.74983372461467,79.72537613850731,14.02445758610736
175,dqn,wait_only,97.2106087642668,97.64084939901065,-0.43024063474385343
176,dqn,wait_only,89.50315329996721,104.5632942705519,-15.060140970584698
177,dqn,wait_only,91.16524834642844,97.69723783429278,-6.531989487864337
178,dqn,wait_only,111.55669248624747,127.81042160333683,-16.253729117089364
179,dqn,wait_only,118.03635925602086,90.7289615381214,27.307397717899462
180,dqn,wait_only,86.21963884040231,86.21963884040231,0.0
181,dqn,wait_only,133.15110635368802,127.61775686453537,5.533349489152656
182,dqn,wait_only,95.74268515618333,95.74268515618333,0.0
183,dqn,wait_only,103.35509525601321,104.22743052176683,-0.8723352657536196
184,dqn,wait_only,97.38362568580526,99.47240047661298,-2.0887747908077188
185,dqn,wait_only,110.25411105526847,126.35438017868394,-16.100269123415472
186,dqn,wait_only,96.70090354626453,82.74804281910683,13.952860727157699
187,dqn,wait_only,86.34046160949495,108.9919999065883,-22.651538297093353
188,dqn,wait_only,161.2227114650582,161.2227114650582,0.0
189,dqn,wait_only,92.53025615987355,76.46733648305072,16.06291967682283
190,dqn,wait_only,79.00638185694098,86.43286649949943,-7.426484642558449
191,dqn,wait_only,89.72868187327276,89.72868187327276,0.0
192,dqn,wait_only,96.13664209077841,91.9955789950324,4.141063095746006
193,dqn,wait_only,144.20561688793273,50.20701834709713,93.9985985408356
194,dqn,wait_only,93.40098764986296,93.52435453503867,-0.12336688517571304
195,dqn,wait_only,97.74536866555822,119.67897998523698,-21.93361131967876
196,dqn,wait_only,77.92847161583975,78.24967876437033,-0.32120714853057564
197,dqn,wait_only,74.88319368125713,74.88319368125713,0.0
198,dqn,wait_only,124.66638864116814,145.67849997240077,-21.01211133123263
199,dqn,wait_only,122.01703199969378,127.29219977133171,-5.275167771637925
200,dqn,wait_only,105.20553673068184,83.89956270230114,21.305974028380703
201,dqn,wait_only,86.47564489734157,77.93479178357533,8.540853113766232
202,dqn,wait_only,94.13917215626337,85.9121589616022,8.227013194661168
203,dqn,wait_only,125.79505250245096,96.99592399239306,28.799128510057898
204,dqn,wait_only,88.25001246342451,84.71254171870764,3.5374707447168703
205,dqn,wait_only,86.66854582132697,93.41846008815148,-6.749914266824504
206,dqn,wait_only,84.34374594231319,86.4132075882757,-2.0694616459625053
207,dqn,wait_only,76.61938351137412,72.63874280939208,3.98064070198204
208,dqn,wait_only,135.09214498584686,121.71113326210649,13.381011723740372
209,dqn,wait_only,97.62546778671518,99.54928491528462,-1.9238171285694392
210,dqn,wait_only,74.533031954208,75.17885816555486,-0.6458262113468578
211,dqn,wait_only,122.53624703171229,122.69460808240224,-0.15836105068994755
212,dqn,wait_only,101.88042550543126,102.3106661401751,-0.4302406347438392
213,dqn,wait_only,98.18457390958415,98.18457390958415,0.0
214,dqn,wait_only,76.63518519438202,97.27481174374374,-20.639626549361722
215,dqn,wait_only,125.56988089653382,155.0692687572855,-29.499387860751682
216,dqn,wait_only,99.73955440332088,90.64171451957677,9.097839883744115
217,dqn,wait_only,64.70438384247734,64.70438384247734,0.0
218,dqn,wait_only,112.08481285167457,104.25724997837345,7.827562873301119
219,dqn,wait_only,80.16881553441092,62.42933777484859,17.739477759562334
220,dqn,wait_only,72.12415339866757,68.91858097658714,3.2055724220804365
221,dqn,wait_only,98.82579088764157,82.12092231075293,16.704868576888643
222,dqn,wait_only,83.8204853832645,83.8204853832645,0.0
223,dqn,wait_only,40.38674822072079,69.97751065023763,-29.590762429516843
224,dqn,wait_only,105.1843787652906,109.82438914064241,-4.640010375351807
225,dqn,wait_only,126.71002223988384,126.71002223988384,0.0
226,dqn,wait_only,100.10335794993463,109.0588123662384,-8.955454416303766
227,dqn,wait_only,92.96928977509229,92.96928977509229,0.0
228,dqn,wait_only,43.08385201314593,123.65847689166867,-80.57462487852274
229,dqn,wait_only,96.76304162283773,90.97069440849585,5.792347214341888
230,dqn,wait_only,87.65432691545547,157.88408318573724,-70.22975627028177
231,dqn,wait_only,128.24827591632354,116.05280572246612,12.195470193857417
232,dqn,wait_only,63.50618612103262,58.00966900194189,5.496517119090733
233,dqn,wait_only,163.02616373119264,163.02616373119264,0.0
234,dqn,wait_only,114.13256615032644,120.7031149423365,-6.570548792010058
235,dqn,wait_only,91.39293399559861,83.2330572621291,8.159876733469517
236,dqn,wait_only,124.54035593827366,108.11562689560982,16.42472904266384
237,dqn,wait_only,122.57071306246121,122.57071306246121,0.0
238,dqn,wait_only,100.94851245447562,118.04892168062658,-17.10040922615096
239,dqn,wait_only,107.54650498853641,107.54650498853641,0.0
240,dqn,wait_only,90.21753760938797,106.89310015906784,-16.675562549679867
241,dqn,wait_only,100.76831872642543,100.76831872642543,0.0
242,dqn,wait_only,103.09717501334437,108.81939406667001,-5.722219053325645
243,dqn,wait_only,110.62558638971593,116.51254681482125,-5.886960425105315
244,dqn,wait_only,127.33956469861104,135.8155809514684,-8.476016252857363
245,dqn,wait_only,127.73160365732168,127.3856131446723,0.3459905126493794
246,dqn,wait_only,117.41166873774563,109.80653946712127,7.60512927062436
247,dqn,wait_only,109.09670237123693,101.15619080730154,7.940511563935388
248,dqn,wait_only,112.56146995916292,100.95151512241046,11.609954836752465
249,dqn,wait_only,140.3477890758407,140.3477890758407,0.0
250,dqn,wait_only,162.77093861940182,163.07677875268578,-0.3058401332839651
251,dqn,wait_only,77.72094471556906,77.72094471556906,0.0
252,dqn,wait_only,90.17279744888363,99.71706981735821,-9.54427236847458
253,dqn,wait_only,123.30402116572604,134.5990342682398,-11.29501310251375
254,dqn,wait_only,147.42089852814203,122.3188781575126,25.102020370629432
255,dqn,wait_only,127.78284166310006,142.39894262423988,-14.616100961139821
256,dqn,wait_only,86.39616658653631,84.6874583962711,1.708708190265213
257,dqn,wait_only,161.22140083453903,150.69654337194473,10.524857462594298
258,dqn,wait_only,88.59506397589588,76.29361785664732,12.301446119248567
259,dqn,wait_only,121.6142228629103,115.11660205861247,6.497620804297824
260,dqn,wait_only,93.45891469712448,93.45891469712448,0.0
261,dqn,wait_only,62.149964600038224,63.71675922482894,-1.5667946247907167
262,dqn,wait_only,106.70310220630117,98.7482057236041,7.954896482697066
263,dqn,wait_only,115.13898218633729,142.46137954750327,-27.322397361165983
264,dqn,wait_only,113.1179713961049,107.89211234353114,5.225859052573767
265,dqn,wait_only,109.22955744254436,108.22831399720303,1.0012434453413306
266,dqn,wait_only,125.0451645858583,121.78165195349794,3.26351263236036
267,dqn,wait_only,131.88339378429419,132.16633008322657,-0.28293629893238403
268,dqn,wait_only,84.54589892492879,84.77700922048565,-0.23111029555686002
269,dqn,wait_only,89.17952716150869,89.17952716150869,0.0
270,dqn,wait_only,180.26120323743422,133.3000564824713,46.961146754962925
271,dqn,wait_only,144.01690401065392,129.52722261633073,14.489681394323185
272,dqn,wait_only,88.60265975701029,87.42944714241543,1.1732126145948598
273,dqn,wait_only,102.09544386641659,103.8012127414716,-1.7057688750550142
274,dqn,wait_only,94.78425024811017,95.93812257129387,-1.1538723231837054
275,dqn,wait_only,112.3506438014085,112.3506438014085,0.0
276,dqn,wait_only,102.60141577456578,76.6714436006345,25.929972173931276
277,dqn,wait_only,135.22481582299085,49.655509844179534,85.56930597881131
278,dqn,wait_only,91.80266722125151,89.22994075440229,2.5727264668492182
279,dqn,wait_only,91.95037629603686,93.58962273869328,-1.6392464426564146
280,dqn,wait_only,87.85061598468388,87.85061598468388,0.0
281,dqn,wait_only,109.3594373738966,141.7158105008289,-32.3563731269323
282,dqn,wait_only,70.10177756202859,70.37441571285746,-0.2726381508288682
283,dqn,wait_only,99.41937389110558,103.58645902363378,-4.1670851325282
284,dqn,wait_only,102.73221805653485,96.02280462986303,6.709413426671816
285,dqn,wait_only,109.45479908723122,84.98579522576132,24.4690038614699
286,dqn,wait_only,78.29527151661779,77.45181352695423,0.8434579896635626
287,dqn,wait_only,77.71539183383895,77.71539183383895,0.0
288,dqn,wait_only,220.14795169976188,250.66659488652985,-30.518643186767974
289,dqn,wait_only,84.10257626627134,84.10257626627134,0.0
290,dqn,wait_only,96.9269829472202,94.45404468273686,2.472938264483332
291,dqn,wait_only,109.97827416739348,133.99249343812463,-24.014219270731147
292,dqn,wait_only,117.25198435941694,128.85216949593445,-11.60018513651751
293,dqn,wait_only,101.77399803155848,105.8869663268406,-4.112968295282116
294,dqn,wait_only,116.8712250602696,119.01854179830825,-2.147316738038654
295,dqn,wait_only,67.69986781269132,68.43347082833478,-0.7336030156434532
296,dqn,wait_only,71.82033342894209,72.12617356222606,-0.3058401332839651
297,dqn,wait_only,112.66791141481913,119.6823590990932,-7.014447684274074
298,dqn,wait_only,94.99537208586258,94.99537208586258,0.0
299,dqn,wait_only,124.73856906226952,114.03510691305873,10.703462149210793
0,finite_horizon_value_iteration,wait_only,156.66377815350884,156.66377815350884,0.0
1,finite_horizon_value_iteration,wait_only,69.6033960787742,74.76608732058871,-5.162691241814514
2,finite_horizon_value_iteration,wait_only,120.44449514381863,117.98849030240301,2.45600484141562
3,finite_horizon_value_iteration,wait_only,126.2085807870283,130.53964903629594,-4.331068249267645
4,finite_horizon_value_iteration,wait_only,96.72099316188229,77.65179742106105,19.069195740821243
5,finite_horizon_value_iteration,wait_only,105.82168312536572,108.27519559535108,-2.4535124699853554
6,finite_horizon_value_iteration,wait_only,128.99710591827227,128.99710591827227,0.0
7,finite_horizon_value_iteration,wait_only,129.31700087408177,129.31700087408177,0.0
8,finite_horizon_value_iteration,wait_only,89.78420096047498,91.64224062421586,-1.8580396637408825
9,finite_horizon_value_iteration,wait_only,82.50649705721169,125.05968789105933,-42.55319083384764
10,finite_horizon_value_iteration,wait_only,130.11104817102895,105.2411457240903,24.869902446938653
11,finite_horizon_value_iteration,wait_only,98.87187638928829,102.66075589290598,-3.788879503617693
12,finite_horizon_value_iteration,wait_only,83.70625603798534,83.70625603798534,0.0
13,finite_horizon_value_iteration,wait_only,80.61241419552663,80.61241419552663,0.0
14,finite_horizon_value_iteration,wait_only,111.7205344804529,107.05374193606374,4.666792544389153
15,finite_horizon_value_iteration,wait_only,80.65541603585814,80.65541603585814,0.0
16,finite_horizon_value_iteration,wait_only,66.36944922879049,142.83536536363337,-76.46591613484289
17,finite_horizon_value_iteration,wait_only,89.20542478592498,103.7313261699077,-14.525901383982728
18,finite_horizon_value_iteration,wait_only,102.35763046469853,115.5673626011019,-13.209732136403375
19,finite_horizon_value_iteration,wait_only,89.9535307471352,92.62871968599153,-2.675188938856323
20,finite_horizon_value_iteration,wait_only,145.75124929485077,145.1798754643174,0.5713738305333607
21,finite_horizon_value_iteration,wait_only,91.36201125200833,91.36201125200833,0.0
22,finite_horizon_value_iteration,wait_only,97.61254851970338,97.61254851970338,0.0
23,finite_horizon_value_iteration,wait_only,94.26205303258945,82.62523337027636,11.636819662313087
24,finite_horizon_value_iteration,wait_only,100.09133642081723,100.09133642081723,0.0
25,finite_horizon_value_iteration,wait_only,105.4123264622131,104.76636453620044,0.6459619260126601
26,finite_horizon_value_iteration,wait_only,94.33510709238581,111.8212548697415,-17.486147777355683
27,finite_horizon_value_iteration,wait_only,117.62004029318899,111.39427787501549,6.2257624181735025
28,finite_horizon_value_iteration,wait_only,127.3538750655296,127.3538750655296,0.0
29,finite_horizon_value_iteration,wait_only,57.81747209742305,57.81747209742305,0.0
30,finite_horizon_value_iteration,wait_only,104.6906830283076,109.11276007258573,-4.422077044278126
31,finite_horizon_value_iteration,wait_only,96.86679226356193,96.86679226356193,0.0
32,finite_horizon_value_iteration,wait_only,90.35920140924001,90.35920140924001,0.0
33,finite_horizon_value_iteration,wait_only,77.60624423425055,77.88971093186021,-0.28346669760965426
34,finite_horizon_value_iteration,wait_only,111.36439257312466,112.82076120482826,-1.4563686317035973
35,finite_horizon_value_iteration,wait_only,109.63464529754975,96.56822028448782,13.06642501306193
36,finite_horizon_value_iteration,wait_only,110.79187699140684,71.72845249891793,39.063424492488906
37,finite_horizon_value_iteration,wait_only,123.06508998718499,123.06508998718499,0.0
38,finite_horizon_value_iteration,wait_only,112.35785932315584,113.22912681259513,-0.8712674894392904
39,finite_horizon_value_iteration,wait_only,40.89528115189057,79.27992981714702,-38.38464866525645
40,finite_horizon_value_iteration,wait_only,129.18336647801513,78.6411276467918,50.54223883122333
41,finite_horizon_value_iteration,wait_only,111.70412131918188,111.70412131918188,0.0
42,finite_horizon_value_iteration,wait_only,75.24610480154321,75.24610480154321,0.0
43,finite_horizon_value_iteration,wait_only,98.31343451128132,98.31343451128132,0.0
44,finite_horizon_value_iteration,wait_only,117.6212196044867,60.42786784570451,57.193351758782185
45,finite_horizon_value_iteration,wait_only,128.1396535734197,128.1396535734197,0.0
46,finite_horizon_value_iteration,wait_only,75.78604058261885,138.83996146062557,-63.05392087800672
47,finite_horizon_value_iteration,wait_only,88.91741099909618,86.33471955892705,2.5826914401691283
48,finite_horizon_value_iteration,wait_only,117.10652151524762,101.81385003524005,15.29267148000757
49,finite_horizon_value_iteration,wait_only,86.26355626292874,86.26355626292874,0.0
50,finite_horizon_value_iteration,wait_only,55.00495730427166,78.46075169940968,-23.45579439513802
51,finite_horizon_value_iteration,wait_only,92.09292788718359,82.62810106970763,9.464826817475966
52,finite_horizon_value_iteration,wait_only,88.21452983096012,93.80548962528593,-5.590959794325812
53,finite_horizon_value_iteration,wait_only,116.80443487924703,116.80443487924703,0.0
54,finite_horizon_value_iteration,wait_only,67.3208731549188,67.64208030344938,-0.32120714853057564
55,finite_horizon_value_iteration,wait_only,63.4720290819502,74.06537969817865,-10.593350616228449
56,finite_horizon_value_iteration,wait_only,85.53719459847551,110.39684348436784,-24.859648885892327
57,finite_horizon_value_iteration,wait_only,100.89384821276579,100.89384821276579,0.0
58,finite_horizon_value_iteration,wait_only,102.57462396018616,88.90291945879248,13.671704501393677
59,finite_horizon_value_iteration,wait_only,129.63144726595806,114.12443919625001,15.50700806970805
60,finite_horizon_value_iteration,wait_only,118.25426058414325,128.80268098100112,-10.548420396857864
61,finite_horizon_value_iteration,wait_only,74.60418054792724,67.0776636792826,7.526516868644649
62,finite_horizon_value_iteration,wait_only,138.1649425329752,138.44840923058484,-0.28346669760964005
63,finite_horizon_value_iteration,wait_only,105.51450770609351,112.65652362191776,-7.1420159158242456
64,finite_horizon_value_iteration,wait_only,90.07762313939364,80.91276220842582,9.16486093096782
65,finite_horizon_value_iteration,wait_only,66.8355221012527,80.98716963190529,-14.151647530652582
66,finite_horizon_value_iteration,wait_only,105.56798535900008,105.56798535900008,0.0
67,finite_horizon_value_iteration,wait_only,101.47644104215092,101.47644104215092,0.0
68,finite_horizon_value_iteration,wait_only,93.33821859355977,93.33821859355977,0.0
69,finite_horizon_value_iteration,wait_only,89.0832636798051,89.0832636798051,0.0
70,finite_horizon_value_iteration,wait_only,136.21011481459638,128.05327531925312,8.156839495343263
71,finite_horizon_value_iteration,wait_only,85.73586297726013,93.51775037555065,-7.781887398290522
72,finite_horizon_value_iteration,wait_only,143.67183120580236,136.14374003408284,7.528091171719524
73,finite_horizon_value_iteration,wait_only,85.60931333647129,85.60931333647129,0.0
74,finite_horizon_value_iteration,wait_only,110.17137562674364,110.17137562674364,0.0
75,finite_horizon_value_iteration,wait_only,97.32599648121293,113.59759793291606,-16.271601451703134
76,finite_horizon_value_iteration,wait_only,72.28671515516055,72.28671515516055,0.0
77,finite_horizon_value_iteration,wait_only,105.73645385275044,96.13893020070586,9.597523652044586
78,finite_horizon_value_iteration,wait_only,123.487022115983,122.5460648514327,0.9409572645502919
79,finite_horizon_value_iteration,wait_only,79.06105910677286,88.18105913501986,-9.120000028247006
80,finite_horizon_value_iteration,wait_only,97.08314627004523,123.89320949370082,-26.81006322365559
81,finite_horizon_value_iteration,wait_only,89.9808199355036,142.66438429390638,-52.683564358402776
82,finite_horizon_value_iteration,wait_only,92.0627457608187,133.2483716006256,-41.1856258398069
83,finite_horizon_value_iteration,wait_only,104.88439247216718,129.80694340782458,-24.922550935657398
84,finite_horizon_value_iteration,wait_only,80.36149648674785,80.36149648674785,0.0
85,finite_horizon_value_iteration,wait_only,100.30565478346026,98.92751300982975,1.378141773630503
86,finite_horizon_value_iteration,wait_only,79.16735659237712,100.77433311669341,-21.606976524316295
87,finite_horizon_value_iteration,wait_only,148.9719474235168,92.61520260716826,56.35674481634855
88,finite_horizon_value_iteration,wait_only,79.15052921204864,79.15052921204864,0.0
89,finite_horizon_value_iteration,wait_only,116.68433969144937,116.68433969144937,0.0
90,finite_horizon_value_iteration,wait_only,81.81352224430097,86.57636735541149,-4.762845111110522
91,finite_horizon_value_iteration,wait_only,99.02445308871489,94.98060229661388,4.043850792101011
92,finite_horizon_value_iteration,wait_only,86.32011343220923,86.32011343220923,0.0
93,finite_horizon_value_iteration,wait_only,76.66359081532714,76.66359081532714,0.0
94,finite_horizon_value_iteration,wait_only,104.8540599293411,104.8540599293411,0.0
95,finite_horizon_value_iteration,wait_only,177.9270080650049,180.65969557863477,-2.7326875136298554
96,finite_horizon_value_iteration,wait_only,154.98911231498417,152.76297444043345,2.226137874550716
97,finite_horizon_value_iteration,wait_only,111.37767588590015,108.27791684156732,3.099759044332828
98,finite_horizon_value_iteration,wait_only,133.3242551829542,133.3242551829542,0.0
99,finite_horizon_value_iteration,wait_only,106.4844727086207,98.09280259432197,8.391670114298734
100,finite_horizon_value_iteration,wait_only,97.34199825842802,97.647838391712,-0.3058401332839793
101,finite_horizon_value_iteration,wait_only,138.19575516004534,148.7642276600258,-10.568472499980459
102,finite_horizon_value_iteration,wait_only,117.94152981512543,124.35247989619273,-6.410950081067298
103,finite_horizon_value_iteration,wait_only,87.38624080196375,83.67811049572234,3.708130306241415
104,finite_horizon_value_iteration,wait_only,129.29676494645256,129.29676494645256,0.0
105,finite_horizon_value_iteration,wait_only,125.80800031194043,114.35336742357148,11.454632888368948
106,finite_horizon_value_iteration,wait_only,80.79853946387654,80.79853946387654,0.0
107,finite_horizon_value_iteration,wait_only,79.47230593061325,51.75583073371873,27.716475196894514
108,finite_horizon_value_iteration,wait_only,84.95490514994324,84.45245649575058,0.502448654192662
109,finite_horizon_value_iteration,wait_only,97.45319430776759,96.13982798049638,1.3133663272712113
110,finite_horizon_value_iteration,wait_only,107.58182422882852,107.58182422882852,0.0
111,finite_horizon_value_iteration,wait_only,83.87037117600731,83.87037117600731,0.0
112,finite_horizon_value_iteration,wait_only,130.52885727985165,87.56799077908899,42.96086650076266
113,finite_horizon_value_iteration,wait_only,121.79271077730755,121.79271077730755,0.0
114,finite_horizon_value_iteration,wait_only,65.13158889679652,50.21731614579252,14.914272751003992
115,finite_horizon_value_iteration,wait_only,118.57277469633856,106.62247623793877,11.950298458399786
116,finite_horizon_value_iteration,wait_only,117.31915134251204,98.2855796344259,19.033571708086143
117,finite_horizon_value_iteration,wait_only,170.81421099455346,170.81421099455346,0.0
118,finite_horizon_value_iteration,wait_only,103.76939213584892,111.0075616575291,-7.238169521680177
119,finite_horizon_value_iteration,wait_only,105.10233866510036,105.10233866510036,0.0
120,finite_horizon_value_iteration,wait_only,85.26031093503519,80.0034416818939,5.256869253141289
121,finite_horizon_value_iteration,wait_only,69.91595706243291,62.71976141092551,7.196195651507402
122,finite_horizon_value_iteration,wait_only,133.46034191345512,118.62656932207072,14.833772591384403
123,finite_horizon_value_iteration,wait_only,95.87972419795659,77.81997599304012,18.059748204916474
124,finite_horizon_value_iteration,wait_only,101.23045204762009,102.0562590027078,-0.8258069550877138
125,finite_horizon_value_iteration,wait_only,97.14130138754933,86.13229234399296,11.009009043556375
126,finite_horizon_value_iteration,wait_only,72.65125520275183,72.65125520275183,0.0
127,finite_horizon_value_iteration,wait_only,113.89277308314558,72.64013279524043,41.25264028790515
128,finite_horizon_value_iteration,wait_only,98.28045810648291,92.7858424475393,5.494615658943616
129,finite_horizon_value_iteration,wait_only,108.7365258542724,108.7365258542724,0.0
130,finite_horizon_value_iteration,wait_only,109.60226379177372,89.30413544965555,20.298128342118176
131,finite_horizon_value_iteration,wait_only,90.44590266486776,90.44590266486776,0.0
132,finite_horizon_value_iteration,wait_only,118.18243366642473,94.23881474340877,23.94361892301596
133,finite_horizon_value_iteration,wait_only,56.82478575699911,75.98464853554829,-19.159862778549176
134,finite_horizon_value_iteration,wait_only,127.81280515229952,127.81280515229952,0.0
135,finite_horizon_value_iteration,wait_only,96.42955092149131,84.5622418716922,11.867309049799118
136,finite_horizon_value_iteration,wait_only,74.93237651407634,74.93237651407634,0.0
137,finite_horizon_value_iteration,wait_only,68.06766411885918,58.55223975083235,9.515424368026835
138,finite_horizon_value_iteration,wait_only,114.11408084675661,104.8449547365256,9.269126110231014
139,finite_horizon_value_iteration,wait_only,132.09663422839125,132.09663422839125,0.0
140,finite_horizon_value_iteration,wait_only,74.80879373925924,107.66502760112475,-32.856233861865505
141,finite_horizon_value_iteration,wait_only,79.0350804570515,79.35628760558208,-0.32120714853057564
142,finite_horizon_value_iteration,wait_only,134.83039145238783,113.08995700318826,21.74043444919957
143,finite_horizon_value_iteration,wait_only,123.7278086482823,123.7278086482823,0.0
144,finite_horizon_value_iteration,wait_only,0.0,0.0,0.0
145,finite_horizon_value_iteration,wait_only,146.74401852573538,132.50788133036386,14.236137195371526
146,finite_horizon_value_iteration,wait_only,110.92199564258178,96.14664086410579,14.775354778475986
147,finite_horizon_value_iteration,wait_only,92.49527369461862,87.9564042023972,4.538869492221423
148,finite_horizon_value_iteration,wait_only,140.8536634559716,144.45237124552648,-3.5987077895548794
149,finite_horizon_value_iteration,wait_only,129.04246635385329,126.0837655457452,2.958700808108091
150,finite_horizon_value_iteration,wait_only,102.56986521937391,108.39421322636562,-5.824348006991713
151,finite_horizon_value_iteration,wait_only,84.89773525483952,77.02048836092983,7.877246893909685
152,finite_horizon_value_iteration,wait_only,154.79799547405412,141.99304336156018,12.804952112493936
153,finite_horizon_value_iteration,wait_only,134.99605860423307,134.99605860423307,0.0
154,finite_horizon_value_iteration,wait_only,104.9972116960681,104.9972116960681,0.0
155,finite_horizon_value_iteration,wait_only,93.15037198493434,93.15037198493434,0.0
156,finite_horizon_value_iteration,wait_only,111.0634858073865,111.0634858073865,0.0
157,finite_horizon_value_iteration,wait_only,99.91419625923263,89.56543789979295,10.348758359439671
158,finite_horizon_value_iteration,wait_only,117.22304978818615,117.22304978818615,0.0
159,finite_horizon_value_iteration,wait_only,148.5117141190368,114.26466929467034,34.24704482436647
160,finite_horizon_value_iteration,wait_only,94.3354633548268,34.829382089691386,59.506081265135414
161,finite_horizon_value_iteration,wait_only,86.3143170238073,80.83463577593885,5.479681247868456
162,finite_horizon_value_iteration,wait_only,100.17675891740741,100.17675891740741,0.0
163,finite_horizon_value_iteration,wait_only,92.7408173902149,82.37728033613317,10.363537054081732
164,finite_horizon_value_iteration,wait_only,99.43486215870223,90.7098908068312,8.724971351871034
165,finite_horizon_value_iteration,wait_only,99.08667289191791,99.08667289191791,0.0
166,finite_horizon_value_iteration,wait_only,118.30459801445961,118.30459801445961,0.0
167,finite_horizon_value_iteration,wait_only,131.31791918902067,131.31791918902067,0.0
168,finite_horizon_value_iteration,wait_only,104.24815877420069,104.24815877420069,0.0
169,finite_horizon_value_iteration,wait_only,194.48202822262402,194.48202822262402,0.0
170,finite_horizon_value_iteration,wait_only,102.29170839409494,118.24386795213273,-15.952159558037792
171,finite_horizon_value_iteration,wait_only,94.26958320901954,87.43907482251029,6.830508386509251
172,finite_horizon_value_iteration,wait_only,106.48146683179826,106.48146683179826,0.0
173,finite_horizon_value_iteration,wait_only,109.58303037566132,107.32271589718857,2.2603144784727505
174,finite_horizon_value_iteration,wait_only,79.72537613850731,79.72537613850731,0.0
175,finite_horizon_value_iteration,wait_only,97.64084939901065,97.64084939901065,0.0
176,finite_horizon_value_iteration,wait_only,104.5632942705519,104.5632942705519,0.0
177,finite_horizon_value_iteration,wait_only,60.52373240401546,97.69723783429278,-37.17350543027732
178,finite_horizon_value_iteration,wait_only,118.22725580232428,127.81042160333683,-9.583165801012555
179,finite_horizon_value_iteration,wait_only,118.03635925602086,90.7289615381214,27.307397717899462
180,finite_horizon_value_iteration,wait_only,86.21963884040231,86.21963884040231,0.0
181,finite_horizon_value_iteration,wait_only,133.15110635368802,127.61775686453537,5.533349489152656
182,finite_horizon_value_iteration,wait_only,95.74268515618333,95.74268515618333,0.0
183,finite_horizon_value_iteration,wait_only,102.96595823024084,104.22743052176683,-1.2614722915259904
184,finite_horizon_value_iteration,wait_only,97.38362568580526,99.47240047661298,-2.0887747908077188
185,finite_horizon_value_iteration,wait_only,79.17839109936904,126.35438017868394,-47.1759890793149
186,finite_horizon_value_iteration,wait_only,97.26668884902426,82.74804281910683,14.518646029917434
187,finite_horizon_value_iteration,wait_only,108.3791876072778,108.9919999065883,-0.6128122993105052
188,finite_horizon_value_iteration,wait_only,125.42905568627151,161.2227114650582,-35.7936557787867
189,finite_horizon_value_iteration,wait_only,92.53025615987355,76.46733648305072,16.06291967682283
190,finite_horizon_value_iteration,wait_only,79.00638185694098,86.43286649949943,-7.426484642558449
191,finite_horizon_value_iteration,wait_only,89.72868187327276,89.72868187327276,0.0
192,finite_horizon_value_iteration,wait_only,96.13664209077841,91.9955789950324,4.141063095746006
193,finite_horizon_value_iteration,wait_only,120.82050560226524,50.20701834709713,70.61348725516811
194,finite_horizon_value_iteration,wait_only,93.52435453503867,93.52435453503867,0.0
195,finite_horizon_value_iteration,wait_only,97.74536866555822,119.67897998523698,-21.93361131967876
196,finite_horizon_value_iteration,wait_only,77.92847161583975,78.24967876437033,-0.32120714853057564
197,finite_horizon_value_iteration,wait_only,74.88319368125713,74.88319368125713,0.0
198,finite_horizon_value_iteration,wait_only,136.27280206914003,145.67849997240077,-9.405697903260744
199,finite_horizon_value_iteration,wait_only,161.58552519181245,127.29219977133171,34.29332542048074
200,finite_horizon_value_iteration,wait_only,105.20553673068184,83.89956270230114,21.305974028380703
201,finite_horizon_value_iteration,wait_only,77.93479178357533,77.93479178357533,0.0
202,finite_horizon_value_iteration,wait_only,94.13917215626337,85.9121589616022,8.227013194661168
203,finite_horizon_value_iteration,wait_only,125.79505250245096,96.99592399239306,28.799128510057898
204,finite_horizon_value_iteration,wait_only,83.99732193504929,84.71254171870764,-0.7152197836583554
205,finite_horizon_value_iteration,wait_only,86.66854582132697,93.41846008815148,-6.749914266824504
206,finite_horizon_value_iteration,wait_only,84.34374594231319,86.4132075882757,-2.0694616459625053
207,finite_horizon_value_iteration,wait_only,72.63874280939208,72.63874280939208,0.0
208,finite_horizon_value_iteration,wait_only,121.71113326210649,121.71113326210649,0.0
209,finite_horizon_value_iteration,wait_only,99.54928491528462,99.54928491528462,0.0
210,finite_horizon_value_iteration,wait_only,75.17885816555486,75.17885816555486,0.0
211,finite_horizon_value_iteration,wait_only,118.35070825416312,122.69460808240224,-4.343899828239117
212,finite_horizon_value_iteration,wait_only,102.3106661401751,102.3106661401751,0.0
213,finite_horizon_value_iteration,wait_only,98.18457390958415,98.18457390958415,0.0
214,finite_horizon_value_iteration,wait_only,76.63518519438202,97.27481174374374,-20.639626549361722
215,finite_horizon_value_iteration,wait_only,125.56988089653382,155.0692687572855,-29.499387860751682
216,finite_horizon_value_iteration,wait_only,98.13034997152661,90.64171451957677,7.488635451949847
217,finite_horizon_value_iteration,wait_only,64.70438384247734,64.70438384247734,0.0
218,finite_horizon_value_iteration,wait_only,112.08481285167457,104.25724997837345,7.827562873301119
219,finite_horizon_value_iteration,wait_only,80.16881553441092,62.42933777484859,17.739477759562334
220,finite_horizon_value_iteration,wait_only,86.44039721164052,68.91858097658714,17.52181623505338
221,finite_horizon_value_iteration,wait_only,98.82579088764157,82.12092231075293,16.704868576888643
222,finite_horizon_value_iteration,wait_only,83.8204853832645,83.8204853832645,0.0
223,finite_horizon_value_iteration,wait_only,112.62819200594092,69.97751065023763,42.650681355703284
224,finite_horizon_value_iteration,wait_only,126.05907556751761,109.82438914064241,16.2346864268752
225,finite_horizon_value_iteration,wait_only,126.71002223988384,126.71002223988384,0.0
226,finite_horizon_value_iteration,wait_only,100.53359858467849,109.0588123662384,-8.525213781559913
227,finite_horizon_value_iteration,wait_only,92.96928977509229,92.96928977509229,0.0
228,finite_horizon_value_iteration,wait_only,145.69607226644604,123.65847689166867,22.037595374777368
229,finite_horizon_value_iteration,wait_only,90.97069440849585,90.97069440849585,0.0
230,finite_horizon_value_iteration,wait_only,157.88408318573724,157.88408318573724,0.0
231,finite_horizon_value_iteration,wait_only,116.05280572246612,116.05280572246612,0.0
232,finite_horizon_value_iteration,wait_only,73.17299445414092,58.00966900194189,15.163325452199032
233,finite_horizon_value_iteration,wait_only,163.02616373119264,163.02616373119264,0.0
234,finite_horizon_value_iteration,wait_only,111.54962727583482,120.7031149423365,-9.153487666501675
235,finite_horizon_value_iteration,wait_only,83.2330572621291,83.2330572621291,0.0
236,finite_horizon_value_iteration,wait_only,107.82425778959247,108.11562689560982,-0.2913691060173562
237,finite_horizon_value_iteration,wait_only,122.57071306246121,122.57071306246121,0.0
238,finite_horizon_value_iteration,wait_only,118.04892168062658,118.04892168062658,0.0
239,finite_horizon_value_iteration,wait_only,107.54650498853641,107.54650498853641,0.0
240,finite_horizon_value_iteration,wait_only,90.21753760938797,106.89310015906784,-16.675562549679867
241,finite_horizon_value_iteration,wait_only,100.76831872642543,100.76831872642543,0.0
242,finite_horizon_value_iteration,wait_only,100.54160909515187,108.81939406667001,-8.277784971518145
243,finite_horizon_value_iteration,wait_only,122.22331395202863,116.51254681482125,5.710767137207384
244,finite_horizon_value_iteration,wait_only,166.15218388669683,135.8155809514684,30.336602935228427
245,finite_horizon_value_iteration,wait_only,127.73160365732168,127.3856131446723,0.3459905126493794
246,finite_horizon_value_iteration,wait_only,116.01469341958924,109.80653946712127,6.208153952467967
247,finite_horizon_value_iteration,wait_only,100.90372623414436,101.15619080730154,-0.25246457315718374
248,finite_horizon_value_iteration,wait_only,120.6072490625507,100.95151512241046,19.655733940140237
249,finite_horizon_value_iteration,wait_only,140.3477890758407,140.3477890758407,0.0
250,finite_horizon_value_iteration,wait_only,163.07677875268578,163.07677875268578,0.0
251,finite_horizon_value_iteration,wait_only,77.72094471556906,77.72094471556906,0.0
252,finite_horizon_value_iteration,wait_only,74.47792625020787,99.71706981735821,-25.239143567150336
253,finite_horizon_value_iteration,wait_only,123.30402116572604,134.5990342682398,-11.29501310251375
254,finite_horizon_value_iteration,wait_only,122.3188781575126,122.3188781575126,0.0
255,finite_horizon_value_iteration,wait_only,113.35117206234598,142.39894262423988,-29.0477705618939
256,finite_horizon_value_iteration,wait_only,86.82640722128016,84.6874583962711,2.1389488250090665
257,finite_horizon_value_iteration,wait_only,152.45634094901672,150.69654337194473,1.7597975770719927
258,finite_horizon_value_iteration,wait_only,88.59506397589588,76.29361785664732,12.301446119248567
259,finite_horizon_value_iteration,wait_only,121.6142228629103,115.11660205861247,6.497620804297824
260,finite_horizon_value_iteration,wait_only,93.45891469712448,93.45891469712448,0.0
261,finite_horizon_value_iteration,wait_only,62.149964600038224,63.71675922482894,-1.5667946247907167
262,finite_horizon_value_iteration,wait_only,68.54434701436895,98.7482057236041,-30.20385870923515
263,finite_horizon_value_iteration,wait_only,142.46137954750327,142.46137954750327,0.0
264,finite_horizon_value_iteration,wait_only,94.00351380034695,107.89211234353114,-13.888598543184187
265,finite_horizon_value_iteration,wait_only,78.86602126485478,108.22831399720303,-29.36229273234825
266,finite_horizon_value_iteration,wait_only,125.0451645858583,121.78165195349794,3.26351263236036
267,finite_horizon_value_iteration,wait_only,145.98808748016305,132.16633008322657,13.821757396936476
268,finite_horizon_value_iteration,wait_only,84.54589892492879,84.77700922048565,-0.23111029555686002
269,finite_horizon_value_iteration,wait_only,89.17952716150869,89.17952716150869,0.0
270,finite_horizon_value_iteration,wait_only,119.5352907589492,133.3000564824713,-13.764765723522089
271,finite_horizon_value_iteration,wait_only,143.66782602358225,129.52722261633073,14.140603407251518
272,finite_horizon_value_iteration,wait_only,87.10823999388485,87.42944714241543,-0.32120714853057564
273,finite_horizon_value_iteration,wait_only,110.60617549143473,103.8012127414716,6.804962749963124
274,finite_horizon_value_iteration,wait_only,97.04037321193314,95.93812257129387,1.1022506406392694
275,finite_horizon_value_iteration,wait_only,112.3506438014085,112.3506438014085,0.0
276,finite_horizon_value_iteration,wait_only,93.38252476588843,76.6714436006345,16.71108116525393
277,finite_horizon_value_iteration,wait_only,128.4408082638613,49.655509844179534,78.78529841968177
278,finite_horizon_value_iteration,wait_only,101.52380156385946,89.22994075440229,12.293860809457172
279,finite_horizon_value_iteration,wait_only,93.27536549708297,93.58962273869328,-0.31425724161030644
280,finite_horizon_value_iteration,wait_only,87.85061598468388,87.85061598468388,0.0
281,finite_horizon_value_iteration,wait_only,77.74786501550315,141.7158105008289,-63.96794548532574
282,finite_horizon_value_iteration,wait_only,70.10177756202859,70.37441571285746,-0.2726381508288682
283,finite_horizon_value_iteration,wait_only,99.41937389110558,103.58645902363378,-4.1670851325282
284,finite_horizon_value_iteration,wait_only,77.54101873702506,96.02280462986303,-18.481785892837976
285,finite_horizon_value_iteration,wait_only,109.45479908723122,84.98579522576132,24.4690038614699
286,finite_horizon_value_iteration,wait_only,86.8570599601232,77.45181352695423,9.40524643316897
287,finite_horizon_value_iteration,wait_only,77.71539183383895,77.71539183383895,0.0
288,finite_horizon_value_iteration,wait_only,230.45387212394084,250.66659488652985,-20.21272276258901
289,finite_horizon_value_iteration,wait_only,84.10257626627134,84.10257626627134,0.0
290,finite_horizon_value_iteration,wait_only,96.9269829472202,94.45404468273686,2.472938264483332
291,finite_horizon_value_iteration,wait_only,130.4129857060209,133.99249343812463,-3.5795077321037354
292,finite_horizon_value_iteration,wait_only,117.25198435941694,128.85216949593445,-11.60018513651751
293,finite_horizon_value_iteration,wait_only,101.77399803155848,105.8869663268406,-4.112968295282116
294,finite_horizon_value_iteration,wait_only,126.90327028119036,119.01854179830825,7.88472848288211
295,finite_horizon_value_iteration,wait_only,68.43347082833478,68.43347082833478,0.0
296,finite_horizon_value_iteration,wait_only,72.12617356222606,72.12617356222606,0.0
297,finite_horizon_value_iteration,wait_only,112.66791141481913,119.6823590990932,-7.014447684274074
298,finite_horizon_value_iteration,wait_only,94.99537208586258,94.99537208586258,0.0
299,finite_horizon_value_iteration,wait_only,139.4709714404712,114.03510691305873,25.435864527412477
0,greedy_net_earnings,wait_only,156.66377815350884,156.66377815350884,0.0
1,greedy_net_earnings,wait_only,58.21792679644441,74.76608732058871,-16.5481605241443
2,greedy_net_earnings,wait_only,107.448479236141,117.98849030240301,-10.54001106626201
3,greedy_net_earnings,wait_only,117.06125996761642,130.53964903629594,-13.478389068679519
4,greedy_net_earnings,wait_only,75.88351884684363,77.65179742106105,-1.768278574217419
5,greedy_net_earnings,wait_only,86.85719057052175,108.27519559535108,-21.418005024829327
6,greedy_net_earnings,wait_only,108.9878977190916,128.99710591827227,-20.009208199180662
7,greedy_net_earnings,wait_only,121.13868353863347,129.31700087408177,-8.178317335448298
8,greedy_net_earnings,wait_only,89.78420096047498,91.64224062421586,-1.8580396637408825
9,greedy_net_earnings,wait_only,82.50649705721169,125.05968789105933,-42.55319083384764
10,greedy_net_earnings,wait_only,129.70034468646207,105.2411457240903,24.459198962371772
11,greedy_net_earnings,wait_only,76.70962356641026,102.66075589290598,-25.951132326495724
12,greedy_net_earnings,wait_only,83.31711901221297,83.70625603798534,-0.38913702577237075
13,greedy_net_earnings,wait_only,80.61241419552663,80.61241419552663,0.0
14,greedy_net_earnings,wait_only,124.10259068603108,107.05374193606374,17.048848749967334
15,greedy_net_earnings,wait_only,80.24471255129126,80.65541603585814,-0.41070348456688066
16,greedy_net_earnings,wait_only,127.77932009994332,142.83536536363337,-15.056045263690052
17,greedy_net_earnings,wait_only,73.91141862148481,103.7313261699077,-29.81990754842289
18,greedy_net_earnings,wait_only,79.02436532370454,115.5673626011019,-36.54299727739736
19,greedy_net_earnings,wait_only,130.38638708396218,92.62871968599153,37.75766739797065
20,greedy_net_earnings,wait_only,151.2942588956647,145.1798754643174,6.114383431347306
21,greedy_net_earnings,wait_only,90.75109217192683,91.36201125200833,-0.6109190800815014
22,greedy_net_earnings,wait_only,76.69984970174339,97.61254851970338,-20.912698817959992
23,greedy_net_earnings,wait_only,82.62523337027636,82.62523337027636,0.0
24,greedy_net_earnings,wait_only,84.08617794853993,100.09133642081723,-16.0051584722773
25,greedy_net_earnings,wait_only,80.48626405148373,104.76636453620044,-24.280100484716712
26,greedy_net_earnings,wait_only,84.53477502924356,111.8212548697415,-27.286479840497933
27,greedy_net_earnings,wait_only,91.18751153884477,111.39427787501549,-20.206766336170716
28,greedy_net_earnings,wait_only,94.31825769958955,127.3538750655296,-33.035617365940055
29,greedy_net_earnings,wait_only,57.81747209742305,57.81747209742305,0.0
30,greedy_net_earnings,wait_only,77.56314060823958,109.11276007258573,-31.54961946434615
31,greedy_net_earnings,wait_only,67.0278478242035,96.86679226356193,-29.83894443935843
32,greedy_net_earnings,wait_only,89.97006438346764,90.35920140924001,-0.38913702577237075
33,greedy_net_earnings,wait_only,75.94186592675865,77.88971093186021,-1.9478450051015557
34,greedy_net_earnings,wait_only,73.36412307455534,112.82076120482826,-39.45663813027292
35,greedy_net_earnings,wait_only,94.68786462623348,96.56822028448782,-1.880355658254345
36,greedy_net_earnings,wait_only,97.06491259672488,71.72845249891793,25.33646009780695
37,greedy_net_earnings,wait_only,104.30539865377496,123.06508998718499,-18.759691333410032
38,greedy_net_earnings,wait_only,112.09947450137234,113.22912681259513,-1.1296523112227845
39,greedy_net_earnings,wait_only,79.27992981714702,79.27992981714702,0.0
40,greedy_net_earnings,wait_only,129.18336647801513,78.6411276467918,50.54223883122333
41,greedy_net_earnings,wait_only,111.70412131918188,111.70412131918188,0.0
42,greedy_net_earnings,wait_only,59.450313200736275,75.24610480154321,-15.795791600806936
43,greedy_net_earnings,wait_only,84.02116312874023,98.31343451128132,-14.292271382541088
44,greedy_net_earnings,wait_only,117.6212196044867,60.42786784570451,57.193351758782185
45,greedy_net_earnings,wait_only,128.1396535734197,128.1396535734197,0.0
46,greedy_net_earnings,wait_only,75.78604058261885,138.83996146062557,-63.05392087800672
47,greedy_net_earnings,wait_only,111.26393786495305,86.33471955892705,24.929218306026
48,greedy_net_earnings,wait_only,93.7231686163126,101.81385003524005,-8.090681418927446
49,greedy_net_earnings,wait_only,86.26355626292874,86.26355626292874,0.0
50,greedy_net_earnings,wait_only,55.00495730427166,78.46075169940968,-23.45579439513802
51,greedy_net_earnings,wait_only,80.85982249549019,82.62810106970763,-1.7682785742174332
52,greedy_net_earnings,wait_only,78.76085801791078,93.80548962528593,-15.044631607375152
53,greedy_net_earnings,wait_only,100.58953775608062,116.80443487924703,-16.21489712316641
54,greedy_net_earnings,wait_only,65.78404063970851,67.64208030344938,-1.8580396637408683
55,greedy_net_earnings,wait_only,72.46330972206798,74.06537969817865,-1.6020699761106698
56,greedy_net_earnings,wait_only,116.71541361815565,110.39684348436784,6.318570133787816
57,greedy_net_earnings,wait_only,100.28292913268429,100.89384821276579,-0.6109190800815014
58,greedy_net_earnings,wait_only,67.97187894822528,88.90291945879248,-20.9310405105672
59,greedy_net_earnings,wait_only,107.02737780789474,114.12443919625001,-7.097061388355272
60,greedy_net_earnings,wait_only,110.19853198036003,128.80268098100112,-18.604149000641087
61,greedy_net_earnings,wait_only,74.30916193566453,67.0776636792826,7.23149825638194
62,greedy_net_earnings,wait_only,125.95362820304138,138.44840923058484,-12.494781027543468
63,greedy_net_earnings,wait_only,80.65484245584942,112.65652362191776,-32.00168116606834
64,greedy_net_earnings,wait_only,79.56060810732887,80.91276220842582,-1.352154101096943
65,greedy_net_earnings,wait_only,65.55658557439897,80.98716963190529,-15.430584057506323
66,greedy_net_earnings,wait_only,64.3579251421446,105.56798535900008,-41.21006021685548
67,greedy_net_earnings,wait_only,69.040342203323,101.47644104215092,-32.43609883882793
68,greedy_net_earnings,wait_only,79.6631328057947,93.33821859355977,-13.67508578776507
69,greedy_net_earnings,wait_only,88.67256019523822,89.0832636798051,-0.41070348456688066
70,greedy_net_earnings,wait_only,88.95201901315455,128.05327531925312,-39.10125630609856
71,greedy_net_earnings,wait_only,93.22273176328794,93.51775037555065,-0.29501861226270876
72,greedy_net_earnings,wait_only,126.30464562682575,136.14374003408284,-9.839094407257093
73,greedy_net_earnings,wait_only,85.60931333647129,85.60931333647129,0.0
74,greedy_net_earnings,wait_only,102.53358800100395,110.17137562674364,-7.637787625739691
75,greedy_net_earnings,wait_only,83.43279950138074,113.59759793291606,-30.164798431535317
76,greedy_net_earnings,wait_only,72.28671515516055,72.28671515516055,0.0
77,greedy_net_earnings,wait_only,77.03546351464797,96.13893020070586,-19.103466686057885
78,greedy_net_earnings,wait_only,98.84560400427384,122.5460648514327,-23.700460847158865
79,greedy_net_earnings,wait_only,77.77243416004607,88.18105913501986,-10.40862497497379
80,greedy_net_earnings,wait_only,70.1424700143991,123.89320949370082,-53.75073947930173
81,greedy_net_earnings,wait_only,75.56683779511577,142.66438429390638,-67.0975464987906
82,greedy_net_earnings,wait_only,129.01147593887913,133.2483716006256,-4.236895661746473
83,greedy_net_earnings,wait_only,84.96778377612176,129.80694340782458,-44.83915963170281
84,greedy_net_earnings,wait_only,80.36149648674785,80.36149648674785,0.0
85,greedy_net_earnings,wait_only,65.66015806094704,98.92751300982975,-33.26735494888271
86,greedy_net_earnings,wait_only,133.2668831626478,100.77433311669341,32.492550045954374
87,greedy_net_earnings,wait_only,138.77418203713157,92.61520260716826,46.15897942996331
88,greedy_net_earnings,wait_only,79.15052921204864,79.15052921204864,0.0
89,greedy_net_earnings,wait_only,99.25818634692087,116.68433969144937,-17.4261533445285
90,greedy_net_earnings,wait_only,70.8697675775299,86.57636735541149,-15.706599777881593
91,greedy_net_earnings,wait_only,78.9174714649641,94.98060229661388,-16.063130831649787
92,greedy_net_earnings,wait_only,86.32011343220923,86.32011343220923,0.0
93,greedy_net_earnings,wait_only,125.7739244485903,76.66359081532714,49.11033363326315
94,greedy_net_earnings,wait_only,127.94606125816887,104.8540599293411,23.092001328827763
95,greedy_net_earnings,wait_only,164.53459450860998,180.65969557863477,-16.125101070024783
96,greedy_net_earnings,wait_only,139.66983132328318,152.76297444043345,-13.093143117150277
97,greedy_net_earnings,wait_only,68.50260470312864,108.27791684156732,-39.77531213843868
98,greedy_net_earnings,wait_only,85.43542692001115,133.3242551829542,-47.88882826294305
99,greedy_net_earnings,wait_only,85.73024548146321,98.09280259432197,-12.362557112858752
100,greedy_net_earnings,wait_only,77.77419772167588,97.647838391712,-19.873640670036124
101,greedy_net_earnings,wait_only,130.98963612274136,148.7642276600258,-17.774591537284437
102,greedy_net_earnings,wait_only,89.69861945224888,124.35247989619273,-34.653860443943856
103,greedy_net_earnings,wait_only,68.16169729905482,83.67811049572234,-15.516413196667514
104,greedy_net_earnings,wait_only,90.45282788242169,129.29676494645256,-38.84393706403087
105,greedy_net_earnings,wait_only,76.06582581419542,114.35336742357148,-38.28754160937606
106,greedy_net_earnings,wait_only,80.79853946387654,80.79853946387654,0.0
107,greedy_net_earnings,wait_only,81.50049566563413,51.75583073371873,29.744664931915402
108,greedy_net_earnings,wait_only,71.88150841550434,84.45245649575058,-12.57094808024624
109,greedy_net_earnings,wait_only,58.252948400153876,96.13982798049638,-37.8868795803425
110,greedy_net_earnings,wait_only,80.66425642695894,107.58182422882852,-26.91756780186958
111,greedy_net_earnings,wait_only,83.87037117600731,83.87037117600731,0.0
112,greedy_net_earnings,wait_only,133.76239080263764,87.56799077908899,46.19440002354865
113,greedy_net_earnings,wait_only,94.66962428688508,121.79271077730755,-27.123086490422466
114,greedy_net_earnings,wait_only,91.35616088456034,50.21731614579252,41.138844738767816
115,greedy_net_earnings,wait_only,87.22727128650905,106.62247623793877,-19.39520495142972
116,greedy_net_earnings,wait_only,65.200752092087,98.2855796344259,-33.0848275423389
117,greedy_net_earnings,wait_only,169.4655171788075,170.81421099455346,-1.3486938157459747
118,greedy_net_earnings,wait_only,98.28507547840499,111.0075616575291,-12.722486179124104
119,greedy_net_earnings,wait_only,100.93447743617283,105.10233866510036,-4.167861228927535
120,greedy_net_earnings,wait_only,69.07308277603966,80.0034416818939,-10.930358905854249
121,greedy_net_earnings,wait_only,62.49360170962851,62.71976141092551,-0.22615970129700003
122,greedy_net_earnings,wait_only,124.88467219074491,118.62656932207072,6.258102868674186
123,greedy_net_earnings,wait_only,58.554904361005654,77.81997599304012,-19.265071632034463
124,greedy_net_earnings,wait_only,120.68369875184364,102.0562590027078,18.62743974913583
125,greedy_net_earnings,wait_only,70.52453982609262,86.13229234399296,-15.607752517900337
126,greedy_net_earnings,wait_only,71.12211953883762,72.65125520275183,-1.5291356639142037
127,greedy_net_earnings,wait_only,113.89277308314558,72.64013279524043,41.25264028790515
128,greedy_net_earnings,wait_only,69.38928655953947,92.7858424475393,-23.396555887999824
129,greedy_net_earnings,wait_only,92.8931432466931,108.7365258542724,-15.8433826075793
130,greedy_net_earnings,wait_only,72.47071506615022,89.30413544965555,-16.833420383505327
131,greedy_net_earnings,wait_only,74.45406007714678,90.44590266486776,-15.991842587720981
132,greedy_net_earnings,wait_only,92.09445417281404,94.23881474340877,-2.1443605705947277
133,greedy_net_earnings,wait_only,55.536160810272335,75.98464853554829,-20.448487725275953
134,greedy_net_earnings,wait_only,141.33732780197215,127.81280515229952,13.524522649672633
135,greedy_net_earnings,wait_only,74.70953170276286,84.5622418716922,-9.852710168929335
136,greedy_net_earnings,wait_only,61.59771913897924,74.93237651407634,-13.334657375097102
137,greedy_net_earnings,wait_only,48.25045931637146,58.55223975083235,-10.301780434460888
138,greedy_net_earnings,wait_only,93.68638377485581,104.8449547365256,-11.158570961669781
139,greedy_net_earnings,wait_only,77.88924425313509,132.09663422839125,-54.20738997525616
140,greedy_net_earnings,wait_only,120.27164716533396,107.66502760112475,12.606619564209211
141,greedy_net_earnings,wait_only,77.91999559611006,79.35628760558208,-1.4362920094720266
142,greedy_net_earnings,wait_only,119.23820362260938,113.08995700318826,6.148246619421116
143,greedy_net_earnings,wait_only,98.99995098790005,123.7278086482823,-24.727857660382256
144,greedy_net_earnings,wait_only,0.0,0.0,0.0
145,greedy_net_earnings,wait_only,106.65338525166078,132.50788133036386,-25.85449607870308
146,greedy_net_earnings,wait_only,67.58292759274889,96.14664086410579,-28.563713271356903
147,greedy_net_earnings,wait_only,87.9564042023972,87.9564042023972,0.0
148,greedy_net_earnings,wait_only,132.98888527513319,144.45237124552648,-11.463485970393293
149,greedy_net_earnings,wait_only,95.21530107177709,126.0837655457452,-30.868464473968103
150,greedy_net_earnings,wait_only,75.04536882132477,108.39421322636562,-33.34884440504085
151,greedy_net_earnings,wait_only,75.16244869718895,77.02048836092983,-1.8580396637408825
152,greedy_net_earnings,wait_only,140.13500369781931,141.99304336156018,-1.8580396637408683
153,greedy_net_earnings,wait_only,134.99605860423307,134.99605860423307,0.0
154,greedy_net_earnings,wait_only,82.89277902251568,104.9972116960681,-22.104432673552424
155,greedy_net_earnings,wait_only,93.15037198493434,93.15037198493434,0.0
156,greedy_net_earnings,wait_only,81.53838610681927,111.0634858073865,-29.525099700567225
157,greedy_net_earnings,wait_only,87.6850822415386,89.56543789979295,-1.8803556582543592
158,greedy_net_earnings,wait_only,71.93360732256262,117.22304978818615,-45.28944246562352
159,greedy_net_earnings,wait_only,148.5117141190368,114.26466929467034,34.24704482436647
160,greedy_net_earnings,wait_only,89.36313341842308,34.829382089691386,54.53375132873169
161,greedy_net_earnings,wait_only,68.52764565924103,80.83463577593885,-12.306990116697818
162,greedy_net_earnings,wait_only,68.06461741592663,100.17675891740741,-32.11214150148078
163,greedy_net_earnings,wait_only,82.37728033613317,82.37728033613317,0.0
164,greedy_net_earnings,wait_only,69.86116069018178,90.7098908068312,-20.84873011664942
165,greedy_net_earnings,wait_only,81.63140825509308,99.08667289191791,-17.455264636824836
166,greedy_net_earnings,wait_only,68.241661038708,118.30459801445961,-50.06293697575161
167,greedy_net_earnings,wait_only,107.66802928254262,131.31791918902067,-23.64988990647805
168,greedy_net_earnings,wait_only,118.92875051468522,104.24815877420069,14.68059174048453
169,greedy_net_earnings,wait_only,153.4147562369507,194.48202822262402,-41.06727198567333
170,greedy_net_earnings,wait_only,108.97992123073226,118.24386795213273,-9.263946721400472
171,greedy_net_earnings,wait_only,75.46874499868522,87.43907482251029,-11.970329823825068
172,greedy_net_earnings,wait_only,77.72390991723373,106.48146683179826,-28.757556914564532
173,greedy_net_earnings,wait_only,74.93450619148337,107.32271589718857,-32.38820970570521
174,greedy_net_earnings,wait_only,79.72537613850731,79.72537613850731,0.0
175,greedy_net_earnings,wait_only,97.13064441177762,97.64084939901065,-0.5102049872330241
176,greedy_net_earnings,wait_only,104.5632942705519,104.5632942705519,0.0
177,greedy_net_earnings,wait_only,68.74023890182723,97.69723783429278,-28.956998932465552
178,greedy_net_earnings,wait_only,88.96585317464005,127.81042160333683,-38.84456842869679
179,greedy_net_earnings,wait_only,74.22405744253254,90.7289615381214,-16.504904095588856
180,greedy_net_earnings,wait_only,71.89519602389761,86.21963884040231,-14.3244428165047
181,greedy_net_earnings,wait_only,81.40376013889436,127.61775686453537,-46.21399672564101
182,greedy_net_earnings,wait_only,95.74268515618333,95.74268515618333,0.0
183,greedy_net_earnings,wait_only,91.48290960718968,104.22743052176683,-12.744520914577151
184,greedy_net_earnings,wait_only,64.83156083935961,99.47240047661298,-34.640839637253364
185,greedy_net_earnings,wait_only,136.77831540084597,126.35438017868394,10.42393522216203
186,greedy_net_earnings,wait_only,70.43231736597916,82.74804281910683,-12.31572545312767
187,greedy_net_earnings,wait_only,116.59402879329589,108.9919999065883,7.602028886707586
188,greedy_net_earnings,wait_only,161.2227114650582,161.2227114650582,0.0
189,greedy_net_earnings,wait_only,92.53025615987355,76.46733648305072,16.06291967682283
190,greedy_net_earnings,wait_only,65.76541764713649,86.43286649949943,-20.667448852362938
191,greedy_net_earnings,wait_only,117.95554968300925,89.72868187327276,28.22686780973649
192,greedy_net_earnings,wait_only,91.9955789950324,91.9955789950324,0.0
193,greedy_net_earnings,wait_only,107.79360287569008,50.20701834709713,57.58658452859295
194,greedy_net_earnings,wait_only,93.2110586226299,93.52435453503867,-0.313295912408762
195,greedy_net_earnings,wait_only,79.94832102503753,119.67897998523698,-39.73065896019945
196,greedy_net_earnings,wait_only,76.39163910062945,78.24967876437033,-1.8580396637408825
197,greedy_net_earnings,wait_only,74.6383994547023,74.88319368125713,-0.24479422655483063
198,greedy_net_earnings,wait_only,97.4824976305254,145.67849997240077,-48.19600234187537
199,greedy_net_earnings,wait_only,101.98874644622906,127.29219977133171,-25.30345332510265
200,greedy_net_earnings,wait_only,76.73531261617336,83.89956270230114,-7.16425008612778
201,greedy_net_earnings,wait_only,77.93479178357533,77.93479178357533,0.0
202,greedy_net_earnings,wait_only,84.79421692752011,85.9121589616022,-1.1179420340820911
203,greedy_net_earnings,wait_only,130.2723816901293,96.99592399239306,33.276457697736234
204,greedy_net_earnings,wait_only,83.26666532154456,84.71254171870764,-1.445876397163076
205,greedy_net_earnings,wait_only,86.66854582132697,93.41846008815148,-6.749914266824504
206,greedy_net_earnings,wait_only,71.30931804441283,86.4132075882757,-15.103889543862863
207,greedy_net_earnings,wait_only,72.63874280939208,72.63874280939208,0.0
208,greedy_net_earnings,wait_only,83.86863196027477,121.71113326210649,-37.84250130183172
209,greedy_net_earnings,wait_only,86.31791948087508,99.54928491528462,-13.23136543440954
210,greedy_net_earnings,wait_only,123.10891868247856,75.17885816555486,47.9300605169237
211,greedy_net_earnings,wait_only,118.35070825416312,122.69460808240224,-4.343899828239117
212,greedy_net_earnings,wait_only,101.80046115294208,102.3106661401751,-0.5102049872330241
213,greedy_net_earnings,wait_only,64.95851958309585,98.18457390958415,-33.226054326488295
214,greedy_net_earnings,wait_only,64.2827953273258,97.27481174374374,-32.99201641641794
215,greedy_net_earnings,wait_only,80.27781995417047,155.0692687572855,-74.79144880311503
216,greedy_net_earnings,wait_only,83.89284499363603,90.64171451957677,-6.748869525940734
217,greedy_net_earnings,wait_only,64.4732735469205,64.70438384247734,-0.2311102955568458
218,greedy_net_earnings,wait_only,76.14998835437815,104.25724997837345,-28.1072616239953
219,greedy_net_earnings,wait_only,54.805355460827215,62.42933777484859,-7.623982314021376
220,greedy_net_earnings,wait_only,68.91858097658714,68.91858097658714,0.0
221,greedy_net_earnings,wait_only,75.27932943446531,82.12092231075293,-6.841592876287621
222,greedy_net_earnings,wait_only,83.8204853832645,83.8204853832645,0.0
223,greedy_net_earnings,wait_only,112.1179870187079,69.97751065023763,42.14047636847026
224,greedy_net_earnings,wait_only,87.52131112709567,109.82438914064241,-22.303078013546738
225,greedy_net_earnings,wait_only,91.19238533785531,126.71002223988384,-35.51763690202853
226,greedy_net_earnings,wait_only,77.91970175166455,109.0588123662384,-31.139110614573852
227,greedy_net_earnings,wait_only,72.7400797967242,92.96928977509229,-20.22920997836809
228,greedy_net_earnings,wait_only,43.08385201314593,123.65847689166867,-80.57462487852274
229,greedy_net_earnings,wait_only,90.73958411293899,90.97069440849585,-0.23111029555686002
230,greedy_net_earnings,wait_only,74.89592044746998,157.88408318573724,-82.98816273826726
231,greedy_net_earnings,wait_only,100.21877911498788,116.05280572246612,-15.834026607478236
232,greedy_net_earnings,wait_only,102.2965738851264,58.00966900194189,44.28690488318452
233,greedy_net_earnings,wait_only,162.7604978028801,163.02616373119264,-0.26566592831252933
234,greedy_net_earnings,wait_only,99.80460239770233,120.7031149423365,-20.898512544634173
235,greedy_net_earnings,wait_only,111.16404278893413,83.2330572621291,27.93098552680503
236,greedy_net_earnings,wait_only,93.93389829478323,108.11562689560982,-14.181728600826588
237,greedy_net_earnings,wait_only,89.69411499262424,122.57071306246121,-32.87659806983697
238,greedy_net_earnings,wait_only,72.66954091043061,118.04892168062658,-45.379380770195965
239,greedy_net_earnings,wait_only,86.51109254374803,107.54650498853641,-21.035412444788378
240,greedy_net_earnings,wait_only,109.4085991280659,106.89310015906784,2.5154989689980596
241,greedy_net_earnings,wait_only,100.76831872642543,100.76831872642543,0.0
242,greedy_net_earnings,wait_only,111.90762044167093,108.81939406667001,3.0882263750009145
243,greedy_net_earnings,wait_only,82.39469890216466,116.51254681482125,-34.117847912656586
244,greedy_net_earnings,wait_only,169.221637750102,135.8155809514684,33.406056798633585
245,greedy_net_earnings,wait_only,127.12068457724018,127.3856131446723,-0.264928567432122
246,greedy_net_earnings,wait_only,69.5500995920265,109.80653946712127,-40.25643987509477
247,greedy_net_earnings,wait_only,87.85678727978029,101.15619080730154,-13.29940352752125
248,greedy_net_earnings,wait_only,120.8045773110499,100.95151512241046,19.85306218863944
249,greedy_net_earnings,wait_only,108.79257112846761,140.3477890758407,-31.55521794737308
250,greedy_net_earnings,wait_only,162.77093861940182,163.07677875268578,-0.3058401332839651
251,greedy_net_earnings,wait_only,77.72094471556906,77.72094471556906,0.0
252,greedy_net_earnings,wait_only,73.40787893042008,99.71706981735821,-26.309190886938126
253,greedy_net_earnings,wait_only,88.54493680098552,134.5990342682398,-46.054097467254266
254,greedy_net_earnings,wait_only,104.81617450040946,122.3188781575126,-17.50270365710314
255,greedy_net_earnings,wait_only,127.15010430901447,142.39894262423988,-15.248838315225413
256,greedy_net_earnings,wait_only,73.24122896427626,84.6874583962711,-11.446229431994837
257,greedy_net_earnings,wait_only,138.9641008424156,150.69654337194473,-11.732442529529123
258,greedy_net_earnings,wait_only,82.92499939814823,76.29361785664732,6.6313815415009145
259,greedy_net_earnings,wait_only,107.49657913968072,115.11660205861247,-7.6200229189317525
260,greedy_net_earnings,wait_only,93.45891469712448,93.45891469712448,0.0
261,greedy_net_earnings,wait_only,53.074946123014335,63.71675922482894,-10.641813101814606
262,greedy_net_earnings,wait_only,122.60575337863531,98.7482057236041,23.85754765503121
263,greedy_net_earnings,wait_only,148.17990616790675,142.46137954750327,5.71852662040348
264,greedy_net_earnings,wait_only,76.47814838224933,107.89211234353114,-31.41396396128181
265,greedy_net_earnings,wait_only,78.86602126485478,108.22831399720303,-29.36229273234825
266,greedy_net_earnings,wait_only,84.59082879319834,121.78165195349794,-37.1908231602996
267,greedy_net_earnings,wait_only,130.8172798395812,132.16633008322657,-1.3490502436453653
268,greedy_net_earnings,wait_only,82.63264864989094,84.77700922048565,-2.1443605705947135
269,greedy_net_earnings,wait_only,72.59573047883678,89.17952716150869,-16.583796682671903
270,greedy_net_earnings,wait_only,85.0012267646229,133.3000564824713,-48.29882971784839
271,greedy_net_earnings,wait_only,142.89896197657183,129.52722261633073,13.371739360241094
272,greedy_net_earnings,wait_only,112.60629632635633,87.42944714241543,25.176849183940902
273,greedy_net_earnings,wait_only,71.70774226006012,103.8012127414716,-32.09347048141149
274,greedy_net_earnings,wait_only,94.15151289402456,95.93812257129387,-1.7866096772693112
275,greedy_net_earnings,wait_only,111.84043881417546,112.3506438014085,-0.5102049872330383
276,greedy_net_earnings,wait_only,65.04962540151234,76.6714436006345,-11.62181819912216
277,greedy_net_earnings,wait_only,123.72293692337622,49.655509844179534,74.06742707919669
278,greedy_net_earnings,wait_only,66.7794957689942,89.22994075440229,-22.450444985408097
279,greedy_net_earnings,wait_only,70.06604935395583,93.58962273869328,-23.523573384737446
280,greedy_net_earnings,wait_only,87.85061598468388,87.85061598468388,0.0
281,greedy_net_earnings,wait_only,77.74786501550315,141.7158105008289,-63.96794548532574
282,greedy_net_earnings,wait_only,70.37441571285746,70.37441571285746,0.0
283,greedy_net_earnings,wait_only,88.89868137575273,103.58645902363378,-14.687777647881049
284,greedy_net_earnings,wait_only,77.54101873702506,96.02280462986303,-18.481785892837976
285,greedy_net_earnings,wait_only,109.45479908723122,84.98579522576132,24.4690038614699
286,greedy_net_earnings,wait_only,126.81283087898325,77.45181352695423,49.36101735202902
287,greedy_net_earnings,wait_only,77.10447275375745,77.71539183383895,-0.6109190800815014
288,greedy_net_earnings,wait_only,205.66435026557915,250.66659488652985,-45.002244620950705
289,greedy_net_earnings,wait_only,84.10257626627134,84.10257626627134,0.0
290,greedy_net_earnings,wait_only,66.81895086373422,94.45404468273686,-27.63509381900265
291,greedy_net_earnings,wait_only,105.68218757121225,133.99249343812463,-28.310305866912373
292,greedy_net_earnings,wait_only,125.35778725422374,128.85216949593445,-3.49438224171071
293,greedy_net_earnings,wait_only,126.33486030663428,105.8869663268406,20.44789397979369
294,greedy_net_earnings,wait_only,92.64390268100654,119.01854179830825,-26.37463911730171
295,greedy_net_earnings,wait_only,67.82255174825329,68.43347082833478,-0.6109190800814872
296,greedy_net_earnings,wait_only,71.82033342894209,72.12617356222606,-0.3058401332839651
297,greedy_net_earnings,wait_only,70.80310353893942,119.6823590990932,-48.87925556015378
298,greedy_net_earnings,wait_only,94.99537208586258,94.99537208586258,0.0
299,greedy_net_earnings,wait_only,137.08663233432225,114.03510691305873,23.05152542126352
0,highest_demand,wait_only,156.0226998037575,156.66377815350884,-0.6410783497513535
1,highest_demand,wait_only,59.56859789767986,74.76608732058871,-15.197489422908852
2,highest_demand,wait_only,56.707111624204224,117.98849030240301,-61.281378678198784
3,highest_demand,wait_only,101.6369765817839,130.53964903629594,-28.902672454512043
4,highest_demand,wait_only,96.72099316188229,77.65179742106105,19.069195740821243
5,highest_demand,wait_only,86.17462081385824,108.27519559535108,-22.10057478149284
6,highest_demand,wait_only,36.11081662657758,128.99710591827227,-92.88628929169468
7,highest_demand,wait_only,52.45682942431787,129.31700087408177,-76.8601714497639
8,highest_demand,wait_only,86.14796169733864,91.64224062421586,-5.4942789268772145
9,highest_demand,wait_only,82.50649705721169,125.05968789105933,-42.55319083384764
10,highest_demand,wait_only,100.39906756093504,105.2411457240903,-4.842078163155264
11,highest_demand,wait_only,76.38692910092489,102.66075589290598,-26.273826791981094
12,highest_demand,wait_only,87.61048162544436,83.70625603798534,3.904225587459024
13,highest_demand,wait_only,80.61241419552663,80.61241419552663,0.0
14,highest_demand,wait_only,30.538314768929652,107.05374193606374,-76.51542716713409
15,highest_demand,wait_only,65.8227131857017,80.65541603585814,-14.832702850156437
16,highest_demand,wait_only,74.3717787621826,142.83536536363337,-68.46358660145077
17,highest_demand,wait_only,88.36989473064068,103.7313261699077,-15.361431439267022
18,highest_demand,wait_only,102.35453519479573,115.5673626011019,-13.212827406306175
19,highest_demand,wait_only,69.48692410458216,92.62871968599153,-23.14179558140937
20,highest_demand,wait_only,102.30480792120152,145.1798754643174,-42.87506754311589
21,highest_demand,wait_only,90.79331991127876,91.36201125200833,-0.568691340729572
22,highest_demand,wait_only,74.87984909851457,97.61254851970338,-22.732699421188812
23,highest_demand,wait_only,113.6576166760444,82.62523337027636,31.032383305768036
24,highest_demand,wait_only,96.69890397944896,100.09133642081723,-3.392432441368271
25,highest_demand,wait_only,105.17770751043287,104.76636453620044,0.4113429742324257
26,highest_demand,wait_only,78.43643204334973,111.8212548697415,-33.38482282639177
27,highest_demand,wait_only,90.4848618310345,111.39427787501549,-20.909416043980997
28,highest_demand,wait_only,92.02079248709373,127.3538750655296,-35.33308257843588
29,highest_demand,wait_only,57.326004425998725,57.81747209742305,-0.49146767142432424
30,highest_demand,wait_only,94.56256974016041,109.11276007258573,-14.550190332425316
31,highest_demand,wait_only,66.96767128833724,96.86679226356193,-29.89912097522469
32,highest_demand,wait_only,76.33487444183477,90.35920140924001,-14.024326967405244
33,highest_demand,wait_only,92.06064196960469,77.88971093186021,14.17093103774448
34,highest_demand,wait_only,73.11011830203056,112.82076120482826,-39.7106429027977
35,highest_demand,wait_only,94.6967833797777,96.56822028448782,-1.871436904710123
36,highest_demand,wait_only,97.85772891618831,71.72845249891793,26.129276417270376
37,highest_demand,wait_only,88.85650976947267,123.06508998718499,-34.208580217712324
38,highest_demand,wait_only,92.19008855185743,113.22912681259513,-21.039038260737698
39,highest_demand,wait_only,45.78152270511708,79.27992981714702,-33.498407112029945
40,highest_demand,wait_only,118.6148916635535,78.6411276467918,39.97376401676169
41,highest_demand,wait_only,88.06533804600562,111.70412131918188,-23.63878327317626
42,highest_demand,wait_only,59.301618683402005,75.24610480154321,-15.944486118141207
43,highest_demand,wait_only,49.739444341241835,98.31343451128132,-48.57399017003948
44,highest_demand,wait_only,117.6212196044867,60.42786784570451,57.193351758782185
45,highest_demand,wait_only,118.99716635872352,128.1396535734197,-9.142487214696189
46,highest_demand,wait_only,97.92550819463852,138.83996146062557,-40.91445326598705
47,highest_demand,wait_only,88.90971888022807,86.33471955892705,2.5749993213010214
48,highest_demand,wait_only,90.04711186797373,101.81385003524005,-11.766738167266325
49,highest_demand,wait_only,65.18719201604833,86.26355626292874,-21.076364246880416
50,highest_demand,wait_only,55.00495730427166,78.46075169940968,-23.45579439513802
51,highest_demand,wait_only,80.22581572306751,82.62810106970763,-2.402285346640113
52,highest_demand,wait_only,75.54000934799004,93.80548962528593,-18.265480277295893
53,highest_demand,wait_only,52.82269149836858,116.80443487924703,-63.98174338087845
54,highest_demand,wait_only,66.57685695917193,67.64208030344938,-1.0652233442774417
55,highest_demand,wait_only,63.36210481304989,74.06537969817865,-10.703274885128756
56,highest_demand,wait_only,91.1062804405028,110.39684348436784,-19.290563043865035
57,highest_demand,wait_only,78.69743474046592,100.89384821276579,-22.196413472299866
58,highest_demand,wait_only,66.76473878732392,88.90291945879248,-22.13818067146856
59,highest_demand,wait_only,57.071523262909864,114.12443919625001,-57.052915933340145
60,highest_demand,wait_only,55.44527196478501,128.80268098100112,-73.35740901621611
61,highest_demand,wait_only,74.30916193566453,67.0776636792826,7.23149825638194
62,highest_demand,wait_only,73.57186504576305,138.44840923058484,-64.8765441848218
63,highest_demand,wait_only,102.36732492132178,112.65652362191776,-10.289198700595975
64,highest_demand,wait_only,80.13007779544796,80.91276220842582,-0.7826844129778578
65,highest_demand,wait_only,65.034987652575,80.98716963190529,-15.952181979330291
66,highest_demand,wait_only,78.30450569413983,105.56798535900008,-27.26347966486024
67,highest_demand,wait_only,79.98808217541986,101.47644104215092,-21.488358866731062
68,highest_demand,wait_only,100.50814530055483,93.33821859355977,7.1699267069950565
69,highest_demand,wait_only,79.25410010692899,89.0832636798051,-9.829163572876112
70,highest_demand,wait_only,104.56322534899161,128.05327531925312,-23.49004997026151
71,highest_demand,wait_only,81.25480948256588,93.51775037555065,-12.262940892984773
72,highest_demand,wait_only,103.23431510825118,136.14374003408284,-32.90942492583166
73,highest_demand,wait_only,70.65773371080778,85.60931333647129,-14.951579625663513
74,highest_demand,wait_only,82.68718215355341,110.17137562674364,-27.48419347319023
75,highest_demand,wait_only,82.85695785376039,113.59759793291606,-30.740640079155668
76,highest_demand,wait_only,63.208741210083375,72.28671515516055,-9.077973945077176
77,highest_demand,wait_only,76.4014567422253,96.13893020070586,-19.73747345848055
78,highest_demand,wait_only,85.3761010204794,122.5460648514327,-37.16996383095331
79,highest_demand,wait_only,76.57273422435634,88.18105913501986,-11.608324910663526
80,highest_demand,wait_only,89.08756320479219,123.89320949370082,-34.80564628890863
81,highest_demand,wait_only,75.50666125924951,142.66438429390638,-67.15772303465687
82,highest_demand,wait_only,108.35263123761793,133.2483716006256,-24.895740363007675
83,highest_demand,wait_only,119.20281747133063,129.80694340782458,-10.604125936493944
84,highest_demand,wait_only,80.36149648674785,80.36149648674785,0.0
85,highest_demand,wait_only,87.57197145244801,98.92751300982975,-11.355541557381741
86,highest_demand,wait_only,118.25771845550678,100.77433311669341,17.483385338813363
87,highest_demand,wait_only,130.4838204131595,92.61520260716826,37.868617805991235
88,highest_demand,wait_only,68.80752383690435,79.15052921204864,-10.343005375144287
89,highest_demand,wait_only,81.35719947371437,116.68433969144937,-35.32714021773499
90,highest_demand,wait_only,86.92106768270281,86.57636735541149,0.3447003272913207
91,highest_demand,wait_only,79.97982666588378,94.98060229661388,-15.000775630730104
92,highest_demand,wait_only,70.5094275422118,86.32011343220923,-15.81068588999743
93,highest_demand,wait_only,83.5468264921579,76.66359081532714,6.883235676830765
94,highest_demand,wait_only,38.484629674038025,104.8540599293411,-66.36943025530309
95,highest_demand,wait_only,156.00439056535427,180.65969557863477,-24.655305013280497
96,highest_demand,wait_only,107.89885219930576,152.76297444043345,-44.86412224112769
97,highest_demand,wait_only,82.3370290324485,108.27791684156732,-25.94088780911882
98,highest_demand,wait_only,106.09642336508936,133.3242551829542,-27.22783181786484
99,highest_demand,wait_only,85.73024548146321,98.09280259432197,-12.362557112858752
100,highest_demand,wait_only,78.79843535214086,97.647838391712,-18.849403039571143
101,highest_demand,wait_only,81.082700288408,148.7642276600258,-67.68152737161779
102,highest_demand,wait_only,28.188001350771124,124.35247989619273,-96.16447854542162
103,highest_demand,wait_only,87.01003935653064,83.67811049572234,3.331928860808304
104,highest_demand,wait_only,94.8472950024117,129.29676494645256,-34.44946994404086
105,highest_demand,wait_only,112.69764794969672,114.35336742357148,-1.6557194738747683
106,highest_demand,wait_only,80.08657024447918,80.79853946387654,-0.7119692193973606
107,highest_demand,wait_only,81.50049566563413,51.75583073371873,29.744664931915402
108,highest_demand,wait_only,100.61765642050871,84.45245649575058,16.165199924758127
109,highest_demand,wait_only,72.95914157889347,96.13982798049638,-23.180686401602912
110,highest_demand,wait_only,70.01847646480117,107.58182422882852,-37.563347764027355
111,highest_demand,wait_only,76.47481302645664,83.87037117600731,-7.395558149550666
112,highest_demand,wait_only,111.58048802580531,87.56799077908899,24.012497246716322
113,highest_demand,wait_only,72.03295394251958,121.79271077730755,-49.759756834787964
114,highest_demand,wait_only,81.84424180814588,50.21731614579252,31.626925662353358
115,highest_demand,wait_only,101.86980379840426,106.62247623793877,-4.752672439534507
116,highest_demand,wait_only,80.89579937602436,98.2855796344259,-17.389780258401544
117,highest_demand,wait_only,75.0196964176137,170.81421099455346,-95.79451457693976
118,highest_demand,wait_only,95.84074645303042,111.0075616575291,-15.166815204498675
119,highest_demand,wait_only,55.67225253082578,105.10233866510036,-49.43008613427458
120,highest_demand,wait_only,81.21427928669209,80.0034416818939,1.2108376047981864
121,highest_demand,wait_only,55.22106179656719,62.71976141092551,-7.498699614358316
122,highest_demand,wait_only,107.98537052465934,118.62656932207072,-10.641198797411377
123,highest_demand,wait_only,58.20922368259101,77.81997599304012,-19.610752310449108
124,highest_demand,wait_only,72.28733626864496,102.0562590027078,-29.76892273406284
125,highest_demand,wait_only,96.65266612039746,86.13229234399296,10.520373776404497
126,highest_demand,wait_only,71.06194300297136,72.65125520275183,-1.5893121997804656
127,highest_demand,wait_only,76.69554343905477,72.64013279524043,4.055410643814341
128,highest_demand,wait_only,77.31577732644904,92.7858424475393,-15.470065121090258
129,highest_demand,wait_only,73.63232584013629,108.7365258542724,-35.10420001413611
130,highest_demand,wait_only,118.63612365910394,89.30413544965555,29.331988209448397
131,highest_demand,wait_only,83.24939752511811,90.44590266486776,-7.196505139749647
132,highest_demand,wait_only,71.1937377803107,94.23881474340877,-23.04507696309807
133,highest_demand,wait_only,70.84518646242941,75.98464853554829,-5.139462073118878
134,highest_demand,wait_only,96.210091637109,127.81280515229952,-31.602713515190516
135,highest_demand,wait_only,74.38683723727749,84.5622418716922,-10.175404634414704
136,highest_demand,wait_only,85.76364432507886,74.93237651407634,10.831267811002519
137,highest_demand,wait_only,52.32375842427112,58.55223975083235,-6.22848132656123
138,highest_demand,wait_only,107.38529573136016,104.8449547365256,2.5403409948345654
139,highest_demand,wait_only,91.85248672110045,132.09663422839125,-40.244147507290805
140,highest_demand,wait_only,98.51306194665835,107.66502760112475,-9.151965654466395
141,highest_demand,wait_only,78.29106426130464,79.35628760558208,-1.0652233442774417
142,highest_demand,wait_only,104.90653292300549,113.08995700318826,-8.183424080182775
143,highest_demand,wait_only,96.68166414648587,123.7278086482823,-27.046144501796434
144,highest_demand,wait_only,0.0,0.0,0.0
145,highest_demand,wait_only,77.67522285295134,132.50788133036386,-54.83265847741252
146,highest_demand,wait_only,71.05374265321927,96.14664086410579,-25.092898210886517
147,highest_demand,wait_only,81.59720495395464,87.9564042023972,-6.35919924844255
148,highest_demand,wait_only,132.44699659834453,144.45237124552648,-12.005374647181952
149,highest_demand,wait_only,38.680320026510294,126.0837655457452,-87.40344551923491
150,highest_demand,wait_only,91.04130176213557,108.39421322636562,-17.352911464230047
151,highest_demand,wait_only,60.42152537196699,77.02048836092983,-16.59896298896284
152,highest_demand,wait_only,140.92782001728273,141.99304336156018,-1.065223344277456
153,highest_demand,wait_only,70.12139073646031,134.99605860423307,-64.87466786777276
154,highest_demand,wait_only,98.0066009443492,104.9972116960681,-6.990610751718904
155,highest_demand,wait_only,81.30874817837936,93.15037198493434,-11.841623806554978
156,highest_demand,wait_only,82.60074130773896,111.0634858073865,-28.462744499647542
157,highest_demand,wait_only,72.31948498290679,89.56543789979295,-17.245952916886168
158,highest_demand,wait_only,62.89672862747951,117.22304978818615,-54.326321160706634
159,highest_demand,wait_only,109.98449531090876,114.26466929467034,-4.2801739837615855
160,highest_demand,wait_only,91.47369953014558,34.829382089691386,56.644317440454195
161,highest_demand,wait_only,67.84507590257752,80.83463577593885,-12.98955987336133
162,highest_demand,wait_only,87.55151719267668,100.17675891740741,-12.625241724730728
163,highest_demand,wait_only,79.61631730288778,82.37728033613317,-2.760963033245389
164,highest_demand,wait_only,69.33956276835781,90.7098908068312,-21.37032803847339
165,highest_demand,wait_only,100.79396717638498,99.08667289191791,1.7072942844670678
166,highest_demand,wait_only,56.47053234038596,118.30459801445961,-61.834065674073656
167,highest_demand,wait_only,79.97875662967297,131.31791918902067,-51.3391625593477
168,highest_demand,wait_only,45.00265265003471,104.24815877420069,-59.24550612416598
169,highest_demand,wait_only,102.19274236286195,194.48202822262402,-92.28928585976207
170,highest_demand,wait_only,79.12507659860933,118.24386795213273,-39.118791353523406
171,highest_demand,wait_only,86.1886038238205,87.43907482251029,-1.2504709986897922
172,highest_demand,wait_only,78.41072705456217,106.48146683179826,-28.070739777236085
173,highest_demand,wait_only,82.70333607265962,107.32271589718857,-24.61937982452895
174,highest_demand,wait_only,95.96772633288094,79.72537613850731,16.24235019437363
175,highest_demand,wait_only,77.23966252248208,97.64084939901065,-20.40118687652857
176,highest_demand,wait_only,98.95765395341019,104.5632942705519,-5.60564031714172
177,highest_demand,wait_only,84.96819654489525,97.69723783429278,-12.729041289397529
178,highest_demand,wait_only,88.88831685182802,127.81042160333683,-38.92210475150881
179,highest_demand,wait_only,94.36986277644597,90.7289615381214,3.640901238324574
180,highest_demand,wait_only,68.89324959071692,86.21963884040231,-17.32638924968539
181,highest_demand,wait_only,104.89783796361738,127.61775686453537,-22.71991890091799
182,highest_demand,wait_only,85.99391711929552,95.74268515618333,-9.74876803688781
183,highest_demand,wait_only,91.16021514170433,104.22743052176683,-13.067215380062507
184,highest_demand,wait_only,97.38362568580526,99.47240047661298,-2.0887747908077188
185,highest_demand,wait_only,111.61466815400507,126.35438017868394,-14.739712024678866
186,highest_demand,wait_only,82.59471607240303,82.74804281910683,-0.1533267467037973
187,highest_demand,wait_only,71.57632418716175,108.9919999065883,-37.41567571942656
188,highest_demand,wait_only,104.67368348745725,161.2227114650582,-56.54902797760096
189,highest_demand,wait_only,92.53025615987355,76.46733648305072,16.06291967682283
190,highest_demand,wait_only,66.55823396659993,86.43286649949943,-19.874632532899497
191,highest_demand,wait_only,39.07274542472911,89.72868187327276,-50.65593644854365
192,highest_demand,wait_only,84.62966371947472,91.9955789950324,-7.365915275557683
193,highest_demand,wait_only,101.21296458154377,50.20701834709713,51.00594623444664
194,highest_demand,wait_only,92.36383754175716,93.52435453503867,-1.1605169932815045
195,highest_demand,wait_only,62.11823343686837,119.67897998523698,-57.560746548368606
196,highest_demand,wait_only,77.18445542009289,78.24967876437033,-1.0652233442774417
197,highest_demand,wait_only,61.04993822322916,74.88319368125713,-13.833255458027963
198,highest_demand,wait_only,41.11170493931826,145.67849997240077,-104.56679503308251
199,highest_demand,wait_only,102.9735891133201,127.29219977133171,-24.318610658011607
200,highest_demand,wait_only,105.20553673068184,83.89956270230114,21.305974028380703
201,highest_demand,wait_only,62.57813987317833,77.93479178357533,-15.356651910397005
202,highest_demand,wait_only,85.04554559997067,85.9121589616022,-0.8666133616315363
203,highest_demand,wait_only,105.10637455199911,96.99592399239306,8.11045055960605
204,highest_demand,wait_only,84.14385037797805,84.71254171870764,-0.5686913407295862
205,highest_demand,wait_only,86.66854582132697,93.41846008815148,-6.749914266824504
206,highest_demand,wait_only,79.19535837105782,86.4132075882757,-7.217849217217875
207,highest_demand,wait_only,69.43076988377346,72.63874280939208,-3.20797292561862
208,highest_demand,wait_only,33.50482457160874,121.71113326210649,-88.20630869049775
209,highest_demand,wait_only,85.6152697730648,99.54928491528462,-13.93401514221982
210,highest_demand,wait_only,66.66653110297176,75.17885816555486,-8.512327062583097
211,highest_demand,wait_only,75.70492030354316,122.69460808240224,-46.98968777885908
212,highest_demand,wait_only,87.28500892787173,102.3106661401751,-15.025657212303372
213,highest_demand,wait_only,64.80982506576157,98.18457390958415,-33.37474884382257
214,highest_demand,wait_only,63.926550240542596,97.27481174374374,-33.348261503201144
215,highest_demand,wait_only,113.27129761349342,155.0692687572855,-41.79797114379208
216,highest_demand,wait_only,48.51368542670536,90.64171451957677,-42.12802909287141
217,highest_demand,wait_only,64.4732735469205,64.70438384247734,-0.2311102955568458
218,highest_demand,wait_only,111.31638094973498,104.25724997837345,7.059130971361526
219,highest_demand,wait_only,54.17134868840454,62.42933777484859,-8.257989086444049
220,highest_demand,wait_only,68.4271133051628,68.91858097658714,-0.49146767142433134
221,highest_demand,wait_only,74.64532266204263,82.12092231075293,-7.4755996487103005
222,highest_demand,wait_only,72.7795873445941,83.8204853832645,-11.040898038670392
223,highest_demand,wait_only,112.27647717142554,69.97751065023763,42.29896652118791
224,highest_demand,wait_only,86.60248686651008,109.82438914064241,-23.221902274132333
225,highest_demand,wait_only,91.68586973433106,126.71002223988384,-35.02415250555278
226,highest_demand,wait_only,98.97724129068025,109.0588123662384,-10.081571075558145
227,highest_demand,wait_only,73.55092603769475,92.96928977509229,-19.41836373739754
228,highest_demand,wait_only,43.08385201314593,123.65847689166867,-80.57462487852274
229,highest_demand,wait_only,87.53985356338761,90.97069440849585,-3.4308408451082357
230,highest_demand,wait_only,73.97709618688438,157.88408318573724,-83.90698699885286
231,highest_demand,wait_only,89.46555134737979,116.05280572246612,-26.58725437508633
232,highest_demand,wait_only,54.95748922714297,58.00966900194189,-3.0521797747989154
233,highest_demand,wait_only,151.82556601068325,163.02616373119264,-11.200597720509393
234,highest_demand,wait_only,105.9333740293695,120.7031149423365,-14.769740912966995
235,highest_demand,wait_only,63.87011642786316,83.2330572621291,-19.362940834265935
236,highest_demand,wait_only,98.52094519786775,108.11562689560982,-9.594681697742075
237,highest_demand,wait_only,89.54542047528996,122.57071306246121,-33.02529258717125
238,highest_demand,wait_only,90.60838391111683,118.04892168062658,-27.440537769509746
239,highest_demand,wait_only,61.90883243928694,107.54650498853641,-45.63767254924947
240,highest_demand,wait_only,84.89213524827862,106.89310015906784,-22.00096491078922
241,highest_demand,wait_only,77.09037732451287,100.76831872642543,-23.677941401912562
242,highest_demand,wait_only,67.35252684642187,108.81939406667001,-41.46686722024815
243,highest_demand,wait_only,81.0952001122662,116.51254681482125,-35.41734670255505
244,highest_demand,wait_only,120.47626112492068,135.8155809514684,-15.339319826547722
245,highest_demand,wait_only,82.47536379666109,127.3856131446723,-44.91024934801122
246,highest_demand,wait_only,95.88586537006954,109.80653946712127,-13.92067409705173
247,highest_demand,wait_only,87.04973035889269,101.15619080730154,-14.106460448408853
248,highest_demand,wait_only,81.72953492547855,100.95151512241046,-19.22198019693191
249,highest_demand,wait_only,107.35148007397376,140.3477890758407,-32.99630900186693
250,highest_demand,wait_only,152.85284197769607,163.07677875268578,-10.22393677498971
251,highest_demand,wait_only,77.72094471556906,77.72094471556906,0.0
252,highest_demand,wait_only,96.7358701528997,99.71706981735821,-2.981199664458515
253,highest_demand,wait_only,123.48837975287195,134.5990342682398,-11.110654515367841
254,highest_demand,wait_only,67.05136342884501,122.3188781575126,-55.26751472866759
255,highest_demand,wait_only,115.07603909210582,142.39894262423988,-27.322903532134063
256,highest_demand,wait_only,97.98827157144683,84.6874583962711,13.300813175175733
257,highest_demand,wait_only,93.72555369782991,150.69654337194473,-56.97098967411482
258,highest_demand,wait_only,83.86547290112033,76.29361785664732,7.571855044473011
259,highest_demand,wait_only,106.11823174962129,115.11660205861247,-8.998370308991184
260,highest_demand,wait_only,93.45891469712448,93.45891469712448,0.0
261,highest_demand,wait_only,53.00943557213643,63.71675922482894,-10.707323652692509
262,highest_demand,wait_only,77.4316665368388,98.7482057236041,-21.316539186765297
263,highest_demand,wait_only,111.73638431234295,142.46137954750327,-30.72499523516032
264,highest_demand,wait_only,92.14099519130771,107.89211234353114,-15.75111715222343
265,highest_demand,wait_only,87.44815502496232,108.22831399720303,-20.780158972240713
266,highest_demand,wait_only,63.76099556004688,121.78165195349794,-58.02065639345106
267,highest_demand,wait_only,127.99370679141813,132.16633008322657,-4.172623291808435
268,highest_demand,wait_only,82.63627885428589,84.77700922048565,-2.1407303661997616
269,highest_demand,wait_only,86.51595295253081,89.17952716150869,-2.6635742089778773
270,highest_demand,wait_only,93.38005503506022,133.3000564824713,-39.92000144741107
271,highest_demand,wait_only,97.97149044950423,129.52722261633073,-31.555732166826502
272,highest_demand,wait_only,116.38299358168352,87.42944714241543,28.953546439268095
273,highest_demand,wait_only,80.14806587712542,103.8012127414716,-23.653146864346184
274,highest_demand,wait_only,63.063199432294844,95.93812257129387,-32.87492313899903
275,highest_demand,wait_only,74.79880667555076,112.3506438014085,-37.55183712585773
276,highest_demand,wait_only,62.05825118643741,76.6714436006345,-14.613192414197094
277,highest_demand,wait_only,114.70579018500194,49.655509844179534,65.05028034082241
278,highest_demand,wait_only,85.83894219200344,89.22994075440229,-3.390998562398849
279,highest_demand,wait_only,105.13641526463037,93.58962273869328,11.546792525937093
280,highest_demand,wait_only,87.15045947637896,87.85061598468388,-0.7001565083049286
281,highest_demand,wait_only,76.27118597314553,141.7158105008289,-65.44462452768336
282,highest_demand,wait_only,78.50943433041506,70.37441571285746,8.135018617557606
283,highest_demand,wait_only,81.64247840362124,103.58645902363378,-21.94398062001254
284,highest_demand,wait_only,108.63799337265966,96.02280462986303,12.615188742796633
285,highest_demand,wait_only,90.13494407516205,84.98579522576132,5.149148849400731
286,highest_demand,wait_only,67.17864400083347,77.45181352695423,-10.273169526120753
287,highest_demand,wait_only,90.00984202297602,77.71539183383895,12.294450189137066
288,highest_demand,wait_only,191.62183235949982,250.66659488652985,-59.04476252703003
289,highest_demand,wait_only,84.10257626627134,84.10257626627134,0.0
290,highest_demand,wait_only,77.74014970437497,94.45404468273686,-16.713894978361893
291,highest_demand,wait_only,88.53660222959819,133.99249343812463,-45.45589120852644
292,highest_demand,wait_only,86.26549002468396,128.85216949593445,-42.58667947125049
293,highest_demand,wait_only,90.84013784285057,105.8869663268406,-15.046828483990026
294,highest_demand,wait_only,90.4652074106335,119.01854179830825,-28.553334387674752
295,highest_demand,wait_only,67.8647794876052,68.43347082833478,-0.568691340729572
296,highest_demand,wait_only,71.82033342894209,72.12617356222606,-0.3058401332839651
297,highest_demand,wait_only,79.97492321391863,119.6823590990932,-39.707435885174576
298,highest_demand,wait_only,78.83269132214181,94.99537208586258,-16.162680763720772
299,highest_demand,wait_only,112.60574906988154,114.03510691305873,-1.4293578431771863
0,highest_income,wait_only,156.66377815350884,156.66377815350884,0.0
1,highest_income,wait_only,58.18599284970168,74.76608732058871,-16.580094470887033
2,highest_income,wait_only,33.36290806603352,117.98849030240301,-84.6255822363695
3,highest_income,wait_only,142.85627750666993,130.53964903629594,12.316628470373985
4,highest_income,wait_only,75.88351884684363,77.65179742106105,-1.768278574217419
5,highest_income,wait_only,86.5344961050364,108.27519559535108,-21.740699490314682
6,highest_income,wait_only,35.73964496533452,128.99710591827227,-93.25746095293775
7,highest_income,wait_only,42.32545109263601,129.31700087408177,-86.99154978144577
8,highest_income,wait_only,118.12249076393508,91.64224062421586,26.480250139719217
9,highest_income,wait_only,82.50649705721169,125.05968789105933,-42.55319083384764
10,highest_income,wait_only,128.1745991580281,105.2411457240903,22.933453433937785
11,highest_income,wait_only,76.38692910092489,102.66075589290598,-26.273826791981094
12,highest_income,wait_only,62.834864990052935,83.70625603798534,-20.871391047932406
13,highest_income,wait_only,80.61241419552663,80.61241419552663,0.0
14,highest_income,wait_only,93.34057406872631,107.05374193606374,-13.713167867337432
15,highest_income,wait_only,65.2405989503087,80.65541603585814,-15.414817085549444
16,highest_income,wait_only,65.89249286171817,142.83536536363337,-76.9428725019152
17,highest_income,wait_only,73.19410915769369,103.7313261699077,-30.537217012214015
18,highest_income,wait_only,76.86360058949843,115.5673626011019,-38.70376201160347
19,highest_income,wait_only,70.09324833285902,92.62871968599153,-22.535471353132507
20,highest_income,wait_only,68.56923848810985,145.1798754643174,-76.61063697620756
21,highest_income,wait_only,90.20903487462954,91.36201125200833,-1.152976377378792
22,highest_income,wait_only,61.320494280806884,97.61254851970338,-36.2920542388965
23,highest_income,wait_only,80.56477781116672,82.62523337027636,-2.0604555591096414
24,highest_income,wait_only,83.31493160554598,100.09133642081723,-16.77640481527125
25,highest_income,wait_only,80.48626405148373,104.76636453620044,-24.280100484716712
26,highest_income,wait_only,68.54416219061973,111.8212548697415,-43.277092679121765
27,highest_income,wait_only,90.70178650455627,111.39427787501549,-20.692491370459223
28,highest_income,wait_only,72.71846948167068,127.3538750655296,-54.635405583858926
29,highest_income,wait_only,57.81747209742305,57.81747209742305,0.0
30,highest_income,wait_only,76.84583114444845,109.11276007258573,-32.266928928137276
31,highest_income,wait_only,66.96767128833724,96.86679226356193,-29.89912097522469
32,highest_income,wait_only,76.52300805411141,90.35920140924001,-13.8361933551286
33,highest_income,wait_only,75.41702289039131,77.88971093186021,-2.472688041468899
34,highest_income,wait_only,73.11011830203056,112.82076120482826,-39.7106429027977
35,highest_income,wait_only,74.67558242606842,96.56822028448782,-21.892637858419405
36,highest_income,wait_only,96.99940204584698,71.72845249891793,25.270949546929046
37,highest_income,wait_only,71.25054933523734,123.06508998718499,-51.81454065194765
38,highest_income,wait_only,74.25967480389971,113.22912681259513,-38.96945200869541
39,highest_income,wait_only,36.42244947719377,79.27992981714702,-42.85748033995325
40,highest_income,wait_only,119.05198765511467,78.6411276467918,40.41086000832287
41,highest_income,wait_only,88.06533804600562,111.70412131918188,-23.63878327317626
42,highest_income,wait_only,58.50034857649523,75.24610480154321,-16.745756225047984
43,highest_income,wait_only,48.913193853594144,98.31343451128132,-49.40024065768717
44,highest_income,wait_only,103.35657239636427,60.42786784570451,42.92870455065976
45,highest_income,wait_only,128.1396535734197,128.1396535734197,0.0
46,highest_income,wait_only,75.0147942396249,138.83996146062557,-63.82516722100067
47,highest_income,wait_only,66.87794735952893,86.33471955892705,-19.456772199398117
48,highest_income,wait_only,76.38617573734655,101.81385003524005,-25.427674297893503
49,highest_income,wait_only,64.71318263856412,86.26355626292874,-21.550373624364624
50,highest_income,wait_only,55.00495730427166,78.46075169940968,-23.45579439513802
51,highest_income,wait_only,80.22581572306751,82.62810106970763,-2.402285346640113
52,highest_income,wait_only,56.474114873179616,93.80548962528593,-37.33137475210631
53,highest_income,wait_only,52.45151983712552,116.80443487924703,-64.35291504212151
54,highest_income,wait_only,65.7185300888306,67.64208030344938,-1.9235502146187713
55,highest_income,wait_only,48.83095237066917,74.06537969817865,-25.234427327509472
56,highest_income,wait_only,71.84033091849162,110.39684348436784,-38.55651256587622
57,highest_income,wait_only,76.93740784774603,100.89384821276579,-23.95644036501976
58,highest_income,wait_only,67.37106301560078,88.90291945879248,-21.5318564431917
59,highest_income,wait_only,46.50061400726621,114.12443919625001,-67.6238251889838
60,highest_income,wait_only,41.02405653156198,128.80268098100112,-87.77862444943914
61,highest_income,wait_only,66.13316077130791,67.0776636792826,-0.9445029079746803
62,highest_income,wait_only,125.95362820304138,138.44840923058484,-12.494781027543468
63,highest_income,wait_only,79.13171469846093,112.65652362191776,-33.52480892345683
64,highest_income,wait_only,79.05024359938658,80.91276220842582,-1.8625186090392418
65,highest_income,wait_only,65.034987652575,80.98716963190529,-15.952181979330291
66,highest_income,wait_only,63.87220010785608,105.56798535900008,-41.695785251143995
67,highest_income,wait_only,68.92280474193802,101.47644104215092,-32.5536363002129
68,highest_income,wait_only,79.68089779297314,93.33821859355977,-13.657320800586632
69,highest_income,wait_only,61.54092897570809,89.0832636798051,-27.54233470409701
70,highest_income,wait_only,118.80897393903642,128.05327531925312,-9.244301380216697
71,highest_income,wait_only,74.88954934009318,93.51775037555065,-18.628201035457465
72,highest_income,wait_only,77.23151069553846,136.14374003408284,-58.91222933854438
73,highest_income,wait_only,85.60931333647129,85.60931333647129,0.0
74,highest_income,wait_only,67.88410072351432,110.17137562674364,-42.28727490322932
75,highest_income,wait_only,83.17879472885596,113.59759793291606,-30.418803204060097
76,highest_income,wait_only,62.97547227914691,72.28671515516055,-9.311242876013637
77,highest_income,wait_only,76.4014567422253,96.13893020070586,-19.73747345848055
78,highest_income,wait_only,84.5498505328317,122.5460648514327,-37.996214318601005
79,highest_income,wait_only,75.74648373670864,88.18105913501986,-12.434575398311225
80,highest_income,wait_only,69.51395038995535,123.89320949370082,-54.37925910374547
81,highest_income,wait_only,75.50666125924951,142.66438429390638,-67.15772303465687
82,highest_income,wait_only,75.9673699442156,133.2483716006256,-57.28100165641
83,highest_income,wait_only,82.80701904191565,129.80694340782458,-46.999924365908925
84,highest_income,wait_only,80.36149648674785,80.36149648674785,0.0
85,highest_income,wait_only,64.13703030355853,98.92751300982975,-34.79048270627122
86,highest_income,wait_only,145.2550966597764,100.77433311669341,44.480763543082986
87,highest_income,wait_only,128.91483252547417,92.61520260716826,36.29962991830591
88,highest_income,wait_only,68.58404367653057,79.15052921204864,-10.56648553551807
89,highest_income,wait_only,68.8793729877101,116.68433969144937,-47.80496670373927
90,highest_income,wait_only,69.3466398201414,86.57636735541149,-17.229727535270086
91,highest_income,wait_only,78.31665553233958,94.98060229661388,-16.6639467642743
92,highest_income,wait_only,70.54190817746688,86.32011343220923,-15.778205254742346
93,highest_income,wait_only,74.12988367671379,76.66359081532714,-2.5337071386133516
94,highest_income,wait_only,104.5732248822018,104.8540599293411,-0.2808350471393055
95,highest_income,wait_only,138.9653599620449,180.65969557863477,-41.69433561658988
96,highest_income,wait_only,112.07944109228825,152.76297444043345,-40.683533348145204
97,highest_income,wait_only,127.39590573936903,108.27791684156732,19.11798889780171
98,highest_income,wait_only,112.82545955736278,133.3242551829542,-20.498795625591427
99,highest_income,wait_only,85.73024548146321,98.09280259432197,-12.362557112858752
100,highest_income,wait_only,77.24935468530852,97.647838391712,-20.398483706403482
101,highest_income,wait_only,124.46099278144007,148.7642276600258,-24.303234878585727
102,highest_income,wait_only,78.86693275545973,124.35247989619273,-45.485547140733004
103,highest_income,wait_only,67.52769052663214,83.67811049572234,-16.150419969090194
104,highest_income,wait_only,70.89776682010965,129.29676494645256,-58.3989981263429
105,highest_income,wait_only,68.78749691543388,114.35336742357148,-45.56587050813761
106,highest_income,wait_only,80.40422308885557,80.79853946387654,-0.3943163750209635
107,highest_income,wait_only,81.50049566563413,51.75583073371873,29.744664931915402
108,highest_income,wait_only,71.28069248287983,84.45245649575058,-13.171764012870753
109,highest_income,wait_only,57.767223365865355,96.13982798049638,-38.37260461463102
110,highest_income,wait_only,69.43636222940816,107.58182422882852,-38.14546199942036
111,highest_income,wait_only,69.46138788301181,83.87037117600731,-14.4089832929955
112,highest_income,wait_only,142.3540231619077,87.56799077908899,54.7860323828187
113,highest_income,wait_only,69.92300744521702,121.79271077730755,-51.86970333209052
114,highest_income,wait_only,81.84424180814588,50.21731614579252,31.626925662353358
115,highest_income,wait_only,86.62645535388454,106.62247623793877,-19.996020884054232
116,highest_income,wait_only,64.45819644641621,98.2855796344259,-33.82738318800969
117,highest_income,wait_only,123.46335600419243,170.81421099455346,-47.35085499036103
118,highest_income,wait_only,153.3639864057429,111.0075616575291,42.35642474821381
119,highest_income,wait_only,53.03158550776166,105.10233866510036,-52.0707531573387
120,highest_income,wait_only,69.04114882929693,80.0034416818939,-10.962292852596974
121,highest_income,wait_only,54.151266370435884,62.71976141092551,-8.568495040489623
122,highest_income,wait_only,74.3432645977418,118.62656932207072,-44.28330472432893
123,highest_income,wait_only,57.00430259590314,77.81997599304012,-20.815673397136976
124,highest_income,wait_only,72.89366049692183,102.0562590027078,-29.16259850578598
125,highest_income,wait_only,69.80723036230148,86.13229234399296,-16.325061981691476
126,highest_income,wait_only,71.06194300297136,72.65125520275183,-1.5893121997804656
127,highest_income,wait_only,131.97004828263616,72.64013279524043,59.32991548739572
128,highest_income,wait_only,68.08566021948693,92.7858424475393,-24.70018222805237
129,highest_income,wait_only,71.52237934283373,108.7365258542724,-37.21414651143867
130,highest_income,wait_only,70.94758730876173,89.30413544965555,-18.35654814089382
131,highest_income,wait_only,72.80976465397836,90.44590266486776,-17.636138010889397
132,highest_income,wait_only,71.1937377803107,94.23881474340877,-23.04507696309807
133,highest_income,wait_only,53.510210386934894,75.98464853554829,-22.474438148613395
134,highest_income,wait_only,82.242734168971,127.81280515229952,-45.57007098332852
135,highest_income,wait_only,74.38683723727749,84.5622418716922,-10.175404634414704
136,highest_income,wait_only,60.88040967518811,74.93237651407634,-14.051966838888227
137,highest_income,wait_only,46.69985755126895,58.55223975083235,-11.852382199563401
138,highest_income,wait_only,83.88673066806294,104.8449547365256,-20.958224068462656
139,highest_income,wait_only,77.11799791014114,132.09663422839125,-54.97863631825011
140,highest_income,wait_only,104.72314992189536,107.66502760112475,-2.9418776792293926
141,highest_income,wait_only,77.91999559611006,79.35628760558208,-1.4362920094720266
142,highest_income,wait_only,74.21500429772279,113.08995700318826,-38.874952705465475
143,highest_income,wait_only,84.90631948065183,123.7278086482823,-38.821489167630475
144,highest_income,wait_only,0.0,0.0,0.0
145,highest_income,wait_only,77.83477171746985,132.50788133036386,-54.67310961289401
146,highest_income,wait_only,67.09720255846038,96.14664086410579,-29.04943830564541
147,highest_income,wait_only,80.52740952782334,87.9564042023972,-7.4289946745738575
148,highest_income,wait_only,80.45251123864038,144.45237124552648,-63.999860006886095
149,highest_income,wait_only,99.42004529250347,126.0837655457452,-26.66372025324172
150,highest_income,wait_only,74.55964378703625,108.39421322636562,-33.83456943932937
151,highest_income,wait_only,59.710515766869946,77.02048836092983,-17.309972594059886
152,highest_income,wait_only,140.0694931469414,141.99304336156018,-1.9235502146187855
153,highest_income,wait_only,69.29514024881263,134.99605860423307,-65.70091835542044
154,highest_income,wait_only,82.40705398822716,104.9972116960681,-22.590157707840945
155,highest_income,wait_only,72.73303316748115,93.15037198493434,-20.417338817453185
156,highest_income,wait_only,80.93757017419476,111.0634858073865,-30.125915633191738
157,highest_income,wait_only,71.49323449525909,89.56543789979295,-18.072203404533866
158,highest_income,wait_only,62.18571902238247,117.22304978818615,-55.037330765803674
159,highest_income,wait_only,80.91185130008026,114.26466929467034,-33.35281799459008
160,highest_income,wait_only,90.80818167724603,34.829382089691386,55.97879958755464
161,highest_income,wait_only,66.67819323197223,80.83463577593885,-14.15644254396662
162,highest_income,wait_only,67.57889238163811,100.17675891740741,-32.5978665357693
163,highest_income,wait_only,78.7900668152401,82.37728033613317,-3.587213520893073
164,highest_income,wait_only,69.33956276835781,90.7098908068312,-21.37032803847339
165,highest_income,wait_only,81.10656521872572,99.08667289191791,-17.980107673192194
166,highest_income,wait_only,55.64428185273826,118.30459801445961,-62.660316161721354
167,highest_income,wait_only,68.98962765383473,131.31791918902067,-62.32829153518594
168,highest_income,wait_only,97.2445629327358,104.24815877420069,-7.003595841464886
169,highest_income,wait_only,165.6251178596409,194.48202822262402,-28.856910362983115
170,highest_income,wait_only,78.05528117247802,118.24386795213273,-40.18858677965471
171,highest_income,wait_only,54.965125330304716,87.43907482251029,-32.47394949220558
172,highest_income,wait_only,65.59844041983824,106.48146683179826,-40.88302641196002
173,highest_income,wait_only,61.64193093262231,107.32271589718857,-45.680784964566264
174,highest_income,wait_only,76.13816261761423,79.72537613850731,-3.587213520893087
175,highest_income,wait_only,77.23966252248208,97.64084939901065,-20.40118687652857
176,highest_income,wait_only,68.69910471597115,104.5632942705519,-35.86418955458076
177,highest_income,wait_only,56.663371613841406,97.69723783429278,-41.03386622045137
178,highest_income,wait_only,88.88831685182802,127.81042160333683,-38.92210475150881
179,highest_income,wait_only,73.73833240824402,90.7289615381214,-16.990629129877377
180,highest_income,wait_only,54.932966850843854,86.21963884040231,-31.286671989558457
181,highest_income,wait_only,80.68645067510323,127.61775686453537,-46.931306189432135
182,highest_income,wait_only,95.74268515618333,95.74268515618333,0.0
183,highest_income,wait_only,91.16021514170433,104.22743052176683,-13.067215380062507
184,highest_income,wait_only,64.19755406693695,99.47240047661298,-35.27484640967603
185,highest_income,wait_only,189.8486876077628,126.35438017868394,63.49430742907886
186,highest_income,wait_only,69.83150143335465,82.74804281910683,-12.916541385752183
187,highest_income,wait_only,55.1287096051773,108.9919999065883,-53.863290301411006
188,highest_income,wait_only,126.84701115340806,161.2227114650582,-34.37570031165015
189,highest_income,wait_only,75.52283357507604,76.46733648305072,-0.9445029079746803
190,highest_income,wait_only,65.69990709625858,86.43286649949943,-20.73295940324084
191,highest_income,wait_only,89.1616726924241,89.72868187327276,-0.5670091808486575
192,highest_income,wait_only,67.37521483139157,91.9955789950324,-24.62036416364083
193,highest_income,wait_only,83.7183731832707,50.20701834709713,33.51135483617357
194,highest_income,wait_only,81.52302371960958,93.52435453503867,-12.001330815429085
195,highest_income,wait_only,61.40722383177133,119.67897998523698,-58.271756153465645
196,highest_income,wait_only,76.32612854975154,78.24967876437033,-1.9235502146187855
197,highest_income,wait_only,61.23807183550581,74.88319368125713,-13.64512184575132
198,highest_income,wait_only,104.69959900340966,145.67849997240077,-40.97890096899111
199,highest_income,wait_only,247.42706362342562,127.29219977133171,120.13486385209391
200,highest_income,wait_only,75.21218485878487,83.89956270230114,-8.687377843516273
201,highest_income,wait_only,62.57813987317833,77.93479178357533,-15.356651910397005
202,highest_income,wait_only,71.66393911683792,85.9121589616022,-14.248219844764279
203,highest_income,wait_only,69.67918126731561,96.99592399239306,-27.316742725077447
204,highest_income,wait_only,83.26666532154456,84.71254171870764,-1.445876397163076
205,highest_income,wait_only,86.08962079780129,93.41846008815148,-7.328839290350189
206,highest_income,wait_only,61.5767378196998,86.4132075882757,-24.836469768575896
207,highest_income,wait_only,72.34503633731087,72.63874280939208,-0.2937064720812117
208,highest_income,wait_only,86.71001598063785,121.71113326210649,-35.00111728146864
209,highest_income,wait_only,85.83219444658657,99.54928491528462,-13.717090468698046
210,highest_income,wait_only,65.11745043613942,75.17885816555486,-10.061407729415436
211,highest_income,wait_only,76.31124453182002,122.69460808240224,-46.38336355058222
212,highest_income,wait_only,74.09274485877229,102.3106661401751,-28.21792128140281
213,highest_income,wait_only,64.0085549588548,98.18457390958415,-34.17601895072934
214,highest_income,wait_only,62.75966756993731,97.27481174374374,-34.51514417380643
215,highest_income,wait_only,78.75469219678197,155.0692687572855,-76.31457656050353
216,highest_income,wait_only,31.736186325399885,90.64171451957677,-58.90552819417688
217,highest_income,wait_only,64.4732735469205,64.70438384247734,-0.2311102955568458
218,highest_income,wait_only,74.62686059698966,104.25724997837345,-29.630389381383793
219,highest_income,wait_only,54.17134868840454,62.42933777484859,-8.257989086444049
220,highest_income,wait_only,66.8581254174775,68.91858097658714,-2.0604555591096414
221,highest_income,wait_only,74.64532266204263,82.12092231075293,-7.4755996487103005
222,highest_income,wait_only,72.96772095687075,83.8204853832645,-10.852764426393747
223,highest_income,wait_only,112.1179870187079,69.97751065023763,42.14047636847026
224,highest_income,wait_only,86.89279150265195,109.82438914064241,-22.931597637990464
225,highest_income,wait_only,91.11484901504329,126.71002223988384,-35.59517322484055
226,highest_income,wait_only,66.51368290109991,109.0588123662384,-42.54512946513849
227,highest_income,wait_only,72.62254233533922,92.96928977509229,-20.346747439753074
228,highest_income,wait_only,43.08385201314593,123.65847689166867,-80.57462487852274
229,highest_income,wait_only,80.52015725764619,90.97069440849585,-10.450537150849655
230,highest_income,wait_only,74.26740082302625,157.88408318573724,-83.61668236271099
231,highest_income,wait_only,72.17018492931,116.05280572246612,-43.88262079315612
232,highest_income,wait_only,55.56381345541983,58.00966900194189,-2.445855546522054
233,highest_income,wait_only,151.59616156105065,163.02616373119264,-11.43000217014199
234,highest_income,wait_only,92.12319877778643,120.7031149423365,-28.57991616455007
235,highest_income,wait_only,64.47644065614001,83.2330572621291,-18.75661660598908
236,highest_income,wait_only,80.98197334978545,108.11562689560982,-27.133653545824373
237,highest_income,wait_only,89.54542047528996,122.57071306246121,-33.02529258717125
238,highest_income,wait_only,71.71957628618956,118.04892168062658,-46.32934539443701
239,highest_income,wait_only,61.90883243928694,107.54650498853641,-45.63767254924947
240,highest_income,wait_only,61.4356844499941,106.89310015906784,-45.45741570907374
241,highest_income,wait_only,100.76831872642543,100.76831872642543,0.0
242,highest_income,wait_only,59.24664414334171,108.81939406667001,-49.5727499233283
243,highest_income,wait_only,81.0952001122662,116.51254681482125,-35.41734670255505
244,highest_income,wait_only,120.18023778970229,135.8155809514684,-15.635343161766116
245,highest_income,wait_only,58.32264974175963,127.3856131446723,-69.06296340291267
246,highest_income,wait_only,69.06437455773798,109.80653946712127,-40.74216490938329
247,highest_income,wait_only,85.69602254557418,101.15619080730154,-15.460168261727361
248,highest_income,wait_only,73.46875583506844,100.95151512241046,-27.48275928734202
249,highest_income,wait_only,89.77590256526918,140.3477890758407,-50.57188651057152
250,highest_income,wait_only,152.85284197769607,163.07677875268578,-10.22393677498971
251,highest_income,wait_only,77.72094471556906,77.72094471556906,0.0
252,highest_income,wait_only,72.80706299779558,99.71706981735821,-26.910006819562625
253,highest_income,wait_only,103.33990063586614,134.5990342682398,-31.259133632373647
254,highest_income,wait_only,52.84280970238834,122.3188781575126,-69.47606845512426
255,highest_income,wait_only,64.49936222889772,142.39894262423988,-77.89958039534216
256,highest_income,wait_only,72.52391950048514,84.6874583962711,-12.163538895785962
257,highest_income,wait_only,121.26311907674392,150.69654337194473,-29.43342429520081
258,highest_income,wait_only,63.81529030018608,76.29361785664732,-12.478327556461238
259,highest_income,wait_only,80.30992896164639,115.11660205861247,-34.80667309696608
260,highest_income,wait_only,93.45891469712448,93.45891469712448,0.0
261,highest_income,wait_only,53.00943557213643,63.71675922482894,-10.707323652692509
262,highest_income,wait_only,136.31645797484583,98.7482057236041,37.56825225124173
263,highest_income,wait_only,128.10033814819198,142.46137954750327,-14.36104139931129
264,highest_income,wait_only,74.95502062486084,107.89211234353114,-32.9370917186703
265,highest_income,wait_only,78.23750164041105,108.22831399720303,-29.990812356791977
266,highest_income,wait_only,61.651049062744335,121.78165195349794,-60.13060289075361
267,highest_income,wait_only,96.35554083473475,132.16633008322657,-35.810789248491815
268,highest_income,wait_only,82.63627885428589,84.77700922048565,-2.1407303661997616
269,highest_income,wait_only,71.853174833166,89.17952716150869,-17.326352328342693
270,highest_income,wait_only,84.37270714017916,133.3000564824713,-48.92734934229213
271,highest_income,wait_only,77.1051305739487,129.52722261633073,-52.42209204238203
272,highest_income,wait_only,71.72506098553077,87.42944714241543,-15.704386156884652
273,highest_income,wait_only,55.516692871013944,103.8012127414716,-48.28451987045766
274,highest_income,wait_only,81.97422898400671,95.93812257129387,-13.96389358728716
275,highest_income,wait_only,60.551436859698555,112.3506438014085,-51.79920694170994
276,highest_income,wait_only,61.23200069878972,76.6714436006345,-15.439442901844785
277,highest_income,wait_only,114.70579018500194,49.655509844179534,65.05028034082241
278,highest_income,wait_only,66.1786798363697,89.22994075440229,-23.051260918032597
279,highest_income,wait_only,68.5154475888533,93.58962273869328,-25.074175149839974
280,highest_income,wait_only,87.15045947637896,87.85061598468388,-0.7001565083049286
281,highest_income,wait_only,77.03055555171203,141.7158105008289,-64.68525494911687
282,highest_income,wait_only,68.31396015374781,70.37441571285746,-2.0604555591096414
283,highest_income,wait_only,80.9314687985242,103.58645902363378,-22.654990225109586
284,highest_income,wait_only,75.99041697192254,96.02280462986303,-20.03238765794049
285,highest_income,wait_only,90.49969367076895,84.98579522576132,5.5138984450076265
286,highest_income,wait_only,66.32031713049213,77.45181352695423,-11.131496396462097
287,highest_income,wait_only,63.04549446147085,77.71539183383895,-14.669897372368098
288,highest_income,wait_only,219.40546568557767,250.66659488652985,-31.261129200952183
289,highest_income,wait_only,84.10257626627134,84.10257626627134,0.0
290,highest_income,wait_only,66.19043123929048,94.45404468273686,-28.26361344344639
291,highest_income,wait_only,44.48573635551202,133.99249343812463,-89.50675708261261
292,highest_income,wait_only,76.48440951935103,128.85216949593445,-52.367759976583415
293,highest_income,wait_only,69.80091655779712,105.8869663268406,-36.08604976904347
294,highest_income,wait_only,83.66011501586607,119.01854179830825,-35.35842678244218
295,highest_income,wait_only,67.28049445095598,68.43347082833478,-1.152976377378792
296,highest_income,wait_only,71.51160100853598,72.12617356222606,-0.6145725536900812
297,highest_income,wait_only,69.25250177383691,119.6823590990932,-50.42985732525629
298,highest_income,wait_only,60.338681827552705,94.99537208586258,-34.65669025830988
299,highest_income,wait_only,129.88232558127277,114.03510691305873,15.84721866821404
0,q_learning,wait_only,156.66377815350884,156.66377815350884,0.0
1,q_learning,wait_only,69.6033960787742,74.76608732058871,-5.162691241814514
2,q_learning,wait_only,82.63344166055883,117.98849030240301,-35.35504864184418
3,q_learning,wait_only,123.3721345005312,130.53964903629594,-7.167514535764738
4,q_learning,wait_only,96.72099316188229,77.65179742106105,19.069195740821243
5,q_learning,wait_only,87.42969631895288,108.27519559535108,-20.8454992763982
6,q_learning,wait_only,111.29061320855732,128.99710591827227,-17.70649270971495
7,q_learning,wait_only,74.81925757050843,129.31700087408177,-54.497743303573344
8,q_learning,wait_only,89.06689149668385,91.64224062421586,-2.5753491275320073
9,q_learning,wait_only,82.50649705721169,125.05968789105933,-42.55319083384764
10,q_learning,wait_only,73.33280724743638,105.2411457240903,-31.908338476653924
11,q_learning,wait_only,96.3394788080993,102.66075589290598,-6.321277084806681
12,q_learning,wait_only,83.70625603798534,83.70625603798534,0.0
13,q_learning,wait_only,80.61241419552663,80.61241419552663,0.0
14,q_learning,wait_only,41.77812200398811,107.05374193606374,-65.27561993207564
15,q_learning,wait_only,80.65541603585814,80.65541603585814,0.0
16,q_learning,wait_only,65.9408871858183,142.83536536363337,-76.89447817781507
17,q_learning,wait_only,100.32210211963995,103.7313261699077,-3.4092240502677527
18,q_learning,wait_only,104.37051114723793,115.5673626011019,-11.196851453863971
19,q_learning,wait_only,131.35502503282186,92.62871968599153,38.72630534683033
20,q_learning,wait_only,96.30188050049519,145.1798754643174,-48.87799496382222
21,q_learning,wait_only,91.36201125200833,91.36201125200833,0.0
22,q_learning,wait_only,73.19637749342255,97.61254851970338,-24.416171026280836
23,q_learning,wait_only,99.69196598750105,82.62523337027636,17.066732617224687
24,q_learning,wait_only,99.64692560704428,100.09133642081723,-0.4444108137729472
25,q_learning,wait_only,105.4123264622131,104.76636453620044,0.6459619260126601
26,q_learning,wait_only,85.12694313279115,111.8212548697415,-26.69431173695034
27,q_learning,wait_only,109.83301477745985,111.39427787501549,-1.5612630975556385
28,q_learning,wait_only,85.33470571847691,127.3538750655296,-42.019169347052696
29,q_learning,wait_only,57.81747209742305,57.81747209742305,0.0
30,q_learning,wait_only,99.60726005698766,109.11276007258573,-9.505500015598074
31,q_learning,wait_only,93.20184451343906,96.86679226356193,-3.6649477501228773
32,q_learning,wait_only,76.33487444183477,90.35920140924001,-14.024326967405244
33,q_learning,wait_only,84.18116802798018,77.88971093186021,6.29145709611997
34,q_learning,wait_only,86.88096929027286,112.82076120482826,-25.9397919145554
35,q_learning,wait_only,75.17477488762242,96.56822028448782,-21.393445396865403
36,q_learning,wait_only,111.72303547920995,71.72845249891793,39.99458298029202
37,q_learning,wait_only,82.94437032752361,123.06508998718499,-40.120719659661376
38,q_learning,wait_only,114.68449606894363,113.22912681259513,1.4553692563485043
39,q_learning,wait_only,50.15984997690591,79.27992981714702,-29.12007984024111
40,q_learning,wait_only,148.2881167451278,78.6411276467918,69.64698909833601
41,q_learning,wait_only,89.19023132861132,111.70412131918188,-22.51388999057056
42,q_learning,wait_only,74.70399999329017,75.24610480154321,-0.5421048082530433
43,q_learning,wait_only,67.88689870284882,98.31343451128132,-30.42653580843249
44,q_learning,wait_only,54.84433301392275,60.42786784570451,-5.583534831781762
45,q_learning,wait_only,128.1396535734197,128.1396535734197,0.0
46,q_learning,wait_only,75.14632077351118,138.83996146062557,-63.693640687114396
47,q_learning,wait_only,85.12194429728075,86.33471955892705,-1.2127752616463
48,q_learning,wait_only,88.3623712179305,101.81385003524005,-13.45147881730955
49,q_learning,wait_only,74.18553110089215,86.26355626292874,-12.078025162036596
50,q_learning,wait_only,76.14110187973965,78.46075169940968,-2.3196498196700333
51,q_learning,wait_only,92.09249197493011,82.62810106970763,9.464390905222487
52,q_learning,wait_only,57.92443587036689,93.80548962528593,-35.88105375491904
53,q_learning,wait_only,63.68522146300469,116.80443487924703,-53.11921341624234
54,q_learning,wait_only,66.94467170948569,67.64208030344938,-0.6974085939636865
55,q_learning,wait_only,58.47036137686191,74.06537969817865,-15.595018321316736
56,q_learning,wait_only,101.76560794169797,110.39684348436784,-8.63123554266987
57,q_learning,wait_only,94.84235944777828,100.89384821276579,-6.051488764987511
58,q_learning,wait_only,67.90102994356155,88.90291945879248,-21.00188951523093
59,q_learning,wait_only,129.63144726595806,114.12443919625001,15.50700806970805
60,q_learning,wait_only,104.73400493884277,128.80268098100112,-24.068676042158344
61,q_learning,wait_only,66.35868793106616,67.0776636792826,-0.7189757482164367
62,q_learning,wait_only,104.23882760627704,138.44840923058484,-34.2095816243078
63,q_learning,wait_only,97.74998298033886,112.65652362191776,-14.9065406415789
64,q_learning,wait_only,80.12368035824032,80.91276220842582,-0.7890818501854966
65,q_learning,wait_only,66.4682817837717,80.98716963190529,-14.518887848133588
66,q_learning,wait_only,77.64845270744655,105.56798535900008,-27.919532651553524
67,q_learning,wait_only,101.47644104215092,101.47644104215092,0.0
68,q_learning,wait_only,92.99484686510829,93.33821859355977,-0.343371728451487
69,q_learning,wait_only,62.999929340059076,89.0832636798051,-26.083334339746024
70,q_learning,wait_only,89.0819715326437,128.05327531925312,-38.97130378660941
71,q_learning,wait_only,81.52744763339473,93.51775037555065,-11.990302742155919
72,q_learning,wait_only,127.87582364523807,136.14374003408284,-8.267916388844768
73,q_learning,wait_only,85.60931333647129,85.60931333647129,0.0
74,q_learning,wait_only,86.08656374795788,110.17137562674364,-24.084811878785757
75,q_learning,wait_only,90.89889272145665,113.59759793291606,-22.698705211459412
76,q_learning,wait_only,63.66551074241279,72.28671515516055,-8.621204412747758
77,q_learning,wait_only,102.83014421693595,96.13893020070586,6.6912140162300915
78,q_learning,wait_only,111.8542748141856,122.5460648514327,-10.691790037247102
79,q_learning,wait_only,89.48321504632086,88.18105913501986,1.302155911301
80,q_learning,wait_only,98.67147868556097,123.89320949370082,-25.221730808139853
81,q_learning,wait_only,94.3523656072842,142.66438429390638,-48.31201868662218
82,q_learning,wait_only,93.18600442626015,133.2483716006256,-40.06236717436545
83,q_learning,wait_only,103.96996020620455,129.80694340782458,-25.83698320162003
84,q_learning,wait_only,80.36149648674785,80.36149648674785,0.0
85,q_learning,wait_only,83.02490747286373,98.92751300982975,-15.902605536966021
86,q_learning,wait_only,78.82197036431525,100.77433311669341,-21.952362752378164
87,q_learning,wait_only,108.29546152657653,92.61520260716826,15.680258919408274
88,q_learning,wait_only,79.15052921204864,79.15052921204864,0.0
89,q_learning,wait_only,99.63448647522213,116.68433969144937,-17.049853216227234
90,q_learning,wait_only,78.91400755982863,86.57636735541149,-7.662359795582859
91,q_learning,wait_only,79.97982666588378,94.98060229661388,-15.000775630730104
92,q_learning,wait_only,86.32011343220923,86.32011343220923,0.0
93,q_learning,wait_only,92.9817828462295,76.66359081532714,16.318192030902367
94,q_learning,wait_only,72.19414843357009,104.8540599293411,-32.65991149577101
95,q_learning,wait_only,179.42422378885024,180.65969557863477,-1.2354717897845262
96,q_learning,wait_only,122.71948341900466,152.76297444043345,-30.043491021428792
97,q_learning,wait_only,68.3541129843553,108.27791684156732,-39.92380385721202
98,q_learning,wait_only,105.81214521172242,133.3242551829542,-27.51210997123178
99,q_learning,wait_only,106.4844727086207,98.09280259432197,8.391670114298734
100,q_learning,wait_only,90.27892839361185,97.647838391712,-7.3689099981001505
101,q_learning,wait_only,107.62618965284778,148.7642276600258,-41.13803800717801
102,q_learning,wait_only,64.44752264259454,124.35247989619273,-59.9049572535982
103,q_learning,wait_only,84.10770799566977,83.67811049572234,0.4295974999474339
104,q_learning,wait_only,72.35676718446064,129.29676494645256,-56.93999776199192
105,q_learning,wait_only,69.38156084233133,114.35336742357148,-44.97180658124016
106,q_learning,wait_only,80.79853946387654,80.79853946387654,0.0
107,q_learning,wait_only,108.3730926570847,51.75583073371873,56.617261923365966
108,q_learning,wait_only,82.1303486993768,84.45245649575058,-2.3221077963737855
109,q_learning,wait_only,58.27071338733231,96.13982798049638,-37.86911459316407
110,q_learning,wait_only,107.58182422882852,107.58182422882852,0.0
111,q_learning,wait_only,83.87037117600731,83.87037117600731,0.0
112,q_learning,wait_only,145.69450479049107,87.56799077908899,58.12651401140208
113,q_learning,wait_only,102.81379164371154,121.79271077730755,-18.97891913359601
114,q_learning,wait_only,91.35616088456034,50.21731614579252,41.138844738767816
115,q_learning,wait_only,115.24765906853418,106.62247623793877,8.625182830595406
116,q_learning,wait_only,65.29288487192765,98.2855796344259,-32.992694762498246
117,q_learning,wait_only,101.06009299690638,170.81421099455346,-69.75411799764709
118,q_learning,wait_only,102.10115327673049,111.0075616575291,-8.90640838079861
119,q_learning,wait_only,55.58030993086339,105.10233866510036,-49.52202873423697
120,q_learning,wait_only,81.21427928669209,80.0034416818939,1.2108376047981864
121,q_learning,wait_only,64.14816643989343,62.71976141092551,1.4284050289679229
122,q_learning,wait_only,73.69294455370762,118.62656932207072,-44.9336247683631
123,q_learning,wait_only,76.79717765313059,77.81997599304012,-1.022798339909528
124,q_learning,wait_only,73.42362742488261,102.0562590027078,-28.632631577825194
125,q_learning,wait_only,95.60000233748487,86.13229234399296,9.467709993491908
126,q_learning,wait_only,83.22338796141672,72.65125520275183,10.572132758664893
127,q_learning,wait_only,121.53684968067516,72.64013279524043,48.89671688543473
128,q_learning,wait_only,70.58858261928413,92.7858424475393,-22.19725982825517
129,q_learning,wait_only,84.27110607667333,108.7365258542724,-24.465419777599067
130,q_learning,wait_only,83.58502603686252,89.30413544965555,-5.719109412793031
131,q_learning,wait_only,74.62066322784727,90.44590266486776,-15.825239437020485
132,q_learning,wait_only,80.6102211738209,94.23881474340877,-13.628593569587863
133,q_learning,wait_only,70.73386869797052,75.98464853554829,-5.250779837577767
134,q_learning,wait_only,89.53996034053812,127.81280515229952,-38.2728448117614
135,q_learning,wait_only,88.60386809445333,84.5622418716922,4.041626222761138
136,q_learning,wait_only,68.42510117905006,74.93237651407634,-6.507275335026279
137,q_learning,wait_only,103.90352003294436,58.55223975083235,45.35128028211201
138,q_learning,wait_only,93.85025571532857,104.8449547365256,-10.994699021197022
139,q_learning,wait_only,133.06242560169017,132.09663422839125,0.965791373298913
140,q_learning,wait_only,88.95294292060393,107.66502760112475,-18.712084680520817
141,q_learning,wait_only,87.3407917839974,79.35628760558208,7.984504178415321
142,q_learning,wait_only,127.10284861204211,113.08995700318826,14.012891608853849
143,q_learning,wait_only,97.17313181791019,123.7278086482823,-26.554676830372117
144,q_learning,wait_only,0.0,0.0,0.0
145,q_learning,wait_only,105.46536374424085,132.50788133036386,-27.04251758612301
146,q_learning,wait_only,104.1839753489022,96.14664086410579,8.037334484796403
147,q_learning,wait_only,81.82327537957957,87.9564042023972,-6.133128822817625
148,q_learning,wait_only,148.11346464344535,144.45237124552648,3.661093397918876
149,q_learning,wait_only,75.0970767581844,126.0837655457452,-50.986688787560794
150,q_learning,wait_only,95.44314070199165,108.39421322636562,-12.95107252437397
151,q_learning,wait_only,68.37570667069721,77.02048836092983,-8.64478169023262
152,q_learning,wait_only,162.79680187505656,141.99304336156018,20.803758513496376
153,q_learning,wait_only,89.57992462542023,134.99605860423307,-45.41613397881284
154,q_learning,wait_only,91.50290881649961,104.9972116960681,-13.494302879568494
155,q_learning,wait_only,93.15037198493434,93.15037198493434,0.0
156,q_learning,wait_only,99.12073656048258,111.0634858073865,-11.942749246903915
157,q_learning,wait_only,96.146554572179,89.56543789979295,6.581116672386045
158,q_learning,wait_only,73.45721258617176,117.22304978818615,-43.76583720201438
159,q_learning,wait_only,82.4386092618637,114.26466929467034,-31.826060032806637
160,q_learning,wait_only,35.641774852117834,34.829382089691386,0.8123927624264482
161,q_learning,wait_only,69.10015140767216,80.83463577593885,-11.734484368266692
162,q_learning,wait_only,91.92556269940374,100.17675891740741,-8.25119621800367
163,q_learning,wait_only,96.67622719025009,82.37728033613317,14.29894685411692
164,q_learning,wait_only,84.66715995514824,90.7098908068312,-6.042730851682961
165,q_learning,wait_only,96.36696440698825,99.08667289191791,-2.7197084849296687
166,q_learning,wait_only,72.47526448560252,118.30459801445961,-45.82933352885709
167,q_learning,wait_only,70.43994865102201,131.31791918902067,-60.877970537998664
168,q_learning,wait_only,60.24577603171694,104.24815877420069,-44.002382742483746
169,q_learning,wait_only,133.78225768114723,194.48202822262402,-60.699770541476795
170,q_learning,wait_only,98.71798063558322,118.24386795213273,-19.525887316549515
171,q_learning,wait_only,110.05844827779005,87.43907482251029,22.619373455279757
172,q_learning,wait_only,81.99582023393882,106.48146683179826,-24.485646597859443
173,q_learning,wait_only,108.29534940023885,107.32271589718857,0.9726335030502753
174,q_learning,wait_only,78.47729134302047,79.72537613850731,-1.2480847954868466
175,q_learning,wait_only,91.92512634557636,97.64084939901065,-5.715723053434289
176,q_learning,wait_only,70.15810508032213,104.5632942705519,-34.40518919022978
177,q_learning,wait_only,59.74314726888033,97.69723783429278,-37.95409056541245
178,q_learning,wait_only,112.57492940102117,127.81042160333683,-15.235492202315669
179,q_learning,wait_only,74.62107965237918,90.7289615381214,-16.107881885742216
180,q_learning,wait_only,56.67300560138999,86.21963884040231,-29.546633239012323
181,q_learning,wait_only,107.35584078973093,127.61775686453537,-20.261916074804432
182,q_learning,wait_only,95.74268515618333,95.74268515618333,0.0
183,q_learning,wait_only,100.86279162301744,104.22743052176683,-3.3646388987493907
184,q_learning,wait_only,74.26326783067775,99.47240047661298,-25.209132645935227
185,q_learning,wait_only,125.34729454768163,126.35438017868394,-1.0070856310023117
186,q_learning,wait_only,89.24940852654166,82.74804281910683,6.501365707434829
187,q_learning,wait_only,58.57155196859553,108.9919999065883,-50.420447937992776
188,q_learning,wait_only,124.36651389473802,161.2227114650582,-36.85619757032019
189,q_learning,wait_only,76.19277154860723,76.46733648305072,-0.2745649344434895
190,q_learning,wait_only,75.62594943704332,86.43286649949943,-10.806917062456108
191,q_learning,wait_only,89.3851528527979,89.72868187327276,-0.3435290204748611
192,q_learning,wait_only,84.62966371947472,91.9955789950324,-7.365915275557683
193,q_learning,wait_only,106.13944020225887,50.20701834709713,55.932421855161735
194,q_learning,wait_only,93.52435453503867,93.52435453503867,0.0
195,q_learning,wait_only,93.36768655019921,119.67897998523698,-26.31129343503777
196,q_learning,wait_only,77.55227017040663,78.24967876437033,-0.6974085939637007
197,q_learning,wait_only,74.88319368125713,74.88319368125713,0.0
198,q_learning,wait_only,47.551403472944486,145.67849997240077,-98.12709649945629
199,q_learning,wait_only,87.4679208118256,127.29219977133171,-39.8242789595061
200,q_learning,wait_only,91.67549980680396,83.89956270230114,7.775937104502816
201,q_learning,wait_only,77.93479178357533,77.93479178357533,0.0
202,q_learning,wait_only,84.79421692752011,85.9121589616022,-1.1179420340820911
203,q_learning,wait_only,122.7873190535696,96.99592399239306,25.791395061176544
204,q_learning,wait_only,83.99732193504929,84.71254171870764,-0.7152197836583554
205,q_learning,wait_only,93.41846008815148,93.41846008815148,0.0
206,q_learning,wait_only,63.38763639356872,86.4132075882757,-23.025571194706977
207,q_learning,wait_only,72.29521378891722,72.63874280939208,-0.3435290204748611
208,q_learning,wait_only,61.639202932327635,121.71113326210649,-60.07193032977885
209,q_learning,wait_only,86.33568446805351,99.54928491528462,-13.213600447231101
210,q_learning,wait_only,85.72359948591401,75.17885816555486,10.544741320359151
211,q_learning,wait_only,76.47472975425615,122.69460808240224,-46.219878328146095
212,q_learning,wait_only,87.14473138424896,102.3106661401751,-15.165934755926145
213,q_learning,wait_only,91.65281074906582,98.18457390958415,-6.531763160518324
214,q_learning,wait_only,82.87513870577,97.27481174374374,-14.399673037973741
215,q_learning,wait_only,100.08525642725925,155.0692687572855,-54.984012330026246
216,q_learning,wait_only,58.08948077058295,90.64171451957677,-32.552233748993814
217,q_learning,wait_only,64.70438384247734,64.70438384247734,0.0
218,q_learning,wait_only,94.57332195211748,104.25724997837345,-9.68392802625597
219,q_learning,wait_only,80.16881553441092,62.42933777484859,17.739477759562334
220,q_learning,wait_only,68.4271133051628,68.91858097658714,-0.49146767142433134
221,q_learning,wait_only,98.82579088764157,82.12092231075293,16.704868576888643
222,q_learning,wait_only,83.8204853832645,83.8204853832645,0.0
223,q_learning,wait_only,112.62819200594092,69.97751065023763,42.650681355703284
224,q_learning,wait_only,111.00886547137372,109.82438914064241,1.1844763307313144
225,q_learning,wait_only,126.71002223988384,126.71002223988384,0.0
226,q_learning,wait_only,99.76970568904531,109.0588123662384,-9.28910667719309
227,q_learning,wait_only,92.96928977509229,92.96928977509229,0.0
228,q_learning,wait_only,43.08385201314593,123.65847689166867,-80.57462487852274
229,q_learning,wait_only,87.53985356338761,90.97069440849585,-3.4308408451082357
230,q_learning,wait_only,110.22647452237192,157.88408318573724,-47.65760866336532
231,q_learning,wait_only,73.62918529366098,116.05280572246612,-42.42362042880514
232,q_learning,wait_only,97.3008403705219,58.00966900194189,39.29117136858001
233,q_learning,wait_only,163.02616373119264,163.02616373119264,0.0
234,q_learning,wait_only,93.58219914213743,120.7031149423365,-27.12091580019907
235,q_learning,wait_only,106.82724943252117,83.2330572621291,23.594192170392077
236,q_learning,wait_only,97.19301541699045,108.11562689560982,-10.922611478619373
237,q_learning,wait_only,115.1207066920313,122.57071306246121,-7.450006370429904
238,q_learning,wait_only,72.66954091043061,118.04892168062658,-45.379380770195965
239,q_learning,wait_only,95.64205232323606,107.54650498853641,-11.904452665300354
240,q_learning,wait_only,109.4085991280659,106.89310015906784,2.5154989689980596
241,q_learning,wait_only,100.76831872642543,100.76831872642543,0.0
242,q_learning,wait_only,104.4225046687131,108.81939406667001,-4.396889397956912
243,q_learning,wait_only,97.29509682439722,116.51254681482125,-19.21744999042403
244,q_learning,wait_only,98.15911060529749,135.8155809514684,-37.65647034617092
245,q_learning,wait_only,80.8336577081824,127.3856131446723,-46.551955436489905
246,q_learning,wait_only,137.0038500852187,109.80653946712127,27.19731061809742
247,q_learning,wait_only,93.66079363957256,101.15619080730154,-7.4953971677289815
248,q_learning,wait_only,89.51774837763736,100.95151512241046,-11.433766744773095
249,q_learning,wait_only,104.42278262901719,140.3477890758407,-35.9250064468235
250,q_learning,wait_only,153.97773526030176,163.07677875268578,-9.099043492384027
251,q_learning,wait_only,77.72094471556906,77.72094471556906,0.0
252,q_learning,wait_only,90.65090858106512,99.71706981735821,-9.066161236293084
253,q_learning,wait_only,87.76949356159784,134.5990342682398,-46.82954070664195
254,q_learning,wait_only,81.04483712241773,122.3188781575126,-41.27404103509487
255,q_learning,wait_only,67.8491089360819,142.39894262423988,-74.54983368815797
256,q_learning,wait_only,93.48710358266906,84.6874583962711,8.799645186397967
257,q_learning,wait_only,80.42410663473088,150.69654337194473,-70.27243673721385
258,q_learning,wait_only,97.04913200654502,76.29361785664732,20.755514149897706
259,q_learning,wait_only,81.83668692342982,115.11660205861247,-33.27991513518265
260,q_learning,wait_only,93.45891469712448,93.45891469712448,0.0
261,q_learning,wait_only,66.4104620134563,63.71675922482894,2.6937027886273555
262,q_learning,wait_only,83.8781849850796,98.7482057236041,-14.870020738524502
263,q_learning,wait_only,98.99347954133772,142.46137954750327,-43.46790000616555
264,q_learning,wait_only,87.21283526336484,107.89211234353114,-20.6792770801663
265,q_learning,wait_only,78.83408731811205,108.22831399720303,-29.394226679090977
266,q_learning,wait_only,78.83898499326995,121.78165195349794,-42.942666960227996
267,q_learning,wait_only,96.40393515883488,132.16633008322657,-35.762394924391685
268,q_learning,wait_only,84.0952304483848,84.77700922048565,-0.6817787721008557
269,q_learning,wait_only,72.32931427413709,89.17952716150869,-16.850212887371598
270,q_learning,wait_only,108.60153868436856,133.3000564824713,-24.698517798102728
271,q_learning,wait_only,91.00952984747462,129.52722261633073,-38.51769276885611
272,q_learning,wait_only,114.84976988763434,87.42944714241543,27.42032274521891
273,q_learning,wait_only,57.04345083279738,103.8012127414716,-46.75776190867422
274,q_learning,wait_only,63.21639709001141,95.93812257129387,-32.72172548128246
275,q_learning,wait_only,62.97101128280029,112.3506438014085,-49.379632518608204
276,q_learning,wait_only,67.18559398558509,76.6714436006345,-9.485849615049418
277,q_learning,wait_only,77.80883212243045,49.655509844179534,28.15332227825091
278,q_learning,wait_only,95.70361162283258,89.22994075440229,6.47367086843029
279,q_learning,wait_only,70.06604935395583,93.58962273869328,-23.523573384737446
280,q_learning,wait_only,87.85061598468388,87.85061598468388,0.0
281,q_learning,wait_only,77.68235446462525,141.7158105008289,-64.03345603620365
282,q_learning,wait_only,78.50943433041506,70.37441571285746,8.135018617557606
283,q_learning,wait_only,90.36111981668618,103.58645902363378,-13.225339206947595
284,q_learning,wait_only,77.54101873702506,96.02280462986303,-18.481785892837976
285,q_learning,wait_only,129.44191572446186,84.98579522576132,44.45612049870054
286,q_learning,wait_only,76.3829436736811,77.45181352695423,-1.068869853273128
287,q_learning,wait_only,76.80668477793253,77.71539183383895,-0.9087070559064188
288,q_learning,wait_only,226.47851295960515,250.66659488652985,-24.188081926924696
289,q_learning,wait_only,84.10257626627134,84.10257626627134,0.0
290,q_learning,wait_only,82.31668877025386,94.45404468273686,-12.137355912483002
291,q_learning,wait_only,129.59997094532244,133.99249343812463,-4.392522492802186
292,q_learning,wait_only,125.35778725422374,128.85216949593445,-3.49438224171071
293,q_learning,wait_only,115.02287920577847,105.8869663268406,9.135912878937873
294,q_learning,wait_only,88.94507155754653,119.01854179830825,-30.073470240761722
295,q_learning,wait_only,68.43347082833478,68.43347082833478,0.0
296,q_learning,wait_only,72.12617356222606,72.12617356222606,0.0
297,q_learning,wait_only,71.04473395242108,119.6823590990932,-48.63762514667212
298,q_learning,wait_only,75.65487669202808,94.99537208586258,-19.3404953938345
299,q_learning,wait_only,130.00197881779033,114.03510691305873,15.966871904731605
