algorithm,scenario_id,start_zone,start_time,horizon_minutes,gross_revenue_2h,operating_cost_2h,net_earnings_2h,completed_trips,waiting_minutes,empty_minutes,occupied_minutes,unfinished_occupied_minutes,terminal_unused_minutes,accounted_minutes,time_accounting_error,empty_miles,occupied_miles,unfinished_trip_at_horizon,end_zone,wait_decisions,reposition_decisions,first_action
wait_only,0,132,08:00,120,166.31760979904737,9.653831645538537,156.66377815350884,3,21.19776888266535,0.0,93.52669962428361,5.275531493051034,0.0,120.0,0.0,0.0,27.582376130110106,1,230,7,0,WAIT
wait_only,1,132,08:00,120,81.21323370955625,6.447146388967537,74.76608732058871,2,14.683140167824371,0.0,105.31685983217564,0.0,0.0,120.00000000000001,-1.4210854715202004e-14,0.0,18.420418254192963,0,236,5,0,WAIT
wait_only,2,132,08:00,120,126.62158868756217,8.63309838515916,117.98849030240301,4,45.187045745819646,0.0,74.81295425418034,0.0,0.0,119.99999999999999,1.4210854715202004e-14,0.0,24.66599538616903,0,162,11,0,WAIT
wait_only,3,132,08:00,120,140.76358108380708,10.223932047511147,130.53964903629594,6,38.633896225893736,0.0,72.70301632389265,8.663087450213595,0.0,119.99999999999999,1.4210854715202004e-14,0.0,29.211234421460418,1,237,11,0,WAIT
wait_only,4,132,08:00,120,83.78973230945856,6.137934888397503,77.65179742106105,1,35.32098463705576,0.0,81.39787219887498,3.281143164069263,0.0,120.0,0.0,0.0,17.536956823992867,1,68,8,0,WAIT
wait_only,5,132,08:00,120,114.74362717356317,6.468431578212092,108.27519559535108,3,43.55831760090007,0.0,74.05209135656749,2.3895910425324303,0.0,119.99999999999999,1.4210854715202004e-14,0.0,18.48123308060598,1,113,10,0,WAIT
wait_only,6,132,08:00,120,137.0388170603905,8.04171114211823,128.99710591827227,4,46.81456028213426,0.0,73.18543971786573,0.0,0.0,120.0,0.0,0.0,22.97631754890923,0,162,12,0,WAIT
wait_only,7,132,08:00,120,138.52986891971105,9.212868045629273,129.31700087408177,3,16.439574031525837,0.0,103.56042596847416,0.0,0.0,120.0,0.0,0.0,26.322480130369357,0,234,5,0,WAIT
wait_only,8,132,08:00,120,99.85436006882136,8.21211944460551,91.64224062421586,2,83.30113021675206,0.0,32.88128322497901,3.8175865582689283,0.0,119.99999999999999,1.4210854715202004e-14,0.0,23.4631984131586,1,163,19,0,WAIT
wait_only,9,132,08:00,120,132.56840682331432,7.5087189322549985,125.05968789105933,5,24.128618509052487,0.0,94.90795744974346,0.9634240412040498,0.0,120.0,0.0,0.0,21.45348266358571,1,236,8,0,WAIT
wait_only,10,132,08:00,120,113.27999699264677,8.038851268556476,105.2411457240903,3,52.07048737422548,0.0,67.92951262577452,0.0,0.0,120.0,0.0,0.0,22.968146481589933,0,74,13,0,WAIT
wait_only,11,132,08:00,120,108.64797928307313,5.987223390167144,102.66075589290598,3,31.760461204347138,0.0,88.23953879565288,0.0,0.0,120.00000000000001,-1.4210854715202004e-14,0.0,17.1063525433347,0,90,9,0,WAIT
wait_only,12,132,08:00,120,91.55712987807945,7.850873840094106,83.70625603798534,2,25.805115414537116,0.0,94.19488458546287,0.0,0.0,119.99999999999999,1.4210854715202004e-14,0.0,22.43106811455459,0,246,7,0,WAIT
wait_only,13,132,08:00,120,86.78065547385339,6.168241278326757,80.61241419552663,1,1.7719821567352316,0.0,118.22801784326477,0.0,0.0,120.0,0.0,0.0,17.623546509505022,0,230,2,0,WAIT
wait_only,14,132,08:00,120,114.20242693830417,7.148685002240423,107.05374193606374,3,52.704263207849245,0.0,59.55247488265718,7.743261909493569,0.0,119.99999999999999,1.4210854715202004e-14,0.0,20.424814292115496,1,50,13,0,WAIT
wait_only,15,132,08:00,120,87.71553291988536,7.060116884027225,80.65541603585814,2,11.513703155418654,0.0,108.48629684458135,0.0,0.0,120.0,0.0,0.0,20.171762525792072,0,233,5,0,WAIT
wait_only,16,132,08:00,120,150.16445652418685,7.329091160553465,142.83536536363337,6,33.80061611057403,0.0,86.19938388942596,0.0,0.0,120.0,0.0,0.0,20.94026045872419,0,234,10,0,WAIT
wait_only,17,132,08:00,120,111.93379710904505,8.20247093913734,103.7313261699077,3,33.5725359705573,0.0,86.42746402944269,0.0,0.0,119.99999999999999,1.4210854715202004e-14,0.0,23.435631254678118,0,237,9,0,WAIT
wait_only,18,132,08:00,120,122.85734408136916,7.289981480267253,115.5673626011019,4,42.2856970601065,0.0,74.29124553896955,3.423057400923952,0.0,120.0,0.0,0.0,20.828518515049296,1,163,11,0,WAIT
wait_only,19,132,08:00,120,99.52179590941783,6.893076223426303,92.62871968599153,3,47.386022825765345,0.0,72.61397717423465,0.0,0.0,120.0,0.0,0.0,19.694503495503724,0,234,12,0,WAIT
wait_only,20,132,08:00,120,152.70424076070577,7.524365296388377,145.1798754643174,6,39.87347430107403,0.0,73.03258437593341,7.093941322992563,0.0,120.00000000000001,-1.4210854715202004e-14,0.0,21.498186561109648,1,163,12,0,WAIT
wait_only,21,132,08:00,120,97.84588464066243,6.483873388654102,91.36201125200833,1,12.138447358636153,0.0,94.64758421676653,13.213968424597326,0.0,120.00000000000001,-1.4210854715202004e-14,0.0,18.52535253901172,1,161,3,0,WAIT
wait_only,22,132,08:00,120,107.12714168836685,9.514593168663467,97.61254851970338,3,22.829363367014288,0.0,94.8290385887884,2.3415980441972977,0.0,120.0,0.0,0.0,27.18455191046705,1,163,8,0,WAIT
wait_only,23,132,08:00,120,88.70645315702399,6.0812197867476225,82.62523337027636,1,41.439003007586926,0.0,70.55593723795657,8.005059754456497,0.0,119.99999999999999,1.4210854715202004e-14,0.0,17.37491367642178,1,230,10,0,WAIT
wait_only,24,132,08:00,120,107.59439824994396,7.503061829126742,100.09133642081723,2,25.97317550556593,0.0,94.02682449443407,0.0,0.0,120.0,0.0,0.0,21.43731951179069,0,234,7,0,WAIT
wait_only,25,132,08:00,120,112.15163224746584,7.385267711265396,104.76636453620044,2,29.79187597352423,0.0,90.20812402647577,0.0,0.0,120.0,0.0,0.0,21.100764889329703,0,162,8,0,WAIT
wait_only,26,132,08:00,120,119.35439719870011,7.533142328958617,111.8212548697415,5,29.08275339167182,0.0,84.16088155671724,6.756365051610928,0.0,119.99999999999999,1.4210854715202004e-14,0.0,21.523263797024622,1,170,10,0,WAIT
wait_only,27,132,08:00,120,117.87143474822207,6.477156873206589,111.39427787501549,2,36.136806096171604,0.0,75.51518673451275,8.34800716931565,0.0,120.0,0.0,0.0,18.50616249487597,1,230,9,0,WAIT
wait_only,28,132,08:00,120,137.78756966607554,10.43369460054593,127.3538750655296,4,18.590830387115382,0.0,101.4091696128846,0.0,0.0,119.99999999999997,2.842170943040401e-14,0.0,29.810556001559803,0,163,8,0,WAIT
wait_only,29,132,08:00,120,64.42036340910059,6.602891311677538,57.81747209742305,1,14.467854743379446,0.0,87.47372302060097,18.05842223601958,0.0,120.0,0.0,0.0,18.86540374765011,1,230,4,0,WAIT
wait_only,30,132,08:00,120,116.18517863299788,7.072418560412151,109.11276007258573,3,30.117127684089933,0.0,89.88287231591008,0.0,0.0,120.00000000000001,-1.4210854715202004e-14,0.0,20.206910172606147,0,237,9,0,WAIT
wait_only,31,132,08:00,120,103.86488370127778,6.998091437715846,96.86679226356193,3,4.030348150176106,0.0,108.0847957792441,7.884856070579801,0.0,120.00000000000001,-1.4210854715202004e-14,0.0,19.99454696490242,1,238,4,0,WAIT
wait_only,32,132,08:00,120,97.46403828419372,7.104836874953706,90.35920140924001,2,12.93335328160818,0.0,97.95494528571632,9.111701432675503,0.0,120.0,0.0,0.0,20.29953392843916,1,246,4,0,WAIT
wait_only,33,132,08:00,120,84.36105572485232,6.471344792992116,77.88971093186021,2,10.392402202597177,0.0,80.84415198026193,28.76344581714089,0.0,120.0,0.0,0.0,18.489556551406046,1,137,4,0,WAIT
wait_only,34,132,08:00,120,119.80888263908318,6.988121434254918,112.82076120482826,3,23.753470996249835,0.0,96.24652900375017,0.0,0.0,120.0,0.0,0.0,19.966061240728333,0,48,7,0,WAIT
wait_only,35,132,08:00,120,103.89226038033358,7.3240400958457545,96.56822028448782,2,38.515946830002875,0.0,81.48405316999713,0.0,0.0,120.0,0.0,0.0,20.925828845273585,0,246,10,0,WAIT
wait_only,36,132,08:00,120,78.69441080118202,6.965958302264081,71.72845249891793,4,40.037516493656916,0.0,71.43743246367885,8.525051042664245,0.0,120.0,0.0,0.0,19.902738006468805,1,161,11,0,WAIT
wait_only,37,132,08:00,120,130.77685608301258,7.711766095827583,123.06508998718499,3,21.499089242140784,0.0,98.50091075785922,0.0,0.0,120.0,0.0,0.0,22.033617416650237,0,162,6,0,WAIT
wait_only,38,132,08:00,120,119.81237122295906,6.583244410363928,113.22912681259513,3,65.02945146277864,0.0,54.97054853722135,0.0,0.0,119.99999999999999,1.4210854715202004e-14,0.0,18.80926974389694,0,161,15,0,WAIT
wait_only,39,132,08:00,120,86.36401828608913,7.084088468942118,79.27992981714702,2,42.413294759123694,0.0,77.43450297610588,0.1522022647704233,0.0,119.99999999999999,1.4210854715202004e-14,0.0,20.24025276840605,1,239,11,0,WAIT
wait_only,40,132,08:00,120,83.11137520253025,4.470247555738455,78.6411276467918,5,50.995053745602206,0.0,65.82233874033693,3.1826075140608623,0.0,120.0,0.0,0.0,12.772135873538444,1,95,14,0,WAIT
wait_only,41,132,08:00,120,118.97506067214587,7.270939352963997,111.70412131918188,3,5.307695131163556,0.0,96.30456650247034,18.387738366366108,0.0,120.0,0.0,0.0,20.774112437039992,1,143,4,0,WAIT
wait_only,42,132,08:00,120,82.80643002673611,7.560325225192904,75.24610480154321,2,25.61209056291245,0.0,94.38790943708756,0.0,0.0,120.0,0.0,0.0,21.60092921483687,0,161,6,0,WAIT
wait_only,43,132,08:00,120,106.17282682412312,7.859392312841806,98.31343451128132,4,36.73227980032452,0.0,83.26772019967547,0.0,0.0,119.99999999999999,1.4210854715202004e-14,0.0,22.45540660811945,0,246,11,0,WAIT
wait_only,44,132,08:00,120,63.76266378256946,3.3347959368649516,60.42786784570451,4,72.11526407353418,0.0,34.40543331720747,13.479302609258355,0.0,120.0,0.0,0.0,9.527988391042719,1,131,17,0,WAIT
wait_only,45,132,08:00,120,136.6277159482269,8.488062374807186,128.1396535734197,3,8.030946182258134,0.0,111.96905381774187,0.0,0.0,120.0,0.0,0.0,24.251606785163386,0,186,4,0,WAIT
wait_only,46,132,08:00,120,147.05475984096174,8.214798380336154,138.83996146062557,5,27.804241770275016,0.0,92.19575822972497,0.0,0.0,119.99999999999999,1.4210854715202004e-14,0.0,23.470852515246154,0,236,9,0,WAIT
wait_only,47,132,08:00,120,92.28836455900671,5.953645000079663,86.33471955892705,2,51.87545446716437,0.0,68.12454553283564,0.0,0.0,120.0,0.0,0.0,17.010414285941895,0,161,12,0,WAIT
wait_only,48,132,08:00,120,111.5121554308867,9.698305395646644,101.81385003524005,4,41.71560322865807,0.0,78.28439677134193,0.0,0.0,120.0,0.0,0.0,27.70944398756184,0,246,11,0,WAIT
wait_only,49,132,08:00,120,94.36547845378803,8.101922190859284,86.26355626292874,3,19.18846027953378,0.0,100.81153972046621,0.0,0.0,120.0,0.0,0.0,23.14834911674081,0,239,6,0,WAIT
wait_only,50,132,08:00,120,81.98006549460355,3.51931379519386,78.46075169940968,5,64.4087143041312,0.0,52.1833729171055,3.4079127787633325,0.0,120.00000000000003,-2.842170943040401e-14,0.0,10.055182271982456,1,216,16,0,WAIT
wait_only,51,132,08:00,120,88.12695622276638,5.498855153058762,82.62810106970763,1,37.87653198163255,0.0,69.4188533135015,12.704614704865946,0.0,120.0,0.0,0.0,15.711014723025034,1,68,9,0,WAIT
wait_only,52,132,08:00,120,101.97562202242428,8.170132397138344,93.80548962528593,4,49.29964244882656,0.0,70.70035755117343,0.0,0.0,119.99999999999999,1.4210854715202004e-14,0.0,23.343235420395274,0,170,13,0,WAIT
wait_only,53,132,08:00,120,124.17695195920373,7.37251707995671,116.80443487924703,2,36.99034794947602,0.0,83.00965205052398,0.0,0.0,120.0,0.0,0.0,21.06433451416203,0,100,9,0,WAIT
wait_only,54,132,08:00,120,74.84378714638196,7.201706842932573,67.64208030344938,1,40.38716196867592,0.0,79.12393668174846,0.48890134957562736,0.0,120.0,0.0,0.0,20.57630526552164,1,163,9,0,WAIT
wait_only,55,132,08:00,120,80.95363980727623,6.88826010909758,74.06537969817865,2,51.60087465899318,0.0,68.39912534100682,0.0,0.0,120.0,0.0,0.0,19.680743168850228,0,234,12,0,WAIT
wait_only,56,132,08:00,120,118.05902657646782,7.662183092099986,110.39684348436784,4,23.729442962684033,0.0,96.27055703731598,0.0,0.0,120.00000000000001,-1.4210854715202004e-14,0.0,21.891951691714247,0,170,7,0,WAIT
wait_only,57,132,08:00,120,108.19665957003765,7.302811357271867,100.89384821276579,2,32.918388721213816,0.0,87.08161127878618,0.0,0.0,120.0,0.0,0.0,20.86517530649105,0,161,8,0,WAIT
wait_only,58,132,08:00,120,96.51519124385965,7.612271785067162,88.90291945879248,3,45.40672769564142,0.0,74.59327230435858,0.0,0.0,120.0,0.0,0.0,21.749347957334752,0,161,11,0,WAIT
wait_only,59,132,08:00,120,122.77149399070953,8.647054794459521,114.12443919625001,2,28.72929788224698,0.0,72.54277460393804,18.727927513814976,0.0,120.0,0.0,0.0,24.705870841312922,1,68,7,0,WAIT
wait_only,60,132,08:00,120,136.6666651435583,7.8639841625571885,128.80268098100112,4,35.72964458709328,0.0,84.27035541290672,0.0,0.0,120.0,0.0,0.0,22.468526178734823,0,162,10,0,WAIT
wait_only,61,132,08:00,120,73.45065968949424,6.372996010211656,67.0776636792826,1,25.590890680405575,0.0,91.31811505347821,3.090994266116212,0.0,120.0,0.0,0.0,18.208560029176162,1,164,6,0,WAIT
wait_only,62,132,08:00,120,145.99836102633913,7.549951795754271,138.44840923058484,3,32.552627502037716,0.0,87.44737249796229,0.0,0.0,120.0,0.0,0.0,21.571290845012204,0,137,9,0,WAIT
wait_only,63,132,08:00,120,119.15161810941929,6.495094487501534,112.65652362191776,4,39.84909770545111,0.0,80.15090229454889,0.0,0.0,120.0,0.0,0.0,18.557412821432955,0,50,11,0,WAIT
wait_only,64,132,08:00,120,87.16969844962344,6.256936241197614,80.91276220842582,1,31.799302383811668,0.0,81.84297540474816,6.357722211440176,0.0,120.0,0.0,0.0,17.87696068913604,1,162,8,0,WAIT
wait_only,65,132,08:00,120,86.64726175415686,5.660092122251569,80.98716963190529,3,31.529094386072686,0.0,88.4709056139273,0.0,0.0,119.99999999999999,1.4210854715202004e-14,0.0,16.17169177786163,0,162,8,0,WAIT
wait_only,66,132,08:00,120,113.06686413749262,7.498878778492538,105.56798535900008,4,22.699852732884068,0.0,97.30014726711593,0.0,0.0,120.0,0.0,0.0,21.425367938550107,0,141,8,0,WAIT
wait_only,67,132,08:00,120,109.9748328074806,8.49839176532967,101.47644104215092,3,11.489774647722156,0.0,108.51022535227784,0.0,0.0,120.0,0.0,0.0,24.281119329513345,0,137,4,0,WAIT
wait_only,68,132,08:00,120,98.85253762513268,5.514319031572906,93.33821859355977,2,29.20833347570284,0.0,90.79166652429716,0.0,0.0,120.0,0.0,0.0,15.755197233065445,0,162,8,0,WAIT
wait_only,69,132,08:00,120,96.26716221541507,7.183898535609973,89.0832636798051,3,34.29680918100211,0.0,85.7031908189979,0.0,0.0,120.0,0.0,0.0,20.525424387457072,0,233,9,0,WAIT
wait_only,70,132,08:00,120,136.98486263403868,8.93158731478555,128.05327531925312,5,42.18203954388238,0.0,77.81796045611763,0.0,0.0,120.00000000000001,-1.4210854715202004e-14,0.0,25.518820899387283,0,229,12,0,WAIT
wait_only,71,132,08:00,120,100.61261941862408,7.094869043073432,93.51775037555065,3,27.70663155269356,0.0,88.00563002222106,4.287738425085379,0.0,119.99999999999999,1.4210854715202004e-14,0.0,20.27105440878124,1,234,7,0,WAIT
wait_only,72,132,08:00,120,142.79871174611253,6.654971712029692,136.14374003408284,5,78.7656698606109,0.0,41.23433013938907,0.0,0.0,119.99999999999997,2.842170943040401e-14,0.0,19.014204891513405,0,68,19,0,WAIT
wait_only,73,132,08:00,120,95.00534427012164,9.396030933650346,85.60931333647129,3,9.618388548273241,0.0,110.38161145172677,0.0,0.0,120.00000000000001,-1.4210854715202004e-14,0.0,26.845802667572418,0,162,4,0,WAIT
wait_only,74,132,08:00,120,118.850081705848,8.678706079104355,110.17137562674364,3,25.92900365984202,0.0,94.07099634015798,0.0,0.0,120.0,0.0,0.0,24.796303083155305,0,50,7,0,WAIT
wait_only,75,132,08:00,120,120.67761914207748,7.080021209161416,113.59759793291606,3,29.886765427415767,0.0,88.33967393696821,1.7735606356160218,0.0,120.0,0.0,0.0,20.228632026175475,1,236,9,0,WAIT
wait_only,76,132,08:00,120,79.51451273650467,7.227797581344121,72.28671515516055,2,28.240335606146417,0.0,83.38920299977272,8.370461394080863,0.0,120.0,0.0,0.0,20.650850232411777,1,239,8,0,WAIT
wait_only,77,132,08:00,120,102.92945772734902,6.79052752664316,96.13893020070586,2,22.78356094545303,0.0,84.14500340852476,13.07143564602221,0.0,120.0,0.0,0.0,19.40150721898046,1,246,6,0,WAIT
wait_only,78,132,08:00,120,130.0758682114946,7.529803360061886,122.5460648514327,4,20.666637091009143,0.0,93.56586033190804,5.767502577082837,0.0,120.00000000000003,-2.842170943040401e-14,0.0,21.513723885891103,1,43,7,0,WAIT
wait_only,79,132,08:00,120,94.60633827028033,6.425279135260466,88.18105913501986,2,50.98671187203479,0.0,69.0132881279652,0.0,0.0,119.99999999999999,1.4210854715202004e-14,0.0,18.357940386458473,0,100,13,0,WAIT
wait_only,80,132,08:00,120,131.75641108496168,7.863201591260864,123.89320949370082,4,22.983474033318593,0.0,97.01652596668141,0.0,0.0,120.0,0.0,0.0,22.466290260745325,0,161,8,0,WAIT
wait_only,81,132,08:00,120,152.7849320109428,10.120547717036436,142.66438429390638,3,6.327599804557735,0.0,113.67240019544225,0.0,0.0,119.99999999999999,1.4210854715202004e-14,0.0,28.915850620104102,0,138,4,0,WAIT
wait_only,82,132,08:00,120,141.0784767900816,7.830105189455981,133.2483716006256,3,34.273378918695215,0.0,85.72662108130478,0.0,0.0,120.0,0.0,0.0,22.371729112731376,0,162,9,0,WAIT
wait_only,83,132,08:00,120,135.72301251526773,5.916069107443136,129.80694340782458,4,34.305267293935415,0.0,85.6947327060646,0.0,0.0,120.00000000000001,-1.4210854715202004e-14,0.0,16.903054592694673,0,161,10,0,WAIT
wait_only,84,132,08:00,120,87.22583201068893,6.86433552394108,80.36149648674785,1,1.3580867574468931,0.0,113.30892865223902,5.332984590314084,0.0,120.0,0.0,0.0,19.61238721126023,1,230,2,0,WAIT
wait_only,85,132,08:00,120,105.16447860940339,6.236965599573632,98.92751300982975,3,22.384047147656695,0.0,95.18667848948537,2.4292743628579387,0.0,120.0,0.0,0.0,17.819901713067523,1,113,7,0,WAIT
wait_only,86,132,08:00,120,107.93871930240854,7.164386185715136,100.77433311669341,3,61.16651723989069,0.0,58.83348276010931,0.0,0.0,120.0,0.0,0.0,20.469674816328965,0,143,15,0,WAIT
wait_only,87,132,08:00,120,97.42609373758886,4.810891130420601,92.61520260716826,4,38.136688203886386,0.0,55.38320777101845,26.480104025095187,0.0,120.00000000000003,-2.842170943040401e-14,0.0,13.745403229773148,1,226,11,0,WAIT
wait_only,88,132,08:00,120,85.91709879603768,6.766569583989041,79.15052921204864,2,10.167510988568207,0.0,105.63843996214057,4.194049049291223,0.0,120.0,0.0,0.0,19.3330559542544,1,48,4,0,WAIT
wait_only,89,132,08:00,120,125.1322706812477,8.447930989798339,116.68433969144937,3,17.978730712319333,0.0,102.02126928768067,0.0,0.0,120.0,0.0,0.0,24.136945685138112,0,170,7,0,WAIT
wait_only,90,132,08:00,120,92.85957599391509,6.283208638503592,86.57636735541149,4,41.39803372505587,0.0,78.60196627494413,0.0,0.0,120.0,0.0,0.0,17.952024681438836,0,246,12,0,WAIT
wait_only,91,132,08:00,120,101.49246758068787,6.511865284073995,94.98060229661388,2,48.18795238838787,0.0,71.81204761161214,0.0,0.0,120.00000000000001,-1.4210854715202004e-14,0.0,18.605329383068558,0,161,12,0,WAIT
wait_only,92,132,08:00,120,94.40445635389116,8.084342921681936,86.32011343220923,2,20.993193596529323,0.0,99.00680640347068,0.0,0.0,120.0,0.0,0.0,23.09812263337696,0,230,6,0,WAIT
wait_only,93,132,08:00,120,82.1473160412425,5.483725225915364,76.66359081532714,1,44.93796516109415,0.0,75.06203483890584,0.0,0.0,120.0,0.0,0.0,15.667786359758184,0,170,10,0,WAIT
wait_only,94,132,08:00,120,112.00845305997728,7.154393130636187,104.8540599293411,2,21.494715344355097,0.0,96.78301701964698,1.7222676359979232,0.0,120.0,0.0,0.0,20.44112323038911,1,238,6,0,WAIT
wait_only,95,132,08:00,120,188.52419246145132,7.864496882816561,180.65969557863477,5,50.694526594696804,0.0,67.1536216118505,2.151851793452721,0.0,120.00000000000003,-2.842170943040401e-14,0.0,22.469991093761603,1,237,14,0,WAIT
wait_only,96,132,08:00,120,164.12580452295342,11.362830082519956,152.76297444043345,4,49.80500040886312,0.0,70.19499959113688,0.0,0.0,120.0,0.0,0.0,32.46522880719987,0,137,13,0,WAIT
wait_only,97,132,08:00,120,115.8953495639794,7.61743272241207,108.27791684156732,5,24.42294596790451,0.0,91.68710392416206,3.889950107933444,0.0,120.00000000000001,-1.4210854715202004e-14,0.0,21.764093492605912,1,236,10,0,WAIT
wait_only,98,132,08:00,120,140.4046591952546,7.08040401230039,133.3242551829542,4,23.59110187010431,0.0,96.4088981298957,0.0,0.0,120.00000000000001,-1.4210854715202004e-14,0.0,20.229725749429683,0,170,9,0,WAIT
wait_only,99,132,08:00,120,103.26873307271154,5.175930478389573,98.09280259432197,5,49.42881878231222,0.0,70.22971337605172,0.34146784163607435,0.0,120.00000000000001,-1.4210854715202004e-14,0.0,14.788372795398782,1,216,15,0,WAIT
wait_only,100,132,08:00,120,104.14495619657467,6.497117804862672,97.647838391712,2,15.014167640225848,0.0,90.76983970166172,14.215992658112441,0.0,120.00000000000001,-1.4210854715202004e-14,0.0,18.563193728179062,1,68,5,0,WAIT
wait_only,101,132,08:00,120,158.6080089000275,9.843781240001707,148.7642276600258,8,28.20407547989816,0.0,85.84950712821362,5.94641739188819,0.0,119.99999999999997,2.842170943040401e-14,0.0,28.125089257147735,1,113,12,0,WAIT
wait_only,102,132,08:00,120,132.74423910410547,8.391759207912743,124.35247989619273,6,47.77520800476501,0.0,72.224791995235,0.0,0.0,120.0,0.0,0.0,23.976454879750694,0,234,13,0,WAIT
wait_only,103,132,08:00,120,90.11733371915892,6.439223223436582,83.67811049572234,2,28.766946384074373,0.0,91.23305361592563,0.0,0.0,120.0,0.0,0.0,18.397780638390238,0,161,8,0,WAIT
wait_only,104,132,08:00,120,137.35192067653207,8.05515573007952,129.29676494645256,5,18.40959817287336,0.0,101.59040182712664,0.0,0.0,120.0,0.0,0.0,23.014730657370055,0,162,7,0,WAIT
wait_only,105,132,08:00,120,123.9806853920064,9.627317968434909,114.35336742357148,4,39.52361330802944,0.0,80.47638669197056,0.0,0.0,120.0,0.0,0.0,27.506622766956887,0,234,11,0,WAIT
wait_only,106,132,08:00,120,86.21851781138962,5.41997834751308,80.79853946387654,1,0.56719629986601,0.0,103.09144317488264,16.341360525251346,0.0,120.0,0.0,0.0,15.485652421465943,1,48,2,0,WAIT
wait_only,107,132,08:00,120,55.75631844854819,4.000487714829462,51.75583073371873,4,42.671066071312644,0.0,53.83620557500924,23.49272835367813,0.0,120.00000000000001,-1.4210854715202004e-14,0.0,11.429964899512749,1,218,11,0,WAIT
wait_only,108,132,08:00,120,91.50778886969943,7.05533237394884,84.45245649575058,2,43.343024406548,0.0,60.137503632597806,16.51947196085419,0.0,120.0,0.0,0.0,20.158092496996687,1,140,11,0,WAIT
wait_only,109,132,08:00,120,103.9094264678846,7.769598487388224,96.13982798049638,6,31.27147940483859,0.0,87.9998013580323,0.7287192371290985,0.0,119.99999999999999,1.4210854715202004e-14,0.0,22.198852821109213,1,107,11,0,WAIT
wait_only,110,132,08:00,120,114.99880079849822,7.416976569669704,107.58182422882852,3,10.83065112391362,0.0,109.16934887608639,0.0,0.0,120.00000000000001,-1.4210854715202004e-14,0.0,21.191361627627728,0,236,5,0,WAIT
wait_only,111,132,08:00,120,90.30935960472256,6.438988428715249,83.87037117600731,2,5.237036120802733,0.0,114.76296387919726,0.0,0.0,119.99999999999999,1.4210854715202004e-14,0.0,18.397109796329282,0,75,3,0,WAIT
wait_only,112,132,08:00,120,93.3127981861546,5.744807407065608,87.56799077908899,2,45.424353332470034,0.0,39.79751302383937,34.778133643690595,0.0,120.0,0.0,0.0,16.413735448758878,1,161,11,0,WAIT
wait_only,113,132,08:00,120,130.8941464590205,9.101435681712962,121.79271077730755,3,26.94453242172839,0.0,92.1890665219962,0.8664010562754072,0.0,120.0,0.0,0.0,26.004101947751323,1,230,8,0,WAIT
wait_only,114,132,08:00,120,55.886147217332315,5.668831071539795,50.21731614579252,3,14.056546964008668,0.0,105.94345303599134,0.0,0.0,120.0,0.0,0.0,16.196660204399414,0,71,5,0,WAIT
wait_only,115,132,08:00,120,113.5836108981389,6.961134660200137,106.62247623793877,2,35.88420651699574,0.0,80.66117681877266,3.454616664231594,0.0,120.0,0.0,0.0,19.88895617200039,1,142,9,0,WAIT
wait_only,116,132,08:00,120,106.46282253056299,8.177242896137086,98.2855796344259,3,42.914756270539236,0.0,77.08524372946076,0.0,0.0,120.0,0.0,0.0,23.36355113182025,0,162,11,0,WAIT
wait_only,117,132,08:00,120,179.28367499970523,8.469464005151757,170.81421099455346,5,12.287840779746908,0.0,100.73811453439066,6.974044685862438,0.0,120.00000000000001,-1.4210854715202004e-14,0.0,24.198468586147875,1,186,7,0,WAIT
wait_only,118,132,08:00,120,118.0629464103427,7.0553847528136115,111.0075616575291,4,62.47577013155567,0.0,57.52422986844434,0.0,0.0,120.0,0.0,0.0,20.158242150896033,0,144,15,0,WAIT
wait_only,119,132,08:00,120,112.9967399435599,7.894401278459538,105.10233866510036,2,24.333019398283632,0.0,95.66698060171636,0.0,0.0,120.0,0.0,0.0,22.55543222417011,0,229,7,0,WAIT
wait_only,120,132,08:00,120,86.91060152557955,6.907159843685654,80.0034416818939,3,9.441038334738074,0.0,97.79793966828149,12.761021996980418,0.0,119.99999999999997,2.842170943040401e-14,0.0,19.73474241053044,1,68,5,0,WAIT
wait_only,121,132,08:00,120,69.38007281026631,6.660311399340806,62.71976141092551,2,13.954757572824906,0.0,106.04524242717508,0.0,0.0,119.99999999999999,1.4210854715202004e-14,0.0,19.029461140973734,0,100,5,0,WAIT
wait_only,122,132,08:00,120,126.29980416506108,7.673234842990353,118.62656932207072,5,58.948145721962625,0.0,61.05185427803739,0.0,0.0,120.00000000000001,-1.4210854715202004e-14,0.0,21.92352812282958,0,246,14,0,WAIT
wait_only,123,132,08:00,120,85.14862776210771,7.328651769067584,77.81997599304012,3,42.58391751699753,0.0,77.41608248300247,0.0,0.0,120.0,0.0,0.0,20.939005054478812,0,246,11,0,WAIT
wait_only,124,132,08:00,120,109.4139316869869,7.35767268427909,102.0562590027078,3,34.53226680270511,0.0,74.53235910914795,10.93537408814693,0.0,119.99999999999999,1.4210854715202004e-14,0.0,21.02192195508312,1,186,9,0,WAIT
wait_only,125,132,08:00,120,92.41566083224409,6.28336848825113,86.13229234399296,2,33.6138931177798,0.0,75.01293207042573,11.37317481179447,0.0,120.00000000000001,-1.4210854715202004e-14,0.0,17.95248139500323,1,170,9,0,WAIT
wait_only,126,132,08:00,120,78.86495763181672,6.213702429064899,72.65125520275183,1,26.90748997522815,0.0,82.17870280030569,10.913807224466169,0.0,120.0,0.0,0.0,17.753435511613997,1,141,7,0,WAIT
wait_only,127,132,08:00,120,78.01504417855044,5.374911383310008,72.64013279524043,2,67.88280017711193,0.0,52.11719982288808,0.0,0.0,120.00000000000001,-1.4210854715202004e-14,0.0,15.35688966660002,0,170,16,0,WAIT
wait_only,128,132,08:00,120,100.37456753502937,7.58872508749007,92.7858424475393,3,49.88852132280056,0.0,61.95077839953733,8.160700277662102,0.0,119.99999999999999,1.4210854715202004e-14,0.0,21.682071678543057,1,234,12,0,WAIT
wait_only,129,132,08:00,120,116.89809254185664,8.161566687584248,108.7365258542724,4,12.923787395341042,0.0,107.07621260465896,0.0,0.0,120.0,0.0,0.0,23.318761964526427,0,234,5,0,WAIT
wait_only,130,132,08:00,120,95.76572462995506,6.461589180299505,89.30413544965555,2,59.71545589216386,0.0,60.28454410783614,0.0,0.0,120.0,0.0,0.0,18.461683372284302,0,246,14,0,WAIT
wait_only,131,132,08:00,120,98.13308243426812,7.687179769400356,90.44590266486776,2,14.559636037602145,0.0,86.4428104850819,18.997553477315947,0.0,120.0,0.0,0.0,21.963370769715304,1,263,5,0,WAIT
wait_only,132,132,08:00,120,101.17284047662031,6.9340257332115485,94.23881474340877,2,42.221196824589526,0.0,77.77880317541047,0.0,0.0,120.0,0.0,0.0,19.811502094890137,0,164,10,0,WAIT
wait_only,133,132,08:00,120,82.70895440463647,6.724305869088185,75.98464853554829,2,46.63772502307218,0.0,73.36227497692782,0.0,0.0,120.0,0.0,0.0,19.212302483109102,0,246,11,0,WAIT
wait_only,134,132,08:00,120,137.07648598723992,9.263680834940395,127.81280515229952,5,33.674110907782456,0.0,83.9010643034492,2.4248247887683476,0.0,120.0,0.0,0.0,26.467659528401125,1,238,10,0,WAIT
wait_only,135,132,08:00,120,91.07863383343133,6.516391961739137,84.5622418716922,2,38.987371317084836,0.0,81.01262868291516,0.0,0.0,120.0,0.0,0.0,18.618262747826105,0,246,9,0,WAIT
wait_only,136,132,08:00,120,80.79251846278511,5.8601419487087725,74.93237651407634,2,10.647434679565622,0.0,65.68114331167405,43.67142200876032,0.0,119.99999999999999,1.4210854715202004e-14,0.0,16.743262710596493,1,230,4,0,WAIT
wait_only,137,132,08:00,120,65.03092445538253,6.478684704550186,58.55223975083235,2,46.44839754998532,0.0,64.8529892915133,8.698613158501374,0.0,119.99999999999999,1.4210854715202004e-14,0.0,18.510527727286245,1,161,11,0,WAIT
wait_only,138,132,08:00,120,111.56828962836452,6.723334891838932,104.8449547365256,3,36.82960627084651,0.0,82.70253350206352,0.46786022708997166,0.0,120.0,0.0,0.0,19.209528262396947,1,246,9,0,WAIT
wait_only,139,132,08:00,120,140.38527359715772,8.288639368766475,132.09663422839125,5,20.190150384253723,0.0,99.80984961574627,0.0,0.0,120.0,0.0,0.0,23.681826767904216,0,140,8,0,WAIT
wait_only,140,132,08:00,120,114.64342135481485,6.978393753690101,107.66502760112475,4,43.94123342880614,0.0,76.05876657119386,0.0,0.0,120.0,0.0,0.0,19.938267867686005,0,246,13,0,WAIT
wait_only,141,132,08:00,120,85.82574220327943,6.469454597697344,79.35628760558208,1,31.576124234932077,0.0,88.42387576506792,0.0,0.0,120.0,0.0,0.0,18.484155993420984,0,163,8,0,WAIT
wait_only,142,132,08:00,120,119.67348662026285,6.583529617074594,113.08995700318826,3,83.33192873852687,0.0,30.571517028289684,6.096554233183454,0.0,120.00000000000001,-1.4210854715202004e-14,0.0,18.810084620213125,1,140,19,0,WAIT
wait_only,143,132,08:00,120,132.85166552292674,9.12385687464443,123.7278086482823,5,25.616214195553553,0.0,94.38378580444646,0.0,0.0,120.00000000000001,-1.4210854715202004e-14,0.0,26.068162498984083,0,161,8,0,WAIT
wait_only,144,132,08:00,120,0.0,0.0,0.0,0,0.0182630394115739,0.0,0.0,119.98173696058842,0.0,120.0,0.0,0.0,0.0,1,132,1,0,WAIT
wait_only,145,132,08:00,120,142.34095020508326,9.833068874719409,132.50788133036386,5,27.287817288538307,0.0,83.29200637459783,9.420176336863847,0.0,119.99999999999999,1.4210854715202004e-14,0.0,28.094482499198307,1,262,9,0,WAIT
wait_only,146,132,08:00,120,103.34909339570966,7.202452531603864,96.14664086410579,3,54.45368176128807,0.0,65.54631823871193,0.0,0.0,120.0,0.0,0.0,20.57843580458247,0,162,13,0,WAIT
wait_only,147,132,08:00,120,93.86678884380896,5.910384641411773,87.9564042023972,2,15.688667073994333,0.0,104.31133292600566,0.0,0.0,120.0,0.0,0.0,16.886813261176496,0,161,4,0,WAIT
wait_only,148,132,08:00,120,152.80891835703625,8.356547111509757,144.45237124552648,5,38.289840817704224,0.0,81.71015918229575,0.0,0.0,119.99999999999997,2.842170943040401e-14,0.0,23.875848890027886,0,170,11,0,WAIT
wait_only,149,132,08:00,120,134.4914338282248,8.407668282479621,126.0837655457452,4,33.8445515271747,0.0,86.15544847282528,0.0,0.0,119.99999999999999,1.4210854715202004e-14,0.0,24.021909378513204,0,162,10,0,WAIT
wait_only,150,132,08:00,120,114.76460442230115,6.370391195935524,108.39421322636562,4,19.932655326106417,0.0,89.43147043308139,10.635874240812171,0.0,119.99999999999997,2.842170943040401e-14,0.0,18.201117702672924,1,186,7,0,WAIT
wait_only,151,132,08:00,120,83.81341411035359,6.792925749423765,77.02048836092983,2,57.625620641533814,0.0,56.85687473881487,5.5175046196513335,0.0,120.00000000000001,-1.4210854715202004e-14,0.0,19.408359284067902,1,163,13,0,WAIT
wait_only,152,132,08:00,120,149.000004740372,7.006961378811804,141.99304336156018,2,35.18629311395397,0.0,75.59075585569826,9.222951030347758,0.0,120.0,0.0,0.0,20.01988965374801,1,163,9,0,WAIT
wait_only,153,132,08:00,120,146.80771536720263,11.811656762969568,134.99605860423307,2,14.007250746711504,0.0,91.33358585806077,14.659163395227722,0.0,120.0,0.0,0.0,33.74759075134162,1,138,5,0,WAIT
wait_only,154,132,08:00,120,112.61831891610545,7.6211072200373415,104.9972116960681,3,35.07633032923882,0.0,82.26350274672491,2.660166924036261,0.0,119.99999999999999,1.4210854715202004e-14,0.0,21.77459205724955,1,170,9,0,WAIT
wait_only,155,132,08:00,120,100.21064504298343,7.060273058049094,93.15037198493434,4,8.37901666864504,0.0,111.62098333135495,0.0,0.0,119.99999999999999,1.4210854715202004e-14,0.0,20.17220873728313,0,236,5,0,WAIT
wait_only,156,132,08:00,120,117.80801435769395,6.744528550307456,111.0634858073865,3,25.96859987052461,0.0,94.0314001294754,0.0,0.0,120.00000000000001,-1.4210854715202004e-14,0.0,19.27008157230702,0,170,7,0,WAIT
wait_only,157,132,08:00,120,96.58793835896246,7.022500459169513,89.56543789979295,2,46.27708566779984,0.0,73.72291433220016,0.0,0.0,120.0,0.0,0.0,20.06428702619861,0,246,11,0,WAIT
wait_only,158,132,08:00,120,124.73147815910932,7.508428370923173,117.22304978818615,5,19.407234476028073,0.0,99.01219849413926,1.5805670298326788,0.0,120.0,0.0,0.0,21.452652488351923,1,141,6,0,WAIT
wait_only,159,132,08:00,120,120.60086821095406,6.336198916283715,114.26466929467034,3,49.94361946658745,0.0,60.223877414357,9.832503119055545,0.0,119.99999999999999,1.4210854715202004e-14,0.0,18.10342547509633,1,162,12,0,WAIT
wait_only,160,132,08:00,120,37.54228075324983,2.712898663558442,34.829382089691386,2,100.07730954911645,0.0,19.922690450883543,0.0,0.0,120.0,0.0,0.0,7.7511390387384065,0,130,22,0,WAIT
wait_only,161,132,08:00,120,86.76210639238866,5.927470616449808,80.83463577593885,2,21.687039318599947,0.0,89.39163480020193,8.921325881198115,0.0,119.99999999999999,1.4210854715202004e-14,0.0,16.93563033271374,1,230,6,0,WAIT
wait_only,162,132,08:00,120,107.52156666983417,7.344807752426757,100.17675891740741,3,29.76410094424076,0.0,90.23589905575923,0.0,0.0,120.0,0.0,0.0,20.98516500693359,0,238,9,0,WAIT
wait_only,163,132,08:00,120,88.38888488223323,6.011604546100058,82.37728033613317,1,64.44265050938098,0.0,55.557349490619025,0.0,0.0,120.0,0.0,0.0,17.17601298885731,0,230,14,0,WAIT
wait_only,164,132,08:00,120,96.43909892095378,5.729208114122591,90.7098908068312,2,33.32445883543009,0.0,86.67554116456992,0.0,0.0,120.00000000000001,-1.4210854715202004e-14,0.0,16.36916604035026,0,163,8,0,WAIT
wait_only,165,132,08:00,120,104.98116866254685,5.894495770628936,99.08667289191791,2,20.26694183489966,0.0,99.73305816510035,0.0,0.0,120.0,0.0,0.0,16.841416487511246,0,141,6,0,WAIT
wait_only,166,132,08:00,120,126.98495653800383,8.680358523544209,118.30459801445961,5,20.704626334089088,0.0,99.29537366591092,0.0,0.0,120.0,0.0,0.0,24.801024352983454,0,163,9,0,WAIT
wait_only,167,132,08:00,120,139.50973395754667,8.191814768525997,131.31791918902067,4,39.841080200174446,0.0,80.15891979982555,0.0,0.0,120.0,0.0,0.0,23.405185052931426,0,229,11,0,WAIT
wait_only,168,132,08:00,120,112.4805369106393,8.23237813643861,104.24815877420069,3,21.927940083454054,0.0,98.07205991654592,0.0,0.0,119.99999999999997,2.842170943040401e-14,0.0,23.5210803898246,0,140,7,0,WAIT
wait_only,169,132,08:00,120,205.18748560811554,10.705457385491524,194.48202822262402,5,19.61264222660223,0.0,100.38735777339777,0.0,0.0,120.0,0.0,0.0,30.58702110140436,0,161,8,0,WAIT
wait_only,170,132,08:00,120,125.93962330917336,7.695755357040621,118.24386795213273,4,6.89223437570058,0.0,113.10776562429942,0.0,0.0,120.0,0.0,0.0,21.98787244868749,0,164,5,0,WAIT
wait_only,171,132,08:00,120,94.85854142539077,7.419466602880471,87.43907482251029,3,51.71466628024702,0.0,68.28533371975297,0.0,0.0,120.0,0.0,0.0,21.198476008229918,0,229,13,0,WAIT
wait_only,172,132,08:00,120,116.82510631895715,10.343639487158894,106.48146683179826,5,28.576282597650057,0.0,85.3921478165997,6.031569585750248,0.0,120.0,0.0,0.0,29.55325567759684,1,230,9,0,WAIT
wait_only,173,132,08:00,120,116.89512009075155,9.572404193562969,107.32271589718857,4,41.43874522824754,0.0,78.56125477175246,0.0,0.0,120.0,0.0,0.0,27.34972626732277,0,170,11,0,WAIT
wait_only,174,132,08:00,120,86.03611005901675,6.310733920509441,79.72537613850731,1,20.916482696110695,0.0,63.054206564644076,36.02931073924523,0.0,120.0,0.0,0.0,18.03066834431269,1,230,6,0,WAIT
wait_only,175,132,08:00,120,104.76810961376506,7.127260214754412,97.64084939901065,2,11.24453080784264,0.0,96.395893051297,12.35957614086037,0.0,120.0,0.0,0.0,20.363600613584037,1,162,4,0,WAIT
wait_only,176,132,08:00,120,110.69174610215852,6.128451831606616,104.5632942705519,3,49.59506150419588,0.0,70.4049384958041,0.0,0.0,119.99999999999999,1.4210854715202004e-14,0.0,17.5098623760189,0,230,12,0,WAIT
wait_only,177,132,08:00,120,104.89080818343906,7.19357034914629,97.69723783429278,5,28.1466352850076,0.0,88.45538239810605,3.397982316886342,0.0,120.0,0.0,0.0,20.55305814041797,1,186,10,0,WAIT
wait_only,178,132,08:00,120,133.8903596206834,6.079938017346559,127.81042160333683,5,41.38968245475379,0.0,78.6103175452462,0.0,0.0,120.0,0.0,0.0,17.371251478133033,0,113,12,0,WAIT
wait_only,179,132,08:00,120,97.03892482509991,6.30996328697851,90.7289615381214,3,40.50732662659634,0.0,74.80799343516837,4.684679938235291,0.0,120.0,0.0,0.0,18.028466534224314,1,170,10,0,WAIT
wait_only,180,132,08:00,120,94.4980749576003,8.278436117197986,86.21963884040231,3,26.307775411818604,0.0,76.79053088918573,16.901693698995672,0.0,120.0,0.0,0.0,23.652674620565676,1,170,7,0,WAIT
wait_only,181,132,08:00,120,134.70115542713634,7.083398562600977,127.61775686453537,4,26.373796416269606,0.0,93.62620358373039,0.0,0.0,120.0,0.0,0.0,20.238281607431368,0,161,9,0,WAIT
wait_only,182,132,08:00,120,101.9998570826705,6.257171926487178,95.74268515618333,2,5.00159316798742,0.0,114.99840683201258,0.0,0.0,120.0,0.0,0.0,17.87763407567765,0,68,3,0,WAIT
wait_only,183,132,08:00,120,110.40551093418843,6.178080412421591,104.22743052176683,2,24.482133352900565,0.0,81.73101395377537,13.786852693324064,0.0,120.0,0.0,0.0,17.651658321204547,1,68,7,0,WAIT
wait_only,184,132,08:00,120,106.71829649826272,7.245896021649738,99.47240047661298,3,31.3380070796225,0.0,88.66199292037751,0.0,0.0,120.00000000000001,-1.4210854715202004e-14,0.0,20.702560061856396,0,142,9,0,WAIT
wait_only,185,132,08:00,120,133.39798701788806,7.04360683920412,126.35438017868394,5,48.92526912489744,0.0,71.07473087510256,0.0,0.0,120.0,0.0,0.0,20.124590969154628,0,162,13,0,WAIT
wait_only,186,132,08:00,120,89.73993863889257,6.991895819785741,82.74804281910683,2,39.34254526720857,0.0,76.47232979986642,4.185124932925021,0.0,120.0,0.0,0.0,19.97684519938783,1,164,9,0,WAIT
wait_only,187,132,08:00,120,116.48307982606491,7.491079919476601,108.9919999065883,5,42.739165451602744,0.0,75.26921529047748,1.9916192579197656,0.0,119.99999999999999,1.4210854715202004e-14,0.0,21.403085484218867,1,137,13,0,WAIT
wait_only,188,132,08:00,120,173.2745043593382,12.051792894280005,161.2227114650582,2,19.957987026629166,0.0,97.19432160104071,2.8476913723301323,0.0,120.00000000000001,-1.4210854715202004e-14,0.0,34.43369398365716,1,132,6,0,WAIT
wait_only,189,132,08:00,120,82.53437533327761,6.067038850226896,76.46733648305072,1,27.730202646615414,0.0,86.09793382642346,6.171863526961133,0.0,120.0,0.0,0.0,17.33439671493399,1,164,7,0,WAIT
wait_only,190,132,08:00,120,93.2255397813129,6.7926732818134825,86.43286649949943,2,23.266290634435943,0.0,96.73370936556405,0.0,0.0,120.0,0.0,0.0,19.407637948038523,0,164,7,0,WAIT
wait_only,191,132,08:00,120,96.75255829014897,7.023876416876209,89.72868187327276,2,19.170553386796733,0.0,95.88186158875833,4.947585024444933,0.0,119.99999999999999,1.4210854715202004e-14,0.0,20.068218333932027,1,142,6,0,WAIT
wait_only,192,132,08:00,120,98.8214368784166,6.8258578833842005,91.9955789950324,2,21.45766807176076,0.0,95.64743966482902,2.8948922634102274,0.0,120.00000000000001,-1.4210854715202004e-14,0.0,19.502451095383428,1,239,7,0,WAIT
wait_only,193,132,08:00,120,52.431674920309455,2.2246565732123194,50.20701834709713,3,97.70491148242918,0.0,22.29508851757081,0.0,0.0,120.0,0.0,0.0,6.3561616377494845,0,134,23,0,WAIT
wait_only,194,132,08:00,120,100.29253477204853,6.768180237009862,93.52435453503867,2,5.417882949074687,0.0,111.35783078627209,3.224286264653216,0.0,119.99999999999999,1.4210854715202004e-14,0.0,19.337657820028177,1,140,3,0,WAIT
wait_only,195,132,08:00,120,127.98442908854268,8.30544910330571,119.67897998523698,5,14.929662979134877,0.0,99.40516536476923,5.665171656095865,0.0,119.99999999999997,2.842170943040401e-14,0.0,23.729854580873457,1,238,7,0,WAIT
wait_only,196,132,08:00,120,84.33998334854425,6.090304584173923,78.24967876437033,1,45.734577564284685,0.0,74.26542243571531,0.0,0.0,120.0,0.0,0.0,17.400870240496925,0,163,10,0,WAIT
wait_only,197,132,08:00,120,82.75427360610175,7.871079924844624,74.88319368125713,2,16.283549465413437,0.0,103.71645053458657,0.0,0.0,120.0,0.0,0.0,22.488799785270356,0,90,5,0,WAIT
wait_only,198,132,08:00,120,154.0737867207917,8.395286748390934,145.67849997240077,4,23.04395882823234,0.0,95.78371718930666,1.1723239824609948,0.0,120.0,0.0,0.0,23.98653356683124,1,48,8,0,WAIT
wait_only,199,132,08:00,120,134.68958805726353,7.397388285931828,127.29219977133171,3,45.609664420749326,0.0,70.96662604071211,3.423709538538546,0.0,119.99999999999999,1.4210854715202004e-14,0.0,21.135395102662365,1,68,12,0,WAIT
wait_only,200,132,08:00,120,90.14484786303422,6.245285160733074,83.89956270230114,2,30.491673568861,0.0,65.66589758271569,23.84242884842331,0.0,120.0,0.0,0.0,17.843671887808785,1,230,8,0,WAIT
wait_only,201,132,08:00,120,83.73128145965117,5.796489676075835,77.93479178357533,2,6.730199719367629,0.0,89.16022210544277,24.10957817518961,0.0,120.00000000000001,-1.4210854715202004e-14,0.0,16.561399074502386,1,230,3,0,WAIT
wait_only,202,132,08:00,120,92.2518344258347,6.3396754642325055,85.9121589616022,2,49.8615104770726,0.0,70.13848952292739,0.0,0.0,119.99999999999999,1.4210854715202004e-14,0.0,18.11335846923573,0,144,12,0,WAIT
wait_only,203,132,08:00,120,104.49676919159864,7.500845199205579,96.99592399239306,3,70.19591527912824,0.0,49.80408472087176,0.0,0.0,120.0,0.0,0.0,21.43098628344451,0,162,16,0,WAIT
wait_only,204,132,08:00,120,90.37902722818077,5.666485509473138,84.71254171870764,1,35.91560777576129,0.0,84.08439222423871,0.0,0.0,120.0,0.0,0.0,16.18995859849468,0,161,8,0,WAIT
wait_only,205,132,08:00,120,99.4155558618671,5.9970957737156265,93.41846008815148,2,23.10781667834222,0.0,96.89218332165777,0.0,0.0,119.99999999999999,1.4210854715202004e-14,0.0,17.134559353473218,0,234,6,0,WAIT
wait_only,206,132,08:00,120,93.92574276640967,7.512535178133966,86.4132075882757,3,17.314357494714137,0.0,94.16838080644203,8.517261698843853,0.0,120.00000000000001,-1.4210854715202004e-14,0.0,21.464386223239902,1,107,6,0,WAIT
wait_only,207,132,08:00,120,78.87846046348488,6.239717654092794,72.63874280939208,2,24.153681803773488,0.0,95.8463181962265,0.0,0.0,120.0,0.0,0.0,17.827764725979414,0,142,6,0,WAIT
wait_only,208,132,08:00,120,128.93301345229986,7.221880190193374,121.71113326210649,3,50.1565281703441,0.0,69.84347182965588,0.0,0.0,119.99999999999999,1.4210854715202004e-14,0.0,20.6339434005525,0,162,12,0,WAIT
wait_only,209,132,08:00,120,105.58554607601504,6.036261160730425,99.54928491528462,2,64.98025605257956,0.0,55.01974394742041,0.0,0.0,119.99999999999997,2.842170943040401e-14,0.0,17.246460459229787,0,137,14,0,WAIT
wait_only,210,132,08:00,120,81.34252002137637,6.163661855821513,75.17885816555486,2,25.0230999628011,0.0,85.34889883336452,9.628001203834387,0.0,120.0,0.0,0.0,17.610462445204323,1,162,7,0,WAIT
wait_only,211,132,08:00,120,131.188360482198,8.493752399795751,122.69460808240224,5,34.7717284030868,0.0,80.95573287165573,4.272538725257462,0.0,119.99999999999999,1.4210854715202004e-14,0.0,24.267863999416434,1,262,11,0,WAIT
wait_only,212,132,08:00,120,110.12596929300068,7.815303152825571,102.3106661401751,3,15.848195375765506,0.0,91.32186597319145,12.829938651043022,0.0,119.99999999999997,2.842170943040401e-14,0.0,22.329437579501633,1,162,6,0,WAIT
wait_only,213,132,08:00,120,106.16194508723292,7.9773711776487755,98.18457390958415,3,27.89955284886984,0.0,92.10044715113015,0.0,0.0,120.0,0.0,0.0,22.792489078996503,0,142,7,0,WAIT
wait_only,214,132,08:00,120,103.99597862305622,6.721166879312473,97.27481174374374,4,7.789078454280862,0.0,106.60026981978356,5.610651725935597,0.0,120.00000000000001,-1.4210854715202004e-14,0.0,19.203333940892783,1,170,5,0,WAIT
wait_only,215,132,08:00,120,162.21142834062624,7.142159583340735,155.0692687572855,6,19.863793085319625,0.0,100.1362069146804,0.0,0.0,120.00000000000003,-2.842170943040401e-14,0.0,20.40617023811639,0,233,8,0,WAIT
wait_only,216,132,08:00,120,97.65450859359083,7.012794074014068,90.64171451957677,3,42.434750769058816,0.0,71.15437264522511,6.410876585716082,0.0,120.00000000000001,-1.4210854715202004e-14,0.0,20.03655449718305,1,246,11,0,WAIT
wait_only,217,132,08:00,120,70.95695999070144,6.252576148224087,64.70438384247734,1,13.097923070637847,0.0,106.90207692936215,0.0,0.0,120.0,0.0,0.0,17.86450328064025,0,164,3,0,WAIT
wait_only,218,132,08:00,120,110.40212955437653,6.144879576003072,104.25724997837345,3,58.18885755454752,0.0,61.81114244545248,0.0,0.0,120.0,0.0,0.0,17.556798788580206,0,170,14,0,WAIT
wait_only,219,132,08:00,120,69.80319547348746,7.373857698638876,62.42933777484859,2,19.2894272046533,0.0,97.16017231445365,3.5504004808930603,0.0,120.00000000000001,-1.4210854715202004e-14,0.0,21.06816485325393,1,230,6,0,WAIT
wait_only,220,132,08:00,120,75.09688472691982,6.178303750332688,68.91858097658714,1,26.063315499904718,0.0,80.57195239444293,13.364732105652351,0.0,120.0,0.0,0.0,17.652296429521968,1,230,6,0,WAIT
wait_only,221,132,08:00,120,89.57307561357229,7.452153302819349,82.12092231075293,2,34.88043999215387,0.0,85.11956000784613,0.0,0.0,120.0,0.0,0.0,21.291866579483855,0,68,9,0,WAIT
wait_only,222,132,08:00,120,90.32319717112503,6.502711787860536,83.8204853832645,2,8.789779168415189,0.0,110.24802139236027,0.9621994392245341,0.0,120.0,0.0,0.0,18.579176536744388,1,142,4,0,WAIT
wait_only,223,132,08:00,120,74.22770269977482,4.2501920495371905,69.97751065023763,4,66.35058140740679,0.0,53.64941859259319,0.0,0.0,119.99999999999999,1.4210854715202004e-14,0.0,12.143405855820543,0,121,16,0,WAIT
wait_only,224,132,08:00,120,116.49533909674841,6.670949956105994,109.82438914064241,3,45.94979618614992,0.0,74.0502038138501,0.0,0.0,120.00000000000003,-2.842170943040401e-14,0.0,19.059857017445697,0,236,12,0,WAIT
wait_only,225,132,08:00,120,134.86828630081814,8.158264060934297,126.71002223988384,4,20.18861274010859,0.0,99.8113872598914,0.0,0.0,120.0,0.0,0.0,23.309325888383704,0,236,6,0,WAIT
wait_only,226,132,08:00,120,115.7840691917585,6.725256825520104,109.0588123662384,4,43.94339629465657,0.0,68.63943867923128,7.41716502611213,0.0,119.99999999999999,1.4210854715202004e-14,0.0,19.215019501486015,1,162,11,0,WAIT
wait_only,227,132,08:00,120,101.5180327279141,8.548742952821815,92.96928977509229,3,17.43646575515248,0.0,102.18914896431374,0.3743852805337866,0.0,120.00000000000001,-1.4210854715202004e-14,0.0,24.424979865205188,1,163,5,0,WAIT
wait_only,228,132,08:00,120,128.42135244143935,4.762875549770689,123.65847689166867,5,43.276905257623405,0.0,76.7230947423766,0.0,0.0,120.0,0.0,0.0,13.60821585648768,0,216,13,0,WAIT
wait_only,229,132,08:00,120,98.37568198365388,7.404987575158035,90.97069440849585,2,11.326364535252914,0.0,99.4540282507023,9.219607214044785,0.0,119.99999999999999,1.4210854715202004e-14,0.0,21.157107357594388,1,164,4,0,WAIT
wait_only,230,132,08:00,120,167.84212066806856,9.958037482331331,157.88408318573724,3,15.6638357361512,0.0,104.33616426384881,0.0,0.0,120.00000000000001,-1.4210854715202004e-14,0.0,28.451535663803803,0,138,6,0,WAIT
wait_only,231,132,08:00,120,123.35124959350017,7.298443871034053,116.05280572246612,4,47.08359180409001,0.0,72.91640819590998,0.0,0.0,120.0,0.0,0.0,20.85269677438301,0,162,11,0,WAIT
wait_only,232,132,08:00,120,63.66989920619727,5.6602302042553845,58.00966900194189,1,67.29561153534958,0.0,52.70438846465042,0.0,0.0,120.0,0.0,0.0,16.17208629787253,0,162,15,0,WAIT
wait_only,233,132,08:00,120,171.87639069727317,8.850226966080525,163.02616373119264,3,19.506517806407736,0.0,100.49348219359229,0.0,0.0,120.00000000000003,-2.842170943040401e-14,0.0,25.286362760230077,0,166,6,0,WAIT
wait_only,234,132,08:00,120,128.66073395731343,7.957619014976926,120.7031149423365,4,24.69766875424257,0.0,90.36360168346681,4.938729562290632,0.0,120.00000000000001,-1.4210854715202004e-14,0.0,22.736054328505503,1,90,7,0,WAIT
wait_only,235,132,08:00,120,89.75539474646959,6.522337484340491,83.2330572621291,3,49.83568586024622,0.0,66.25185644965087,3.9124576901028973,0.0,119.99999999999999,1.4210854715202004e-14,0.0,18.635249955258548,1,162,13,0,WAIT
wait_only,236,132,08:00,120,117.09044304592787,8.97481615031805,108.11562689560982,3,29.33892521595702,0.0,90.66107478404298,0.0,0.0,120.0,0.0,0.0,25.64233185805157,0,74,9,0,WAIT
wait_only,237,132,08:00,120,130.11821811584727,7.547505053386056,122.57071306246121,3,14.385457141500794,0.0,105.6145428584992,0.0,0.0,120.0,0.0,0.0,21.564300152531587,0,48,6,0,WAIT
wait_only,238,132,08:00,120,126.29445115180775,8.245529471181177,118.04892168062658,6,35.939437920147455,0.0,82.54553766891902,1.5150244109335347,0.0,120.00000000000001,-1.4210854715202004e-14,0.0,23.55865563194622,1,263,10,0,WAIT
wait_only,239,132,08:00,120,115.67724016663476,8.130735178098346,107.54650498853641,4,8.59165638029596,0.0,111.40834361970403,0.0,0.0,119.99999999999999,1.4210854715202004e-14,0.0,23.23067193742385,0,163,5,0,WAIT
wait_only,240,132,08:00,120,114.10999896150284,7.216898802434996,106.89310015906784,5,37.60343201208251,0.0,82.39656798791749,0.0,0.0,120.0,0.0,0.0,20.619710864099993,0,113,11,0,WAIT
wait_only,241,132,08:00,120,108.2824534955049,7.514134769079457,100.76831872642543,2,10.238948256896775,0.0,109.76105174310322,0.0,0.0,120.0,0.0,0.0,21.468956483084163,0,230,4,0,WAIT
wait_only,242,132,08:00,120,116.41625535128175,7.59686128461174,108.81939406667001,5,60.220549316917136,0.0,59.577817443958594,0.201633239124277,0.0,120.0,0.0,0.0,21.705317956033547,1,142,16,0,WAIT
wait_only,243,132,08:00,120,124.07546606920742,7.562919254386168,116.51254681482125,3,17.89406846394385,0.0,92.80866250368629,9.297269032369869,0.0,120.00000000000001,-1.4210854715202004e-14,0.0,21.608340726817623,1,234,6,0,WAIT
wait_only,244,132,08:00,120,145.17349345487156,9.357912503403144,135.8155809514684,6,56.37435845340459,0.0,63.6256415465954,0.0,0.0,120.0,0.0,0.0,26.736892866866132,0,246,15,0,WAIT
wait_only,245,132,08:00,120,135.42195285026693,8.036339705594623,127.3856131446723,6,50.233683815080795,0.0,63.70347447496526,6.062841709953943,0.0,120.0,0.0,0.0,22.960970587413208,1,140,14,0,WAIT
wait_only,246,132,08:00,120,116.60196349943581,6.795424032314542,109.80653946712127,3,61.87571814734707,0.0,58.12428185265291,0.0,0.0,119.99999999999999,1.4210854715202004e-14,0.0,19.415497235184407,0,162,14,0,WAIT
wait_only,247,132,08:00,120,107.53600975277982,6.379818945478274,101.15619080730154,2,40.54687409027821,0.0,79.45312590972176,0.0,0.0,119.99999999999997,2.842170943040401e-14,0.0,18.228054129937927,0,163,10,0,WAIT
wait_only,248,132,08:00,120,108.95176689399298,8.000251771582523,100.95151512241046,4,49.23353914424159,0.0,70.76646085575842,0.0,0.0,120.00000000000001,-1.4210854715202004e-14,0.0,22.857862204521492,0,162,12,0,WAIT
wait_only,249,132,08:00,120,148.81461470142284,8.466825625582132,140.3477890758407,4,22.22173511956683,0.0,95.06364205912767,2.714622821305511,0.0,120.00000000000001,-1.4210854715202004e-14,0.0,24.190930358806096,1,236,8,0,WAIT
wait_only,250,132,08:00,120,171.1708444909404,8.09406573825462,163.07677875268578,3,29.02391818664479,0.0,80.53310800205657,10.442973811298657,0.0,120.00000000000001,-1.4210854715202004e-14,0.0,23.12590210929892,1,68,9,0,WAIT
wait_only,251,132,08:00,120,86.79873580987746,9.077791094308395,77.72094471556906,2,1.4448142093349077,0.0,113.03377040885047,5.521415381814606,0.0,119.99999999999999,1.4210854715202004e-14,0.0,25.936545983738277,1,236,3,0,WAIT
wait_only,252,132,08:00,120,105.65686989555438,5.939800078196173,99.71706981735821,3,51.22970502657858,0.0,68.77029497342141,0.0,0.0,120.0,0.0,0.0,16.97085736627478,0,137,12,0,WAIT
wait_only,253,132,08:00,120,142.4918182612186,7.89278399297883,134.5990342682398,5,38.7860157356629,0.0,81.2139842643371,0.0,0.0,120.0,0.0,0.0,22.550811408510942,0,234,12,0,WAIT
wait_only,254,132,08:00,120,129.43198146485486,7.113103307342255,122.3188781575126,2,26.30418161993352,0.0,76.22014363692453,17.475674743141965,0.0,120.00000000000001,-1.4210854715202004e-14,0.0,20.323152306692158,1,230,7,0,WAIT
wait_only,255,132,08:00,120,151.15254787603294,8.753605251793061,142.39894262423988,6,55.88877214832123,0.0,64.11122785167876,0.0,0.0,120.0,0.0,0.0,25.010300719408747,0,148,15,0,WAIT
wait_only,256,132,08:00,120,90.98423544492672,6.296777048655624,84.6874583962711,2,43.362326090656474,0.0,76.63767390934355,0.0,0.0,120.00000000000003,-2.842170943040401e-14,0.0,17.990791567587497,0,161,10,0,WAIT
wait_only,257,132,08:00,120,159.99114571704607,9.29460234510134,150.69654337194473,8,41.68594851147208,0.0,78.31405148852794,0.0,0.0,120.00000000000001,-1.4210854715202004e-14,0.0,26.556006700289554,0,162,13,0,WAIT
wait_only,258,132,08:00,120,82.4555627809133,6.161944924265977,76.29361785664732,6,36.26868882287323,0.0,83.73131117712677,0.0,0.0,120.0,0.0,0.0,17.605556926474218,0,130,12,0,WAIT
wait_only,259,132,08:00,120,124.1654783072244,9.048876248611931,115.11660205861247,3,35.156419507461926,0.0,76.81573221233192,8.027848280206157,0.0,120.00000000000001,-1.4210854715202004e-14,0.0,25.85393213889123,1,229,9,0,WAIT
wait_only,260,132,08:00,120,103.40209123177821,9.94317653465373,93.45891469712448,2,14.90845533287637,0.0,105.09154466712363,0.0,0.0,120.0,0.0,0.0,28.409075813296376,0,230,5,0,WAIT
wait_only,261,132,08:00,120,70.1608864082991,6.444127183470165,63.71675922482894,2,25.445366554642426,0.0,94.55463344535758,0.0,0.0,120.0,0.0,0.0,18.411791952771903,0,162,7,0,WAIT
wait_only,262,132,08:00,120,105.99774725613082,7.249541532526716,98.7482057236041,4,53.34559523927178,0.0,53.04455218041569,13.609852580312534,0.0,120.00000000000001,-1.4210854715202004e-14,0.0,20.712975807219188,1,230,13,0,WAIT
wait_only,263,132,08:00,120,151.0896653086776,8.62828576117434,142.46137954750327,5,23.46964632739429,0.0,96.53035367260573,0.0,0.0,120.00000000000001,-1.4210854715202004e-14,0.0,24.652245031926686,0,164,9,0,WAIT
wait_only,264,132,08:00,120,115.5119191446071,7.619806801075963,107.89211234353114,3,42.51214206105255,0.0,69.70506426823283,7.782793670714611,0.0,119.99999999999999,1.4210854715202004e-14,0.0,21.770876574502754,1,170,11,0,WAIT
wait_only,265,132,08:00,120,115.71457009049757,7.486256093294543,108.22831399720303,3,44.12604908190105,0.0,53.20941631882666,22.664534599272258,0.0,119.99999999999997,2.842170943040401e-14,0.0,21.389303123698696,1,249,12,0,WAIT
wait_only,266,132,08:00,120,130.4995102148175,8.717858261319552,121.78165195349794,4,29.24477471321555,0.0,88.73387212015106,2.0213531666334035,0.0,120.00000000000001,-1.4210854715202004e-14,0.0,24.908166460913012,1,246,9,0,WAIT
wait_only,267,132,08:00,120,139.09560128535622,6.929271202129651,132.16633008322657,3,57.6582423505056,0.0,62.341757649494404,0.0,0.0,120.0,0.0,0.0,19.79791772037043,0,233,14,0,WAIT
wait_only,268,132,08:00,120,91.10397463642761,6.326965415941955,84.77700922048565,1,37.96844333341576,0.0,82.03155666658424,0.0,0.0,120.0,0.0,0.0,18.077044045548444,0,164,9,0,WAIT
wait_only,269,132,08:00,120,96.18286578673641,7.003338625227728,89.17952716150869,2,40.82053114436658,0.0,79.17946885563342,0.0,0.0,120.0,0.0,0.0,20.00953892922208,0,161,10,0,WAIT
wait_only,270,132,08:00,120,140.3620720899501,7.062015607478785,133.3000564824713,4,40.15501502922915,0.0,79.84498497077087,0.0,0.0,120.00000000000001,-1.4210854715202004e-14,0.0,20.177187449939385,0,161,11,0,WAIT
wait_only,271,132,08:00,120,137.8033310273052,8.27610841097446,129.52722261633073,5,46.26080128111033,0.0,73.73919871888965,0.0,0.0,119.99999999999999,1.4210854715202004e-14,0.0,23.6460240313556,0,164,13,0,WAIT
wait_only,272,132,08:00,120,94.66005014424488,7.2306030018294445,87.42944714241543,2,52.18343088385476,0.0,67.81656911614525,0.0,0.0,120.0,0.0,0.0,20.6588657195127,0,163,12,0,WAIT
wait_only,273,132,08:00,120,111.62056931662707,7.819356575155474,103.8012127414716,4,30.14280619305992,0.0,89.85719380694007,0.0,0.0,120.0,0.0,0.0,22.3410187861585,0,41,9,0,WAIT
wait_only,274,132,08:00,120,104.06711785913686,8.12899528784298,95.93812257129387,3,59.109506475937444,0.0,60.89049352406256,0.0,0.0,120.0,0.0,0.0,23.225700822408516,0,90,13,0,WAIT
wait_only,275,132,08:00,120,120.35648995529493,8.005846153886443,112.3506438014085,2,18.458547497082744,0.0,93.11796853656548,8.423483966351768,0.0,120.0,0.0,0.0,22.873846153961267,1,162,5,0,WAIT
wait_only,276,132,08:00,120,83.61118878503547,6.939745184400964,76.6714436006345,3,52.495242195150944,0.0,67.50475780484908,0.0,0.0,120.00000000000003,-2.842170943040401e-14,0.0,19.827843384002755,0,161,13,0,WAIT
wait_only,277,132,08:00,120,50.47053418530354,0.8150243411240087,49.655509844179534,2,108.62743919972723,0.0,11.372560800272751,0.0,0.0,119.99999999999999,1.4210854715202004e-14,0.0,2.3286409746400247,0,130,23,0,WAIT
wait_only,278,132,08:00,120,95.63904032489077,6.4090995704884826,89.22994075440229,2,52.744699026176434,0.0,67.25530097382355,0.0,0.0,119.99999999999999,1.4210854715202004e-14,0.0,18.311713058538523,0,161,13,0,WAIT
wait_only,279,132,08:00,120,100.56321926594592,6.9735965272526395,93.58962273869328,3,49.04918214280521,0.0,70.95081785719479,0.0,0.0,120.0,0.0,0.0,19.924561506436117,0,246,12,0,WAIT
wait_only,280,132,08:00,120,95.95769424046571,8.107078255781826,87.85061598468388,2,12.618345619779202,0.0,98.34045469364722,9.041199686573577,0.0,120.0,0.0,0.0,23.163080730805216,1,48,4,0,WAIT
wait_only,281,132,08:00,120,149.09873736266505,7.38292686183615,141.7158105008289,5,37.44113932387476,0.0,82.55886067612525,0.0,0.0,120.0,0.0,0.0,21.094076748103284,0,233,11,0,WAIT
wait_only,282,132,08:00,120,76.16049502382319,5.7860793109657385,70.37441571285746,1,34.91267134316736,0.0,81.12071781894261,3.9666108378900304,0.0,120.0,0.0,0.0,16.531655174187826,1,230,8,0,WAIT
wait_only,283,132,08:00,120,111.17281001005391,7.5863509864201255,103.58645902363378,3,29.4428466115062,0.0,89.63771755154042,0.919435836953383,0.0,120.0,0.0,0.0,21.67528853262893,1,234,8,0,WAIT
wait_only,284,132,08:00,120,102.32547639752633,6.302671767663293,96.02280462986303,3,68.8064650451599,0.0,51.1935349548401,0.0,0.0,120.0,0.0,0.0,18.007633621895124,0,161,15,0,WAIT
wait_only,285,132,08:00,120,91.04577894724824,6.05998372148691,84.98579522576132,4,42.64272238205365,0.0,77.35727761794635,0.0,0.0,120.0,0.0,0.0,17.314239204248317,0,129,11,0,WAIT
wait_only,286,132,08:00,120,83.70813812749122,6.2563246005369955,77.45181352695423,2,22.328274236859016,0.0,94.73522289045303,2.936502872687953,0.0,120.0,0.0,0.0,17.87521314439142,1,161,6,0,WAIT
wait_only,287,132,08:00,120,84.13049125045383,6.4150994166148845,77.71539183383895,2,31.043809385071786,0.0,88.95619061492822,0.0,0.0,120.0,0.0,0.0,18.328855476042527,0,161,8,0,WAIT
wait_only,288,132,08:00,120,261.345255155574,10.678660269044162,250.66659488652985,9,23.667769276652336,0.0,93.6127976971177,2.7194330262299644,0.0,120.0,0.0,0.0,30.51045791155475,1,234,10,0,WAIT
wait_only,289,132,08:00,120,90.8555867104134,6.753010444142057,84.10257626627134,1,16.727549394974687,0.0,103.27245060502531,0.0,0.0,120.0,0.0,0.0,19.294315554691593,0,163,4,0,WAIT
wait_only,290,132,08:00,120,100.99637660467336,6.542331921936499,94.45404468273686,3,18.821793403959024,0.0,93.88687991557697,7.29132668046401,0.0,120.0,0.0,0.0,18.692376919818567,1,236,6,0,WAIT
wait_only,291,132,08:00,120,143.4298794828683,9.437386044743686,133.99249343812463,5,24.664879252213574,0.0,91.32616213585095,4.008958611935455,0.0,119.99999999999999,1.4210854715202004e-14,0.0,26.963960127839105,1,48,9,0,WAIT
wait_only,292,132,08:00,120,136.34498312499238,7.49281362905794,128.85216949593445,5,46.658141982506,0.0,73.34185801749399,0.0,0.0,120.0,0.0,0.0,21.408038940165547,0,162,13,0,WAIT
wait_only,293,132,08:00,120,112.32434908891014,6.43738276206955,105.8869663268406,3,29.494170905453178,0.0,73.51289552437642,16.992933570170408,0.0,120.0,0.0,0.0,18.392522177341572,1,230,9,0,WAIT
wait_only,294,132,08:00,120,126.34282499891083,7.324283200602585,119.01854179830825,4,17.241972618775993,0.0,100.66507687692362,2.09295050430039,0.0,120.0,0.0,0.0,20.926523430293102,1,170,6,0,WAIT
wait_only,295,132,08:00,120,75.00550227008864,6.572031441753859,68.43347082833478,1,14.843935576431722,0.0,95.11059613938508,10.045468284183187,0.0,119.99999999999999,1.4210854715202004e-14,0.0,18.777232690725313,1,161,4,0,WAIT
wait_only,296,132,08:00,120,78.40577864911285,6.279605086886783,72.12617356222606,1,24.815102017458827,0.0,95.18489798254117,0.0,0.0,120.0,0.0,0.0,17.941728819676523,0,68,6,0,WAIT
wait_only,297,132,08:00,120,127.60141295453182,7.919053855438616,119.6823590990932,5,34.22857112064741,0.0,81.97738373979318,3.7940451395594152,0.0,120.0,0.0,0.0,22.625868158396045,1,141,10,0,WAIT
wait_only,298,132,08:00,120,102.88788322663532,7.892511140772746,94.99537208586258,4,32.645236730918,0.0,87.354763269082,0.0,0.0,120.0,0.0,0.0,22.55003183077928,0,113,10,0,WAIT
wait_only,299,132,08:00,120,121.47028169916712,7.435174786108394,114.03510691305873,4,54.335632190254664,0.0,65.66436780974534,0.0,0.0,120.0,0.0,0.0,21.24335653173827,0,163,13,0,WAIT
highest_demand,0,132,08:00,120,166.31760979904737,10.294909995289897,156.0226998037575,3,8.965213182641952,17.508087193074427,93.52669962428361,0.0,0.0,119.99999999999999,1.4210854715202004e-14,1.8316524278610324,27.582376130110106,0,142,5,2,WAIT
highest_demand,1,132,08:00,120,65.7447258677145,6.176127970034636,59.56859789767986,1,7.280229602347347,20.339773576080233,83.32343290080391,9.056563920768525,0.0,120.00000000000001,-1.4210854715202004e-14,1.6248324020845133,16.02124751230016,1,186,3,1,WAIT
highest_demand,2,132,08:00,120,65.15721132872332,8.450099704519097,56.707111624204224,2,10.734919865108807,65.07733851004974,35.65617072631777,8.531570898523682,0.0,120.0,0.0,9.683358194119219,14.459783818792488,1,186,4,2,WAIT
highest_demand,3,132,08:00,120,112.28771393937869,10.650737357594787,101.6369765817839,3,11.160455575179816,51.055894055837115,57.78365036898306,0.0,0.0,120.0,0.0,5.285255420460823,25.145422744095715,0,161,4,2,WAIT
highest_demand,4,132,08:00,120,104.28961852592133,7.568625364039043,96.72099316188229,2,5.631726429760526,8.683929606310135,105.68434396392934,0.0,0.0,120.0,0.0,0.8738289522399111,20.7508149450145,0,237,3,1,WAIT
highest_demand,5,132,08:00,120,94.55001040178607,8.375389587927828,86.17462081385824,1,5.6663378530488036,48.22124332177903,66.11241882517217,0.0,0.0,120.0,0.0,7.144587592508339,16.785096944428314,0,138,2,2,WAIT
highest_demand,6,132,08:00,120,44.6265563667455,8.515739740167914,36.11081662657758,1,16.15566646890326,77.2853647137152,26.55896881738154,0.0,0.0,120.0,0.0,12.968544924691761,11.36214004721657,0,138,4,2,WAIT
highest_demand,7,132,08:00,120,59.758062174545316,7.301232750227447,52.45682942431787,2,6.301647748170699,39.114452462124184,70.41931022397074,4.1645895657343885,0.0,120.00000000000001,-1.4210854715202004e-14,6.4842724623458805,14.37639253830397,1,161,3,1,WAIT
highest_demand,8,132,08:00,120,95.95918792658506,9.811226229246415,86.14796169733864,2,15.069616687818685,51.86779749386799,30.075686005983638,22.986899812329696,0.0,120.00000000000001,-1.4210854715202004e-14,5.505894475618691,22.526180465085357,1,186,5,2,WAIT
highest_demand,9,132,08:00,120,90.82677323342202,8.320276176210323,82.50649705721169,2,6.875081401880583,19.97512252709047,93.14979607102896,0.0,0.0,120.00000000000001,-1.4210854715202004e-14,5.18155674214191,18.590660904173298,0,170,3,1,WAIT
highest_demand,10,132,08:00,120,110.4721199801435,10.073052419208466,100.39906756093504,2,3.422183229633694,53.373445692424426,57.52462594004271,5.679745137899175,0.0,120.0,0.0,6.630012615887113,22.150137153279935,1,138,3,2,WAIT
highest_demand,11,132,08:00,120,84.4538202834787,8.066891182553812,76.38692910092489,1,7.290237042318646,36.816934994171646,73.06140630737713,2.8314216561325907,0.0,120.0,0.0,6.116372474856479,16.93188804672584,1,138,3,1,WAIT
highest_demand,12,132,08:00,120,96.24075015680859,8.630268531364223,87.61048162544436,2,8.982108208020769,32.8010594781396,78.21683231383963,0.0,0.0,120.0,0.0,3.8810620735341774,20.77684801607789,0,163,3,1,WAIT
highest_demand,13,132,08:00,120,86.78065547385339,6.168241278326757,80.61241419552663,1,1.7719821567352316,0.0,118.22801784326477,0.0,0.0,120.0,0.0,0.0,17.623546509505022,0,230,2,0,WAIT
highest_demand,14,132,08:00,120,38.87502929382351,8.336714524893857,30.538314768929652,1,2.216425262087152,78.11605489192229,36.81726191436221,2.8502579316283345,0.0,120.0,0.0,12.968544924691761,10.850639432147833,1,138,2,2,WAIT
highest_demand,15,132,08:00,120,72.94744263767012,7.124729451968426,65.8227131857017,1,2.780598925750257,20.116220691432012,85.19614427798828,11.907036104829459,0.0,120.00000000000001,-1.4210854715202004e-14,2.1314733431879076,18.224896519579026,1,186,2,1,WAIT
highest_demand,16,132,08:00,120,82.57968203069134,8.207903268508744,74.3717787621826,2,8.657639405012706,57.519948330590054,53.82241226439725,0.0,0.0,120.0,0.0,7.93928879740436,15.511863398334912,0,138,3,2,WAIT
highest_demand,17,132,08:00,120,97.41228215931426,9.042387428673571,88.36989473064068,3,6.600786211680177,37.680460248913434,75.71875353940639,0.0,0.0,120.0,0.0,3.7038103995265907,22.13158225382647,0,186,4,2,WAIT
highest_demand,18,132,08:00,120,109.89713125522542,7.542596060429691,102.35453519479573,3,9.252910148318461,26.591465881012226,83.7965523467558,0.35907162391350766,0.0,120.0,0.0,2.248504524565812,19.30176993380474,1,234,4,2,WAIT
highest_demand,19,132,08:00,120,78.93758384157115,9.45065973698899,69.48692410458216,1,3.429440322223078,66.2664718919884,50.304087785788525,0.0,0.0,120.0,0.0,8.720513642282624,18.281371320543066,0,138,2,2,WAIT
highest_demand,20,132,08:00,120,111.28014864676177,8.975340725560258,102.30480792120152,3,5.5344412442546655,64.11745487122259,50.34810388452274,0.0,0.0,120.0,0.0,6.123560375025777,19.520270269432107,0,186,4,3,WAIT
highest_demand,21,132,08:00,120,97.84588464066243,7.052564729383682,90.79331991127876,1,4.149108105956637,20.479121077313867,94.64758421676653,0.7241865999629766,0.0,120.00000000000001,-1.4210854715202004e-14,1.6248324020845133,18.52535253901172,1,186,2,1,WAIT
highest_demand,22,132,08:00,120,84.95235652646178,10.072507427947215,74.87984909851457,2,0.7495389987272909,32.562777993327536,82.86696560705745,3.820717400887716,0.0,119.99999999999999,1.4210854715202004e-14,3.8810620735341774,24.89753057774358,1,234,3,1,WAIT
highest_demand,23,132,08:00,120,121.18539644812608,7.5277797720816855,113.6576166760444,2,8.554061961231543,18.551341946362943,92.89459609240552,0.0,0.0,120.0,0.0,1.4041933469266459,20.103748859021028,0,237,3,1,WAIT
highest_demand,24,132,08:00,120,104.69646405254366,7.997560073094701,96.69890397944896,2,8.652876206943713,36.672382232376876,74.67474156067942,0.0,0.0,120.00000000000001,-1.4210854715202004e-14,3.2114103103802227,19.63876132703321,0,90,4,1,WAIT
highest_demand,25,132,08:00,120,112.70780549847449,7.530097988041617,105.17770751043287,2,9.938553350840444,17.799153858801944,91.90536194648165,0.35693084387595775,0.0,119.99999999999999,1.4210854715202004e-14,1.544168814469142,19.970396865649768,1,162,4,2,WAIT
highest_demand,26,132,08:00,120,87.72026195805644,9.28382991470671,78.43643204334973,2,6.192678383545902,52.6147221759779,57.33826211928768,3.8543373211885097,0.0,119.99999999999999,1.4210854715202004e-14,8.08677720721078,18.43845112052268,1,138,3,2,WAIT
highest_demand,27,132,08:00,120,99.04765061546973,8.562788784435247,90.4848618310345,1,4.402305640311643,56.89124214335685,55.2729613596359,3.433490856695613,0.0,120.0,0.0,7.858948034671782,16.606162778000353,1,138,2,2,WAIT
highest_demand,28,132,08:00,120,102.8654694021332,10.844676915039472,92.02079248709373,2,6.622103909928479,32.562777993327536,77.48229672773692,3.33282136900705,0.0,119.99999999999999,1.4210854715202004e-14,3.8810620735341774,27.103729112292882,1,230,4,1,WAIT
highest_demand,29,132,08:00,120,64.42036340910059,7.094358983101864,57.326004425998725,1,7.73541621841575,18.815118315533724,87.47372302060097,5.975742445449555,0.0,120.0,0.0,1.4041933469266459,18.86540374765011,1,186,2,1,WAIT
highest_demand,30,132,08:00,120,101.78563626315292,7.2230665229925055,94.56256974016041,2,19.432535208632054,28.533602235543036,72.03386255582491,0.0,0.0,120.0,0.0,3.0434952693641324,17.5938376534716,0,246,6,1,WAIT
highest_demand,31,132,08:00,120,74.516417684363,7.548746396025765,66.96767128833724,1,0.9115588424941096,27.53349240256558,85.29226762532042,6.262681129619892,0.0,120.0,0.0,4.54089199937273,17.02695484641517,1,138,2,1,WAIT
highest_demand,32,132,08:00,120,83.34503687820929,7.010162436374508,76.33487444183477,1,4.037316482375325,17.174299712684448,89.99916328359637,8.789220521343864,0.0,120.00000000000001,-1.4210854715202004e-14,2.0004471665855252,18.02858836591307,1,186,2,1,WAIT
highest_demand,33,132,08:00,120,99.1059687193438,7.045326749739118,92.06064196960469,2,9.466167880658583,17.952292988229097,92.58153913111232,0.0,0.0,120.0,0.0,1.3746755723259012,18.754829426928723,0,161,4,1,WAIT
highest_demand,34,132,08:00,120,81.34529651275129,8.23517821072073,73.11011830203056,1,2.4711775454381613,37.38598946472993,71.89275108431413,8.250081905517774,0.0,119.99999999999999,1.4210854715202004e-14,6.210909108635681,17.31817149342355,1,138,2,1,WAIT
highest_demand,35,132,08:00,120,102.21810379200087,7.521320412223176,94.6967833797777,2,23.4055023541464,18.687093303484296,77.9074043423693,0.0,0.0,120.0,0.0,1.4041933469266459,20.085293545139574,0,48,7,1,WAIT
highest_demand,36,132,08:00,120,110.04624146855414,12.18851255236583,97.85772891618831,3,8.885533061625482,45.67730808303758,62.650532485659625,2.7866263696773075,0.0,119.99999999999999,1.4210854715202004e-14,9.32408623112543,25.500235347062656,1,186,5,3,WAIT
highest_demand,37,132,08:00,120,96.32329820788266,7.466788438409996,88.85650976947267,2,4.0303929405375305,35.74864492515867,77.33690851669168,2.8840536176121105,0.0,119.99999999999999,1.4210854715202004e-14,3.404640513512171,17.929040739087817,1,186,3,2,WAIT
highest_demand,38,132,08:00,120,99.6572471626315,7.467158610774085,92.19008855185743,2,9.119539335757858,44.03300600610588,48.276613016305845,18.570841641830427,0.0,120.00000000000001,-1.4210854715202004e-14,3.99208703183787,17.34265185608809,1,186,4,2,WAIT
highest_demand,39,132,08:00,120,52.420349407869665,6.6388267027525885,45.78152270511708,2,10.249101259904089,47.01506206024643,62.696086032995424,0.03975064685405982,0.0,120.0,0.0,7.222514810298709,11.745561483280113,1,107,4,2,WAIT
highest_demand,40,132,08:00,120,130.21870922823263,11.603817564679138,118.6148916635535,2,3.2992032846335353,28.19526516887784,88.50553154648863,0.0,0.0,120.0,0.0,5.6758114027845075,27.47795306772732,0,236,3,2,WAIT
highest_demand,41,132,08:00,120,96.50170211594457,8.436364069938941,88.06533804600562,1,3.521574339365399,37.31456036852962,77.23670617341355,1.9271591186914208,0.0,119.99999999999999,1.4210854715202004e-14,6.154010038398844,17.94988730428385,1,138,2,1,WAIT
highest_demand,42,132,08:00,120,67.68774116351692,8.386122480114912,59.301618683402005,1,6.793249012042265,26.641433548091552,75.5441311867809,11.02118625308529,0.0,120.0,0.0,4.393771435950369,19.566578507235093,1,138,2,1,WAIT
highest_demand,43,132,08:00,120,58.834015764700965,9.094571423459128,49.739444341241835,1,1.5737247781332695,57.86843352282588,60.55784169904085,0.0,0.0,120.0,0.0,7.888465809272526,18.09602397203927,0,138,2,2,WAIT
highest_demand,44,132,08:00,120,127.81828716612628,10.19706756163958,117.6212196044867,3,21.070423534373898,8.253518800007585,90.67605766561852,0.0,0.0,120.0,0.0,3.1402954808806487,25.99418326666101,0,236,6,1,WAIT
highest_demand,45,132,08:00,120,127.52806918618472,8.5309028274612,118.99716635872352,2,6.46990463934295,18.815118315533724,94.71497704512333,0.0,0.0,120.0,0.0,1.4041933469266459,22.969814731533926,0,186,3,1,WAIT
highest_demand,46,132,08:00,120,106.01229702458087,8.086788829942348,97.92550819463852,2,8.802603318204849,34.676950830389785,62.640939274620656,13.87950657678472,0.0,120.00000000000001,-1.4210854715202004e-14,4.224905776993381,18.880205165699046,1,186,4,2,WAIT
highest_demand,47,132,08:00,120,96.13800631246878,7.228287432240704,88.90971888022807,2,4.7992724631550026,36.01207743619489,71.67222065138718,7.5164294492629296,0.0,120.0,0.0,2.8965563100992013,17.75569349630281,1,186,3,2,WAIT
highest_demand,48,132,08:00,120,100.17579967522585,10.128687807252115,90.04711186797373,3,3.975033847447664,27.495784306192775,70.61509192277568,17.914089923583887,0.0,120.0,0.0,2.247103667677246,26.692004353043085,1,186,4,2,WAIT
highest_demand,49,132,08:00,120,73.80409062136395,8.616898605315631,65.18719201604833,1,6.610179873595964,25.70539333304748,87.68442679335655,0.0,0.0,120.0,0.0,3.0080238219487234,21.611686478953082,0,186,2,1,WAIT
highest_demand,50,132,08:00,120,58.19513678241209,3.190179478140426,55.00495730427166,2,2.9595879937359815,8.495519944444162,80.75442166892269,27.790470392897163,0.0,120.0,0.0,3.1402954808806487,5.974503028091998,1,132,3,1,WAIT
highest_demand,51,132,08:00,120,88.12695622276638,7.901140499698863,80.22581572306751,1,9.265909213734837,41.315237472763656,69.4188533135015,0.0,0.0,120.0,0.0,6.863672418971716,15.711014723025034,0,138,3,1,WAIT
highest_demand,52,132,08:00,120,83.94801777939148,8.408008431401436,75.54000934799004,2,4.697116986692571,37.17242676598711,56.582902710298995,21.54755353702133,0.0,120.00000000000001,-1.4210854715202004e-14,3.6252795686700385,20.397601663905494,1,186,3,2,WAIT
highest_demand,53,132,08:00,120,60.886381803094245,8.063690304725668,52.82269149836858,1,9.754337546462242,78.11605489192229,32.12328934400719,0.006318217608267673,0.0,119.99999999999999,1.4210854715202004e-14,12.968544924691761,10.070570231667292,1,138,3,2,WAIT
highest_demand,54,132,08:00,120,74.84378714638196,8.26693018721002,66.57685695917193,1,12.133663506865462,28.74239981138608,79.12393668174846,0.0,0.0,120.0,0.0,3.0434952693641324,20.57630526552164,0,186,3,1,WAIT
highest_demand,55,132,08:00,120,71.05013659398972,7.688031780939831,63.36210481304989,2,7.286790993263035,36.626625840069266,75.38618823850328,0.7003949281644424,0.0,120.00000000000001,-1.4210854715202004e-14,2.778868919252547,19.18693616914697,1,186,3,2,WAIT
highest_demand,56,132,08:00,120,98.64684457798622,7.54056413748342,91.1062804405028,2,8.253876052769161,34.63023707917168,77.11588686805916,0.0,0.0,120.0,0.0,2.9482184875835933,18.596250476654753,0,170,3,2,WAIT
highest_demand,57,132,08:00,120,86.86998665323621,8.172551912770281,78.69743474046592,1,4.5540860307736715,38.62934276858749,67.39038360177112,9.426187598867713,0.0,120.0,0.0,4.683447922503583,18.66670039969722,1,186,2,1,WAIT
highest_demand,58,132,08:00,120,76.27965787303577,9.51491908571186,66.76473878732392,1,4.76060296379672,66.2664718919884,48.97292514421488,0.0,0.0,120.0,0.0,8.720513642282624,18.464969459751263,0,138,2,2,WAIT
highest_demand,59,132,08:00,120,66.13244956350877,9.060926300598911,57.071523262909864,2,2.5226353794039658,79.14232150462237,35.32585575346724,3.009187362506424,0.0,120.0,0.0,13.324489230864472,12.563871627989558,1,138,3,2,WAIT
highest_demand,60,132,08:00,120,64.08590332865897,8.640631363873963,55.44527196478501,2,2.607938032217127,70.4234897545473,46.96857221323556,0.0,0.0,119.99999999999999,1.4210854715202004e-14,11.836867451772338,12.850650730724698,0,138,3,2,WAIT
highest_demand,61,132,08:00,120,81.54916127495665,7.239999339292112,74.30916193566453,2,4.224525934942663,18.090190695605926,97.68528336945141,0.0,0.0,120.0,0.0,1.5032254509130585,19.182486947064408,0,186,3,2,WAIT
highest_demand,62,132,08:00,120,80.63331958034674,7.061454534583691,73.57186504576305,2,2.581675849363053,49.660624788551125,67.7576993620858,0.0,0.0,119.99999999999997,2.842170943040401e-14,7.489171989532641,12.686412394992193,0,237,3,2,WAIT
highest_demand,63,132,08:00,120,109.61229997145352,7.244975050131743,102.36732492132178,3,14.37349141105922,25.62623447563542,80.00027411330537,0.0,0.0,120.0,0.0,2.42351880450108,18.276409910161046,0,162,6,2,WAIT
highest_demand,64,132,08:00,120,87.16969844962344,7.039620654175474,80.13007779544796,1,3.861577767492286,27.088996191892498,81.84297540474816,7.206450635867043,0.0,119.99999999999999,1.4210854715202004e-14,2.236241179936743,17.87696068913604,1,186,2,1,WAIT
highest_demand,65,132,08:00,120,72.76895520066458,7.733967548089579,65.034987652575,2,9.052467903077703,37.08634671139178,71.89676442233424,1.964420963196261,0.0,120.0,0.0,6.116372474856479,15.980677662542321,1,138,3,1,WAIT
highest_demand,66,132,08:00,120,85.2370104727078,6.932504778567956,78.30450569413983,2,6.395676994201599,26.968737560781605,81.40433466864103,5.231250776375774,0.0,120.00000000000001,-1.4210854715202004e-14,2.0349907024883596,17.7721658077058,1,186,4,2,WAIT
highest_demand,67,132,08:00,120,88.69522690161403,8.707144726194175,79.98808217541986,2,6.123855512409999,25.70539333304748,88.17075115454251,0.0,0.0,120.0,0.0,3.0080238219487234,21.869532538606062,0,249,3,1,WAIT
highest_demand,68,132,08:00,120,107.02750588255192,6.519360581997095,100.50814530055483,2,10.330744357319443,25.690320392083272,83.97893525059727,0.0,0.0,119.99999999999999,1.4210854715202004e-14,2.0866528799727515,16.540091640018947,0,170,4,2,WAIT
highest_demand,69,132,08:00,120,87.12353976444837,7.86943965751938,79.25410010692899,2,4.035101497600323,39.06990166068713,76.89499684171255,0.0,0.0,120.0,0.0,3.029025749011159,19.45508755818707,0,186,3,2,WAIT
highest_demand,70,132,08:00,120,113.27350755999068,8.710282210999074,104.56322534899161,3,8.804046944498655,37.216287161432575,71.07733733831455,2.9023285557542238,0.0,120.0,0.0,3.1821821815245723,21.70433842132992,1,186,4,2,WAIT
highest_demand,71,132,08:00,120,88.67432405535882,7.419514572792947,81.25480948256588,2,3.307455807344221,28.30208356239588,88.39046063025988,0.0,0.0,119.99999999999997,2.842170943040401e-14,2.1831594921519555,19.01545357297075,0,48,3,2,WAIT
highest_demand,72,132,08:00,120,112.46550148320011,9.231186374948935,103.23431510825118,4,7.201190869972418,68.68998847088099,44.10882065914657,0.0,0.0,119.99999999999999,1.4210854715202004e-14,7.32109735719989,19.053720856939922,0,236,5,4,WAIT
highest_demand,73,132,08:00,120,80.17899605958232,9.521262348774545,70.65773371080778,2,5.282281026127604,18.815118315533724,95.90260065833868,0.0,0.0,120.00000000000001,-1.4210854715202004e-14,1.4041933469266459,25.79941336385777,0,186,3,1,WAIT
highest_demand,74,132,08:00,120,91.6046323698451,8.917450216291703,82.68718215355341,2,5.172093267295969,39.13221516984952,75.6956915628545,0.0,0.0,120.0,0.0,4.580474149405106,20.89795503999976,0,186,3,2,WAIT
highest_demand,75,132,08:00,120,91.35518243037515,8.498224576614762,82.85695785376039,1,6.205578876312357,47.22797892601708,66.02569579429569,0.5407464033748823,0.0,120.00000000000001,-1.4210854715202004e-14,7.130443037480166,17.150198609990582,1,138,2,2,WAIT
highest_demand,76,132,08:00,120,71.86598733274596,8.657246122662585,63.208741210083375,1,8.015917344501002,38.62934276858749,73.3547398869115,0.0,0.0,120.0,0.0,4.683447922503583,20.051540999389516,0,186,3,1,WAIT
highest_demand,77,132,08:00,120,85.0250575362266,8.623600794001295,76.4014567422253,1,2.7029484270149373,41.315237472763656,72.37905973615084,3.602754364070563,0.0,120.0,0.0,6.863672418971716,17.775186992460558,1,138,2,1,WAIT
highest_demand,78,132,08:00,120,94.374562097839,8.998461077359613,85.3761010204794,1,1.9251107593489079,57.62225531975898,54.68850424281318,5.76412967807893,0.0,120.0,0.0,7.888465809272526,17.82142298318351,1,138,2,2,WAIT
highest_demand,79,132,08:00,120,85.37446831810554,8.80173409374921,76.57273422435634,1,1.7777347299665625,57.9078721598362,57.65159680261931,2.6627963075779206,0.0,119.99999999999999,1.4210854715202004e-14,7.888465809272526,17.259345887153792,1,138,2,2,WAIT
highest_demand,80,132,08:00,120,96.23032856823936,7.1427653634471735,89.08756320479219,2,3.856618440321548,29.307240666896227,85.7624120102532,1.0737288825290108,0.0,119.99999999999999,1.4210854715202004e-14,2.295172264313744,18.112728774106753,1,162,3,2,WAIT
highest_demand,81,132,08:00,120,84.01977148839292,8.513110229143411,75.50666125924951,1,1.1114192882158362,27.53349240256558,80.70321239850333,10.651875910715248,0.0,119.99999999999999,1.4210854715202004e-14,4.54089199937273,19.78228008389416,1,138,2,1,WAIT
highest_demand,82,132,08:00,120,115.97486246827741,7.6222312306594775,108.35263123761793,3,4.149288357093733,32.27811937847768,79.63886221902646,3.9337300454021147,0.0,120.0,0.0,2.917076985473446,18.860726530696493,1,186,4,3,WAIT
highest_demand,83,132,08:00,120,126.0918269265425,6.889009455211861,119.20281747133063,4,6.1437912430999395,26.467196324106,87.38901243279405,0.0,0.0,119.99999999999999,1.4210854715202004e-14,2.5596495937411112,17.123234564007067,0,246,5,3,WAIT
highest_demand,84,132,08:00,120,87.22583201068893,6.86433552394108,80.36149648674785,1,1.3580867574468931,0.0,113.30892865223902,5.332984590314084,0.0,120.0,0.0,0.0,19.61238721126023,1,230,2,0,WAIT
highest_demand,85,132,08:00,120,94.69228650943916,7.120315056991152,87.57197145244801,2,6.484572261117394,26.293316603345787,87.2221111355368,0.0,0.0,119.99999999999999,1.4210854715202004e-14,2.4914716388761717,17.85228566681284,0,237,4,2,WAIT
highest_demand,86,132,08:00,120,126.74790021084833,8.490181755341549,118.25771845550678,3,7.629967506978149,40.4115056697002,71.95852682332165,0.0,0.0,120.0,0.0,3.2496648041690266,21.007997353949687,0,137,4,2,WAIT
highest_demand,87,132,08:00,120,138.37678779817958,7.8929673850200945,130.4838204131595,2,14.949999088375069,38.662215830574766,53.61280776657414,12.774977314476033,0.0,120.00000000000001,-1.4210854715202004e-14,6.585750089068556,15.965585296703145,1,186,5,2,WAIT
highest_demand,88,132,08:00,120,75.50886877847636,6.701344941572003,68.80752383690435,1,5.5134122803335694,7.326588211051423,99.2539249915014,7.906074517113595,0.0,119.99999999999999,1.4210854715202004e-14,0.9815114870710372,18.16518834599183,1,239,2,1,WAIT
highest_demand,89,132,08:00,120,90.25199473432622,8.894795260611838,81.35719947371437,2,4.894922127489756,32.8010594781396,82.30401839437064,0.0,0.0,120.0,0.0,3.8810620735341774,21.53263867107108,0,249,3,1,WAIT
highest_demand,90,132,08:00,120,94.45143360335358,7.530365920650768,86.92106768270281,4,12.97820887633284,33.78527069990124,73.23652042376592,0.0,0.0,120.0,0.0,3.3128935265997903,18.20243767525955,0,68,6,3,WAIT
highest_demand,91,132,08:00,120,87.16382507057496,7.183998404691183,79.97982666588378,1,2.1279694533843516,26.94938031552546,58.29854304454416,32.62410718654603,0.0,120.0,0.0,2.236241179936743,18.289468547752353,1,186,2,1,WAIT
highest_demand,92,132,08:00,120,78.2811906483996,7.771763106187803,70.5094275422118,1,14.009702440037355,8.672341735027278,90.98643612601907,6.331519698916296,0.0,120.0,0.0,1.037069125234125,21.167968321016744,1,236,4,1,WAIT
highest_demand,93,132,08:00,120,90.51929745044441,6.972470958286511,83.5468264921579,2,5.506551095551186,38.43141406554297,76.06203483890584,0.0,0.0,120.0,0.0,2.9995079744104145,16.9218376206939,0,186,3,2,WAIT
highest_demand,94,132,08:00,120,47.11883727755204,8.634207603514014,38.484629674038025,1,3.155330852696041,78.11605489192229,37.65935960204624,1.0692546533354346,0.0,120.0,0.0,12.968544924691761,11.700619656776855,1,138,2,2,WAIT
highest_demand,95,132,08:00,120,164.1196669510013,8.115276385647032,156.00439056535427,3,5.620208783938307,34.1609635946956,76.35679632509296,3.8620312962731447,0.0,120.00000000000001,-1.4210854715202004e-14,2.9604818322126625,20.22602212677886,1,186,4,2,WAIT
highest_demand,96,132,08:00,120,120.54357135317302,12.644719153867257,107.89885219930576,2,10.497427809942426,78.11605489192229,27.98216375697892,3.404353541156354,0.0,119.99999999999999,1.4210854715202004e-14,12.968544924691761,23.159224086357547,1,138,4,2,WAIT
highest_demand,97,132,08:00,120,90.30758334574669,7.970554313298197,82.3370290324485,2,5.683949323846017,45.92908677427483,64.0448650563782,4.342098845500942,0.0,119.99999999999999,1.4210854715202004e-14,4.312996794584106,18.460015529125027,1,107,4,2,WAIT
highest_demand,98,132,08:00,120,113.80762713991723,7.7112037748278635,106.09642336508936,2,0.5959449823491756,41.27809631911923,78.12595869853158,0.0,0.0,119.99999999999997,2.842170943040401e-14,4.196664408615842,17.835346376606626,0,236,3,2,WAIT
highest_demand,99,132,08:00,120,94.64309727923894,8.912851797775723,85.73024548146321,3,3.7314606589528774,29.304235501611835,86.96430383943529,0.0,0.0,120.0,0.0,6.055385694381822,19.409905156405962,0,234,4,2,WAIT
highest_demand,100,132,08:00,120,85.12119510684674,6.322759754705888,78.79843535214086,1,3.2904785052409906,17.952292988229097,79.73974430815343,19.01748419837648,0.0,120.0,0.0,1.3746755723259012,16.69035229826235,1,186,2,1,WAIT
highest_demand,101,132,08:00,120,92.13585662076656,11.053156332358562,81.082700288408,2,13.916094302829375,84.35720536842459,18.582332845553896,3.1443674831921555,0.0,120.00000000000001,-1.4210854715202004e-14,12.010630705600065,19.56981595828154,1,138,4,3,WAIT
highest_demand,102,132,08:00,120,36.67629592454463,8.488294573773507,28.188001350771124,1,4.98451399777074,77.83043805184505,33.458354314027616,3.726693636356572,0.0,119.99999999999997,2.842170943040401e-14,12.968544924691761,11.28372528608969,1,138,2,2,WAIT
highest_demand,103,132,08:00,120,94.7653065301405,7.755267173609863,87.01003935653064,2,10.525510817200873,27.399718881325086,82.07477030147405,0.0,0.0,120.0,0.0,2.866424934993318,19.291481275320578,0,236,4,2,WAIT
highest_demand,104,132,08:00,120,103.01715386307944,8.169858860667741,94.8472950024117,3,6.453803165651907,46.28947997040002,67.25671686394807,0.0,0.0,120.0,0.0,3.651297014603892,19.69115687301823,0,186,4,3,WAIT
highest_demand,105,132,08:00,120,122.56449985931735,9.866851909620635,112.69764794969672,3,13.644950447792764,27.04800290896305,79.30704664324418,0.0,0.0,120.0,0.0,2.444546014285989,25.746459441772974,0,161,6,2,WAIT
highest_demand,106,132,08:00,120,86.21851781138962,6.131947566910446,80.08657024447918,1,1.5743732670270258,15.334183558090318,103.09144317488264,0.0,0.0,119.99999999999999,1.4210854715202004e-14,2.0341977697067604,15.485652421465943,0,239,2,2,WAIT
highest_demand,107,132,08:00,120,91.86472817776504,10.364232512130911,81.50049566563413,3,10.362717447456115,29.312793571932676,72.85794923040908,7.466539750202159,0.0,120.00000000000003,-2.842170943040401e-14,8.321852223022558,21.290240668780047,1,138,5,2,WAIT
highest_demand,108,132,08:00,120,108.82002165969234,8.20236523918364,100.61765642050871,3,15.410386601527371,35.692803400806824,68.8968099976658,0.0,0.0,120.0,0.0,3.110070132176654,20.32525912263375,0,113,6,2,WAIT
highest_demand,109,132,08:00,120,80.74058021908336,7.781438640189892,72.95914157889347,3,8.256527382505816,41.82104131945705,51.49776982509751,18.424661472939633,0.0,120.00000000000001,-1.4210854715202004e-14,3.7419302020792578,18.490751627034722,1,186,4,2,WAIT
highest_demand,110,132,08:00,120,77.00819831987579,6.989721855074617,70.01847646480117,1,0.3414837548155571,20.116220691432012,86.21515072200656,13.327144831745883,0.0,120.00000000000001,-1.4210854715202004e-14,2.1314733431879076,17.839160528453856,1,186,2,1,WAIT
highest_demand,111,132,08:00,120,83.16269631437463,6.687883287917982,76.47481302645664,2,7.965730724716829,8.672341735027278,103.36192754025589,0.0,0.0,120.0,0.0,1.037069125234125,18.071168840245825,0,237,4,1,WAIT
highest_demand,112,132,08:00,120,119.38263685057044,7.802148824765132,111.58048802580531,4,11.689602382146319,50.47566350760329,51.79614890257174,6.038585207678679,0.0,120.00000000000001,-1.4210854715202004e-14,4.709719417886796,17.582134367156442,1,186,6,4,WAIT
highest_demand,113,132,08:00,120,81.08989690153369,9.056942959014116,72.03295394251958,1,1.7437435976506568,32.562777993327536,60.98711347768137,24.70636493134043,0.0,120.0,0.0,3.8810620735341774,21.9959178093633,1,186,2,1,WAIT
highest_demand,114,132,08:00,120,94.17316358809555,12.328921779949672,81.84424180814588,2,4.044759160894939,57.87537278486009,58.079868054244955,0.0,0.0,119.99999999999999,1.4210854715202004e-14,11.335566780540754,23.88992401931546,0,138,3,2,WAIT
highest_demand,115,132,08:00,120,109.52562532044617,7.655821522041909,101.86980379840426,2,6.0745735119255855,35.92296707669426,71.46053740588673,6.541922005493433,0.0,120.0,0.0,2.8965563100992013,18.977219467163398,1,186,3,2,WAIT
highest_demand,116,132,08:00,120,89.51790547009023,8.622106094065867,80.89579937602436,2,13.854403699958386,38.7455553754329,66.83419725468436,0.5658436699243623,0.0,120.0,0.0,3.5030919442708086,21.131496895917383,1,249,4,1,WAIT
highest_demand,117,132,08:00,120,82.85118497919262,7.8314885615789205,75.0196964176137,1,2.6773795715861475,78.11605489192229,39.184882667764505,0.02168286872706915,0.0,120.00000000000001,-1.4210854715202004e-14,12.968544924691761,9.407136679819443,1,138,2,2,WAIT
highest_demand,118,132,08:00,120,105.65360808369086,9.81286163066044,95.84074645303042,3,11.732005165370536,52.880754564512024,55.38724027011743,0.0,0.0,119.99999999999999,1.4210854715202004e-14,8.15973730351301,19.877010212659677,0,138,5,2,WAIT
highest_demand,119,132,08:00,120,61.628130497684666,5.955877966858886,55.67225253082578,1,7.023472217012937,39.114452462124184,49.261668654144145,24.600406666718726,0.0,120.0,0.0,6.4842724623458805,10.53252172867951,1,186,3,1,WAIT
highest_demand,120,132,08:00,120,88.2634272124146,7.049147925722503,81.21427928669209,2,6.8300947106172565,20.339773576080233,92.8301317133025,0.0,0.0,120.0,0.0,1.6248324020845133,18.51559024283692,0,163,4,1,WAIT
highest_demand,121,132,08:00,120,62.04276229673936,6.82170050017217,55.22106179656719,1,1.9799928365870851,18.687093303484296,86.72765872858523,12.605255131343398,0.0,120.0,0.0,1.4041933469266459,18.086379510708127,1,186,2,1,WAIT
highest_demand,122,132,08:00,120,117.04434805913814,9.0589775344788,107.98537052465934,3,10.517033848021672,51.980329265555426,54.02224221641286,3.4803946700100568,0.0,120.00000000000001,-1.4210854715202004e-14,5.0214074497865395,20.861385505867176,1,162,4,2,WAIT
highest_demand,123,132,08:00,120,66.94130606130237,8.732082378711361,58.20922368259101,1,8.803628917434137,46.94236208593985,64.25400899662603,0.0,0.0,120.00000000000001,-1.4210854715202004e-14,7.130443037480166,17.818363758838007,0,138,3,2,WAIT
highest_demand,124,132,08:00,120,81.84416567442906,9.556829405784093,72.28733626864496,1,3.1084955539562005,66.2664718919884,50.6250325540554,0.0,0.0,120.0,0.0,8.720513642282624,18.584713231386218,0,138,2,2,WAIT
highest_demand,125,132,08:00,120,104.40681959101967,7.754153470622214,96.65266612039746,2,12.540417517653772,28.533602235543036,78.92598024680318,0.0,0.0,119.99999999999999,1.4210854715202004e-14,3.0434952693641324,19.111228932413624,0,163,4,1,WAIT
highest_demand,126,132,08:00,120,78.86495763181672,7.803014628845354,71.06194300297136,1,10.287804797128734,27.53349240256558,82.17870280030569,0.0,0.0,120.0,0.0,4.54089199937273,17.753435511613997,0,138,3,1,WAIT
highest_demand,127,132,08:00,120,84.52380661690576,7.828263177850987,76.69554343905477,2,6.301319251294313,52.526948710915015,61.171732037790676,0.0,0.0,120.0,0.0,6.977427391510972,15.389038830920418,0,138,3,2,WAIT
highest_demand,128,132,08:00,120,85.29646274291812,7.980685416469083,77.31577732644904,2,10.871798375530423,22.034110275041993,64.26664334027971,22.827448009147872,0.0,120.0,0.0,2.4763336971048098,20.325624635664,1,186,4,2,WAIT
highest_demand,129,132,08:00,120,82.10837498427993,8.47604914414365,73.63232584013629,1,1.4474798148871106,32.562777993327536,66.57661219139337,19.413130000391973,0.0,119.99999999999999,1.4210854715202004e-14,3.8810620735341774,20.33622119544768,1,186,2,1,WAIT
highest_demand,130,132,08:00,120,128.07328327418458,9.437159615080635,118.63612365910394,3,7.411586288751302,53.56891442442273,59.01949928682596,0.0,0.0,120.0,0.0,6.428762138438729,20.534551047505946,0,138,4,3,WAIT
highest_demand,131,132,08:00,120,91.61839774102377,8.369000215905661,83.24939752511811,2,9.239937307884707,25.51865792301724,80.09157876610836,5.149826002989698,0.0,120.0,0.0,3.0080238219487234,20.903405366353166,1,249,4,1,WAIT
highest_demand,132,132,08:00,120,79.87980538226363,8.686067601952935,71.1937377803107,1,4.7041970936983155,37.04349080580259,70.48928406890901,7.763028031590082,0.0,120.0,0.0,6.154010038398844,18.66332596718097,1,138,2,1,WAIT
highest_demand,133,132,08:00,120,78.7730278294538,7.927841367024392,70.84518646242941,2,6.254980478268583,35.57561269339109,78.1694068283403,0.0,0.0,119.99999999999997,2.842170943040401e-14,2.9615431263667045,19.689432207988705,0,186,3,2,WAIT
highest_demand,134,132,08:00,120,106.20875036360019,9.998658726491193,96.210091637109,2,3.1921947564551516,66.71954302496694,50.08826221857791,0.0,0.0,120.0,0.0,8.548780939434984,20.018815421968426,0,138,3,3,WAIT
highest_demand,135,132,08:00,120,82.77146863297382,8.384631395696328,74.38683723727749,1,5.534027127781757,36.816934994171646,71.70691030918115,5.942127568865445,0.0,120.0,0.0,6.116372474856479,17.83971722713303,1,138,2,1,WAIT
highest_demand,136,132,08:00,120,93.6015247978303,7.837880472751439,85.76364432507886,2,4.450776882588078,37.317436743336096,78.23178637407582,0.0,0.0,120.0,0.0,4.080564394598257,18.313379813262998,0,236,3,2,WAIT
highest_demand,137,132,08:00,120,61.36436238952141,9.040603965250295,52.32375842427112,2,9.553856178543846,47.73193939202324,62.7142044294329,0.0,0.0,119.99999999999999,1.4210854715202004e-14,7.210783800212744,18.619513243359528,0,138,3,2,WAIT
highest_demand,138,132,08:00,120,115.31890352192713,7.933607790566961,107.38529573136016,3,4.07727772555421,35.00881050333126,80.91391177111453,0.0,0.0,120.0,0.0,3.3751227389114264,19.29232809127989,0,234,4,2,WAIT
highest_demand,139,132,08:00,120,100.48961833339297,8.637131612292526,91.85248672110045,2,12.68335105655552,36.75034472023076,69.69063759344796,0.8756666297657603,0.0,120.0,0.0,3.2114103103802227,21.466108581884136,1,113,5,1,WAIT
highest_demand,140,132,08:00,120,105.77856747002869,7.265505523370331,98.51306194665835,3,15.430167685869431,29.043125916545474,75.52670639758509,0.0,0.0,120.0,0.0,2.2851475322469716,18.473439677382547,0,170,6,2,WAIT
highest_demand,141,132,08:00,120,85.82574220327943,7.53467794197479,78.29106426130464,1,2.8337244235459993,28.74239981138608,88.42387576506792,0.0,0.0,120.0,0.0,3.0434952693641324,18.484155993420984,0,186,2,1,WAIT
highest_demand,142,132,08:00,120,115.27190336465941,10.365370441653928,104.90653292300549,4,12.471414000412786,84.41341465167105,23.11517134791616,0.0,0.0,119.99999999999999,1.4210854715202004e-14,10.258500890477737,19.356843228533492,0,138,6,5,WAIT
highest_demand,143,132,08:00,120,106.07760902151996,9.395944875034095,96.68166414648587,2,2.471266505817953,44.33377623855097,73.19495725563108,0.0,0.0,120.0,0.0,4.412217168875369,22.43333961693633,0,186,3,2,WAIT
highest_demand,144,132,08:00,120,0.0,0.0,0.0,0,0.0182630394115739,0.0,0.0,119.98173696058842,0.0,120.0,0.0,0.0,0.0,1,132,1,0,WAIT
highest_demand,145,132,08:00,120,89.09729064393845,11.422067790987109,77.67522285295134,1,4.348889289140294,71.68589232881575,42.58519821308868,1.3800201689552694,0.0,120.0,0.0,10.365334535880057,22.269144866940255,1,138,2,2,WAIT
highest_demand,146,132,08:00,120,80.27775087526838,9.224008222049111,71.05374265321927,2,3.366852654715929,59.03381577434125,54.67419729439624,2.9251342765465864,0.0,120.0,0.0,8.214892340844493,18.13941686501011,1,138,3,2,WAIT
highest_demand,147,132,08:00,120,87.86448441245658,6.267279458501926,81.59720495395464,1,4.669632106137348,18.687093303484296,85.98943974469117,10.653834845687186,0.0,120.0,0.0,1.4041933469266459,16.502319391650285,1,186,2,1,WAIT
highest_demand,148,132,08:00,120,141.81973545643612,9.372738858091582,132.44699659834453,4,13.114998105092107,51.97147609408138,54.91352580082652,0.0,0.0,120.00000000000001,-1.4210854715202004e-14,4.96199029295223,21.817263587309437,0,48,6,3,WAIT
highest_demand,149,132,08:00,120,47.32694902632213,8.646628999811837,38.680320026510294,1,2.503094188214379,77.83043805184505,34.83579993013533,4.830667829805236,0.0,120.0,0.0,12.968544924691761,11.73610936048492,1,138,2,2,WAIT
highest_demand,150,132,08:00,120,98.05989888147009,7.01859711933452,91.04130176213557,2,7.358603175938956,26.494221282438488,81.23815820128792,4.909017340334628,0.0,119.99999999999999,1.4210854715202004e-14,2.4117446975600263,17.641389929110034,1,236,4,2,WAIT
highest_demand,151,132,08:00,120,69.85457994268914,9.433054570722149,60.42152537196699,1,9.038214709479721,56.001000639818756,50.3354391707178,4.625345479983707,0.0,119.99999999999997,2.842170943040401e-14,8.484719628931405,18.466864858846165,1,138,3,2,WAIT
highest_demand,152,132,08:00,120,149.000004740372,8.07218472308925,140.92782001728273,2,3.417911644896006,28.74239981138608,75.59075585569826,12.24893268801965,0.0,120.0,0.0,3.0434952693641324,20.01988965374801,1,186,3,1,WAIT
highest_demand,153,132,08:00,120,79.6990714943622,9.57768075790188,70.12139073646031,1,0.8316115782625496,57.9078721598362,58.296294113842826,2.9642221480584254,0.0,120.00000000000001,-1.4210854715202004e-14,7.888465809272526,19.47633635616142,1,138,2,2,WAIT
highest_demand,154,132,08:00,120,105.43142076458659,7.424819820237396,98.0066009443492,2,11.450913398431211,28.368051873838148,80.18103472773063,0.0,0.0,120.0,0.0,2.379575099512662,18.834195815451327,0,237,4,2,WAIT
highest_demand,155,132,08:00,120,88.28172758389407,6.972979405514712,81.30874817837936,2,6.6808686322344295,18.815118315533724,94.50401305223184,0.0,0.0,120.0,0.0,1.4041933469266459,18.51860495454396,0,234,4,1,WAIT
highest_demand,156,132,08:00,120,89.32353651331205,6.722795205573094,82.60074130773896,1,1.272910260653823,26.8922096753175,67.81635922719147,24.01852083683721,0.0,120.0,0.0,2.236241179936743,16.97174512170067,1,186,2,1,WAIT
highest_demand,157,132,08:00,120,81.7333119099483,9.413826927041509,72.31948498290679,1,1.1957867488512626,57.86843352282588,60.05886949961932,0.8769102287035366,0.0,120.0,0.0,7.888465809272526,19.008182553703215,1,138,2,2,WAIT
highest_demand,158,132,08:00,120,71.78732792259179,8.890599295112272,62.89672862747951,1,3.2920127804127746,56.28661747989599,58.75758737254117,1.6637823671500769,0.0,120.0,0.0,8.484719628931405,16.916992642817945,1,138,2,2,WAIT
highest_demand,159,132,08:00,120,117.62199451335582,7.6374992024470565,109.98449531090876,3,11.817471312911508,42.413992453435036,65.76853623365348,0.0,0.0,120.00000000000003,-2.842170943040401e-14,4.433990703153378,17.3874355895525,0,162,5,3,WAIT
highest_demand,160,132,08:00,120,101.2785520598134,9.804852529667821,91.47369953014558,2,4.53457278162716,19.97512252709047,78.87214147363379,16.618163217648586,0.0,120.00000000000001,-1.4210854715202004e-14,5.18155674214191,22.83230762833758,1,79,3,1,WAIT
highest_demand,161,132,08:00,120,76.02641225077446,8.181336348196938,67.84507590257752,1,1.4573861137064594,48.22124332177903,65.72618866658583,4.595181897928697,0.0,120.00000000000001,-1.4210854715202004e-14,7.144587592508339,16.230659116625773,1,138,2,2,WAIT
highest_demand,162,132,08:00,120,94.95286948084114,7.401352288164464,87.55151719267668,2,21.025779399891796,17.82187954741121,81.15234105269701,0.0,0.0,120.00000000000001,-1.4210854715202004e-14,1.3746755723259012,19.772045251001142,0,231,7,1,WAIT
highest_demand,163,132,08:00,120,88.38888488223323,8.772567579345441,79.61631730288778,1,6.820395189622007,57.62225531975898,55.557349490619025,0.0,0.0,120.0,0.0,7.888465809272526,17.17601298885731,0,138,3,2,WAIT
highest_demand,164,132,08:00,120,76.9989908839029,7.65942811554509,69.33956276835781,1,6.1009182613927555,37.08634671139178,76.81273502721547,0.0,0.0,120.0,0.0,6.116372474856479,15.767707855272352,0,138,2,1,WAIT
highest_demand,165,132,08:00,120,107.543615267163,6.7496480907780185,100.79396717638498,2,7.415009138958569,28.1887553608991,84.39623550014232,0.0,0.0,120.0,0.0,2.3302024298451833,16.954506400949157,0,237,3,2,WAIT
highest_demand,166,132,08:00,120,65.38284475330462,8.912312412918666,56.47053234038596,1,2.4189961572085186,57.9078721598362,56.39801428221564,3.2751174007396315,0.0,119.99999999999999,1.4210854715202004e-14,7.888465809272526,17.575283941923665,1,138,2,2,WAIT
highest_demand,167,132,08:00,120,90.28676370868783,10.308007079014864,79.97875662967297,2,4.587550513517642,58.147890662670534,52.98321558221975,4.281343241592069,0.0,119.99999999999999,1.4210854715202004e-14,8.86411958555724,20.587329211628088,1,138,3,2,WAIT
highest_demand,168,132,08:00,120,53.6967775117439,8.694124861709193,45.00265265003471,1,2.6767257209292343,78.11605489192229,39.20721938714848,0.0,0.0,120.0,0.0,12.968544924691761,11.871811823048795,0,138,2,2,WAIT
highest_demand,169,132,08:00,120,111.98543852446949,9.79269616160754,102.19274236286195,2,4.5600725781772,78.11605489192229,35.05001565205916,2.2738568778413537,0.0,120.0,0.0,12.968544924691761,15.010586965615497,1,138,3,2,WAIT
highest_demand,170,132,08:00,120,86.07422160517216,6.949145006562831,79.12507659860933,1,0.8968589984273257,18.687093303484296,87.54833282823108,12.867714869857295,0.0,120.0,0.0,1.4041933469266459,18.4505066718243,1,186,2,1,WAIT
highest_demand,171,132,08:00,120,94.71297318334442,8.524369359523918,86.1886038238205,3,12.556053685012202,37.27787388685756,70.16607242813024,0.0,0.0,120.0,0.0,2.8083866938532918,21.546954333357906,0,231,5,2,WAIT
highest_demand,172,132,08:00,120,89.01528740805679,10.604560353494618,78.41072705456217,2,6.296905263773477,41.6222112875567,70.38132515578502,1.699558292884788,0.0,119.99999999999999,1.4210854715202004e-14,4.723972394284777,25.574771472842702,1,186,3,2,WAIT
highest_demand,173,132,08:00,120,93.2085953796313,10.505259306971677,82.70333607265962,2,8.220325706526111,51.41087700037846,60.36879729309542,0.0,0.0,120.0,0.0,5.873658056287584,24.141368535060067,0,236,4,2,WAIT
highest_demand,174,132,08:00,120,103.26015019935022,7.292423866469277,95.96772633288094,2,11.428689357066936,18.551341946362943,90.01996869657012,0.0,0.0,120.0,0.0,1.4041933469266459,19.431303414414145,0,163,4,1,WAIT
highest_demand,175,132,08:00,120,86.02902879041052,8.789366267928445,77.23966252248208,1,2.2539545982785207,37.31456036852962,75.14586307605184,5.285621957140009,0.0,119.99999999999999,1.4210854715202004e-14,6.154010038398844,18.958465012825286,1,138,2,1,WAIT
highest_demand,176,132,08:00,120,105.59752371278931,6.639869759379119,98.95765395341019,3,19.999321675205234,27.560089377000786,72.44058894779398,0.0,0.0,120.0,0.0,2.0645084770891042,16.906547978279807,0,246,6,2,WAIT
highest_demand,177,132,08:00,120,94.62753227916548,9.659335734270233,84.96819654489525,2,3.531376111613187,77.26774875589393,38.74311354672666,0.45776158576623516,0.0,120.00000000000001,-1.4210854715202004e-14,9.483780436756295,18.11432166115866,1,138,3,3,WAIT
highest_demand,178,132,08:00,120,99.9617392025673,11.073422350739282,88.88831685182802,2,5.889938520903061,49.33981508182911,61.20198173723945,3.568264660028362,0.0,119.99999999999999,1.4210854715202004e-14,10.024454821915757,21.61389475162505,1,138,3,2,WAIT
highest_demand,179,132,08:00,120,102.00010696610477,7.630244189658797,94.36986277644597,3,8.682963265817568,33.42207412530996,77.29413644437253,0.6008261644999493,0.0,120.0,0.0,2.7344027783592884,19.066294906380133,1,186,4,3,WAIT
highest_demand,180,132,08:00,120,78.32087521103884,9.427625620321923,68.89324959071692,2,7.847455481236031,45.90392058089225,65.99011216720328,0.25851177066843434,0.0,120.0,0.0,5.4933527728168805,21.442720428102902,1,107,3,2,WAIT
highest_demand,181,132,08:00,120,112.72926189349373,7.8314239298763555,104.89783796361738,2,6.066297129544642,28.533602235543036,85.40010063491232,0.0,0.0,120.0,0.0,3.0434952693641324,19.332001673139743,0,162,4,1,WAIT
highest_demand,182,132,08:00,120,92.28724732336096,6.293330204065435,85.99391711929552,1,1.289935428748477,18.815118315533724,99.8949462557178,0.0,0.0,120.0,0.0,1.4041933469266459,16.576750093260312,0,186,2,1,WAIT
highest_demand,183,132,08:00,120,99.00526915926402,7.845054017559692,91.16021514170433,1,6.171750523089929,36.816934994171646,69.3139669445178,7.697347538220626,0.0,120.0,0.0,6.116372474856479,16.298067575314068,1,138,3,1,WAIT
highest_demand,184,132,08:00,120,105.04680176629061,7.663176080485353,97.38362568580526,3,9.380214087909868,17.50442675083508,93.11535916125504,0.0,0.0,120.0,0.0,1.716739272990511,20.178049528396212,0,163,4,2,WAIT
highest_demand,185,132,08:00,120,119.08813611946867,7.473467965463599,111.61466815400507,3,12.524529404242166,35.14047885235818,72.33499174339967,0.0,0.0,120.00000000000001,-1.4210854715202004e-14,2.7764857847359545,18.576279830874334,0,170,6,3,WAIT
highest_demand,186,132,08:00,120,90.84835764489301,8.253641572489979,82.59471607240303,2,8.370529482043933,44.967493569023816,65.5214867120669,1.1404902368653467,0.0,120.0,0.0,3.610916752262644,19.970916311994444,1,186,3,2,WAIT
highest_demand,187,132,08:00,120,81.15702752646934,9.580703339307593,71.57632418716175,2,4.9351266401145475,80.49128855007751,34.57358480980794,0.0,0.0,120.0,0.0,10.226202664425138,17.147235447882274,0,138,3,3,WAIT
highest_demand,188,132,08:00,120,113.5732428799591,8.899559392501848,104.67368348745725,3,4.04651639208044,52.94227231514198,61.21835170169572,1.7928595910818785,0.0,120.00000000000001,-1.4210854715202004e-14,4.151161357061856,21.276151192943427,1,186,4,3,WAIT
highest_demand,189,132,08:00,120,99.25806853077773,6.727812370904187,92.53025615987355,2,8.93411267724329,9.03075740137676,102.03512992137996,0.0,0.0,120.00000000000001,-1.4210854715202004e-14,0.6603151301624585,18.562005929563792,0,233,4,1,WAIT
highest_demand,190,132,08:00,120,74.17033106542279,7.612097098822862,66.55823396659993,1,5.8464699643854505,28.74239981138608,76.94877864524653,8.462351578981924,0.0,119.99999999999999,1.4210854715202004e-14,3.0434952693641324,18.705353584415477,1,186,2,1,WAIT
highest_demand,191,132,08:00,120,45.46458994037107,6.391844515641957,39.07274542472911,2,10.016205540784702,47.74340567528918,53.147984357426346,9.092404426499783,0.0,120.00000000000001,-1.4210854715202004e-14,7.327182783096481,10.935230118737687,1,186,4,2,WAIT
highest_demand,192,132,08:00,120,91.28715177678932,6.657488057314592,84.62966371947472,2,9.463062964278713,18.687093303484296,88.10812881475344,3.7417149174835345,0.0,119.99999999999999,1.4210854715202004e-14,1.4041933469266459,17.617201102543618,1,48,4,1,WAIT
highest_demand,193,132,08:00,120,110.73434868778149,9.521384106237717,101.21296458154377,3,11.179889330565846,47.58529707487716,47.435420026155384,13.799393568401598,0.0,119.99999999999999,1.4210854715202004e-14,7.246065219231014,19.957889370019608,1,186,5,3,WAIT
highest_demand,194,132,08:00,120,99.55257270376161,7.188735162004455,92.36383754175716,2,4.438975482738333,8.672341735027278,106.88868278223438,0.0,0.0,120.0,0.0,1.037069125234125,19.502174194778604,0,238,3,1,WAIT
highest_demand,195,132,08:00,120,71.57953396295258,9.461300526084209,62.11823343686837,1,0.6689780538354613,56.001000639818756,56.533262656965086,6.796758649380706,0.0,120.0,0.0,8.484719628931405,18.54756758845205,1,138,2,2,WAIT
highest_demand,196,132,08:00,120,84.33998334854425,7.155527928451369,77.18445542009289,1,10.412223692956971,28.74239981138608,74.26542243571531,6.579954059941642,0.0,120.0,0.0,3.0434952693641324,17.400870240496925,1,186,3,1,WAIT
highest_demand,197,132,08:00,120,68.6649491346947,7.615010911465532,61.04993822322916,1,1.2855708840035651,17.174299712684448,96.14034227908692,5.399787124225071,0.0,120.0,0.0,2.0004471665855252,19.75672686617314,1,186,2,1,WAIT
highest_demand,198,132,08:00,120,49.0961524980589,7.984447558740637,41.11170493931826,1,1.9698760927013588,78.11605489192229,37.53317560418342,2.380893411192943,0.0,120.0,0.0,12.968544924691761,9.844162385995775,1,138,2,2,WAIT
highest_demand,199,132,08:00,120,111.10961505942333,8.136025946103233,102.9735891133201,2,17.773985691931944,45.694728023471484,53.11747858530339,3.413807699293187,0.0,120.0,0.0,4.281280752340311,18.964507665097496,1,186,5,2,WAIT
highest_demand,200,132,08:00,120,112.5235147365295,7.317978005847664,105.20553673068184,3,15.840953517526115,17.806662315795435,79.68672209501996,6.665662071658488,0.0,120.0,0.0,1.5032254509130585,19.40528313722313,1,162,6,2,WAIT
highest_demand,201,132,08:00,120,70.42992783289776,7.851787959719431,62.57813987317833,1,2.0169018328330757,37.31456036852962,80.6685377986373,0.0,0.0,120.0,0.0,6.154010038398844,16.27966984651382,0,138,2,1,WAIT
highest_demand,202,132,08:00,120,92.23533068139633,7.189785081425663,85.04554559997067,2,17.424519126398188,19.970087517338776,82.60539335626302,0.0,0.0,119.99999999999999,1.4210854715202004e-14,2.1314733431879076,18.4107697465997,0,161,5,1,WAIT
highest_demand,203,132,08:00,120,114.96476196147835,9.85838740947923,105.10637455199911,3,10.730307585863274,51.12242465626632,58.14726775787041,0.0,0.0,120.0,0.0,5.9115102060057145,22.25531096393494,0,170,5,3,WAIT
highest_demand,204,132,08:00,120,90.37902722818077,6.235176850202718,84.14385037797805,1,5.902510770755419,20.339773576080233,84.08439222423871,9.673323428925642,0.0,120.0,0.0,1.6248324020845133,16.18995859849468,1,186,2,1,WAIT
highest_demand,205,132,08:00,120,92.6693791287357,6.000833307408728,86.66854582132697,1,4.221377571816853,8.683929606310135,88.8113639772613,18.283328844611717,0.0,120.0,0.0,0.8738289522399111,16.271409068927884,1,186,2,1,WAIT
highest_demand,206,132,08:00,120,87.71150200520081,8.516143634142997,79.19535837105782,2,4.630035937712347,35.75512029568725,79.61484376660042,0.0,0.0,120.00000000000001,-1.4210854715202004e-14,3.963550679468005,20.368288275226277,0,237,3,2,WAIT
highest_demand,207,132,08:00,120,76.01146102961243,6.580691145838964,69.43076988377346,2,7.370789085842352,18.815118315533724,93.81409259862393,0.0,0.0,120.0,0.0,1.4041933469266459,17.397781355470396,0,90,3,1,WAIT
highest_demand,208,132,08:00,120,42.0745752305705,8.569750658961762,33.50482457160874,1,5.105936313925943,78.11605489192229,34.879486772544674,1.8985220216070928,0.0,119.99999999999999,1.4210854715202004e-14,12.968544924691761,11.516456958056132,1,138,2,2,WAIT
highest_demand,209,132,08:00,120,94.03679373975743,8.421523966692638,85.6152697730648,1,17.683132987027676,56.89124214335685,45.42562486961548,0.0,0.0,120.0,0.0,7.858948034671782,16.20254901302147,0,138,4,2,WAIT
highest_demand,210,132,08:00,120,73.18752207903292,6.520990976061157,66.66653110297176,1,5.1624768469386435,17.952292988229097,80.15829070371541,16.72693946111687,0.0,120.00000000000003,-2.842170943040401e-14,1.3746755723259012,17.256727216420263,1,186,2,1,WAIT
highest_demand,211,132,08:00,120,85.60326950472415,9.898349201180995,75.70492030354316,1,11.584693169553933,66.04910372079581,39.90879598367006,2.457407125980197,0.0,120.0,0.0,8.720513642282624,19.560484075377364,1,138,4,2,WAIT
highest_demand,212,132,08:00,120,95.07991619221171,7.794907264339977,87.28500892787173,2,3.4633329938668176,25.877968969454777,79.39928457329259,11.259413463385812,0.0,120.0,0.0,2.8433574873361254,19.42780612506381,1,186,3,2,WAIT
highest_demand,213,132,08:00,120,73.10659977597957,8.296774710217996,64.80982506576157,1,9.291523348301943,26.641433548091552,74.76913531740314,9.297907786203368,0.0,120.0,0.0,4.393771435950369,19.31129916467248,1,138,3,1,WAIT
highest_demand,214,132,08:00,120,72.02594579450795,8.099395553965355,63.926550240542596,1,1.2848433589801995,47.935626481701796,63.95411409421918,6.825416065098835,0.0,120.0,0.0,7.144587592508339,15.99654256167839,1,138,2,2,WAIT
highest_demand,215,132,08:00,120,120.87676495865188,7.605467345158455,113.27129761349342,3,1.9193066820791522,39.27972698247427,77.96417725993967,0.8367890755068998,0.0,120.0,0.0,3.7269818357867437,18.00292486466599,1,186,4,3,WAIT
highest_demand,216,132,08:00,120,56.76711050240254,8.253425075697178,48.51368542670536,2,3.5437218179734575,72.12284721157224,42.74792398630949,1.5855069841448142,0.0,120.0,0.0,11.980130218399548,11.601084283592394,1,138,3,2,WAIT
highest_demand,217,132,08:00,120,70.95695999070144,6.483686443780947,64.4732735469205,1,3.9510650572674555,9.146858013370395,106.90207692936215,0.0,0.0,120.0,0.0,0.6603151301624585,17.86450328064025,0,186,2,1,WAIT
highest_demand,218,132,08:00,120,118.29603955895205,6.979658609217069,111.31638094973498,3,21.290467782652435,29.26285482038263,69.44667739696493,0.0,0.0,120.0,0.0,2.2851475322469716,17.65673420837323,0,234,7,2,WAIT
highest_demand,219,132,08:00,120,63.46213447094926,9.290785782544717,54.17134868840454,1,0.14226029434263426,41.61756598209386,78.24017372356352,0.0,0.0,120.0,0.0,6.863672418971716,19.681429816870335,0,138,2,1,WAIT
highest_demand,220,132,08:00,120,75.09688472691982,6.669771421757014,68.4271133051628,1,2.7478267295732257,18.687093303484296,80.57195239444293,17.993127572499546,0.0,120.0,0.0,1.4041933469266459,17.652296429521968,1,186,2,1,WAIT
highest_demand,221,132,08:00,120,83.50066541169399,8.855342749651353,74.64532266204263,1,0.8388972168574296,41.61756598209386,77.5435368010487,0.0,0.0,120.0,0.0,6.863672418971716,18.437306865746436,0,138,2,1,WAIT
highest_demand,222,132,08:00,120,79.8438534595457,7.064266114951593,72.7795873445941,1,0.7724669952632425,17.174299712684448,96.00641794147566,6.046815350576651,0.0,120.0,0.0,2.0004471665855252,18.183170304704742,1,186,2,1,WAIT
highest_demand,223,132,08:00,120,122.67353117491223,10.39705400348668,112.27647717142554,2,9.810071877804804,30.387432814826234,76.60788948780434,3.1946058195646145,0.0,119.99999999999999,1.4210854715202004e-14,6.186456269328671,23.519412312061846,1,237,4,2,WAIT
highest_demand,224,132,08:00,120,95.33464274076428,8.732155874254211,86.60248686651008,1,3.6681013042733266,59.55203456772507,54.237499018007114,2.542365109994492,0.0,120.00000000000001,-1.4210854715202004e-14,8.109104864430394,16.839911919153067,1,138,2,2,WAIT
highest_demand,225,132,08:00,120,100.35172673033925,8.665856996008186,91.68586973433106,1,4.230456751579837,36.940736169860855,78.62209686484024,0.20671021371906306,0.0,120.0,0.0,3.2114103103802227,21.548181106786025,1,186,2,1,WAIT
highest_demand,226,132,08:00,120,106.63056378297675,7.653322492296495,98.97724129068025,3,6.173870496359552,27.26312231840054,86.56300718523991,0.0,0.0,120.0,0.0,2.441262472160771,19.42537322011493,0,161,4,2,WAIT
highest_demand,227,132,08:00,120,82.31805670676819,8.767130669073431,73.55092603769475,1,1.7818210273125312,25.70539333304748,77.06508745362692,15.44769818601307,0.0,120.0,0.0,3.0080238219487234,22.04092094683251,1,186,2,1,WAIT
highest_demand,228,132,08:00,120,44.9008968728956,1.8170448597496685,43.08385201314593,1,3.4166203046898986,20.560812416330474,24.951144363237166,71.07142291574246,0.0,120.0,0.0,5.18155674214191,0.01,1,132,2,1,WAIT
highest_demand,229,132,08:00,120,95.28350411978148,7.74365055639387,87.53985356338761,2,5.022679338910787,18.687093303484296,96.2902273576049,0.0,0.0,119.99999999999999,1.4210854715202004e-14,1.4041933469266459,20.720522528484416,0,68,3,1,WAIT
highest_demand,230,132,08:00,120,82.91842080319243,8.941324616308059,73.97709618688438,1,1.2107871676339024,59.55203456772507,54.694538193513495,4.542640071127536,0.0,120.00000000000001,-1.4210854715202004e-14,8.109104864430394,17.437536896449775,1,138,2,2,WAIT
highest_demand,231,132,08:00,120,97.39667493888678,7.931123591506992,89.46555134737979,3,12.560283716975876,44.5582130969742,62.881503186049926,0.0,0.0,120.0,0.0,3.8315552018882704,18.828797916703135,0,142,5,3,WAIT
highest_demand,232,132,08:00,120,63.66989920619727,8.712409979054302,54.95748922714297,1,1.0291396433611755,66.2664718919884,52.70438846465042,0.0,0.0,120.0,0.0,8.720513642282624,16.17208629787253,0,138,2,2,WAIT
highest_demand,233,132,08:00,120,161.13632549214037,9.310759481457135,151.82556601068325,2,12.52597646336274,20.02738945134061,87.44663408529665,0.0,0.0,120.0,0.0,2.5763183335498865,24.0258516134705,0,236,4,1,WAIT
highest_demand,234,132,08:00,120,114.39606941693454,8.462695387565027,105.9333740293695,2,1.0716466639950464,47.53009416954613,71.39825916645881,0.0,0.0,120.0,0.0,4.447688616290778,19.731441062466445,0,186,3,2,WAIT
highest_demand,235,132,08:00,120,73.0361104927091,9.165994064845941,63.87011642786316,1,3.507029176851253,66.2664718919884,50.22649893116034,0.0,0.0,120.0,0.0,8.720513642282624,17.468040828705785,0,138,2,2,WAIT
highest_demand,236,132,08:00,120,108.32220344214643,9.801258244278678,98.52094519786775,2,4.226655436301118,32.562777993327536,83.21056657037134,0.0,0.0,120.0,0.0,3.8810620735341774,24.122532910119183,0,79,3,1,WAIT
highest_demand,237,132,08:00,120,97.62121866715168,8.075798191861722,89.54542047528996,1,6.426934381536084,26.641433548091552,82.84711143686417,4.084520633508191,0.0,120.0,0.0,4.393771435950369,18.67993768365455,1,138,3,1,WAIT
highest_demand,238,132,08:00,120,98.99976442627926,8.391380515162426,90.60838391111683,3,15.62347825128384,24.680319843752986,70.85787572999138,8.838326174971826,0.0,120.00000000000003,-2.842170943040401e-14,4.070339689636145,19.905033210827927,1,138,5,1,WAIT
highest_demand,239,132,08:00,120,70.67935816199166,8.77052572270472,61.90883243928694,1,2.1779071433821047,32.4390611058279,83.90993704382694,1.473094706963039,0.0,119.99999999999999,1.4210854715202004e-14,5.3499305823220356,19.70871433969145,1,138,2,1,WAIT
highest_demand,240,132,08:00,120,92.60082073673762,7.708685488459001,84.89213524827862,3,5.867731412950906,37.15047906538323,64.80577869461118,12.176010827054697,0.0,120.00000000000001,-1.4210854715202004e-14,2.931318107381257,19.093497573930176,1,186,4,3,WAIT
highest_demand,241,132,08:00,120,84.6781416548979,7.587764330385025,77.09037732451287,1,4.630139510007848,19.941746368870255,95.4281141211219,0.0,0.0,120.0,0.0,2.535515921903859,19.14381073633907,0,236,2,1,WAIT
highest_demand,242,132,08:00,120,76.80160177839437,9.44907493197251,67.35252684642187,2,7.528074196217755,65.77163416578352,46.66964432651811,0.03064731148060673,0.0,120.0,0.0,8.534636384406811,18.462720564086073,1,138,3,3,WAIT
highest_demand,243,132,08:00,120,89.97003754737868,8.874837435112482,81.0952001122662,1,1.0855900707897401,41.315237472763656,74.01027773369795,3.5888947227486483,0.0,120.0,0.0,6.863672418971716,18.49300596706395,1,138,2,1,WAIT
highest_demand,244,132,08:00,120,130.0485981915848,9.572337066664113,120.47626112492068,4,9.583044180667315,72.54311460078699,37.87384121854569,0.0,0.0,120.0,0.0,6.126930172824634,21.222604303358548,0,48,6,4,WAIT
highest_demand,245,132,08:00,120,92.18559745471651,9.710233658055428,82.47536379666109,3,9.127104966470204,61.92763950500674,45.85758905093605,3.087666477587007,0.0,119.99999999999999,1.4210854715202004e-14,6.309155863949993,21.434368873351232,1,186,5,3,WAIT
highest_demand,246,132,08:00,120,103.33029849134348,7.444433121273949,95.88586537006954,2,7.959022980481603,44.607923863486356,54.6510680194787,12.781985136553345,0.0,120.0,0.0,3.610916752262644,17.658892165662927,1,186,4,2,WAIT
highest_demand,247,132,08:00,120,95.27985903366135,8.230128674768665,87.04973035889269,1,11.668108761100678,47.95626446924607,56.4071621254661,3.9684646441871507,0.0,120.0,0.0,7.358101414585792,16.156551941896108,1,138,4,2,WAIT
highest_demand,248,132,08:00,120,89.8939354257152,8.164400500236647,81.72953492547855,2,23.324155379906834,36.672382232376876,51.16139887472548,8.84206351299082,0.0,120.0,0.0,3.2114103103802227,20.115448261724485,1,186,6,1,WAIT
highest_demand,249,132,08:00,120,116.30817275430114,8.956692680327384,107.35148007397376,2,8.470047426574771,32.562777993327536,78.72579652995366,0.24137805014403568,0.0,120.0,0.0,3.8810620735341774,21.709488441686922,1,234,4,1,WAIT
highest_demand,250,132,08:00,120,162.57733673178154,9.724494754085468,152.85284197769607,2,7.18673992038086,37.31456036852962,75.49869971108953,0.0,0.0,120.0,0.0,6.154010038398844,21.63026068755964,0,138,4,1,WAIT
highest_demand,251,132,08:00,120,86.79873580987746,9.077791094308395,77.72094471556906,2,1.4448142093349077,0.0,113.03377040885047,5.521415381814606,0.0,119.99999999999999,1.4210854715202004e-14,0.0,25.936545983738277,1,236,3,0,WAIT
highest_demand,252,132,08:00,120,103.41428015178789,6.678409998888202,96.7358701528997,2,13.958430974327264,26.8922096753175,79.14935935035524,0.0,0.0,120.0,0.0,2.236241179936743,16.84493024545812,0,161,4,1,WAIT
highest_demand,253,132,08:00,120,132.06236472026666,8.573984967394704,123.48837975287195,4,6.949690084630283,32.88435515678831,80.16595475858139,0.0,0.0,119.99999999999999,1.4210854715202004e-14,3.027569759915815,21.4695301469262,0,234,6,2,WAIT
highest_demand,254,132,08:00,120,75.70872625460899,8.657362825763984,67.05136342884501,2,5.350445994224679,77.28433305192064,37.36522095385466,0.0,0.0,119.99999999999999,1.4210854715202004e-14,12.831375291659114,11.903947067666556,0,138,3,2,WAIT
highest_demand,255,132,08:00,120,124.10022375427829,9.024184662172466,115.07603909210582,4,9.113258329306962,46.93517197560907,60.872655277485904,3.0789144175980567,0.0,120.0,0.0,4.059569654482324,21.723815094581862,1,161,5,3,WAIT
highest_demand,256,132,08:00,120,106.34597265545965,8.35770108401281,97.98827157144683,2,10.477470319663524,28.533602235543036,80.98892744479345,0.0,0.0,120.0,0.0,3.0434952693641324,20.835650684958186,0,231,4,1,WAIT
highest_demand,257,132,08:00,120,104.20747766657497,10.481923968745068,93.72555369782991,3,8.385320907485852,77.86237058153213,33.752308510982026,0.0,0.0,120.0,0.0,9.1801369782582,20.768217218156284,0,186,5,3,WAIT
highest_demand,258,132,08:00,120,93.9290112594261,10.063538358305774,83.86547290112033,3,8.961310490236675,27.182613247928458,75.52881327731485,8.327262984520004,0.0,119.99999999999999,1.4210854715202004e-14,4.544488827807294,24.2084779102092,1,170,5,2,WAIT
highest_demand,259,132,08:00,120,116.92363358706953,10.805401837448239,106.11823174962129,2,13.83449676417707,32.632003798395424,73.53349943742751,0.0,0.0,120.0,0.0,3.8810620735341774,26.991514604889364,0,236,5,1,WAIT
highest_demand,260,132,08:00,120,103.40209123177821,9.94317653465373,93.45891469712448,2,14.90845533287637,0.0,105.09154466712363,0.0,0.0,120.0,0.0,0.0,28.409075813296376,0,230,5,0,WAIT
highest_demand,261,132,08:00,120,60.97292083737234,7.96348526523591,53.00943557213643,1,1.2228054441798433,33.32388389611289,84.21831827004526,1.2349923896620112,0.0,120.0,0.0,5.495857756053667,17.25695728747751,1,138,2,1,WAIT
highest_demand,262,132,08:00,120,87.26243964651341,9.830773109674608,77.4316665368388,2,4.407155691226704,67.93805189446032,47.65479241431298,0.0,0.0,120.0,0.0,8.982933816670304,19.104989353828575,0,138,3,3,WAIT
highest_demand,263,132,08:00,120,120.78113338019676,9.04474906785382,111.73638431234295,3,10.519322433395294,44.111071382081285,60.86554921278418,4.504056971739246,0.0,120.00000000000001,-1.4210854715202004e-14,4.403222475397519,21.438917718470538,1,186,5,3,WAIT
highest_demand,264,132,08:00,120,101.5370125642881,9.396017372980399,92.14099519130771,2,2.623259358581735,41.189644087463826,76.18709655395443,0.0,0.0,120.0,0.0,5.9817968702746,20.863967052526544,0,138,3,2,WAIT
highest_demand,265,132,08:00,120,96.89627732507695,9.44812230011463,87.44815502496232,2,9.890785885501497,59.58681057570086,49.668971008322174,0.8534325304754589,0.0,119.99999999999999,1.4210854715202004e-14,8.189445627162971,18.805189516021684,1,138,4,2,WAIT
highest_demand,266,132,08:00,120,72.22902760551892,8.46803204547204,63.76099556004688,1,3.1835033164437605,32.562777993327536,69.5920169008117,14.661701789417009,0.0,120.0,0.0,3.8810620735341774,20.31331519924308,1,186,2,1,WAIT
highest_demand,267,132,08:00,120,136.07784889709816,8.084142105680035,127.99370679141813,3,14.10882926337781,43.36821764883205,62.52295308779014,0.0,0.0,120.0,0.0,3.5887737695658446,19.50877510380569,0,107,5,3,WAIT
highest_demand,268,132,08:00,120,91.10397463642761,8.467695782141723,82.63627885428589,1,0.8820966220239752,37.08634671139178,82.03155666658424,0.0,0.0,120.0,0.0,6.116372474856479,18.077044045548444,0,138,2,1,WAIT
highest_demand,269,132,08:00,120,94.70403377002569,8.188080817494876,86.51595295253081,2,5.951425293168336,38.7455553754329,75.30301933139876,0.0,0.0,120.0,0.0,3.5030919442708086,19.89142467714312,0,230,3,1,WAIT
highest_demand,270,132,08:00,120,100.65311761947365,7.273062584413428,93.38005503506022,2,10.513560880049623,37.366316127088865,62.07770155349185,10.042421439369676,0.0,120.00000000000001,-1.4210854715202004e-14,3.6252795686700385,17.154899243939756,1,186,4,2,WAIT
highest_demand,271,132,08:00,120,108.10942896519009,10.137938515685859,97.97149044950423,2,5.650788871066367,76.02429875537089,37.91172778169701,0.4131845918657291,0.0,120.0,0.0,10.10955203101592,18.855986585229388,1,138,3,3,WAIT
highest_demand,272,132,08:00,120,125.87744191152208,9.494448329838557,116.38299358168352,3,13.97748691328446,37.20594397057032,68.81656911614525,0.0,0.0,120.00000000000003,-2.842170943040401e-14,4.080564394598257,23.046430833511906,0,236,5,2,WAIT
highest_demand,273,132,08:00,120,89.30900262684472,9.160936749719305,80.14806587712542,3,4.545453771795433,38.711465594623604,76.74308063358097,0.0,0.0,120.00000000000001,-1.4210854715202004e-14,4.683447922503583,21.490657076694433,0,107,4,1,WAIT
highest_demand,274,132,08:00,120,70.70770635805958,7.64450692576474,63.063199432294844,3,9.378350081518526,64.92713810245161,45.694511816029845,0.0,0.0,119.99999999999999,1.4210854715202004e-14,8.701858355422381,13.13959000390545,0,186,4,3,WAIT
highest_demand,275,132,08:00,120,81.91507377412944,7.116267098578675,74.79880667555076,2,11.296522587535952,39.114452462124184,66.60817076911978,2.9808541812200815,0.0,120.0,0.0,6.4842724623458805,13.847919247878908,1,230,4,1,WAIT
highest_demand,276,132,08:00,120,71.11949820769055,9.061247021253147,62.05825118643741,1,2.8693488754601844,57.62225531975898,55.83809563249548,3.6703001722853656,0.0,120.00000000000001,-1.4210854715202004e-14,7.888465809272526,18.000811394307892,1,138,2,2,WAIT
highest_demand,277,132,08:00,120,124.23976674250636,9.533976557504419,114.70579018500194,2,5.675094460210137,49.33981508182911,64.98509045796075,0.0,0.0,120.0,0.0,10.024454821915757,17.215478199525442,0,138,3,2,WAIT
highest_demand,278,132,08:00,120,93.75292614745652,7.913983955453079,85.83894219200344,2,8.874789633331964,43.70979597331189,67.41541439335614,0.0,0.0,120.0,0.0,3.9994448542753647,18.61193787559058,0,186,4,2,WAIT
highest_demand,279,132,08:00,120,112.81939225423135,7.682976989600967,105.13641526463037,3,9.590597057378117,35.5942714484568,74.81513149416507,0.0,0.0,120.0,0.0,2.720703784290162,19.230659043141173,0,162,5,3,WAIT
highest_demand,280,132,08:00,120,95.95769424046571,8.80723476408676,87.15045947637896,2,4.485245593668331,17.174299712684448,98.34045469364722,0.0,0.0,120.0,0.0,2.0004471665855252,23.163080730805216,0,186,3,1,WAIT
highest_demand,281,132,08:00,120,85.79111610076001,9.519930127614478,76.27118597314553,1,9.342809977553397,67.68071846660226,42.976471555844356,0.0,0.0,120.00000000000001,-1.4210854715202004e-14,9.527767731710012,17.672032632902784,0,138,3,2,WAIT
highest_demand,282,132,08:00,120,85.16413131537266,6.654696984957598,78.50943433041506,2,6.715515780930994,18.687093303484296,94.5973909155847,0.0,0.0,119.99999999999999,1.4210854715202004e-14,1.4041933469266459,17.609226610095064,0,137,3,1,WAIT
highest_demand,283,132,08:00,120,91.19558502795523,9.553106624333996,81.64247840362124,1,3.551614923072373,56.001000639818756,56.74501979765893,3.7023646394499394,0.0,120.0,0.0,8.484719628931405,18.809870726308585,1,138,2,2,WAIT
highest_demand,284,132,08:00,120,116.35258011395557,7.71458674129591,108.63799337265966,3,14.569904039820353,44.873364718346124,60.556731241833525,0.0,0.0,120.0,0.0,4.034206651557421,18.007469752145177,0,186,5,3,WAIT
highest_demand,285,132,08:00,120,99.1684353238085,9.033491248646447,90.13494407516205,2,7.779470077078879,28.607546357059086,83.61298356586204,0.0,0.0,120.0,0.0,5.802463413610768,20.007511582521936,0,236,3,2,WAIT
highest_demand,286,132,08:00,120,74.36856603974081,7.1899220389073415,67.17864400083347,1,0.4716801049254674,28.74239981138608,78.92109287408442,11.86482720960403,0.0,120.0,0.0,3.0434952693641324,17.49913912751399,1,186,2,1,WAIT
highest_demand,287,132,08:00,120,97.50112685530306,7.491284832327034,90.00984202297602,2,7.286128421972657,17.057439436241665,95.65643214178569,0.0,0.0,120.0,0.0,2.0004471665855252,19.40322378292029,0,237,3,1,WAIT
highest_demand,288,132,08:00,120,202.275133758736,10.653301399236183,191.62183235949982,4,4.497532925900064,46.095508010289514,52.265597223928616,17.14136183988181,0.0,120.00000000000001,-1.4210854715202004e-14,4.285594698832497,26.15240929898517,1,186,5,3,WAIT
highest_demand,289,132,08:00,120,90.8555867104134,6.753010444142057,84.10257626627134,1,16.727549394974687,0.0,103.27245060502531,0.0,0.0,120.0,0.0,0.0,19.294315554691593,0,163,4,0,WAIT
highest_demand,290,132,08:00,120,84.99548256310062,7.255332858725645,77.74014970437497,2,8.131618414685974,33.67872232330971,78.18965926200431,0.0,0.0,120.0,0.0,3.227337146949412,17.502185306552434,0,186,3,2,WAIT
highest_demand,291,132,08:00,120,96.97301312343261,8.436410893834424,88.53660222959819,3,8.690777357765718,55.92056612548135,55.38865651675291,0.0,0.0,119.99999999999997,2.842170943040401e-14,7.858948034671782,16.245083090569427,0,231,4,2,WAIT
highest_demand,292,132,08:00,120,95.69318545634565,9.427695431661691,86.26549002468396,2,8.090899435883557,56.42001262099232,51.22617640918642,4.262911533937711,0.0,120.0,0.0,8.201011735336392,18.735260926554158,1,138,4,3,WAIT
highest_demand,293,132,08:00,120,98.35843073419659,7.518292891346025,90.84013784285057,2,6.926499460853027,38.70700127480528,66.76409171350745,7.602407550834258,0.0,120.00000000000001,-1.4210854715202004e-14,3.5356666901145535,17.945170142302665,1,186,3,2,WAIT
highest_demand,294,132,08:00,120,97.97366931000572,7.508461899372227,90.4652074106335,2,6.647008161861432,33.75111290761934,71.4741473123716,8.127731618147621,0.0,119.99999999999999,1.4210854715202004e-14,3.763650840924147,17.689097442996502,1,186,3,2,WAIT
highest_demand,295,132,08:00,120,75.00550227008864,7.140722782483439,67.8647794876052,1,4.410282783301051,20.479121077313867,95.11059613938508,0.0,0.0,120.0,0.0,1.6248324020845133,18.777232690725313,0,186,2,1,WAIT
highest_demand,296,132,08:00,120,78.40577864911285,6.585445220170752,71.82033342894209,1,4.4992320744667404,8.743423085281362,95.18489798254117,11.572446857710716,0.0,119.99999999999999,1.4210854715202004e-14,0.8738289522399111,17.941728819676523,1,186,2,1,WAIT
highest_demand,297,132,08:00,120,88.96730222792301,8.992379014004388,79.97492321391863,2,9.577413405972973,49.54527123169591,60.757767334405514,0.11954802792561736,0.0,120.00000000000001,-1.4210854715202004e-14,7.509842994106002,18.182668474477964,1,138,4,2,WAIT
highest_demand,298,132,08:00,120,87.5317670352199,8.699075713078084,78.83269132214181,2,3.1213981670718978,40.425742675141066,76.45285915778705,0.0,0.0,120.0,0.0,4.822436002875466,20.03206603449049,0,236,3,2,WAIT
highest_demand,299,132,08:00,120,121.69788071772783,9.09213164784628,112.60574906988154,3,10.535845292162572,65.63203994448409,43.832114763353346,0.0,0.0,120.00000000000001,-1.4210854715202004e-14,5.623376403360965,20.354142590485548,0,79,5,3,WAIT
highest_income,0,132,08:00,120,166.31760979904737,9.653831645538537,156.66377815350884,3,21.19776888266535,0.0,93.52669962428361,5.275531493051034,0.0,120.0,0.0,0.0,27.582376130110106,1,230,7,0,WAIT
highest_income,1,132,08:00,120,65.7447258677145,7.558733018012816,58.18599284970168,1,2.8720041561441363,33.80456294305196,83.32343290080391,0.0,0.0,120.0,0.0,5.57513253916503,16.02124751230016,0,138,2,1,WAIT
highest_income,2,132,08:00,120,42.11691901338421,8.754010947350691,33.36290806603352,1,4.398311517504623,56.50928892485943,15.495997139125585,43.596402418510365,0.0,120.0,0.0,14.02903538538622,10.982424464187185,1,132,2,2,WAIT
highest_income,3,132,08:00,120,156.7348122792127,13.878534772542775,142.85627750666993,2,4.5034950791890695,48.68374531334833,50.45489422737104,16.35786538009154,0.0,119.99999999999999,1.4210854715202004e-14,9.909480637255754,29.74347585572361,1,132,3,2,WAIT
highest_income,4,132,08:00,120,83.78973230945856,7.906213462614932,75.88351884684363,1,7.96819401796989,30.633933783155136,81.39787219887498,0.0,0.0,120.0,0.0,5.052224497764085,17.536956823992867,0,195,3,1,WAIT
highest_income,5,132,08:00,120,94.55001040178607,8.015514296749677,86.5344961050364,1,16.683588114015137,36.816934994171646,66.11241882517217,0.38705806664104614,0.0,120.0,0.0,6.116372474856479,16.785096944428314,1,138,4,1,WAIT
highest_income,6,132,08:00,120,44.6265563667455,8.886911401410977,35.73964496533452,1,10.863479530704165,56.50928892485943,26.55896881738154,26.068262727054858,0.0,120.0,0.0,14.02903538538622,11.36214004721657,1,132,3,2,WAIT
highest_income,7,132,08:00,120,51.764386115626955,9.438935022990949,42.32545109263601,1,4.67272237326741,57.21253272589051,53.861946361100024,4.252798539742045,0.0,119.99999999999999,1.4210854715202004e-14,14.02903538538622,12.93935039458792,1,132,2,2,WAIT
highest_income,8,132,08:00,120,131.75641222483225,13.633921460897163,118.12249076393508,2,11.055040368967152,53.864450125220806,55.08050950581205,0.0,0.0,120.0,0.0,8.84153325324248,30.11252806360656,0,226,4,3,WAIT
highest_income,9,132,08:00,120,90.82677323342202,8.320276176210323,82.50649705721169,2,6.875081401880583,19.97512252709047,93.14979607102896,0.0,0.0,120.00000000000001,-1.4210854715202004e-14,5.18155674214191,18.590660904173298,0,170,3,1,WAIT
highest_income,10,132,08:00,120,141.2604528166109,13.08585365858281,128.1745991580281,2,9.80299100925145,49.02730129984679,61.16970769090176,0.0,0.0,120.0,0.0,7.807982073913954,29.58017123632265,0,4,3,2,WAIT
highest_income,11,132,08:00,120,84.4538202834787,8.066891182553812,76.38692910092489,1,7.290237042318646,36.816934994171646,73.06140630737713,2.8314216561325907,0.0,120.0,0.0,6.116372474856479,16.93188804672584,1,138,3,1,WAIT
highest_income,12,132,08:00,120,71.78404773939138,8.949182749338444,62.834864990052935,1,5.0462285200396915,33.63589275272784,77.21683231383963,4.101046413392837,0.0,120.0,0.0,5.547315032160212,20.021778537378204,1,138,2,1,WAIT
highest_income,13,132,08:00,120,86.78065547385339,6.168241278326757,80.61241419552663,1,1.7719821567352316,0.0,118.22801784326477,0.0,0.0,120.0,0.0,0.0,17.623546509505022,0,230,2,0,WAIT
highest_income,14,132,08:00,120,104.18191735963157,10.841343290905257,93.34057406872631,2,11.524753569591427,57.114446996340504,51.36079943406807,0.0,0.0,120.0,0.0,11.225838024067258,19.749428521376334,0,93,4,2,WAIT
highest_income,15,132,08:00,120,72.94744263767012,7.706843687361433,65.2405989503087,1,11.795126116841988,23.00872960516973,85.19614427798828,0.0,0.0,120.0,0.0,3.794656872882214,18.224896519579026,0,195,4,1,WAIT
highest_income,16,132,08:00,120,73.4101872915655,7.517694429847339,65.89249286171817,1,19.86573075642972,43.31588950430636,37.854478822329895,18.963900916934023,0.0,120.0,0.0,7.239163253180994,14.239963689239977,1,93,5,1,WAIT
highest_income,17,132,08:00,120,83.10556873523734,9.91145957754365,73.19410915769369,1,8.173322343927902,44.29164126071658,65.19768131997535,2.3373550753801595,0.0,119.99999999999999,1.4210854715202004e-14,7.35814036437716,20.960315571461837,1,93,3,1,WAIT
highest_income,18,132,08:00,120,86.85776842072187,9.994167831223432,76.86360058949843,1,9.30051959095524,57.114446996340504,53.58503341270426,0.0,0.0,120.0,0.0,11.225838024067258,17.328927207999694,0,93,3,2,WAIT
highest_income,19,132,08:00,120,78.93758384157115,8.844335508712131,70.09324833285902,1,22.364755091861642,42.15399692506749,50.304087785788525,5.1771601972823476,0.0,120.0,0.0,6.988158704348737,18.281371320543066,1,93,6,1,WAIT
highest_income,20,132,08:00,120,78.43725215791417,9.868013669804327,68.56923848810985,1,34.48436717770954,55.69291419712709,29.822718625163365,0.0,0.0,119.99999999999999,1.4210854715202004e-14,11.080887213444068,17.113437557425442,0,93,8,2,WAIT
highest_income,21,132,08:00,120,97.84588464066243,7.636849766032896,90.20903487462954,1,3.83204123021344,21.520374553020034,94.64758421676653,0.0,0.0,120.0,0.0,3.2942182210822684,18.52535253901172,0,226,2,2,WAIT
highest_income,22,132,08:00,120,73.1998655148644,11.879371234057512,61.320494280806884,1,0.20409464425453838,49.10292337258858,66.52336388277303,4.1696181003838575,0.0,120.0,0.0,9.909480637255754,24.031580031479994,1,93,2,2,WAIT
highest_income,23,132,08:00,120,88.70645315702399,8.14167534585726,80.56477781116672,1,5.260544965440252,35.436344331764445,70.55593723795657,8.747173464838738,0.0,120.0,0.0,5.8870158831703945,17.37491367642178,1,138,2,1,WAIT
highest_income,24,132,08:00,120,92.44536231860567,9.130430713059692,83.31493160554598,1,8.884307132450402,41.08201127600023,70.03368159154937,0.0,0.0,120.0,0.0,6.824926708865075,19.26201818559119,0,93,3,1,WAIT
highest_income,25,132,08:00,120,88.8177736999656,8.33150964848187,80.48626405148373,1,10.57237839328539,30.633933783155136,78.50640074965857,0.2872870739008988,0.0,120.0,0.0,5.052224497764085,18.752088783612685,1,195,3,1,WAIT
highest_income,26,132,08:00,120,78.42982729287402,9.88566510225429,68.54416219061973,1,13.221256335351944,56.24007417743276,50.538669487215294,0.0,0.0,120.0,0.0,11.080887213444068,17.163870221568192,0,93,4,2,WAIT
highest_income,27,132,08:00,120,99.04765061546973,8.345864110913471,90.70178650455627,1,21.058931142354357,43.668107498009746,55.2729613596359,0.0,0.0,120.0,0.0,7.239163253180994,16.606162778000353,0,93,6,1,WAIT
highest_income,28,132,08:00,120,85.30996921468721,12.591499733016537,72.71846948167068,1,5.34404866134085,49.10292337258858,65.55302796607057,0.0,0.0,120.0,0.0,9.909480637255754,26.066232885648642,0,93,2,2,WAIT
highest_income,29,132,08:00,120,64.42036340910059,6.602891311677538,57.81747209742305,1,14.467854743379446,0.0,87.47372302060097,18.05842223601958,0.0,120.0,0.0,0.0,18.86540374765011,1,230,4,0,WAIT
highest_income,30,132,08:00,120,85.14249036633096,8.296659221882507,76.84583114444845,1,15.779512515838354,44.29164126071658,59.92884622344506,0.0,0.0,120.0,0.0,7.35814036437716,16.34660026957286,0,93,4,1,WAIT
highest_income,31,132,08:00,120,74.516417684363,7.548746396025765,66.96767128833724,1,0.9115588424941096,27.53349240256558,85.29226762532042,6.262681129619892,0.0,120.0,0.0,4.54089199937273,17.02695484641517,1,138,2,1,WAIT
highest_income,32,132,08:00,120,83.34503687820929,6.822028824097866,76.52300805411141,1,9.224904582682218,19.329301955099584,89.99916328359637,1.446630178621831,0.0,120.0,0.0,1.462922560080833,18.02858836591307,1,161,3,1,WAIT
highest_income,33,132,08:00,120,83.63717159551146,8.22014870512016,75.41702289039131,1,2.9812746159489443,35.171797950226974,79.84415198026193,2.002775453562151,0.0,120.0,0.0,5.800620334703995,17.68551882278218,1,138,2,1,WAIT
highest_income,34,132,08:00,120,81.34529651275129,8.23517821072073,73.11011830203056,1,2.4711775454381613,37.38598946472993,71.89275108431413,8.250081905517774,0.0,119.99999999999999,1.4210854715202004e-14,6.210909108635681,17.31817149342355,1,138,2,1,WAIT
highest_income,35,132,08:00,120,83.47411318311421,8.79853075704579,74.67558242606842,1,9.76957981767805,35.69565343448948,74.53476674783248,0.0,0.0,120.0,0.0,5.8870158831703945,19.25164342267472,0,138,3,1,WAIT
highest_income,36,132,08:00,120,110.04624146855414,13.046839422707167,96.99940204584698,3,7.090675346575978,50.25879216776439,62.650532485659625,0.0,0.0,120.0,0.0,11.776448717814965,25.500235347062656,0,138,4,3,WAIT
highest_income,37,132,08:00,120,79.2716219985201,8.021072663282768,71.25054933523734,1,3.1168573466078433,37.04349080580259,69.00503870071927,10.834613146870296,0.0,120.0,0.0,6.154010038398844,16.76334042812335,1,138,2,1,WAIT
highest_income,38,132,08:00,120,82.41129106376538,8.151616259865666,74.25967480389971,1,38.63564668568685,43.55822201257482,37.80613130173833,0.0,0.0,120.0,0.0,7.279663046882188,16.010669124162572,0,93,9,1,WAIT
highest_income,39,132,08:00,120,45.35283230350401,8.930382826310234,36.42244947719377,1,3.74983559166239,57.21253272589051,55.25163297169151,3.785998710755578,0.0,119.99999999999999,1.4210854715202004e-14,14.02903538538622,11.486344118357309,1,132,2,2,WAIT
highest_income,40,132,08:00,120,130.21870922823263,11.166721573117957,119.05198765511467,2,13.25846859707326,18.235999856438113,88.50553154648863,0.0,0.0,120.0,0.0,4.426965712609704,27.47795306772732,0,43,5,2,WAIT
highest_income,41,132,08:00,120,96.50170211594457,8.436364069938941,88.06533804600562,1,3.521574339365399,37.31456036852962,77.23670617341355,1.9271591186914208,0.0,119.99999999999999,1.4210854715202004e-14,6.154010038398844,17.94988730428385,1,138,2,1,WAIT
highest_income,42,132,08:00,120,67.68774116351692,9.18739258702169,58.50034857649523,1,3.933106974834237,40.52276183838487,75.5441311867809,0.0,0.0,120.0,0.0,6.683114598541168,19.566578507235093,0,93,2,1,WAIT
highest_income,43,132,08:00,120,58.834015764700965,9.92082191110682,48.913193853594144,1,8.294437264310687,51.14772103664846,60.55784169904085,0.0,0.0,120.0,0.0,10.249181488265936,18.09602397203927,0,93,3,2,WAIT
highest_income,44,132,08:00,120,113.5075727151928,10.15100031882852,103.35657239636427,2,16.3065746810694,18.235999856438113,85.45742546249248,0.0,0.0,120.0,0.0,4.426965712609704,24.575892341186073,0,43,4,2,WAIT
highest_income,45,132,08:00,120,136.6277159482269,8.488062374807186,128.1396535734197,3,8.030946182258134,0.0,111.96905381774187,0.0,0.0,120.0,0.0,0.0,24.251606785163386,0,186,4,0,WAIT
highest_income,46,132,08:00,120,83.1581591912899,8.143364951664994,75.0147942396249,1,5.601187385761284,40.83728476026366,43.54418574239787,30.01734211157718,0.0,119.99999999999999,1.4210854715202004e-14,6.824926708865075,16.441830295892053,1,93,2,1,WAIT
highest_income,47,132,08:00,120,76.12240154483956,9.244454185310627,66.87794735952893,1,15.613851281241422,52.49967548612012,51.886473232638465,0.0,0.0,120.0,0.0,10.47853807995202,15.934188163792626,0,93,4,2,WAIT
highest_income,48,132,08:00,120,89.05770143789563,12.671525700549083,76.38617573734655,2,6.3492996239200075,51.14772103664846,62.502979339431526,0.0,0.0,120.0,0.0,10.249181488265936,25.955177656160014,0,93,3,2,WAIT
highest_income,49,132,08:00,120,73.80409062136395,9.090907982799838,64.71318263856412,1,5.864745001562095,26.45082820508135,87.68442679335655,0.0,0.0,120.0,0.0,4.362336329046457,21.611686478953082,0,207,2,1,WAIT
highest_income,50,132,08:00,120,58.19513678241209,3.190179478140426,55.00495730427166,2,2.9595879937359815,8.495519944444162,80.75442166892269,27.790470392897163,0.0,120.0,0.0,3.1402954808806487,5.974503028091998,1,132,3,1,WAIT
highest_income,51,132,08:00,120,88.12695622276638,7.901140499698863,80.22581572306751,1,9.265909213734837,41.315237472763656,69.4188533135015,0.0,0.0,120.0,0.0,6.863672418971716,15.711014723025034,0,138,3,1,WAIT
highest_income,52,132,08:00,120,66.81791224933853,10.343797376158918,56.474114873179616,1,26.28611118159613,52.427292549046015,39.99325610349492,1.2933401658629293,0.0,120.0,0.0,10.516175643494385,19.037531145531098,1,93,7,2,WAIT
highest_income,53,132,08:00,120,60.886381803094245,8.434861965968729,52.45151983712552,1,24.266079538831086,57.21253272589051,32.12328934400719,6.398098391271205,0.0,119.99999999999999,1.4210854715202004e-14,14.02903538538622,10.070570231667292,1,132,6,2,WAIT
highest_income,54,132,08:00,120,74.84378714638196,9.125257057551357,65.7185300888306,1,7.552179422138652,33.32388389611289,79.12393668174846,0.0,0.0,120.0,0.0,5.495857756053667,20.57630526552164,0,138,2,1,WAIT
highest_income,55,132,08:00,120,58.594491700962415,9.763539330293241,48.83095237066917,1,5.426348061206894,51.14772103664846,63.42593090214464,0.0,0.0,120.0,0.0,10.249181488265936,17.646645169714755,0,93,2,2,WAIT
highest_income,56,132,08:00,120,80.17762536711982,8.337294448628205,71.84033091849162,1,7.757358549389757,42.06457108435003,70.17807036626021,0.0,0.0,120.0,0.0,6.988158704348737,16.832682577446135,0,93,2,1,WAIT
highest_income,57,132,08:00,120,86.86998665323621,9.932578805490177,76.93740784774603,1,4.694830355148338,47.914786043080525,67.39038360177112,0.0,0.0,119.99999999999999,1.4210854715202004e-14,9.712096187417577,18.66670039969722,0,93,2,2,WAIT
highest_income,58,132,08:00,120,76.27965787303577,8.908594857434998,67.37106301560078,1,12.690580242787322,42.15399692506749,48.97292514421488,16.182497687930308,0.0,119.99999999999999,1.4210854715202004e-14,6.988158704348737,18.464969459751263,1,93,4,1,WAIT
highest_income,59,132,08:00,120,55.37892199217059,8.87830798490438,46.50061400726621,1,3.650752138037082,56.50928892485943,29.794845251580373,30.045113685523106,0.0,120.0,0.0,14.02903538538622,11.337558857197724,1,132,2,2,WAIT
highest_income,60,132,08:00,120,49.91052760275295,8.886471071190964,41.02405653156198,1,1.0984548635524598,56.50928892485943,25.74575954086979,36.64649667071831,0.0,120.0,0.0,14.02903538538622,11.36088196087368,1,132,2,2,WAIT
highest_income,61,132,08:00,120,73.45065968949424,7.317498918186328,66.13316077130791,1,6.979895004025707,21.70198994249608,91.31811505347821,0.0,0.0,120.0,0.0,2.6985797370704905,18.208560029176162,0,145,3,2,WAIT
highest_income,62,132,08:00,120,135.42910701795415,9.47547881491277,125.95362820304138,2,3.925553508759094,35.171797950226974,80.89099383360819,0.011654707405739373,0.0,120.0,0.0,5.800620334703995,21.272176279332495,1,138,3,1,WAIT
highest_income,63,132,08:00,120,88.42263562587105,9.290920927410127,79.13171469846093,1,5.248077353254078,52.60658149426864,56.4147354781891,5.730605674288171,0.0,119.99999999999999,1.4210854715202004e-14,10.47853807995202,16.06695028407692,1,93,2,2,WAIT
highest_income,64,132,08:00,120,87.16969844962344,8.119454850236863,79.05024359938658,1,4.315177265145948,32.26656284316143,81.84297540474816,1.5752844869444544,0.0,119.99999999999999,1.4210854715202004e-14,5.321481740112142,17.87696068913604,1,138,2,1,WAIT
highest_income,65,132,08:00,120,72.76895520066458,7.733967548089579,65.034987652575,2,9.052467903077703,37.08634671139178,71.89676442233424,1.964420963196261,0.0,120.0,0.0,6.116372474856479,15.980677662542321,1,138,3,1,WAIT
highest_income,66,132,08:00,120,72.49065800216218,8.618457894306099,63.87220010785608,1,3.568934605701403,43.575469610492426,72.85559578380618,0.0,0.0,120.0,0.0,7.239163253180994,17.38500215912215,0,93,2,1,WAIT
highest_income,67,132,08:00,120,77.99230717580413,9.06950243386611,68.92280474193802,1,5.685253716997197,34.32247986892295,75.98428895884484,4.007977455235007,0.0,119.99999999999999,1.4210854715202004e-14,5.660548685821679,20.252315410938635,1,138,2,1,WAIT
highest_income,68,132,08:00,120,86.98195481440644,7.301057021433297,79.68089779297314,1,1.8492667991757488,35.171797950226974,82.97893525059727,0.0,0.0,120.0,0.0,5.800620334703995,15.059542583676855,0,138,2,1,WAIT
highest_income,69,132,08:00,120,71.58565368272465,10.044724707016563,61.54092897570809,1,8.69198579183414,51.11614980078293,49.231326813931695,10.960537593451235,0.0,120.0,0.0,10.249181488265936,18.45003196035282,1,93,3,2,WAIT
highest_income,70,132,08:00,120,129.0852790389153,10.276305099878883,118.80897393903642,2,17.777222660932967,39.988745020748375,62.23403231831865,0.0,0.0,120.0,0.0,6.683114598541168,22.6777571153985,0,7,6,1,WAIT
highest_income,71,132,08:00,120,83.07393141281744,8.184382072724263,74.88954934009318,1,1.0155211479992694,35.69565343448948,81.13499279309251,2.1538326244187402,0.0,120.0,0.0,5.8870158831703945,17.496932896041788,1,138,2,1,WAIT
highest_income,72,132,08:00,120,89.66962642464767,12.43811572910921,77.23151069553846,1,4.5024843987441,93.24697381148103,19.85954726486434,2.390994524910525,0.0,120.0,0.0,20.183045423785064,15.354428087955537,1,132,2,3,WAIT
highest_income,73,132,08:00,120,95.00534427012164,9.396030933650346,85.60931333647129,3,9.618388548273241,0.0,110.38161145172677,0.0,0.0,120.00000000000001,-1.4210854715202004e-14,0.0,26.845802667572418,0,162,4,0,WAIT
highest_income,74,132,08:00,120,78.3748753487462,10.490774625231879,67.88410072351432,1,9.220616877325995,49.10292337258858,61.67645975008542,0.0,0.0,120.0,0.0,9.909480637255754,20.06416114912105,0,93,3,2,WAIT
highest_income,75,132,08:00,120,91.35518243037515,8.176387701519191,83.17879472885596,1,11.740676713909256,37.38598946472993,66.02569579429569,4.8476380270651305,0.0,120.0,0.0,6.210909108635681,17.150198609990582,1,138,3,1,WAIT
highest_income,76,132,08:00,120,71.86598733274596,8.890515053599042,62.97547227914691,1,14.441850774891972,32.203409338196515,73.3547398869115,0.0,0.0,119.99999999999999,1.4210854715202004e-14,5.3499305823220356,20.051540999389516,0,138,4,1,WAIT
highest_income,77,132,08:00,120,85.0250575362266,8.623600794001295,76.4014567422253,1,2.7029484270149373,41.315237472763656,72.37905973615084,3.602754364070563,0.0,120.0,0.0,6.863672418971716,17.775186992460558,1,138,2,1,WAIT
highest_income,78,132,08:00,120,94.374562097839,9.824711565007306,84.5498505328317,1,4.720835812301437,51.22305580893145,54.68850424281318,9.367604135953925,0.0,119.99999999999999,1.4210854715202004e-14,10.249181488265936,17.82142298318351,1,93,2,2,WAIT
highest_income,79,132,08:00,120,85.37446831810554,9.627984581396905,75.74648373670864,1,11.125347388449235,51.22305580893145,57.65159680261931,0.0,0.0,120.0,0.0,10.249181488265936,17.259345887153792,0,93,4,2,WAIT
highest_income,80,132,08:00,120,77.96748620198498,8.45353581202963,69.51395038995535,1,9.27411388195235,43.81925435023871,62.83786849250785,4.0687632753010945,0.0,120.0,0.0,7.279663046882188,16.873296416059613,1,93,3,1,WAIT
highest_income,81,132,08:00,120,84.01977148839292,8.513110229143411,75.50666125924951,1,1.1114192882158362,27.53349240256558,80.70321239850333,10.651875910715248,0.0,119.99999999999999,1.4210854715202004e-14,4.54089199937273,19.78228008389416,1,138,2,1,WAIT
highest_income,82,132,08:00,120,85.5195952434119,9.552225299196298,75.9673699442156,1,12.683961438618269,52.49967548612012,45.9466330656608,8.8697300096008,0.0,119.99999999999997,2.842170943040401e-14,10.47853807995202,16.813534203465974,1,93,4,2,WAIT
highest_income,83,132,08:00,120,92.02188859503099,9.214869553115335,82.80701904191565,1,3.7126502149138947,57.114446996340504,59.1729027887456,0.0,0.0,120.0,0.0,11.225838024067258,15.102360699119412,0,93,2,2,WAIT
highest_income,84,132,08:00,120,87.22583201068893,6.86433552394108,80.36149648674785,1,1.3580867574468931,0.0,113.30892865223902,5.332984590314084,0.0,120.0,0.0,0.0,19.61238721126023,1,230,2,0,WAIT
highest_income,85,132,08:00,120,73.54397685572118,9.406946552162644,64.13703030355853,1,0.765239983555265,52.528311699055664,61.22982791442247,5.476620402966603,0.0,120.0,0.0,10.47853807995202,16.398452069084104,1,93,2,2,WAIT
highest_income,86,132,08:00,120,156.55031979664835,11.295223136871941,145.2550966597764,2,7.274749328212815,43.55822201257482,65.2637102863324,3.9033183728799656,0.0,120.0,0.0,7.279663046882188,24.992403058466216,1,132,4,1,WAIT
highest_income,87,132,08:00,120,138.37678779817958,9.461955272705406,128.91483252547417,2,10.71641627184591,55.67077596157995,53.61280776657414,0.0,0.0,120.0,0.0,11.068572625312305,15.965585296703145,0,138,4,2,WAIT
highest_income,88,132,08:00,120,75.50886877847636,6.924825101945789,68.58404367653057,1,2.6626662996492367,18.083408708849362,99.2539249915014,0.0,0.0,120.0,0.0,1.6200262309961397,18.16518834599183,0,161,2,1,WAIT
highest_income,89,132,08:00,120,77.89135146296817,9.01197847525807,68.8793729877101,1,4.173018649375797,33.63589275272784,76.95408812098091,5.237000476915455,0.0,120.0,0.0,5.547315032160212,20.201194897148564,1,138,2,1,WAIT
highest_income,90,132,08:00,120,78.68999494868471,9.343355128543305,69.3466398201414,2,9.63824779995544,52.528311699055664,57.8334405009889,0.0,0.0,120.0,0.0,10.47853807995202,16.21676228731457,0,93,4,2,WAIT
highest_income,91,132,08:00,120,87.16382507057496,8.84716953823538,78.31665553233958,1,19.547460030388347,42.15399692506749,58.29854304454416,0.0,0.0,120.0,0.0,6.988158704348737,18.289468547752353,0,93,5,1,WAIT
highest_income,92,132,08:00,120,78.2811906483996,7.73928247093272,70.54190817746688,1,23.248816454720856,5.764747419260081,90.98643612601907,0.0,0.0,120.0,0.0,0.9442673102196014,21.167968321016744,0,202,6,1,WAIT
highest_income,93,132,08:00,120,82.1473160412425,8.017432364528712,74.12988367671379,1,1.0436275595998914,43.89433760149426,75.06203483890584,0.0,0.0,120.0,0.0,7.239163253180994,15.667786359758184,0,93,2,1,WAIT
highest_income,94,132,08:00,120,112.00845305997728,7.435228177775479,104.5732248822018,2,16.62376419694252,6.231925085666558,96.78301701964698,0.36129369774394604,0.0,120.0,0.0,0.8023858489694058,20.44112323038911,1,239,5,1,WAIT
highest_income,95,132,08:00,120,149.52941355056197,10.564053588517098,138.9653599620449,2,6.0316803383533895,57.02661417764767,56.94170548399894,0.0,0.0,120.0,0.0,11.225838024067258,18.95717222883874,0,93,3,2,WAIT
highest_income,96,132,08:00,120,127.35465628761273,15.27521519532447,112.07944109228825,3,11.642506379140206,66.1474122805511,42.21008134030868,0.0,0.0,119.99999999999997,2.842170943040401e-14,17.16933086626687,26.474141120374476,0,132,5,3,WAIT
highest_income,97,132,08:00,120,139.4906572559131,12.094751516544074,127.39590573936903,2,2.728803634055512,45.24305827041562,72.02813809552886,0.0,0.0,119.99999999999999,1.4210854715202004e-14,7.475551339859686,27.08088156455195,0,202,3,2,WAIT
highest_income,98,132,08:00,120,122.24822356244759,9.422764005084817,112.82545955736278,2,2.4579389112404257,43.575469610492426,72.20777207429563,1.758819403971529,0.0,120.00000000000001,-1.4210854715202004e-14,7.239163253180994,19.68301961848991,1,70,3,1,WAIT
highest_income,99,132,08:00,120,94.64309727923894,8.912851797775723,85.73024548146321,3,3.7314606589528774,29.304235501611835,86.96430383943529,0.0,0.0,120.0,0.0,6.055385694381822,19.409905156405962,0,234,4,2,WAIT
highest_income,100,132,08:00,120,85.12119510684674,7.87184042153822,77.24935468530852,1,3.515009404637243,35.171797950226974,79.73974430815343,1.5734483369823522,0.0,120.0,0.0,5.800620334703995,16.69035229826235,1,138,2,1,WAIT
highest_income,101,132,08:00,120,137.26084634084867,12.799853559408605,124.46099278144007,2,7.371708667847413,62.70041439660629,44.33530093515709,5.592576000389201,0.0,120.0,0.0,10.671412322434177,25.8995978473047,1,138,4,2,WAIT
highest_income,102,132,08:00,120,89.91836551442705,11.051432758967323,78.86693275545973,2,9.272350708176399,53.89148798835153,40.2238623671978,16.61229893627427,0.0,120.0,0.0,10.709268434408777,20.866253734069293,1,93,3,2,WAIT
highest_income,103,132,08:00,120,76.02814077552668,8.500450248894532,67.52769052663214,1,4.483359386689594,41.315237472763656,62.39119000953709,11.810213131009661,0.0,120.0,0.0,6.863672418971716,17.42332829215552,1,138,2,1,WAIT
highest_income,104,132,08:00,120,80.81786203694257,9.92009521683292,70.89776682010965,1,6.47709550496827,51.11614980078293,49.00374086601484,13.403013828233966,0.0,120.0,0.0,10.249181488265936,18.093947702685263,1,93,2,2,WAIT
highest_income,105,132,08:00,120,78.30399190934753,9.516494993913652,68.78749691543388,1,10.759655816777462,39.152299331461855,44.90038656968112,25.187658282079568,0.0,120.0,0.0,6.490546598814233,20.699439098081918,1,93,3,1,WAIT
highest_income,106,132,08:00,120,86.21851781138962,5.814294722534045,80.40422308885557,1,4.09030334634508,8.430876627403084,103.09144317488264,4.387376851369197,0.0,120.0,0.0,1.126618214345614,15.485652421465943,1,68,2,1,WAIT
highest_income,107,132,08:00,120,91.86472817776504,10.364232512130911,81.50049566563413,3,10.362717447456115,29.312793571932676,72.85794923040908,7.466539750202159,0.0,120.00000000000003,-2.842170943040401e-14,8.321852223022558,21.290240668780047,1,138,5,2,WAIT
highest_income,108,132,08:00,120,80.07251830428918,8.791825821409347,71.28069248287983,1,28.20187068979232,42.15399692506749,49.644132385140196,0.0,0.0,120.0,0.0,6.988158704348737,18.13134364253511,0,93,7,1,WAIT
highest_income,109,132,08:00,120,66.49038012045837,8.723156754593012,57.767223365865355,2,15.911369093577562,43.668107498009746,46.17712070725939,14.2434027011533,0.0,120.0,0.0,7.239163253180994,17.684141759941898,1,93,5,1,WAIT
highest_income,110,132,08:00,120,77.00819831987579,7.571836090467624,69.43636222940816,1,0.4263229894205275,23.00872960516973,86.21515072200656,10.349796683403184,0.0,120.0,0.0,3.794656872882214,17.839160528453856,1,195,2,1,WAIT
highest_income,111,132,08:00,120,75.82465118922285,6.36326330621104,69.46138788301181,1,18.024947065027686,5.764747419260081,96.21030551571224,0.0,0.0,120.0,0.0,0.9442673102196014,17.236484993240513,0,202,5,1,WAIT
highest_income,112,132,08:00,120,154.45515446300544,12.101131301097759,142.3540231619077,2,8.634070254484401,50.716362069215826,53.74099111309025,6.9085765632095075,0.0,119.99999999999999,1.4210854715202004e-14,10.249181488265936,24.325479372013376,1,230,3,2,WAIT
highest_income,113,132,08:00,120,81.08989690153369,11.166889456316667,69.92300744521702,1,9.90996314973006,49.10292337258858,60.98711347768137,0.0,0.0,120.0,0.0,9.909480637255754,21.9959178093633,0,93,3,2,WAIT
highest_income,114,132,08:00,120,94.17316358809555,12.328921779949672,81.84424180814588,2,4.044759160894939,57.87537278486009,58.079868054244955,0.0,0.0,119.99999999999999,1.4210854715202004e-14,11.335566780540754,23.88992401931546,0,138,3,2,WAIT
highest_income,115,132,08:00,120,95.48840553548207,8.861950181597532,86.62645535388454,1,12.169143354946698,42.06457108435003,65.76628556070328,0.0,0.0,120.0,0.0,6.988158704348737,18.331698957358498,0,93,4,1,WAIT
highest_income,116,132,08:00,120,73.74960357270047,9.291407126284255,64.45819644641621,1,21.040869449596613,39.06924131705906,59.88988923334433,0.0,0.0,120.0,0.0,6.490546598814233,20.05633090485507,0,93,6,1,WAIT
highest_income,117,132,08:00,120,133.90801906226255,10.444663058070127,123.46335600419243,2,11.751522089893012,51.22305580893145,57.025422101175536,0.0,0.0,120.0,0.0,10.249181488265936,19.592712963363,0,93,5,2,WAIT
highest_income,118,132,08:00,120,165.38460083996006,12.020614434217148,153.3639864057429,2,10.166682442995219,55.80627201259041,54.02704554441438,0.0,0.0,120.00000000000001,-1.4210854715202004e-14,11.080887213444068,23.26372545574779,0,164,4,2,WAIT
highest_income,119,132,08:00,120,61.628130497684666,8.596544989923006,53.03158550776166,1,7.102967376307179,57.21253272589051,49.261668654144145,6.422831243658152,0.0,119.99999999999999,1.4210854715202004e-14,14.02903538538622,10.53252172867951,1,132,3,2,WAIT
highest_income,120,132,08:00,120,77.04633071389101,8.00518188459408,69.04114882929693,1,1.6366329216389035,33.80456294305196,81.5876485599613,2.9711555753478365,0.0,120.0,0.0,5.57513253916503,17.296815702532346,1,138,2,1,WAIT
highest_income,121,132,08:00,120,62.04276229673936,7.89149592630348,54.151266370435884,1,4.144871180634334,27.04756538135947,86.72765872858523,2.0799047094209726,0.0,120.0,0.0,4.460751707301817,18.086379510708127,1,207,2,1,WAIT
highest_income,122,132,08:00,120,82.71749856123475,8.374233963492957,74.3432645977418,1,19.715990239800853,40.83728476026366,37.71172843688632,21.73499656304918,0.0,120.0,0.0,6.824926708865075,17.101456043971947,1,93,5,1,WAIT
highest_income,123,132,08:00,120,66.94130606130237,9.93700346539923,57.00430259590314,1,2.6486248337600227,53.09736616961395,64.25400899662603,0.0,0.0,120.0,0.0,10.573074713731224,17.818363758838007,0,93,2,2,WAIT
highest_income,124,132,08:00,120,81.84416567442906,8.950505177507234,72.89366049692183,1,27.220970520877113,42.15399692506749,50.6250325540554,0.0,0.0,120.0,0.0,6.988158704348737,18.584713231386218,0,93,7,1,WAIT
highest_income,125,132,08:00,120,78.47975055768342,8.672520195381928,69.80723036230148,1,10.910486942003782,44.29164126071658,64.79787179727964,0.0,0.0,120.0,0.0,7.35814036437716,17.42048876528549,0,93,3,1,WAIT
highest_income,126,132,08:00,120,78.86495763181672,7.803014628845354,71.06194300297136,1,10.287804797128734,27.53349240256558,82.17870280030569,0.0,0.0,120.0,0.0,4.54089199937273,17.753435511613997,0,138,3,1,WAIT
highest_income,127,132,08:00,120,142.63181186620199,10.661763583565822,131.97004828263616,2,12.497499628144615,43.55822201257482,63.944278359280574,0.0,0.0,120.0,0.0,7.279663046882188,23.182518620448732,0,170,4,1,WAIT
highest_income,128,132,08:00,120,78.6604615485788,10.57480132909187,68.08566021948693,1,9.920880179871805,57.114446996340504,52.96467282378769,0.0,0.0,120.0,0.0,11.225838024067258,18.98788005905237,0,93,3,2,WAIT
highest_income,129,132,08:00,120,82.10837498427993,10.5859956414462,71.52237934283373,1,3.958352129233046,49.10292337258858,66.57661219139337,0.36211230678500783,0.0,120.0,0.0,9.909480637255754,20.33622119544768,1,93,2,2,WAIT
highest_income,130,132,08:00,120,80.55645642876877,9.608869120007046,70.94758730876173,1,2.1088488961516494,52.49967548612012,44.65705236135004,20.734423256378193,0.0,120.0,0.0,10.47853807995202,16.975373691496685,1,93,2,2,WAIT
highest_income,131,132,08:00,120,83.01537415378796,10.205609499809597,72.80976465397836,1,0.5044805256072497,49.78452281460173,69.71099665979102,0.0,0.0,120.0,0.0,10.022714290917222,19.136169994253063,0,93,2,2,WAIT
highest_income,132,132,08:00,120,79.87980538226363,8.686067601952935,71.1937377803107,1,4.7041970936983155,37.04349080580259,70.48928406890901,7.763028031590082,0.0,120.0,0.0,6.154010038398844,18.66332596718097,1,138,2,1,WAIT
highest_income,133,132,08:00,120,63.55203425892962,10.04182387199473,53.510210386934894,1,6.141239701080334,51.14772103664846,62.71103926227121,0.0,0.0,120.0,0.0,10.249181488265936,18.441743860290437,0,93,3,2,WAIT
highest_income,134,132,08:00,120,92.45861933112776,10.215885162156763,82.242734168971,1,6.634438891592872,52.202086335759425,40.41728647138871,20.746188301258996,0.0,120.0,0.0,10.47853807995202,18.70970524049588,1,93,3,2,WAIT
highest_income,135,132,08:00,120,82.77146863297382,8.384631395696328,74.38683723727749,1,5.534027127781757,36.816934994171646,71.70691030918115,5.942127568865445,0.0,120.0,0.0,6.116372474856479,17.83971722713303,1,138,2,1,WAIT
highest_income,136,132,08:00,120,69.15750039448703,8.277090719298918,60.88040967518811,1,2.0056594567561294,44.29164126071658,64.09459780892844,9.608101473598836,0.0,119.99999999999999,1.4210854715202004e-14,7.35814036437716,16.29069026219118,1,93,2,1,WAIT
highest_income,137,132,08:00,120,56.45062672311098,9.750769171842034,46.69985755126895,1,2.4313092482474605,53.17684572812968,57.365542145877555,7.026302877745309,0.0,120.0,0.0,10.573074713731224,17.28626577724602,1,93,2,2,WAIT
highest_income,138,132,08:00,120,93.77386322458652,9.887132556523575,83.88673066806294,1,2.993586579761784,52.75486751068661,64.25154590955161,0.0,0.0,120.0,0.0,10.516175643494385,17.732774518001545,0,93,2,2,WAIT
highest_income,139,132,08:00,120,86.49384124263793,9.375843332496789,77.11799791014114,1,10.451944294713382,41.16934827485739,53.07799954286378,15.300707887565437,0.0,119.99999999999999,1.4210854715202004e-14,6.824926708865075,19.963197098268612,1,93,3,1,WAIT
highest_income,140,132,08:00,120,116.91892714623472,12.195777224339366,104.72314992189536,2,1.7818131708097027,52.0887285202961,63.77335128874269,2.356107020151498,0.0,119.99999999999999,1.4210854715202004e-14,10.47853807995202,24.36653970387474,1,132,3,2,WAIT
highest_income,141,132,08:00,120,85.82574220327943,7.905746607169382,77.91999559611006,1,6.693577472800112,24.882546762131966,88.42387576506792,0.0,0.0,120.0,0.0,4.103691455634394,18.484155993420984,0,207,3,1,WAIT
highest_income,142,132,08:00,120,86.22478197540048,12.00977767767769,74.21500429772279,1,11.299948187258522,86.22270945203152,1.0,21.477342360709955,0.0,120.0,0.0,17.479908283556718,16.83374222409383,1,132,4,2,WAIT
highest_income,143,132,08:00,120,96.03929780244081,11.132978321788976,84.90631948065183,1,6.315156425083331,49.78452281460173,63.90032076031493,0.0,0.0,120.0,0.0,10.022714290917222,21.785795199908428,0,93,3,2,WAIT
highest_income,144,132,08:00,120,0.0,0.0,0.0,0,0.0182630394115739,0.0,0.0,119.98173696058842,0.0,120.0,0.0,0.0,0.0,1,132,1,0,WAIT
highest_income,145,132,08:00,120,89.09729064393845,11.262518926468601,77.83477171746985,1,25.578701127164983,48.797103128811656,42.58519821308868,3.0389975309346937,0.0,120.00000000000003,-2.842170943040401e-14,9.909480637255754,22.269144866940255,1,93,6,2,WAIT
highest_income,146,132,08:00,120,75.51345546436013,8.416252905899757,67.09720255846038,1,26.868253441382723,43.668107498009746,49.46363906060754,0.0,0.0,120.0,0.0,7.239163253180994,16.807273620818314,0,93,7,1,WAIT
highest_income,147,132,08:00,120,87.86448441245658,7.337074884633235,80.52740952782334,1,6.962994873949351,27.04756538135947,85.98943974469117,0.0,0.0,119.99999999999999,1.4210854715202004e-14,4.460751707301817,16.502319391650285,0,207,2,1,WAIT
highest_income,148,132,08:00,120,90.79076943848538,10.338258199845004,80.45251123864038,1,9.320157694961365,51.52555396686268,26.613326911524616,32.540961426651336,0.0,120.0,0.0,10.516175643494385,19.021704927491346,1,93,3,2,WAIT
highest_income,149,132,08:00,120,108.96144242305165,9.541397130548177,99.42004529250347,2,14.015049036945276,35.69565343448948,70.28929752856524,0.0,0.0,120.0,0.0,5.8870158831703945,21.374118775538683,0,138,5,1,WAIT
highest_income,150,132,08:00,120,82.6001566465505,8.040512859514248,74.55964378703625,1,6.588906438493884,43.575469610492426,64.21081672138766,5.624807229626043,0.0,120.00000000000001,-1.4210854715202004e-14,7.239163253180994,15.733730631145432,1,93,3,1,WAIT
highest_income,151,132,08:00,120,69.85457994268914,10.144064175819192,59.710515766869946,1,6.230239994721517,52.72671293689303,50.3354391707178,10.707607897667643,0.0,119.99999999999999,1.4210854715202004e-14,10.516175643494385,18.466864858846165,1,93,2,2,WAIT
highest_income,152,132,08:00,120,149.000004740372,8.930511593430587,140.0694931469414,2,4.275304103056204,33.32388389611289,75.59075585569826,6.8100561451326485,0.0,120.0,0.0,5.495857756053667,20.01988965374801,1,138,3,1,WAIT
highest_income,153,132,08:00,120,79.6990714943622,10.403931245549572,69.29514024881263,1,0.890570709967613,51.22305580893145,58.296294113842826,9.590079367258099,0.0,119.99999999999999,1.4210854715202004e-14,10.249181488265936,19.47633635616142,1,93,2,2,WAIT
highest_income,154,132,08:00,120,90.90683889199873,8.49978490377157,82.40705398822716,1,12.62049684474152,43.575469610492426,63.80403354476604,0.0,0.0,119.99999999999999,1.4210854715202004e-14,7.239163253180994,17.045936471880637,0,93,4,1,WAIT
highest_income,155,132,08:00,120,79.17302504268366,6.439991875202516,72.73303316748115,2,8.363639633535545,7.809194217894159,103.82716614857029,0.0,0.0,119.99999999999999,1.4210854715202004e-14,0.8391613488034808,17.560815437489424,0,163,4,1,WAIT
highest_income,156,132,08:00,120,89.32353651331205,8.385966339117292,80.93757017419476,1,4.257480680769772,42.06457108435003,67.81635922719147,5.86158900768875,0.0,120.00000000000001,-1.4210854715202004e-14,6.988158704348737,16.97174512170067,1,93,2,1,WAIT
highest_income,157,132,08:00,120,81.7333119099483,10.240077414689203,71.49323449525909,1,3.8222602019730383,51.14772103664846,60.05886949961932,4.97114926175918,0.0,120.0,0.0,10.249181488265936,19.008182553703215,1,93,2,2,WAIT
highest_income,158,132,08:00,120,71.78732792259179,9.601608900209314,62.18571902238247,1,8.408793682417278,52.83361894504155,58.75758737254117,0.0,0.0,120.0,0.0,10.516175643494385,16.916992642817945,0,93,3,2,WAIT
highest_income,159,132,08:00,120,90.19958875140912,9.287737451328862,80.91185130008026,1,33.54724688311313,52.31393473358269,34.13881838330417,0.0,0.0,120.0,0.0,10.516175643494385,16.02021707458808,0,93,8,2,WAIT
highest_income,160,132,08:00,120,101.2785520598134,10.470370382567376,90.80818167724603,2,7.3425827738602525,33.78527575250595,78.87214147363379,0.0,0.0,120.0,0.0,7.083036321854922,22.83230762833758,0,255,3,3,WAIT
highest_income,161,132,08:00,120,76.02641225077446,9.348219018802226,66.67819323197223,1,1.745499634358515,52.528311699055664,65.72618866658583,0.0,0.0,120.0,0.0,10.47853807995202,16.230659116625773,0,93,2,2,WAIT
highest_income,162,132,08:00,120,76.1493568779236,8.570464496285481,67.57889238163811,1,2.7659901394742006,43.575469610492426,73.65854025003338,0.0,0.0,120.0,0.0,7.239163253180994,17.24787816477753,0,93,2,1,WAIT
highest_income,163,132,08:00,120,88.38888488223323,9.598818066993136,78.7900668152401,1,13.219594700449523,51.22305580893145,55.557349490619025,0.0,0.0,120.0,0.0,10.249181488265936,17.17601298885731,0,93,4,2,WAIT
highest_income,164,132,08:00,120,76.9989908839029,7.65942811554509,69.33956276835781,1,6.1009182613927555,37.08634671139178,76.81273502721547,0.0,0.0,120.0,0.0,6.116372474856479,15.767707855272352,0,138,2,1,WAIT
highest_income,165,132,08:00,120,88.57152861893906,7.4649634002133345,81.10656521872572,1,4.5425456159847695,35.171797950226974,75.16961404095039,5.116042392837869,0.0,120.0,0.0,5.800620334703995,15.52784652304839,1,138,2,1,WAIT
highest_income,166,132,08:00,120,65.38284475330462,9.738562900566361,55.64428185273826,1,12.37892990885291,51.22305580893145,56.39801428221564,0.0,0.0,120.0,0.0,10.249181488265936,17.575283941923665,0,93,4,2,WAIT
highest_income,167,132,08:00,120,79.46806174238499,10.478434088550255,68.98962765383473,1,7.633099541027088,52.427292549046015,39.186500129944605,20.7531077799823,0.0,120.00000000000001,-1.4210854715202004e-14,10.516175643494385,19.422207466649205,1,93,3,2,WAIT
highest_income,168,132,08:00,120,106.76180495599979,9.51724202326399,97.2445629327358,2,6.577949913295509,28.213415704114407,85.20863438259008,0.0,0.0,120.0,0.0,4.6213657288823615,22.570754337586184,0,199,4,1,WAIT
highest_income,169,132,08:00,120,177.05107253607446,11.425954676433545,165.6251178596409,3,6.907227091831708,28.796791623508348,83.09317857387875,1.2028027107811994,0.0,120.0,0.0,4.749238446722005,27.896346343088126,1,207,5,1,WAIT
highest_income,170,132,08:00,120,86.07422160517216,8.01894043269414,78.05528117247802,1,0.9096252776328821,27.04756538135947,87.54833282823108,4.494476512776572,0.0,120.0,0.0,4.460751707301817,18.4505066718243,1,207,2,1,WAIT
highest_income,171,132,08:00,120,64.96812790564917,10.003002575344453,54.965125330304716,1,23.26998574309473,51.11614980078293,45.61386445612234,0.0,0.0,120.0,0.0,10.249181488265936,18.330825869861076,0,93,6,2,WAIT
highest_income,172,132,08:00,120,77.4743152610419,11.87587484120365,65.59844041983824,1,5.528829879268512,49.10292337258858,65.36824674814291,0.0,0.0,120.0,0.0,9.909480637255754,24.021590337611826,0,93,2,2,WAIT
highest_income,173,132,08:00,120,73.1378441343078,11.49591320168549,61.64193093262231,1,13.031183558317228,49.06700506398482,55.3483036778487,2.5535076998492485,0.0,119.99999999999999,1.4210854715202004e-14,9.909480637255754,22.935985653274223,1,93,4,2,WAIT
highest_income,174,132,08:00,120,86.03611005901675,9.897947441402518,76.13816261761423,1,5.798072398707461,51.14772103664846,63.054206564644076,0.0,0.0,120.0,0.0,10.249181488265936,18.03066834431269,0,93,3,2,WAIT
highest_income,175,132,08:00,120,86.02902879041052,8.789366267928445,77.23966252248208,1,2.2539545982785207,37.31456036852962,75.14586307605184,5.285621957140009,0.0,119.99999999999999,1.4210854715202004e-14,6.154010038398844,18.958465012825286,1,138,2,1,WAIT
highest_income,176,132,08:00,120,77.7728326432962,9.073727927325052,68.69910471597115,1,18.363767885466025,51.11614980078293,42.774240421953834,7.745841891797198,0.0,119.99999999999999,1.4210854715202004e-14,10.249181488265936,15.6757554469485,1,93,5,2,WAIT
highest_income,177,132,08:00,120,68.45608817896627,11.79271656512486,56.663371613841406,1,0.9400822836645897,85.30943631008935,33.75048140624607,0.0,0.0,120.00000000000001,-1.4210854715202004e-14,16.906033033471672,16.787442866885073,0,132,2,2,WAIT
highest_income,178,132,08:00,120,99.9617392025673,11.073422350739282,88.88831685182802,2,5.889938520903061,49.33981508182911,61.20198173723945,3.568264660028362,0.0,119.99999999999999,1.4210854715202004e-14,10.024454821915757,21.61389475162505,1,138,3,2,WAIT
highest_income,179,132,08:00,120,82.31793063869343,8.579598230449403,73.73833240824402,1,14.186646866450431,43.575469610492426,62.237883523057135,0.0,0.0,120.0,0.0,7.239163253180994,17.273974548103013,0,93,4,1,WAIT
highest_income,180,132,08:00,120,65.20514635340962,10.27217950256576,54.932966850843854,1,21.00407419747699,47.87634185160575,51.11958395091726,0.0,0.0,120.0,0.0,9.712096187417577,19.636988105627452,0,93,5,2,WAIT
highest_income,181,132,08:00,120,89.54526014192436,8.858809466821132,80.68645067510323,1,1.3679408710568484,44.29164126071658,70.8167038734676,3.523713994758978,0.0,120.00000000000001,-1.4210854715202004e-14,7.35814036437716,17.95274382654036,1,93,2,1,WAIT
highest_income,182,132,08:00,120,101.9998570826705,6.257171926487178,95.74268515618333,2,5.00159316798742,0.0,114.99840683201258,0.0,0.0,120.0,0.0,0.0,17.87763407567765,0,68,3,0,WAIT
highest_income,183,132,08:00,120,99.00526915926402,7.845054017559692,91.16021514170433,1,6.171750523089929,36.816934994171646,69.3139669445178,7.697347538220626,0.0,120.0,0.0,6.116372474856479,16.298067575314068,1,138,3,1,WAIT
highest_income,184,132,08:00,120,72.95652116837623,8.75896710143928,64.19755406693695,1,6.4176317048400655,41.315237472763656,63.06846278505353,9.198668037342756,0.0,120.00000000000001,-1.4210854715202004e-14,6.863672418971716,18.1619478708548,1,138,3,1,WAIT
highest_income,185,132,08:00,120,201.63298703170082,11.784299423938016,189.8486876077628,2,5.306920055315415,52.202086335759425,62.49099360892518,0.0,0.0,120.00000000000003,-2.842170943040401e-14,10.47853807995202,23.190888845585167,0,132,3,2,WAIT
highest_income,186,132,08:00,120,78.87395152441066,9.042450091056008,69.83150143335465,1,16.115758522073758,42.06457108435003,61.81967039357622,0.0,0.0,120.0,0.0,6.988158704348737,18.847412984382718,0,93,4,1,WAIT
highest_income,187,132,08:00,120,67.84043376163325,12.711724156455949,55.1287096051773,1,2.092132058713891,91.17772134380719,24.031185044682992,2.6989615527959216,0.0,119.99999999999999,1.4210854715202004e-14,19.829655720090216,16.489556155498214,1,132,2,3,WAIT
highest_income,188,132,08:00,120,137.39806733286133,10.551056179453262,126.84701115340806,2,11.583631422023473,50.716362069215826,57.51953553825251,0.18047097050819616,0.0,120.0,0.0,10.249181488265936,19.896693310171962,1,138,4,2,WAIT
highest_income,189,132,08:00,120,82.53437533327761,7.011541758201568,75.52283357507604,1,12.200076231080466,21.70198994249608,86.09793382642346,0.0,0.0,120.0,0.0,2.6985797370704905,17.33439671493399,0,145,3,2,WAIT
highest_income,190,132,08:00,120,74.17033106542279,8.4704239691642,65.69990709625858,1,9.727337458640571,33.32388389611289,76.94877864524653,0.0,0.0,120.0,0.0,5.495857756053667,18.705353584415477,0,138,3,1,WAIT
highest_income,191,132,08:00,120,96.75255829014897,7.590885597724857,89.1616726924241,2,6.034729702392308,18.083408708849362,95.88186158875833,0.0,0.0,120.0,0.0,1.6200262309961397,20.068218333932027,0,161,3,1,WAIT
highest_income,192,132,08:00,120,75.37956634641473,8.00435151502316,67.37521483139157,1,0.8205702552656391,35.69565343448948,83.48377631024489,0.0,0.0,120.0,0.0,5.8870158831703945,16.982559874038632,0,138,2,1,WAIT
highest_income,193,132,08:00,120,95.69837166121053,11.979998477939823,83.7183731832707,2,9.213084975460216,72.58170402135912,38.20521100318066,0.0,0.0,120.0,0.0,15.660094822093932,18.568472257734136,0,93,4,3,WAIT
highest_income,194,132,08:00,120,88.33412480093796,6.811101081328374,81.52302371960958,1,11.6512278820979,5.764747419260081,102.58402469864203,0.0,0.0,120.0,0.0,0.9442673102196014,18.516021493575757,0,202,4,1,WAIT
highest_income,195,132,08:00,120,71.57953396295258,10.172310131181252,61.40722383177133,1,1.0797861086393477,52.83361894504155,56.533262656965086,9.553332289354017,0.0,120.0,0.0,10.516175643494385,18.54756758845205,1,93,2,2,WAIT
highest_income,196,132,08:00,120,84.33998334854425,8.013854798792707,76.32612854975154,1,11.164736192283234,33.32388389611289,74.26542243571531,1.2459574758885594,0.0,120.0,0.0,5.495857756053667,17.400870240496925,1,138,3,1,WAIT
highest_income,197,132,08:00,120,68.6649491346947,7.42687729918889,61.23807183550581,1,4.530355765813497,19.329301955099584,96.14034227908692,0.0,0.0,120.0,0.0,1.462922560080833,19.75672686617314,0,161,2,1,WAIT
highest_income,198,132,08:00,120,114.07921026408115,9.379611260671492,104.69959900340966,2,12.486589231289253,43.81925435023871,63.69415641847203,0.0,0.0,120.0,0.0,7.279663046882188,19.519226269322075,0,93,5,1,WAIT
highest_income,199,132,08:00,120,258.2758060147984,10.848742391372749,247.42706362342562,2,14.35013581137295,38.83650491971571,66.81335926891134,0.0,0.0,120.0,0.0,6.490546598814233,24.50586023367934,0,132,5,1,WAIT
highest_income,200,132,08:00,120,84.77975636643852,9.567571507653653,75.21218485878487,1,14.077018731191739,52.60658149426864,53.316399774539605,0.0,0.0,119.99999999999999,1.4210854715202004e-14,10.47853807995202,16.857380513344136,0,93,4,2,WAIT
highest_income,201,132,08:00,120,70.42992783289776,7.851787959719431,62.57813987317833,1,2.0169018328330757,37.31456036852962,80.6685377986373,0.0,0.0,120.0,0.0,6.154010038398844,16.27966984651382,0,138,2,1,WAIT
highest_income,202,132,08:00,120,81.4523307472311,9.788391630393185,71.66393911683792,1,2.5662432842211507,56.154096260531816,61.27966045524703,0.0,0.0,120.0,0.0,11.080887213444068,16.88594601625075,0,93,2,2,WAIT
highest_income,203,132,08:00,120,79.8600808977471,10.18089963043149,69.67918126731561,1,26.331644440952843,51.52555396686268,27.353203070275384,14.789598521909085,0.0,120.0,0.0,10.516175643494385,18.5721090148813,1,93,6,2,WAIT
highest_income,204,132,08:00,120,90.37902722818077,7.112361906636215,83.26666532154456,1,8.276984780031178,25.048588189178787,84.08439222423871,2.59003480655133,0.0,120.0,0.0,4.131075420465934,16.18995859849468,1,207,2,1,WAIT
highest_income,205,132,08:00,120,92.6693791287357,6.579758330934405,86.08962079780129,1,1.1379049232135072,30.0507310995252,88.8113639772613,0.0,0.0,120.0,0.0,2.527900448027562,16.271409068927884,0,161,2,2,WAIT
highest_income,206,132,08:00,120,71.68771949383569,10.110981674135882,61.5767378196998,1,2.4098896428265757,49.78452281460173,67.8055875425717,0.0,0.0,120.0,0.0,10.022714290917222,18.86580477804245,0,93,2,2,WAIT
highest_income,207,132,08:00,120,78.87846046348488,6.533424126174012,72.34503633731087,2,16.244091551795144,7.909590251978348,95.8463181962265,0.0,0.0,120.0,0.0,0.8391613488034808,17.827764725979414,0,163,5,1,WAIT
highest_income,208,132,08:00,120,96.2437470740785,9.533731093440654,86.71001598063785,2,13.596851163423826,40.11150012731208,66.29164870926408,0.0,0.0,119.99999999999999,1.4210854715202004e-14,6.615288294992232,20.6239434005525,0,93,4,1,WAIT
highest_income,209,132,08:00,120,94.03679373975743,8.204599293170862,85.83219444658657,1,30.906267632374778,43.668107498009746,45.42562486961548,0.0,0.0,120.0,0.0,7.239163253180994,16.20254901302147,0,93,7,1,WAIT
highest_income,210,132,08:00,120,73.18752207903292,8.070071642893488,65.11745043613942,1,4.669911346057623,35.171797950226974,80.15829070371541,0.0,0.0,120.0,0.0,5.800620334703995,17.256727216420263,0,138,2,1,WAIT
highest_income,211,132,08:00,120,85.60326950472415,9.292024972904134,76.31124453182002,1,26.8518684963334,41.81399143652639,39.90879598367006,11.42534408347015,0.0,120.0,0.0,6.988158704348737,19.560484075377364,1,93,7,1,WAIT
highest_income,212,132,08:00,120,82.78256199327133,8.68981713449904,74.09274485877229,1,3.672241188234446,37.04349080580259,70.26918346513169,9.015084540831282,0.0,120.0,0.0,6.154010038398844,18.6740389173127,1,138,2,1,WAIT
highest_income,213,132,08:00,120,73.10659977597957,9.098044817124777,64.0085549588548,1,4.708102844211995,40.52276183838487,74.76913531740314,0.0,0.0,120.0,0.0,6.683114598541168,19.31129916467248,0,93,2,1,WAIT
highest_income,214,132,08:00,120,72.02594579450795,9.266278224570645,62.75966756993731,1,3.5175742067251607,52.528311699055664,63.95411409421918,0.0,0.0,120.0,0.0,10.47853807995202,15.99654256167839,0,93,2,2,WAIT
highest_income,215,132,08:00,120,87.95859172210272,9.203899525320754,78.75469219678197,1,1.8728628947932955,52.60658149426864,54.565223642096015,10.955331968842046,0.0,120.0,0.0,10.47853807995202,15.818317706678704,1,93,2,2,WAIT
highest_income,216,132,08:00,120,40.27120323099147,8.535016905591583,31.736186325399885,1,6.645548777332316,57.17594527557425,30.756426418637588,25.42207952845584,0.0,120.0,0.0,14.02903538538622,10.356727202018305,1,132,2,2,WAIT
highest_income,217,132,08:00,120,70.95695999070144,6.483686443780947,64.4732735469205,1,3.9510650572674555,9.146858013370395,106.90207692936215,0.0,0.0,120.0,0.0,0.6603151301624585,17.86450328064025,0,186,2,1,WAIT
highest_income,218,132,08:00,120,83.85372897367901,9.22686837668935,74.62686059698966,1,4.061291608339167,52.49967548612012,50.620238818009994,12.81879408753072,0.0,120.0,0.0,10.47853807995202,15.883942996303261,1,93,2,2,WAIT
highest_income,219,132,08:00,120,63.46213447094926,9.290785782544717,54.17134868840454,1,0.14226029434263426,41.61756598209386,78.24017372356352,0.0,0.0,120.0,0.0,6.863672418971716,19.681429816870335,0,138,2,1,WAIT
highest_income,220,132,08:00,120,75.09688472691982,8.238759309442326,66.8581254174775,1,2.861042376488367,35.69565343448948,80.57195239444293,0.8713517945792262,0.0,120.0,0.0,5.8870158831703945,17.652296429521968,1,138,2,1,WAIT
highest_income,221,132,08:00,120,83.50066541169399,8.855342749651353,74.64532266204263,1,0.8388972168574296,41.61756598209386,77.5435368010487,0.0,0.0,120.0,0.0,6.863672418971716,18.437306865746436,0,138,2,1,WAIT
highest_income,222,132,08:00,120,79.8438534595457,6.876132502674951,72.96772095687075,1,4.3070008604691,19.329301955099584,96.00641794147566,0.3572792429556557,0.0,120.0,0.0,1.462922560080833,18.183170304704742,1,161,2,1,WAIT
highest_income,223,132,08:00,120,122.67353117491223,10.55554415620434,112.1179870187079,2,10.163478654159483,28.874548271151355,76.60788948780434,4.354083586884812,0.0,119.99999999999999,1.4210854715202004e-14,6.639285277093411,23.519412312061846,1,145,4,2,WAIT
highest_income,224,132,08:00,120,95.33464274076428,8.441851238112339,86.89279150265195,1,17.165574364649324,43.91241050419127,54.237499018007114,4.6845161131522985,0.0,120.00000000000001,-1.4210854715202004e-14,7.279663046882188,16.839911919153067,1,93,5,1,WAIT
highest_income,225,132,08:00,120,100.35172673033925,9.236877715295954,91.11484901504329,1,4.2676050034976605,29.36469255473864,78.62209686484024,7.745605576923452,0.0,120.0,0.0,4.842898079773846,21.548181106786025,1,138,2,1,WAIT
highest_income,226,132,08:00,120,75.66373637520314,9.150053474103226,66.51368290109991,1,14.290080394013259,51.11614980078293,48.84100429087246,5.752765514331344,0.0,120.0,0.0,10.249181488265936,15.893828437743283,1,93,4,2,WAIT
highest_income,227,132,08:00,120,82.31805670676819,9.695514371428967,72.62254233533922,1,2.23424436187559,34.32247986892295,77.06508745362692,6.378188315574562,0.0,120.00000000000001,-1.4210854715202004e-14,5.660548685821679,22.04092094683251,1,138,2,1,WAIT
highest_income,228,132,08:00,120,44.9008968728956,1.8170448597496685,43.08385201314593,1,3.4166203046898986,20.560812416330474,24.951144363237166,71.07142291574246,0.0,120.0,0.0,5.18155674214191,0.01,1,132,2,1,WAIT
highest_income,229,132,08:00,120,89.48653387649155,8.966376618845354,80.52015725764619,1,0.8702942788751307,34.85226399626454,84.27744172486032,0.0,0.0,120.0,0.0,5.747922000839862,19.870296910146866,0,199,2,1,WAIT
highest_income,230,132,08:00,120,82.91842080319243,8.651019980166186,74.26740082302625,1,6.235265980217133,43.91241050419127,54.694538193513495,15.157785322078112,0.0,120.00000000000001,-1.4210854715202004e-14,7.279663046882188,17.437536896449775,1,93,3,1,WAIT
highest_income,231,132,08:00,120,81.43102488224376,9.260839952933761,72.17018492931,1,26.604041267426368,51.11614980078293,42.2798089317907,0.0,0.0,119.99999999999999,1.4210854715202004e-14,10.249181488265936,16.21036123440195,0,93,6,2,WAIT
highest_income,232,132,08:00,120,63.66989920619727,8.106085750777442,55.56381345541983,1,25.14161461028209,42.15399692506749,52.70438846465042,0.0,0.0,120.0,0.0,6.988158704348737,16.17208629787253,0,93,6,1,WAIT
highest_income,233,132,08:00,120,161.13632549214037,9.540163931089724,151.59616156105065,2,7.555044048356949,24.99832186634641,87.44663408529665,0.0,0.0,120.0,0.0,3.2317596182144266,24.0258516134705,0,152,3,3,WAIT
highest_income,234,132,08:00,120,101.90574502986746,9.782546252081026,92.12319877778643,1,14.968004255055623,51.11614980078293,53.91584594416145,0.0,0.0,120.0,0.0,10.249181488265936,17.700950660537,0,93,4,2,WAIT
highest_income,235,132,08:00,120,73.0361104927091,8.559669836569082,64.47644065614001,1,17.13254728212343,42.15399692506749,50.22649893116034,10.486956861648736,0.0,120.0,0.0,6.988158704348737,17.468040828705785,1,93,5,1,WAIT
highest_income,236,132,08:00,120,92.13378834248002,11.151814992694561,80.98197334978545,1,6.614065870710171,49.10292337258858,64.28301075670126,0.0,0.0,120.0,0.0,9.909480637255754,21.952847913300133,0,93,3,2,WAIT
highest_income,237,132,08:00,120,97.62121866715168,8.075798191861722,89.54542047528996,1,6.426934381536084,26.641433548091552,82.84711143686417,4.084520633508191,0.0,120.0,0.0,4.393771435950369,18.67993768365455,1,138,3,1,WAIT
highest_income,238,132,08:00,120,80.50707587819223,8.787499592002662,71.71957628618956,1,22.999793683247084,40.31390873556771,56.68629758118521,0.0,0.0,120.0,0.0,6.683114598541168,18.42402709289501,0,93,6,1,WAIT
highest_income,239,132,08:00,120,70.67935816199166,8.77052572270472,61.90883243928694,1,2.1779071433821047,32.4390611058279,83.90993704382694,1.473094706963039,0.0,119.99999999999999,1.4210854715202004e-14,5.3499305823220356,19.70871433969145,1,138,2,1,WAIT
highest_income,240,132,08:00,120,71.30181772921178,9.866133279217674,61.4356844499941,1,1.8434925023001807,53.06993971998115,45.359894823595354,19.72667295412333,0.0,120.00000000000001,-1.4210854715202004e-14,10.573074713731224,17.615877512604996,1,93,2,2,WAIT
highest_income,241,132,08:00,120,108.2824534955049,7.514134769079457,100.76831872642543,2,10.238948256896775,0.0,109.76105174310322,0.0,0.0,120.0,0.0,0.0,21.468956483084163,0,230,4,0,WAIT
highest_income,242,132,08:00,120,68.9244343182303,9.677790174888589,59.24664414334171,1,33.88384042440439,52.6543931198739,33.461766455721694,0.0,0.0,119.99999999999997,2.842170943040401e-14,10.573074713731224,17.07775435737904,0,93,8,2,WAIT
highest_income,243,132,08:00,120,89.97003754737868,8.874837435112482,81.0952001122662,1,1.0855900707897401,41.315237472763656,74.01027773369795,3.5888947227486483,0.0,120.0,0.0,6.863672418971716,18.49300596706395,1,138,2,1,WAIT
highest_income,244,132,08:00,120,135.13244317649085,14.952205386788565,120.18023778970229,2,1.8788352475380314,69.81460019147468,40.23998548885319,8.06657907213409,0.0,120.0,0.0,11.916992809560472,30.803594009835436,1,138,3,2,WAIT
highest_income,245,132,08:00,120,70.31989894091481,11.997249199155178,58.32264974175963,1,1.1984434716314265,82.60723617090386,27.56748863854614,8.62683171891858,0.0,120.0,0.0,16.655028484639416,17.62282637008967,1,132,2,2,WAIT
highest_income,246,132,08:00,120,77.08251867508159,8.018144117343613,69.06437455773798,1,36.01000544652337,43.31588950430636,40.674105049170265,0.0,0.0,120.0,0.0,7.239163253180994,15.66981993922933,0,93,9,1,WAIT
highest_income,247,132,08:00,120,95.27985903366135,9.583836488087176,85.69602254557418,1,6.478390878193385,57.114446996340504,56.4071621254661,0.0,0.0,120.0,0.0,11.225838024067258,16.156551941896108,0,93,3,2,WAIT
highest_income,248,132,08:00,120,82.45230065577894,8.983544820710502,73.46875583506844,1,29.92000811882167,39.988745020748375,43.48538633164541,6.6058605287845324,0.0,119.99999999999999,1.4210854715202004e-14,6.683114598541168,18.984156317774556,1,93,7,1,WAIT
highest_income,249,132,08:00,120,100.43349808500184,10.657595519732663,89.77590256526918,1,2.4611716653341404,49.10292337258858,68.43590496207729,0.0,0.0,120.0,0.0,9.909480637255754,20.540792276266142,0,93,2,2,WAIT
highest_income,250,132,08:00,120,162.57733673178154,9.724494754085468,152.85284197769607,2,7.18673992038086,37.31456036852962,75.49869971108953,0.0,0.0,120.0,0.0,6.154010038398844,21.63026068755964,0,138,4,1,WAIT
highest_income,251,132,08:00,120,86.79873580987746,9.077791094308395,77.72094471556906,2,1.4448142093349077,0.0,113.03377040885047,5.521415381814606,0.0,119.99999999999999,1.4210854715202004e-14,0.0,25.936545983738277,1,236,3,0,WAIT
highest_income,252,132,08:00,120,80.70554712105726,7.898484123261689,72.80706299779558,1,11.165133942228548,42.06457108435003,66.77029497342141,0.0,0.0,120.0,0.0,6.988158704348737,15.57893879068466,0,93,3,1,WAIT
highest_income,253,132,08:00,120,115.68688712650194,12.3469864906358,103.33990063586614,2,2.8841319973027026,56.13316816928424,60.98269983341305,0.0,0.0,120.0,0.0,11.080887213444068,24.196217045515365,0,7,3,2,WAIT
highest_income,254,132,08:00,120,61.61465412465144,8.771844422263102,52.84280970238834,1,1.1633491704131385,57.17594527557425,31.477712833146732,30.18299272086587,0.0,119.99999999999999,1.4210854715202004e-14,14.02903538538622,11.033377249651219,1,132,2,2,WAIT
highest_income,255,132,08:00,120,77.74910703227933,13.2497448033816,64.49936222889772,1,3.620978002128263,89.85739091971472,17.834627868394087,8.687003209762935,0.0,120.0,0.0,19.60416792455125,18.25224579939618,1,132,2,3,WAIT
highest_income,256,132,08:00,120,81.20167176543647,8.67775226495134,72.52391950048514,1,13.822185904829995,44.29164126071658,61.886172834453426,0.0,0.0,120.0,0.0,7.35814036437716,17.435437535483814,0,93,4,1,WAIT
highest_income,257,132,08:00,120,135.6519570244692,14.388837947725282,121.26311907674392,2,10.10529776017205,78.255779961928,31.638922277899955,0.0,0.0,120.0,0.0,14.87230951590239,26.238656049026986,0,93,4,3,WAIT
highest_income,258,132,08:00,120,74.6540277831246,10.838737482938527,63.81529030018608,2,11.680242284125228,35.54308532580363,70.91313905756063,1.8635333325104995,0.0,119.99999999999999,1.4210854715202004e-14,7.601047188182466,23.3667741916419,1,207,5,2,WAIT
highest_income,259,132,08:00,120,91.9138798157654,11.603950854119006,80.30992896164639,1,9.519180072919895,49.06700506398482,52.212358220009335,9.201456643085947,0.0,120.0,0.0,9.909480637255754,23.244664660227127,1,93,3,2,WAIT
highest_income,260,132,08:00,120,103.40209123177821,9.94317653465373,93.45891469712448,2,14.90845533287637,0.0,105.09154466712363,0.0,0.0,120.0,0.0,0.0,28.409075813296376,0,230,5,0,WAIT
highest_income,261,132,08:00,120,60.97292083737234,7.96348526523591,53.00943557213643,1,1.2228054441798433,33.32388389611289,84.21831827004526,1.2349923896620112,0.0,120.0,0.0,5.495857756053667,17.25695728747751,1,138,2,1,WAIT
highest_income,262,132,08:00,120,149.40968670784184,13.093228732996,136.31645797484583,2,11.576588650200701,55.68093998083585,52.74247136896345,0.0,0.0,120.0,0.0,11.225838024067258,26.183386927349886,0,230,4,2,WAIT
highest_income,263,132,08:00,120,138.65517734134,10.554839193148,128.10033814819198,2,8.343857636405698,44.385801670638585,61.63757406237046,5.632766630585252,0.0,120.0,0.0,7.35814036437716,22.798543044617126,1,92,4,1,WAIT
highest_income,264,132,08:00,120,85.35300563250016,10.397985007639324,74.95502062486084,1,16.380906462749806,52.49967548612012,51.11941805113008,0.0,0.0,120.0,0.0,10.47853807995202,19.229990513303196,0,93,5,2,WAIT
highest_income,265,132,08:00,120,87.04329344405166,8.805791803640606,78.23750164041105,1,30.175812308683916,43.55822201257482,41.99846057710692,4.267505101634342,0.0,119.99999999999999,1.4210854715202004e-14,7.279663046882188,17.879742106376685,1,93,8,1,WAIT
highest_income,266,132,08:00,120,72.22902760551892,10.577978542774591,61.651049062744335,1,1.3050597265997266,49.10292337258858,69.5920169008117,0.0,0.0,120.0,0.0,9.909480637255754,20.31331519924308,0,93,2,2,WAIT
highest_income,267,132,08:00,120,104.694635668834,8.339094834099248,96.35554083473475,1,41.44093246133572,43.31588950430636,35.24317803435791,0.0,0.0,119.99999999999999,1.4210854715202004e-14,7.239163253180994,16.58682198710257,0,93,10,1,WAIT
highest_income,268,132,08:00,120,91.10397463642761,8.467695782141723,82.63627885428589,1,0.8820966220239752,37.08634671139178,82.03155666658424,0.0,0.0,120.0,0.0,6.116372474856479,18.077044045548444,0,138,2,1,WAIT
highest_income,269,132,08:00,120,80.70004825037795,8.846873417211953,71.853174833166,1,15.854778431588976,39.06924131705906,65.07598025135196,0.0,0.0,120.0,0.0,6.490546598814233,18.786234593219916,0,93,4,1,WAIT
highest_income,270,132,08:00,120,92.66293621782103,8.29022907764187,84.37270714017916,1,12.861709748205998,43.81925435023871,57.78330905119802,5.535726850357278,0.0,120.0,0.0,7.279663046882188,16.406705746380297,1,93,4,1,WAIT
highest_income,271,132,08:00,120,90.45188131393796,13.346750739989265,77.1051305739487,1,2.206260642454531,93.24697381148103,21.18277404794079,3.363991498123653,0.0,120.0,0.0,20.183045423785064,17.950528119041408,1,132,2,3,WAIT
highest_income,272,132,08:00,120,80.69215153436625,8.967090548835479,71.72506098553077,1,19.5877970223356,40.22838647328511,60.18381650437928,0.0,0.0,120.0,0.0,6.683114598541168,18.937144112417347,0,93,5,1,WAIT
highest_income,273,132,08:00,120,65.4212920724656,9.904599201451664,55.516692871013944,1,10.276087804891173,47.98324785975427,57.21731876762335,4.523345567731198,0.0,119.99999999999999,1.4210854715202004e-14,9.712096187417577,18.58675867387289,1,93,3,2,WAIT
highest_income,274,132,08:00,120,95.25052228033812,13.276293296331403,81.97422898400671,2,12.255794258177875,56.50928892485943,51.23491681696269,0.0,0.0,120.0,0.0,14.02903538538622,23.90323117556064,0,138,4,2,WAIT
highest_income,275,132,08:00,120,69.91465076453562,9.363213904837071,60.551436859698555,1,3.3914490759971274,57.21253272589051,50.364018890752426,9.031999307359925,0.0,119.99999999999999,1.4210854715202004e-14,14.02903538538622,12.723004342719697,1,132,2,2,WAIT
highest_income,276,132,08:00,120,71.11949820769055,9.88749750890084,61.23200069878972,1,12.938848558573067,51.22305580893145,55.83809563249548,0.0,0.0,120.0,0.0,10.249181488265936,18.000811394307892,0,93,4,2,WAIT
highest_income,277,132,08:00,120,124.23976674250636,9.533976557504419,114.70579018500194,2,5.675094460210137,49.33981508182911,64.98509045796075,0.0,0.0,120.0,0.0,10.024454821915757,17.215478199525442,0,138,3,2,WAIT
highest_income,278,132,08:00,120,74.76354267573134,8.584862839361655,66.1786798363697,1,2.213164695960575,42.06457108435003,62.19699229294168,13.525271926747706,0.0,119.99999999999999,1.4210854715202004e-14,6.988158704348737,17.540020836684562,1,93,2,1,WAIT
highest_income,279,132,08:00,120,78.27154323578222,9.756095646928905,68.5154475888533,1,19.86676534877325,53.06993971998115,47.06329493124559,0.0,0.0,120.0,0.0,10.573074713731224,17.30148427749422,0,93,5,2,WAIT
highest_income,280,132,08:00,120,95.95769424046571,8.80723476408676,87.15045947637896,2,4.485245593668331,17.174299712684448,98.34045469364722,0.0,0.0,120.0,0.0,2.0004471665855252,23.163080730805216,0,186,3,1,WAIT
highest_income,281,132,08:00,120,85.79111610076001,8.76056054904798,77.03055555171203,1,30.97047991504613,44.0277949030208,42.976471555844356,2.025253626088727,0.0,120.00000000000001,-1.4210854715202004e-14,7.35814036437716,17.672032632902784,1,93,8,1,WAIT
highest_income,282,132,08:00,120,76.16049502382319,7.846534870075376,68.31396015374781,1,3.1815582630334593,35.69565343448948,81.12071781894261,0.0020704835344531602,0.0,120.0,0.0,5.8870158831703945,16.531655174187826,1,138,2,1,WAIT
highest_income,283,132,08:00,120,91.19558502795523,10.264116229431039,80.9314687985242,1,10.421361257299521,52.83361894504155,56.74501979765893,0.0,0.0,120.0,0.0,10.516175643494385,18.809870726308585,0,93,4,2,WAIT
highest_income,284,132,08:00,120,85.33908909052532,9.348672118602774,75.99041697192254,1,30.129731759890852,52.767750935337226,37.10251730477192,0.0,0.0,120.0,0.0,10.573074713731224,16.13741705370528,0,93,7,2,WAIT
highest_income,285,132,08:00,120,99.1684353238085,8.668741653039554,90.49969367076895,2,8.87393185585071,26.336927508856945,83.61298356586204,1.1761570694303032,0.0,120.0,0.0,4.760321711876788,20.007511582521936,1,161,4,2,WAIT
highest_income,286,132,08:00,120,74.36856603974081,8.048248909248679,66.32031713049213,1,0.5953007887520504,33.32388389611289,78.92109287408442,7.159722441050647,0.0,120.00000000000001,-1.4210854715202004e-14,5.495857756053667,17.49913912751399,1,138,2,1,WAIT
highest_income,287,132,08:00,120,71.27330397403682,8.227809512565972,63.04549446147085,1,1.7318565877378433,36.16969647892635,82.09844693333582,0.0,0.0,120.00000000000001,-1.4210854715202004e-14,5.965196240255829,17.542830938504096,0,199,2,1,WAIT
highest_income,288,132,08:00,120,233.64792547592737,14.242459790349685,219.40546568557767,3,4.892980112969881,52.427292549046015,62.394481485843826,0.2852458521402923,0.0,120.00000000000001,-1.4210854715202004e-14,10.516175643494385,30.176566614647573,1,132,4,2,WAIT
highest_income,289,132,08:00,120,90.8555867104134,6.753010444142057,84.10257626627134,1,16.727549394974687,0.0,103.27245060502531,0.0,0.0,120.0,0.0,0.0,19.294315554691593,0,163,4,0,WAIT
highest_income,290,132,08:00,120,74.47643030742042,8.285999068129934,66.19043123929048,1,4.962547094452531,43.81925435023871,70.90143809084803,0.31676046446072803,0.0,120.0,0.0,7.279663046882188,16.394620004917627,1,93,2,1,WAIT
highest_income,291,132,08:00,120,53.44467774746631,8.958941391954292,44.48573635551202,1,7.528945892733974,56.50928892485943,24.77126459413196,31.19050058827463,0.0,120.0,0.0,14.02903538538622,11.567940020197474,1,132,3,2,WAIT
highest_income,292,132,08:00,120,87.49166804075215,11.007258521401107,76.48440951935103,2,5.881982104095866,56.67359231977575,57.444425576128374,0.0,0.0,120.0,0.0,11.225838024067258,20.223472037078768,0,93,3,2,WAIT
highest_income,293,132,08:00,120,78.92422068564143,9.123304127844301,69.80091655779712,1,15.721080096896898,51.11614980078293,53.16277010232017,0.0,0.0,120.0,0.0,10.249181488265936,15.817401734146356,0,93,5,2,WAIT
highest_income,294,132,08:00,120,93.30571926477334,9.64560424890728,83.66011501586607,1,2.784082790013235,52.75486751068661,63.02919509623667,1.431854603063499,0.0,120.00000000000001,-1.4210854715202004e-14,10.516175643494385,17.04269363909784,1,93,2,2,WAIT
highest_income,295,132,08:00,120,75.00550227008864,7.725007819132653,67.28049445095598,1,3.369029307594881,21.520374553020034,95.11059613938508,0.0,0.0,120.0,0.0,3.2942182210822684,18.777232690725313,0,226,2,2,WAIT
highest_income,296,132,08:00,120,78.40577864911285,6.894177640576869,71.51160100853598,1,7.692396116361534,17.12270590109729,95.18489798254117,0.0,0.0,120.0,0.0,1.7559215819716734,17.941728819676523,0,68,3,2,WAIT
highest_income,297,132,08:00,120,79.03278756848209,9.78028579464518,69.25250177383691,1,5.760132836841258,53.17684572812968,54.385859473766594,6.67716196126247,0.0,120.0,0.0,10.573074713731224,17.370598985255015,1,93,2,2,WAIT
highest_income,298,132,08:00,120,70.38361254092285,10.04493071337015,60.338681827552705,1,16.79502990080854,52.72671293689303,50.47825716229843,0.0,0.0,120.0,0.0,10.516175643494385,18.183626394706046,0,93,5,2,WAIT
highest_income,299,132,08:00,120,140.13543617656876,10.253110595295997,129.88232558127277,3,34.27954566633835,41.81399143652639,43.906462897135256,0.0,0.0,120.0,0.0,6.988158704348737,22.306442996496973,0,93,9,1,WAIT
greedy_net_earnings,0,132,08:00,120,166.31760979904737,9.653831645538537,156.66377815350884,3,21.19776888266535,0.0,93.52669962428361,5.275531493051034,0.0,120.0,0.0,0.0,27.582376130110106,1,230,7,0,WAIT
greedy_net_earnings,1,132,08:00,120,65.7447258677145,7.526799071270086,58.21792679644441,1,3.425232829620846,33.25133426957525,83.32343290080391,0.0,0.0,120.0,0.0,5.483892691328659,16.02124751230016,0,199,2,1,WAIT
greedy_net_earnings,2,132,08:00,120,117.85330951272144,10.404830276580444,107.448479236141,3,20.657196031843064,36.00679517966888,63.33600878848807,0.0,0.0,120.00000000000001,-1.4210854715202004e-14,6.234200890423125,23.493885614092434,0,105,6,3,WAIT
greedy_net_earnings,3,132,08:00,120,128.9149367650579,11.853676797441471,117.06125996761642,5,20.152032391932277,33.25133426957525,63.647137186829326,2.9494961516631264,0.0,119.99999999999999,1.4210854715202004e-14,5.483892691328659,28.38375530136126,1,199,7,1,WAIT
greedy_net_earnings,4,132,08:00,120,83.78973230945856,7.906213462614932,75.88351884684363,1,7.96819401796989,30.633933783155136,81.39787219887498,0.0,0.0,120.0,0.0,5.052224497764085,17.536956823992867,0,195,3,1,WAIT
greedy_net_earnings,5,132,08:00,120,94.55001040178607,7.692819831264318,86.85719057052175,1,22.08900369657476,31.26713696900328,66.11241882517217,0.5314405092497907,0.0,120.0,0.0,5.194388287755453,16.785096944428314,1,195,5,1,WAIT
greedy_net_earnings,6,132,08:00,120,117.59969361698784,8.61179589789623,108.9878977190916,3,31.980263464418677,16.364329411356707,71.65540712422462,0.0,0.0,120.0,0.0,2.9949994007710856,21.61013173607528,0,145,8,2,WAIT
greedy_net_earnings,7,132,08:00,120,130.3602367667965,9.221553228163028,121.13868353863347,3,7.879528151039611,11.22344939717844,100.89702245178195,0.0,0.0,120.0,0.0,0.8079568506817426,25.53933808692691,0,170,4,1,WAIT
greedy_net_earnings,8,132,08:00,120,99.85436006882136,10.07015910834639,89.78420096047498,2,24.079237904189814,31.76477641897683,32.88128322497901,31.27470245185434,0.0,119.99999999999999,1.4210854715202004e-14,5.308684753545373,23.4631984131586,1,199,7,1,WAIT
greedy_net_earnings,9,132,08:00,120,90.82677323342202,8.320276176210323,82.50649705721169,2,6.875081401880583,19.97512252709047,93.14979607102896,0.0,0.0,120.00000000000001,-1.4210854715202004e-14,5.18155674214191,18.590660904173298,0,170,3,1,WAIT
greedy_net_earnings,10,132,08:00,120,142.90764379606202,13.207299109599933,129.70034468646207,3,8.413251408799193,38.79846529015545,72.78828330104535,0.0,0.0,120.0,0.0,6.444980281326928,31.29016003181574,0,145,4,2,WAIT
greedy_net_earnings,11,132,08:00,120,84.4538202834787,7.744196717068453,76.70962356641026,1,9.622576292468308,31.26713696900328,73.06140630737713,6.048880431151304,0.0,120.00000000000001,-1.4210854715202004e-14,5.194388287755453,16.93188804672584,1,195,3,1,WAIT
greedy_net_earnings,12,132,08:00,120,91.55712987807945,8.240010865866477,83.31711901221297,2,15.437619741574185,10.367495672962935,94.19488458546287,0.0,0.0,120.0,0.0,1.111820073635345,22.43106811455459,0,48,5,1,WAIT
greedy_net_earnings,13,132,08:00,120,86.78065547385339,6.168241278326757,80.61241419552663,1,1.7719821567352316,0.0,118.22801784326477,0.0,0.0,120.0,0.0,0.0,17.623546509505022,0,230,2,0,WAIT
greedy_net_earnings,14,132,08:00,120,134.97485326604152,10.872262580010435,124.10259068603108,3,14.558363508170192,20.036710437426343,85.40492605440345,0.0,0.0,119.99999999999999,1.4210854715202004e-14,3.5760800802611454,27.487527291197246,0,231,5,2,WAIT
greedy_net_earnings,15,132,08:00,120,87.71553291988536,7.470820368594104,80.24471255129126,2,4.25776731892084,7.255935836497811,108.48629684458135,0.0,0.0,120.0,0.0,1.173438527333942,20.171762525792072,0,145,3,1,WAIT
greedy_net_earnings,16,132,08:00,120,138.05724330631023,10.277923206366912,127.77932009994332,3,13.96299322778138,29.771986391882997,70.23463337355344,6.030387006782192,0.0,120.00000000000001,-1.4210854715202004e-14,4.9355074495075595,24.42998742582648,1,164,6,1,WAIT
greedy_net_earnings,17,132,08:00,120,83.10556873523734,9.194150113752523,73.91141862148481,1,4.699386693315086,31.95513390973077,65.19768131997535,18.147798076978788,0.0,119.99999999999999,1.4210854715202004e-14,5.308684753545373,20.960315571461837,1,199,2,1,WAIT
greedy_net_earnings,18,132,08:00,120,86.85776842072187,7.833403097017322,79.02436532370454,1,12.681468064366399,30.47604740444225,53.58503341270426,23.257451118487097,0.0,120.00000000000001,-1.4210854715202004e-14,5.052224497764085,17.328927207999694,1,195,4,1,WAIT
greedy_net_earnings,19,132,08:00,120,142.60097803793877,12.214590953976606,130.38638708396218,2,14.615167380068455,31.79901377309872,72.43122453586818,1.1545943109646402,0.0,120.0,0.0,5.271541753992986,29.62728954308303,1,239,4,1,WAIT
greedy_net_earnings,20,132,08:00,120,162.40116422949396,11.106905333829255,151.2942588956647,4,11.229647647770182,31.54252945365764,77.22782289857217,0.0,0.0,120.0,0.0,5.271541753992986,26.462473485519176,0,161,5,1,WAIT
greedy_net_earnings,21,132,08:00,120,97.84588464066243,7.094792468735599,90.75109217192683,1,6.300715103765757,10.656165903631408,94.64758421676653,8.39553477583631,0.0,120.00000000000001,-1.4210854715202004e-14,1.7454830859471333,18.52535253901172,1,145,2,1,WAIT
greedy_net_earnings,22,132,08:00,120,86.96446752002392,10.264617818280529,76.69984970174339,2,6.936489175746852,24.065426540851657,83.38683121885258,5.6112530645489045,0.0,119.99999999999999,1.4210854715202004e-14,3.9689299578524526,25.35854952294906,1,199,4,1,WAIT
greedy_net_earnings,23,132,08:00,120,88.70645315702399,6.0812197867476225,82.62523337027636,1,41.439003007586926,0.0,70.55593723795657,8.005059754456497,0.0,119.99999999999999,1.4210854715202004e-14,0.0,17.37491367642178,1,230,10,0,WAIT
greedy_net_earnings,24,132,08:00,120,92.44536231860567,8.359184370065744,84.08617794853993,1,5.485443740471231,27.81788099465722,70.03368159154937,16.66299367332219,0.0,120.00000000000001,-1.4210854715202004e-14,4.6213657288823615,19.26201818559119,1,199,2,1,WAIT
greedy_net_earnings,25,132,08:00,120,88.8177736999656,8.33150964848187,80.48626405148373,1,10.57237839328539,30.633933783155136,78.50640074965857,0.2872870739008988,0.0,120.0,0.0,5.052224497764085,18.752088783612685,1,195,3,1,WAIT
greedy_net_earnings,26,132,08:00,120,93.16162678243403,8.62685175319046,84.53477502924356,3,8.478238451271896,27.552889003619903,66.54590920509769,17.422963340010497,0.0,119.99999999999999,1.4210854715202004e-14,4.577342788887638,20.07080507737082,1,195,4,1,WAIT
greedy_net_earnings,27,132,08:00,120,99.04765061546973,7.860139076624954,91.18751153884477,1,15.171569229177713,35.296700760215394,55.2729613596359,14.258768650971007,0.0,120.00000000000001,-1.4210854715202004e-14,5.851377440928088,16.606162778000353,1,199,4,1,WAIT
greedy_net_earnings,28,132,08:00,120,105.55518383448265,11.236926134893094,94.31825769958955,2,6.135440509064717,26.49098471067518,78.72557288607463,8.64800189418547,0.0,119.99999999999999,1.4210854715202004e-14,4.368959039754844,27.736544202796853,1,199,4,1,WAIT
greedy_net_earnings,29,132,08:00,120,64.42036340910059,6.602891311677538,57.81747209742305,1,14.467854743379446,0.0,87.47372302060097,18.05842223601958,0.0,120.0,0.0,0.0,18.86540374765011,1,230,4,0,WAIT
greedy_net_earnings,30,132,08:00,120,85.14249036633096,7.579349758091381,77.56314060823958,1,13.054116246408693,31.95513390973077,59.92884622344506,15.061903620415478,0.0,120.0,0.0,5.308684753545373,16.34660026957286,1,199,4,1,WAIT
greedy_net_earnings,31,132,08:00,120,74.516417684363,7.4885698601595045,67.0278478242035,1,1.0106045002720503,26.49098471067518,85.29226762532042,7.206143163732349,0.0,120.0,0.0,4.368959039754844,17.02695484641517,1,199,2,1,WAIT
greedy_net_earnings,32,132,08:00,120,97.46403828419372,7.493973900726076,89.97006438346764,2,11.677559041320748,10.367495672962935,97.95494528571632,0.0,0.0,120.0,0.0,1.111820073635345,20.29953392843916,0,48,4,1,WAIT
greedy_net_earnings,33,132,08:00,120,83.63717159551146,7.6953056687528045,75.94186592675865,1,7.603838444257107,26.07933533881795,79.84415198026193,6.472674236663025,0.0,120.00000000000001,-1.4210854715202004e-14,4.301068802225837,17.68551882278218,1,207,3,1,WAIT
greedy_net_earnings,34,132,08:00,120,81.34529651275129,7.981173438195948,73.36412307455534,1,3.419214753946086,33.01753776903348,71.89275108431413,11.670496392706298,0.0,120.0,0.0,5.485181187136304,17.31817149342355,1,195,2,1,WAIT
greedy_net_earnings,35,132,08:00,120,103.89226038033358,9.204395754100105,94.68786462623348,2,5.940372164547499,32.575574665455385,81.48405316999713,0.0,0.0,120.0,0.0,5.372444737869574,20.925828845273585,0,195,3,1,WAIT
greedy_net_earnings,36,132,08:00,120,110.04624146855414,12.981328871829264,97.06491259672488,3,8.225590346368847,49.12387716797153,62.650532485659625,0.0,0.0,120.0,0.0,11.58927571530667,25.500235347062656,0,199,5,3,WAIT
greedy_net_earnings,37,132,08:00,120,112.73607361201667,8.430674958241713,104.30539865377496,2,5.488805482686316,24.230298437878716,88.12813622497498,2.152759854459987,0.0,120.0,0.0,3.9689299578524526,20.118712779981013,1,199,3,1,WAIT
greedy_net_earnings,38,132,08:00,120,122.87597856547583,10.776504064103491,112.09947450137234,2,17.63878223934917,40.713751333347936,61.6474664273029,0.0,0.0,120.0,0.0,6.222135039281488,24.567876572442778,0,107,6,2,WAIT
greedy_net_earnings,39,132,08:00,120,86.36401828608913,7.084088468942118,79.27992981714702,2,42.413294759123694,0.0,77.43450297610588,0.1522022647704233,0.0,119.99999999999999,1.4210854715202004e-14,0.0,20.24025276840605,1,239,11,0,WAIT
greedy_net_earnings,40,132,08:00,120,140.4701075558185,11.286741077803361,129.18336647801513,3,15.300036520272508,8.253518800007585,96.4464446797199,0.0,0.0,120.0,0.0,3.1402954808806487,29.1075361699861,0,163,5,1,WAIT
greedy_net_earnings,41,132,08:00,120,118.97506067214587,7.270939352963997,111.70412131918188,3,5.307695131163556,0.0,96.30456650247034,18.387738366366108,0.0,120.0,0.0,0.0,20.774112437039992,1,143,4,0,WAIT
greedy_net_earnings,42,132,08:00,120,67.68774116351692,8.237427962780641,59.450313200736275,1,7.15114245726606,24.065426540851657,75.5441311867809,13.23929981510139,0.0,120.0,0.0,3.9689299578524526,19.566578507235093,1,199,2,1,WAIT
greedy_net_earnings,43,132,08:00,120,92.55650878694277,8.535345658202544,84.02116312874023,3,20.026730783921728,24.32636984910596,75.6468993669723,0.0,0.0,120.0,0.0,4.011965376803933,20.37473650377477,0,195,6,1,WAIT
greedy_net_earnings,44,132,08:00,120,127.81828716612628,10.19706756163958,117.6212196044867,3,21.070423534373898,8.253518800007585,90.67605766561852,0.0,0.0,120.0,0.0,3.1402954808806487,25.99418326666101,0,236,6,1,WAIT
greedy_net_earnings,45,132,08:00,120,136.6277159482269,8.488062374807186,128.1396535734197,3,8.030946182258134,0.0,111.96905381774187,0.0,0.0,120.0,0.0,0.0,24.251606785163386,0,186,4,0,WAIT
greedy_net_earnings,46,132,08:00,120,83.1581591912899,7.372118608671045,75.78604058261885,1,2.5769108434290113,27.652169217664103,43.54418574239787,46.226734196509014,0.0,120.0,0.0,4.6213657288823615,16.441830295892053,1,199,2,1,WAIT
greedy_net_earnings,47,132,08:00,120,122.03087539578897,10.76693753083591,111.26393786495305,2,4.403192680928241,36.957770882104015,78.63903643696774,0.0,0.0,120.0,0.0,6.126744487413468,24.635934172117707,0,236,3,1,WAIT
greedy_net_earnings,48,132,08:00,120,105.02399822434938,11.300829608036775,93.7231686163126,3,8.75194307476864,32.33893120261042,65.08311693087197,13.82600879174899,0.0,120.00000000000001,-1.4210854715202004e-14,5.372444737869574,26.915639856521214,1,195,4,1,WAIT
greedy_net_earnings,49,132,08:00,120,94.36547845378803,8.101922190859284,86.26355626292874,3,19.18846027953378,0.0,100.81153972046621,0.0,0.0,120.0,0.0,0.0,23.14834911674081,0,239,6,0,WAIT
greedy_net_earnings,50,132,08:00,120,58.19513678241209,3.190179478140426,55.00495730427166,2,2.9595879937359815,8.495519944444162,80.75442166892269,27.790470392897163,0.0,120.0,0.0,3.1402954808806487,5.974503028091998,1,132,3,1,WAIT
greedy_net_earnings,51,132,08:00,120,88.12695622276638,7.267133727276192,80.85982249549019,1,15.212661579182848,30.411395263253077,69.4188533135015,4.9570898440625655,0.0,119.99999999999999,1.4210854715202004e-14,5.052224497764085,15.711014723025034,1,195,4,1,WAIT
greedy_net_earnings,52,132,08:00,120,88.24978498075292,9.48892696284215,78.76085801791078,3,25.623006167418364,30.411395263253077,62.945741984788725,1.0198565845398377,0.0,120.0,0.0,5.052224497764085,22.058995396070635,1,195,8,1,WAIT
greedy_net_earnings,53,132,08:00,120,109.2998260356897,8.710288279609083,100.58953775608062,2,22.55811394654975,32.32403447130765,61.51006025327827,3.6077913288643373,0.0,120.0,0.0,5.618475354578797,19.268062587161445,1,199,6,2,WAIT
greedy_net_earnings,54,132,08:00,120,74.84378714638196,9.059746506673454,65.78404063970851,1,8.687094421931507,32.18896889632003,79.12393668174846,0.0,0.0,120.0,0.0,5.308684753545373,20.57630526552164,0,199,3,1,WAIT
greedy_net_earnings,55,132,08:00,120,80.95363980727623,8.490330085208253,72.46330972206798,2,23.656218793301864,27.944655865691317,68.39912534100682,0.0,0.0,120.0,0.0,4.577342788887638,19.680743168850228,0,195,7,1,WAIT
greedy_net_earnings,56,132,08:00,120,127.94319764646406,11.227784028308399,116.71541361815565,2,6.131061844144402,31.731555080019145,82.13738307583645,0.0,0.0,120.0,0.0,5.271541753992986,26.807841184031012,0,170,3,1,WAIT
greedy_net_earnings,57,132,08:00,120,108.19665957003765,7.913730437353364,100.28292913268429,2,22.262222817582412,10.656165903631408,87.08161127878618,0.0,0.0,120.0,0.0,1.7454830859471333,20.86517530649105,0,145,6,1,WAIT
greedy_net_earnings,58,132,08:00,120,76.27965787303577,8.307778924810487,67.97187894822528,1,11.760132010343343,31.79901377309872,48.97292514421488,27.467929072343054,0.0,120.0,0.0,5.271541753992986,18.464969459751263,1,199,4,1,WAIT
greedy_net_earnings,59,132,08:00,120,117.47841168277603,10.451033874881293,107.02737780789474,2,10.171926477584257,37.99440606562329,64.61542030581839,7.218247150974051,0.0,119.99999999999999,1.4210854715202004e-14,6.574243682402839,23.28585310297229,1,199,4,2,WAIT
greedy_net_earnings,60,132,08:00,120,120.19598861080821,9.997456630448177,110.19853198036003,3,11.014034646736672,37.89713240404532,71.08883294921802,0.0,0.0,120.00000000000001,-1.4210854715202004e-14,6.558201068369325,22.00596073291118,0,199,5,2,WAIT
greedy_net_earnings,61,132,08:00,120,81.54916127495665,7.239999339292112,74.30916193566453,2,4.224525934942663,18.090190695605926,97.68528336945141,0.0,0.0,120.0,0.0,1.5032254509130585,19.182486947064408,0,186,3,2,WAIT
greedy_net_earnings,62,132,08:00,120,135.42910701795415,9.47547881491277,125.95362820304138,2,3.925553508759094,35.171797950226974,80.89099383360819,0.011654707405739373,0.0,120.0,0.0,5.800620334703995,21.272176279332495,1,138,3,1,WAIT
greedy_net_earnings,63,132,08:00,120,88.42263562587105,7.767793170021635,80.65484245584942,1,7.264468188086443,36.957770882104015,56.4147354781891,19.363025451620445,0.0,120.0,0.0,6.126744487413468,16.06695028407692,1,199,3,1,WAIT
greedy_net_earnings,64,132,08:00,120,87.16969844962344,7.609090342294571,79.56060810732887,1,9.423479956516072,23.424928516117703,81.84297540474816,5.308616122618062,0.0,120.0,0.0,3.8632974317055897,17.87696068913604,1,207,3,1,WAIT
greedy_net_earnings,65,132,08:00,120,72.76895520066458,7.212369626265614,65.55658557439897,2,20.05313260725702,28.050102970408737,71.89676442233424,0.0,0.0,120.0,0.0,4.626092698216579,15.980677662542321,0,207,5,1,WAIT
greedy_net_earnings,66,132,08:00,120,72.49065800216218,8.132732860017583,64.3579251421446,1,6.374361713689044,35.22182204478431,72.85559578380618,5.5482204577204755,0.0,120.00000000000001,-1.4210854715202004e-14,5.851377440928088,17.38500215912215,1,199,3,1,WAIT
greedy_net_earnings,67,132,08:00,120,77.99230717580413,8.951964972481132,69.040342203323,1,6.048922145285528,32.28624255789799,75.98428895884484,5.680546337971634,0.0,120.0,0.0,5.3247273675788875,20.252315410938635,1,199,2,1,WAIT
greedy_net_earnings,68,132,08:00,120,86.98195481440644,7.31882200861173,79.6631328057947,1,1.54150339084313,35.4795613585596,82.97893525059727,0.0,0.0,120.0,0.0,5.851377440928088,15.059542583676855,0,199,2,1,WAIT
greedy_net_earnings,69,132,08:00,120,96.26716221541507,7.594602020176853,88.67256019523822,3,27.0408733445043,7.255935836497811,85.7031908189979,0.0,0.0,120.0,0.0,1.173438527333942,20.525424387457072,0,145,8,1,WAIT
greedy_net_earnings,70,132,08:00,120,97.96724591826369,9.015226905109126,88.95201901315455,2,6.061210558977518,33.00978178841174,59.83869821343206,21.090309439178682,0.0,120.00000000000001,-1.4210854715202004e-14,5.483892691328659,20.273898466125985,1,199,3,1,WAIT
greedy_net_earnings,71,132,08:00,120,100.61261941862408,7.389887655336142,93.22273176328794,3,19.16186552866259,8.944442359829832,88.00563002222106,3.8880620892865068,0.0,119.99999999999999,1.4210854715202004e-14,0.8429103207506001,20.27105440878124,1,186,6,1,WAIT
greedy_net_earnings,72,132,08:00,120,137.82355482544372,11.51890919861797,126.30464562682575,3,26.42455593263874,42.76677457543609,48.26664842709157,2.5420210648336194,0.0,120.00000000000001,-1.4210854715202004e-14,7.229375777275792,25.6817933616327,1,145,7,2,WAIT
greedy_net_earnings,73,132,08:00,120,95.00534427012164,9.396030933650346,85.60931333647129,3,9.618388548273241,0.0,110.38161145172677,0.0,0.0,120.00000000000001,-1.4210854715202004e-14,0.0,26.845802667572418,0,162,4,0,WAIT
greedy_net_earnings,74,132,08:00,120,111.33847569262024,8.804887691616289,102.53358800100395,3,15.069503597057121,15.312860261803351,89.61763614113953,0.0,0.0,120.0,0.0,1.5732410281108398,23.583580947935697,0,186,5,2,WAIT
greedy_net_earnings,75,132,08:00,120,91.35518243037515,7.922382928994409,83.43279950138074,1,20.956766436670833,33.01753776903348,66.02569579429569,0.0,0.0,120.0,0.0,5.485181187136304,17.150198609990582,0,195,5,1,WAIT
greedy_net_earnings,76,132,08:00,120,79.51451273650467,7.227797581344121,72.28671515516055,2,28.240335606146417,0.0,83.38920299977272,8.370461394080863,0.0,120.0,0.0,0.0,20.650850232411777,1,239,8,0,WAIT
greedy_net_earnings,77,132,08:00,120,85.0250575362266,7.9895940215786245,77.03546351464797,1,4.1534973173514,30.411395263253077,72.37905973615084,13.0560476832447,0.0,120.00000000000001,-1.4210854715202004e-14,5.052224497764085,17.775186992460558,1,195,2,1,WAIT
greedy_net_earnings,78,132,08:00,120,107.1984381103253,8.35283410605146,98.84560400427384,2,16.340153119265153,30.411395263253077,61.843853579586316,11.404598037895454,0.0,120.0,0.0,5.052224497764085,18.813015805240088,1,195,5,1,WAIT
greedy_net_earnings,79,132,08:00,120,85.37446831810554,7.602034158059463,77.77243416004607,1,28.668807572227536,27.04756538135947,57.65159680261931,6.632030243793679,0.0,120.0,0.0,4.460751707301817,17.259345887153792,1,207,7,1,WAIT
greedy_net_earnings,80,132,08:00,120,77.96748620198498,7.825016187585895,70.1424700143991,1,4.682069168448828,33.00978178841174,62.83786849250785,19.470280550631585,0.0,120.00000000000001,-1.4210854715202004e-14,5.483892691328659,16.873296416059613,1,199,2,1,WAIT
greedy_net_earnings,81,132,08:00,120,84.01977148839292,8.452933693277151,75.56683779511577,1,1.1382848303715922,26.49098471067518,80.70321239850333,11.667518060449908,0.0,120.0,0.0,4.368959039754844,19.78228008389416,1,199,2,1,WAIT
greedy_net_earnings,82,132,08:00,120,139.7647816338836,10.75330569500446,129.01147593887913,2,5.307043565897142,36.957770882104015,74.33859190140438,3.396593650594454,0.0,119.99999999999999,1.4210854715202004e-14,6.126744487413468,24.596986069742133,1,141,3,1,WAIT
greedy_net_earnings,83,132,08:00,120,92.02188859503099,7.054104818909224,84.96778377612176,1,4.268386036915196,30.47604740444225,59.1729027887456,26.082663769896953,0.0,120.0,0.0,5.052224497764085,15.102360699119412,1,195,2,1,WAIT
greedy_net_earnings,84,132,08:00,120,87.22583201068893,6.86433552394108,80.36149648674785,1,1.3580867574468931,0.0,113.30892865223902,5.332984590314084,0.0,120.0,0.0,0.0,19.61238721126023,1,230,2,0,WAIT
greedy_net_earnings,85,132,08:00,120,73.54397685572118,7.883818794774149,65.66015806094704,1,1.3263564892972441,36.87936835866003,61.22982791442247,20.564447237620257,0.0,120.00000000000001,-1.4210854715202004e-14,6.126744487413468,16.398452069084104,1,199,2,1,WAIT
greedy_net_earnings,86,132,08:00,120,145.01500342937118,11.748120266723378,133.2668831626478,2,4.513176498453691,32.81314173522569,74.96305300451192,7.710628761808707,0.0,120.00000000000001,-1.4210854715202004e-14,5.483892691328659,28.082165213595278,1,230,3,1,WAIT
greedy_net_earnings,87,132,08:00,120,148.40610607306752,9.63192403593596,138.77418203713157,3,11.241292993532191,53.22645679666572,55.53225020980209,0.0,0.0,120.0,0.0,10.66544943347057,16.85433352634646,0,199,5,2,WAIT
greedy_net_earnings,88,132,08:00,120,85.91709879603768,6.766569583989041,79.15052921204864,2,10.167510988568207,0.0,105.63843996214057,4.194049049291223,0.0,120.0,0.0,0.0,19.3330559542544,1,48,4,0,WAIT
greedy_net_earnings,89,132,08:00,120,107.94715269227851,8.688966345357645,99.25818634692087,2,7.892906830445097,10.656165903631408,91.33319489780551,10.117732368117984,0.0,120.0,0.0,1.7454830859471333,23.08013504364614,1,145,4,1,WAIT
greedy_net_earnings,90,132,08:00,120,78.68999494868471,7.820227371154812,70.8697675775299,2,5.565115705204286,36.87936835866003,57.8334405009889,19.72207543514679,0.0,120.0,0.0,6.126744487413468,16.21676228731457,1,199,3,1,WAIT
greedy_net_earnings,91,132,08:00,120,87.16382507057496,8.246353605610867,78.9174714649641,1,3.071451540512899,31.79901377309872,58.29854304454416,26.830991641844236,0.0,120.00000000000001,-1.4210854715202004e-14,5.271541753992986,18.289468547752353,1,199,2,1,WAIT
greedy_net_earnings,92,132,08:00,120,94.40445635389116,8.084342921681936,86.32011343220923,2,20.993193596529323,0.0,99.00680640347068,0.0,0.0,120.0,0.0,0.0,23.09812263337696,0,230,6,0,WAIT
greedy_net_earnings,93,132,08:00,120,133.60550467932438,7.831580230734087,125.7739244485903,2,7.113933136111413,26.07933533881795,79.43879520534155,7.367936319729083,0.0,119.99999999999999,1.4210854715202004e-14,4.301068802225837,18.074874714157268,1,138,3,1,WAIT
greedy_net_earnings,94,132,08:00,120,136.11894461084694,8.172883352678069,127.94606125816887,3,16.387345489645444,5.833049760632471,97.77960474972208,0.0,0.0,120.0,0.0,1.249516314823952,22.10157897854196,0,234,6,1,WAIT
greedy_net_earnings,95,132,08:00,120,174.37646325318326,9.841868744573285,164.53459450860998,3,7.068176077052609,30.411395263253077,82.52042865969433,0.0,0.0,120.00000000000001,-1.4210854715202004e-14,5.052224497764085,23.067400486731017,0,89,4,1,WAIT
greedy_net_earnings,96,132,08:00,120,153.00130511105317,13.331473787769982,139.66983132328318,3,17.051143977058558,38.0220186569525,64.92683736598894,0.0,0.0,120.0,0.0,6.558201068369325,31.531724039544905,0,199,6,2,WAIT
greedy_net_earnings,97,132,08:00,120,76.08245960574476,7.57985490261612,68.50260470312864,1,7.61239830478025,26.354450967600794,53.74779108461183,32.285359643007126,0.0,120.0,0.0,4.368959039754844,17.28776925343407,1,199,3,1,WAIT
greedy_net_earnings,98,132,08:00,120,93.12754481639554,7.692117896384388,85.43542692001115,1,0.7494393933913268,35.22182204478431,65.96465042841834,18.06408813340603,0.0,120.00000000000001,-1.4210854715202004e-14,5.851377440928088,16.126102263027306,1,199,2,1,WAIT
greedy_net_earnings,99,132,08:00,120,94.64309727923894,8.912851797775723,85.73024548146321,3,3.7314606589528774,29.304235501611835,86.96430383943529,0.0,0.0,120.0,0.0,6.055385694381822,19.409905156405962,0,234,4,2,WAIT
greedy_net_earnings,100,132,08:00,120,85.12119510684674,7.346997385170865,77.77419772167588,1,12.37066430413725,26.07933533881795,79.73974430815343,1.8102560488913753,0.0,120.0,0.0,4.301068802225837,16.69035229826235,1,207,4,1,WAIT
greedy_net_earnings,101,132,08:00,120,144.04059042565294,13.050954302911588,130.98963612274136,3,15.101175483830605,37.00756001727274,67.89126449889667,0.0,0.0,120.00000000000001,-1.4210854715202004e-14,5.618731406229967,31.66970945923172,0,79,6,2,WAIT
greedy_net_earnings,102,132,08:00,120,99.11908866206325,9.420469209814367,89.69861945224888,2,6.539099730760168,28.76372437053811,73.50536884088548,11.191807057816263,0.0,120.00000000000001,-1.4210854715202004e-14,3.9175659746878977,22.99806033906744,1,195,3,2,WAIT
greedy_net_earnings,103,132,08:00,120,76.02814077552668,7.866443476471861,68.16169729905482,1,5.384796122461721,30.411395263253077,62.39119000953709,21.812618604748124,0.0,120.00000000000001,-1.4210854715202004e-14,5.052224497764085,17.42332829215552,1,195,2,1,WAIT
greedy_net_earnings,104,132,08:00,120,98.99919424408452,8.54636636166284,90.45282788242169,2,3.583157040550942,29.70882785159901,66.37241368975457,20.33560141809548,0.0,120.0,0.0,4.9355074495075595,19.48268215524341,1,199,3,1,WAIT
greedy_net_earnings,105,132,08:00,120,85.38592627643412,9.320100462238699,76.06582581419542,2,10.94080585634832,23.941394052056328,52.46498096575232,32.65281912584304,0.0,120.0,0.0,3.9689299578524526,22.659928505686693,1,199,4,1,WAIT
greedy_net_earnings,106,132,08:00,120,86.21851781138962,5.41997834751308,80.79853946387654,1,0.56719629986601,0.0,103.09144317488264,16.341360525251346,0.0,120.0,0.0,0.0,15.485652421465943,1,48,2,0,WAIT
greedy_net_earnings,107,132,08:00,120,91.86472817776504,10.364232512130911,81.50049566563413,3,10.362717447456115,29.312793571932676,72.85794923040908,7.466539750202159,0.0,120.00000000000003,-2.842170943040401e-14,8.321852223022558,21.290240668780047,1,138,5,2,WAIT
greedy_net_earnings,108,132,08:00,120,80.07251830428918,8.191009888784833,71.88150841550434,1,7.671677223611699,31.79901377309872,49.644132385140196,30.885176618149387,0.0,120.0,0.0,5.271541753992986,18.13134364253511,1,199,3,1,WAIT
greedy_net_earnings,109,132,08:00,120,66.49038012045837,8.237431720304494,58.252948400153876,2,14.921495671240185,35.296700760215394,46.17712070725939,23.604682861285028,0.0,120.0,0.0,5.851377440928088,17.684141759941898,1,199,5,1,WAIT
greedy_net_earnings,110,132,08:00,120,88.12939839767161,7.465141970712661,80.66425642695894,2,15.16072059870568,8.899425744060883,95.4501266860139,0.48972697121953956,0.0,120.0,0.0,1.4577285349515015,19.871248524227532,1,145,5,1,WAIT
greedy_net_earnings,111,132,08:00,120,90.30935960472256,6.438988428715249,83.87037117600731,2,5.237036120802733,0.0,114.76296387919726,0.0,0.0,119.99999999999999,1.4210854715202004e-14,0.0,18.397109796329282,0,75,3,0,WAIT
greedy_net_earnings,112,132,08:00,120,144.51005824707752,10.747667444439884,133.76239080263764,3,20.604185658195934,33.07995788701999,66.31585645478408,0.0,0.0,120.0,0.0,5.483892691328659,25.22372857849958,0,162,6,1,WAIT
greedy_net_earnings,113,132,08:00,120,104.77131914431126,10.101694857426182,94.66962428688508,2,18.015250292512174,26.49098471067518,75.49376499681264,0.0,0.0,120.0,0.0,4.368959039754844,24.493026267177108,0,199,5,1,WAIT
greedy_net_earnings,114,132,08:00,120,101.75989004351507,10.403729158954734,91.35616088456034,3,13.383931117382833,20.560812416330474,67.94968005233513,18.105576413951567,0.0,120.0,0.0,5.18155674214191,24.543383712014474,1,142,5,1,WAIT
greedy_net_earnings,115,132,08:00,120,95.48840553548207,8.261134248973018,87.22727128650905,1,12.056683938227097,31.731555080019145,65.76628556070328,10.445475421050475,0.0,120.0,0.0,5.271541753992986,18.331698957358498,1,199,4,1,WAIT
greedy_net_earnings,116,132,08:00,120,73.74960357270047,8.54885148061347,65.200752092087,1,13.565091417807198,26.298542415474312,59.88988923334433,20.24647693337417,0.0,120.0,0.0,4.368959039754844,20.05633090485507,1,199,4,1,WAIT
greedy_net_earnings,117,132,08:00,120,178.97754692397328,9.512029745165803,169.4655171788075,3,9.566584435751952,23.50395413334978,86.82222650572767,0.10723492517062994,0.0,120.00000000000003,-2.842170943040401e-14,4.163845783623038,23.01338205970783,1,195,5,2,WAIT
greedy_net_earnings,118,132,08:00,120,107.14553198493016,8.86045650652517,98.28507547840499,3,29.58438237790324,36.256415628973635,54.15920199312312,0.0,0.0,119.99999999999999,1.4210854715202004e-14,5.802746515595712,19.512843503047634,0,195,9,2,WAIT
greedy_net_earnings,119,132,08:00,120,108.96057768680596,8.026100250633137,100.93447743617283,2,26.251768447330345,5.880480509657207,84.23753417001386,3.630216872998588,0.0,120.0,0.0,1.249516314823952,21.68219868698501,1,170,7,1,WAIT
greedy_net_earnings,120,132,08:00,120,77.04633071389101,7.973247937851351,69.07308277603966,1,1.687812752234493,33.25133426957525,81.5876485599613,3.47320441822896,0.0,120.0,0.0,5.483892691328659,17.296815702532346,1,199,2,1,WAIT
greedy_net_earnings,121,132,08:00,120,69.38007281026631,6.886471100637806,62.49360170962851,2,3.921564060921571,8.126519562540434,106.04524242717508,1.9066739493628972,0.0,119.99999999999999,1.4210854715202004e-14,0.6461705751342853,19.029461140973734,1,186,3,1,WAIT
greedy_net_earnings,122,132,08:00,120,135.66595378140858,10.781281590663667,124.88467219074491,2,12.1199717628458,27.652169217664103,80.2278590194901,0.0,0.0,120.0,0.0,4.6213657288823615,26.182295958728115,0,161,4,1,WAIT
greedy_net_earnings,123,132,08:00,120,66.94130606130237,8.386401700296714,58.554904361005654,1,6.647087952017665,36.975916449149445,64.25400899662603,12.12298660220685,0.0,119.99999999999999,1.4210854715202004e-14,6.142783956295462,17.818363758838007,1,199,2,1,WAIT
greedy_net_earnings,124,132,08:00,120,132.21826248008912,11.534563728245487,120.68369875184364,2,6.711054796845244,31.79901377309872,81.48993143005603,0.0,0.0,120.0,0.0,5.271541753992986,27.684354612422688,0,162,3,1,WAIT
greedy_net_earnings,125,132,08:00,120,78.47975055768342,7.955210731590802,70.52453982609262,1,11.982590911182989,31.95513390973077,64.79787179727964,11.264403381806602,0.0,120.0,0.0,5.308684753545373,17.42048876528549,1,199,3,1,WAIT
greedy_net_earnings,126,132,08:00,120,78.86495763181672,7.742838092979094,71.12211953883762,1,11.330312489019141,26.49098471067518,82.17870280030569,0.0,0.0,120.0,0.0,4.368959039754844,17.753435511613997,0,199,4,1,WAIT
greedy_net_earnings,127,132,08:00,120,124.29368906497061,10.40091598182502,113.89277308314558,2,16.76331526962206,32.81314173522569,68.72122762597861,1.7023153691736468,0.0,120.00000000000001,-1.4210854715202004e-14,5.483892691328659,24.23301011388569,1,239,5,1,WAIT
greedy_net_earnings,128,132,08:00,120,78.74463462439714,9.35534806485766,69.38928655953947,2,11.48239372164229,39.2921273417877,69.22547893657,0.0,0.0,119.99999999999999,1.4210854715202004e-14,6.277628224472159,20.451937675121158,0,195,4,2,WAIT
greedy_net_earnings,129,132,08:00,120,102.22726495520064,9.334121708507535,92.8931432466931,2,6.7935752733449055,23.424928516117703,83.80435370115626,5.977142509381139,0.0,120.0,0.0,3.8632974317055897,22.8056217354588,1,207,3,1,WAIT
greedy_net_earnings,130,132,08:00,120,80.55645642876877,8.085741362618553,72.47071506615022,1,6.157323701205481,36.957770882104015,44.65705236135004,32.227853055340475,0.0,120.00000000000001,-1.4210854715202004e-14,6.126744487413468,16.975373691496685,1,199,3,1,WAIT
greedy_net_earnings,131,132,08:00,120,83.01537415378796,8.561314076641182,74.45406007714678,1,6.053178896591561,32.05170093216711,69.71099665979102,12.18412351145031,0.0,120.0,0.0,5.3247273675788875,19.136169994253063,1,199,3,1,WAIT
greedy_net_earnings,132,132,08:00,120,101.17284047662031,9.078386303806262,92.09445417281404,2,5.071959886128553,37.14923693846097,77.77880317541047,0.0,0.0,120.0,0.0,6.126744487413468,19.811502094890137,0,199,3,1,WAIT
greedy_net_earnings,133,132,08:00,120,63.55203425892962,8.015873448657288,55.536160810272335,1,21.65449949203082,27.04756538135947,62.71103926227121,8.586895864338501,0.0,119.99999999999999,1.4210854715202004e-14,4.460751707301817,18.441743860290437,1,207,6,1,WAIT
greedy_net_earnings,134,132,08:00,120,154.14341248924774,12.80608468727558,141.33732780197215,2,6.917753246690488,36.659677086478986,76.42256966683053,0.0,0.0,120.0,0.0,6.126744487413468,30.46206890480248,0,231,3,1,WAIT
greedy_net_earnings,135,132,08:00,120,82.77146863297382,8.061936930210969,74.70953170276286,1,7.510968564766523,31.26713696900328,71.70691030918115,9.514984157049057,0.0,120.00000000000001,-1.4210854715202004e-14,5.194388287755453,17.83971722713303,1,195,2,1,WAIT
greedy_net_earnings,136,132,08:00,120,69.15750039448703,7.559781255507794,61.59771913897924,1,0.6901965464167156,31.95513390973077,64.09459780892844,23.260071734924068,0.0,119.99999999999999,1.4210854715202004e-14,5.308684753545373,16.29069026219118,1,199,2,1,WAIT
greedy_net_earnings,137,132,08:00,120,56.45062672311098,8.200167406739517,48.25045931637146,1,6.710091478759485,37.05452422594416,57.365542145877555,18.8698421494188,0.0,120.0,0.0,6.142783956295462,17.28626577724602,1,199,3,1,WAIT
greedy_net_earnings,138,132,08:00,120,102.29630244783178,8.609918672975958,93.68638377485581,2,7.536938919645027,37.2588005272339,75.20426055312107,0.0,0.0,120.0,0.0,6.14481398678563,18.454953650288537,0,199,3,1,WAIT
greedy_net_earnings,139,132,08:00,120,86.49384124263793,8.604596989502841,77.88924425313509,1,7.207925103297423,27.87701953644663,53.07799954286378,31.837055817392155,0.0,119.99999999999999,1.4210854715202004e-14,4.6213657288823615,19.963197098268612,1,199,3,1,WAIT
greedy_net_earnings,140,132,08:00,120,131.8849826506976,11.61333548536363,120.27164716533396,2,7.650151088180042,45.67351502537082,66.67633388644913,0.0,0.0,119.99999999999999,1.4210854715202004e-14,7.5844730223649695,25.596485507245397,0,145,4,2,WAIT
greedy_net_earnings,141,132,08:00,120,85.82574220327943,7.905746607169382,77.91999559611006,1,6.693577472800112,24.882546762131966,88.42387576506792,0.0,0.0,120.0,0.0,4.103691455634394,18.484155993420984,0,207,3,1,WAIT
greedy_net_earnings,142,132,08:00,120,129.501873610435,10.26366998782563,119.23820362260938,3,55.590141590398844,41.19545062861554,23.214407780985603,0.0,0.0,119.99999999999997,2.842170943040401e-14,6.951058505906746,22.37371288788077,0,226,13,2,WAIT
greedy_net_earnings,143,132,08:00,120,108.49167183698265,9.4917208490826,98.99995098790005,2,9.574655209919541,24.065426540851657,73.9781400114774,12.381778237751405,0.0,120.0,0.0,3.9689299578524526,23.150272468097832,1,199,4,1,WAIT
greedy_net_earnings,144,132,08:00,120,0.0,0.0,0.0,0,0.0182630394115739,0.0,0.0,119.98173696058842,0.0,120.0,0.0,0.0,0.0,1,132,1,0,WAIT
greedy_net_earnings,145,132,08:00,120,117.11809154527685,10.464706293616079,106.65338525166078,3,20.465518891559604,24.065426540851657,66.147507788231,9.321546779357732,0.0,119.99999999999999,1.4210854715202004e-14,3.9689299578524526,25.930230881050626,1,199,6,1,WAIT
greedy_net_earnings,146,132,08:00,120,75.51345546436013,7.930527871611241,67.58292759274889,1,3.518971073619027,35.296700760215394,49.46363906060754,31.720689105558037,0.0,120.0,0.0,5.851377440928088,16.807273620818314,1,199,2,1,WAIT
greedy_net_earnings,147,132,08:00,120,93.86678884380896,5.910384641411773,87.9564042023972,2,15.688667073994333,0.0,104.31133292600566,0.0,0.0,120.0,0.0,0.0,16.886813261176496,0,161,4,0,WAIT
greedy_net_earnings,148,132,08:00,120,143.18378263545074,10.194897360317546,132.98888527513319,4,13.203523822016201,30.47604740444225,76.32042877354154,0.0,0.0,119.99999999999999,1.4210854715202004e-14,5.052224497764085,24.07605367457177,0,65,6,1,WAIT
greedy_net_earnings,149,132,08:00,120,104.70059080471279,9.485289732935692,95.21530107177709,2,12.272112128971099,32.88061514199194,71.55476933280679,3.292503396230174,0.0,120.0,0.0,5.710268022125769,21.390559786261925,1,207,5,2,WAIT
greedy_net_earnings,150,132,08:00,120,82.6001566465505,7.5547878252257314,75.04536882132477,1,1.6996023504932927,35.22182204478431,64.21081672138766,18.867758883334744,0.0,120.0,0.0,5.851377440928088,15.733730631145432,1,199,2,1,WAIT
greedy_net_earnings,151,132,08:00,120,83.81341411035359,8.650965413164645,75.16244869718895,2,15.949780259814041,31.95513390973077,56.85687473881487,15.238211091640324,0.0,120.0,0.0,5.308684753545373,19.408359284067902,1,199,5,1,WAIT
greedy_net_earnings,152,132,08:00,120,149.000004740372,8.865001042552684,140.13500369781931,2,4.646592664508907,32.18896889632003,75.59075585569826,7.573682583472802,0.0,120.0,0.0,5.308684753545373,20.01988965374801,1,199,3,1,WAIT
greedy_net_earnings,153,132,08:00,120,146.80771536720263,11.811656762969568,134.99605860423307,2,14.007250746711504,0.0,91.33358585806077,14.659163395227722,0.0,120.0,0.0,0.0,33.74759075134162,1,138,5,0,WAIT
greedy_net_earnings,154,132,08:00,120,90.90683889199873,8.014059869483052,82.89277902251568,1,8.9080964314061,35.22182204478431,63.80403354476604,12.066047979043532,0.0,119.99999999999999,1.4210854715202004e-14,5.851377440928088,17.045936471880637,1,199,3,1,WAIT
greedy_net_earnings,155,132,08:00,120,100.21064504298343,7.060273058049094,93.15037198493434,4,8.37901666864504,0.0,111.62098333135495,0.0,0.0,119.99999999999999,1.4210854715202004e-14,0.0,20.17220873728313,0,236,5,0,WAIT
greedy_net_earnings,156,132,08:00,120,89.32353651331205,7.78515040649278,81.53838610681927,1,1.6047718874583359,31.731555080019145,67.81635922719147,18.847313805331055,0.0,120.0,0.0,5.271541753992986,16.97174512170067,1,199,2,1,WAIT
greedy_net_earnings,157,132,08:00,120,96.58793835896246,8.902856117423864,87.6850822415386,2,13.701511002344459,32.575574665455385,73.72291433220016,0.0,0.0,120.0,0.0,5.372444737869574,20.06428702619861,0,195,5,1,WAIT
greedy_net_earnings,158,132,08:00,120,79.98003577080392,8.046428448241297,71.93360732256262,2,6.20817964280511,31.95513390973077,68.76033306409016,13.076353383373956,0.0,120.0,0.0,5.308684753545373,17.681110812858332,1,199,3,1,WAIT
greedy_net_earnings,159,132,08:00,120,159.35533440959702,10.843620290560217,148.5117141190368,3,17.946190825969417,27.87701953644663,74.17678963758394,0.0,0.0,119.99999999999999,1.4210854715202004e-14,4.6213657288823615,26.360406529861116,0,164,6,1,WAIT
greedy_net_earnings,160,132,08:00,120,98.97569300322718,9.612559584804103,89.36313341842308,2,44.80413717780903,19.97512252709047,55.2207402951005,0.0,0.0,120.0,0.0,5.18155674214191,22.282899214441244,0,230,11,1,WAIT
greedy_net_earnings,161,132,08:00,120,76.02641225077446,7.498766591533428,68.52764565924103,1,6.662927980324071,31.26713696900328,65.72618866658583,16.343746384086828,0.0,120.0,0.0,5.194388287755453,16.230659116625773,1,195,3,1,WAIT
greedy_net_earnings,162,132,08:00,120,76.1493568779236,8.084739461996964,68.06461741592663,1,11.119637705182317,35.22182204478431,73.65854025003338,0.0,0.0,120.00000000000001,-1.4210854715202004e-14,5.851377440928088,17.24787816477753,0,199,4,1,WAIT
greedy_net_earnings,163,132,08:00,120,88.38888488223323,6.011604546100058,82.37728033613317,1,64.44265050938098,0.0,55.557349490619025,0.0,0.0,120.0,0.0,0.0,17.17601298885731,0,230,14,0,WAIT
greedy_net_earnings,164,132,08:00,120,76.9989908839029,7.1378301937211255,69.86116069018178,1,15.13716200237581,28.050102970408737,76.81273502721547,0.0,0.0,120.00000000000001,-1.4210854715202004e-14,4.626092698216579,15.767707855272352,0,207,4,1,WAIT
greedy_net_earnings,165,132,08:00,120,88.57152861893906,6.940120363845979,81.63140825509308,1,7.176659282624184,26.07933533881795,75.16961404095039,11.57439133760748,0.0,120.00000000000001,-1.4210854715202004e-14,4.301068802225837,15.52784652304839,1,207,3,1,WAIT
greedy_net_earnings,166,132,08:00,120,76.67845317144439,8.436792132736391,68.241661038708,2,17.172035827512154,32.05170093216711,67.45359568433854,3.322667555982207,0.0,120.0,0.0,5.3247273675788875,18.780393011667943,1,199,6,1,WAIT
greedy_net_earnings,167,132,08:00,120,116.85371197848225,9.185682695939626,107.66802928254262,3,20.878946817315814,24.065426540851657,65.76294522434239,9.292681417490144,0.0,120.0,0.0,3.9689299578524526,22.275877744832197,1,199,6,1,WAIT
greedy_net_earnings,168,132,08:00,120,127.96048426045441,9.03173374576918,118.92875051468522,4,11.231366062317218,5.833049760632471,102.9355841770503,0.0,0.0,119.99999999999999,1.4210854715202004e-14,1.249516314823952,24.555437244516565,0,162,6,1,WAIT
greedy_net_earnings,169,132,08:00,120,164.2745684786567,10.85981224170602,153.4147562369507,3,1.8578379527867839,33.65093075528969,65.96058568078439,18.530645611139136,0.0,120.0,0.0,5.870882043706313,25.157152932596606,1,199,4,2,WAIT
greedy_net_earnings,170,132,08:00,120,117.38303650933213,8.403115278599868,108.97992123073226,3,6.476660537227813,8.023370055550162,105.49996940722203,0.0,0.0,120.0,0.0,0.6461705751342853,23.362730220865338,0,231,4,1,WAIT
greedy_net_earnings,171,132,08:00,120,84.32022118154973,8.851476182864507,75.46874499868522,2,5.484591024805756,31.95513390973077,57.76143204949439,24.798843015969084,0.0,120.0,0.0,5.308684753545373,19.981247197496078,1,199,3,1,WAIT
greedy_net_earnings,172,132,08:00,120,88.4162379298239,10.692328012590165,77.72390991723373,2,10.990442978815338,32.28624255789799,68.98557895689534,7.737735506391331,0.0,120.0,0.0,5.3247273675788875,25.224781239821585,1,199,4,1,WAIT
greedy_net_earnings,173,132,08:00,120,85.03650464177616,10.1019984502928,74.93450619148337,2,14.379726711422641,23.890604578999742,61.8100514104933,19.919617299084308,0.0,120.0,0.0,3.9689299578524526,24.893922757269834,1,199,5,1,WAIT
greedy_net_earnings,174,132,08:00,120,86.03611005901675,6.310733920509441,79.72537613850731,1,20.916482696110695,0.0,63.054206564644076,36.02931073924523,0.0,120.0,0.0,0.0,18.03066834431269,1,230,6,0,WAIT
greedy_net_earnings,175,132,08:00,120,104.76810961376506,7.637465201987437,97.13064441177762,2,14.704681204642135,8.899425744060883,96.395893051297,0.0,0.0,120.00000000000001,-1.4210854715202004e-14,1.4577285349515015,20.363600613584037,0,145,5,1,WAIT
greedy_net_earnings,176,132,08:00,120,110.69174610215852,6.128451831606616,104.5632942705519,3,49.59506150419588,0.0,70.4049384958041,0.0,0.0,119.99999999999999,1.4210854715202004e-14,0.0,17.5098623760189,0,230,12,0,WAIT
greedy_net_earnings,177,132,08:00,120,77.04930769579684,8.309068793969614,68.74023890182723,2,9.157579695063587,37.05452422594416,49.13975737423071,24.64813870476155,0.0,120.0,0.0,6.142783956295462,17.597412597903435,1,199,4,1,WAIT
greedy_net_earnings,178,132,08:00,120,99.9617392025673,10.995886027927263,88.96585317464005,2,6.111974272046847,47.996563733627966,61.20198173723945,4.6894802570857195,0.0,119.99999999999999,1.4210854715202004e-14,9.80292247102427,21.61389475162505,1,199,3,2,WAIT
greedy_net_earnings,179,132,08:00,120,82.31793063869343,8.093873196160885,74.22405744253254,1,7.287208095403321,35.22182204478431,62.237883523057135,15.253086336755231,0.0,120.0,0.0,5.851377440928088,17.273974548103013,1,199,2,1,WAIT
greedy_net_earnings,180,132,08:00,120,81.29573752764294,9.40054150374533,71.89519602389761,2,7.934652433223629,31.95513390973077,61.2594620888565,18.850751568189096,0.0,119.99999999999999,1.4210854715202004e-14,5.308684753545373,21.550005257155576,1,199,3,1,WAIT
greedy_net_earnings,181,132,08:00,120,89.54526014192436,8.141500003030005,81.40376013889436,1,0.8153167137707771,31.95513390973077,70.8167038734676,16.412845503030866,0.0,120.00000000000001,-1.4210854715202004e-14,5.308684753545373,17.95274382654036,1,199,2,1,WAIT
greedy_net_earnings,182,132,08:00,120,101.9998570826705,6.257171926487178,95.74268515618333,2,5.00159316798742,0.0,114.99840683201258,0.0,0.0,120.0,0.0,0.0,17.87763407567765,0,68,3,0,WAIT
greedy_net_earnings,183,132,08:00,120,99.00526915926402,7.522359552074333,91.48290960718968,1,6.871640805233208,31.26713696900328,69.3139669445178,12.547255281245711,0.0,120.0,0.0,5.194388287755453,16.298067575314068,1,195,3,1,WAIT
greedy_net_earnings,184,132,08:00,120,72.95652116837623,8.12496032901661,64.83156083935961,1,7.0624876971965405,30.411395263253077,63.06846278505353,19.457654254496845,0.0,120.0,0.0,5.052224497764085,18.1619478708548,1,195,3,1,WAIT
greedy_net_earnings,185,132,08:00,120,148.58169320546244,11.803377804616467,136.77831540084597,2,6.710629281516319,36.659677086478986,75.24405690279912,1.3856367292055864,0.0,120.00000000000001,-1.4210854715202004e-14,6.126744487413468,27.597192097205014,1,231,3,1,WAIT
greedy_net_earnings,186,132,08:00,120,78.87395152441066,8.441634158431496,70.43231736597916,1,7.997199264750427,31.731555080019145,61.81967039357622,18.451575261654213,0.0,120.0,0.0,5.271541753992986,18.847412984382718,1,199,3,1,WAIT
greedy_net_earnings,187,132,08:00,120,128.4010637466195,11.807034953323617,116.59402879329589,3,15.813092783967047,35.87478926758595,64.60303853718108,3.7090794112659182,0.0,120.0,0.0,6.126744487413468,27.607641093511155,1,230,6,1,WAIT
greedy_net_earnings,188,132,08:00,120,173.2745043593382,12.051792894280005,161.2227114650582,2,19.957987026629166,0.0,97.19432160104071,2.8476913723301323,0.0,120.00000000000001,-1.4210854715202004e-14,0.0,34.43369398365716,1,132,6,0,WAIT
greedy_net_earnings,189,132,08:00,120,99.25806853077773,6.727812370904187,92.53025615987355,2,8.93411267724329,9.03075740137676,102.03512992137996,0.0,0.0,120.00000000000001,-1.4210854715202004e-14,0.6603151301624585,18.562005929563792,0,233,4,1,WAIT
greedy_net_earnings,190,132,08:00,120,74.17033106542279,8.404913418286297,65.76541764713649,1,10.862252458433426,32.18896889632003,76.94877864524653,0.0,0.0,119.99999999999999,1.4210854715202004e-14,5.308684753545373,18.705353584415477,0,199,3,1,WAIT
greedy_net_earnings,191,132,08:00,120,125.6817463345301,7.726196651520852,117.95554968300925,3,18.089782175780567,16.200545433595405,85.70967239062402,0.0,0.0,120.0,0.0,2.3613363884592973,19.713511187314566,0,48,7,2,WAIT
greedy_net_earnings,192,132,08:00,120,98.8214368784166,6.8258578833842005,91.9955789950324,2,21.45766807176076,0.0,95.64743966482902,2.8948922634102274,0.0,120.00000000000001,-1.4210854715202004e-14,0.0,19.502451095383428,1,239,7,0,WAIT
greedy_net_earnings,193,132,08:00,120,118.58630829534148,10.792705419651396,107.79360287569008,3,16.6017174938237,41.26330058841933,43.851287674458284,18.283694243298683,0.0,119.99999999999999,1.4210854715202004e-14,8.624188172209308,22.21211302679468,1,199,6,2,WAIT
greedy_net_earnings,194,132,08:00,120,100.29253477204853,7.081476149418621,93.2110586226299,2,1.7169389129489583,6.925230300778948,111.35783078627209,0.0,0.0,120.0,0.0,0.8951311783107404,19.337657820028177,0,262,3,1,WAIT
greedy_net_earnings,195,132,08:00,120,88.66828886965573,8.719967844618193,79.94832102503753,2,2.336646713043819,33.00978178841174,64.47432920348695,20.17924229505749,0.0,120.0,0.0,5.483892691328659,19.430301150437607,1,199,3,1,WAIT
greedy_net_earnings,196,132,08:00,120,84.33998334854425,7.948344247914804,76.39163910062945,1,13.545608667964665,32.18896889632003,74.26542243571531,0.0,0.0,120.0,0.0,5.308684753545373,17.400870240496925,0,199,4,1,WAIT
greedy_net_earnings,197,132,08:00,120,82.75427360610175,8.11587415139945,74.6383994547023,2,8.841732926393256,6.569437176521988,103.71645053458657,0.8723793624981937,0.0,120.00000000000001,-1.4210854715202004e-14,0.6994120758709287,22.488799785270356,1,186,4,1,WAIT
greedy_net_earnings,198,132,08:00,120,104.87358063404452,7.391083003519111,97.4824976305254,3,6.21294157414675,16.068951328744003,92.42847793536873,5.289629161740521,0.0,120.0,0.0,2.3613363884592973,18.756043621595307,1,48,4,2,WAIT
greedy_net_earnings,199,132,08:00,120,110.70676806133811,8.718021615109048,101.98874644622906,2,29.697809053964594,27.04756538135947,63.254625564675926,0.0,0.0,120.0,0.0,4.460751707301817,20.447881478724035,0,207,8,1,WAIT
greedy_net_earnings,200,132,08:00,120,84.77975636643852,8.04444375026516,76.73531261617336,1,12.770479963709203,36.957770882104015,53.316399774539605,16.955349379647174,0.0,120.0,0.0,6.126744487413468,16.857380513344136,1,199,4,1,WAIT
greedy_net_earnings,201,132,08:00,120,83.73128145965117,5.796489676075835,77.93479178357533,2,6.730199719367629,0.0,89.16022210544277,24.10957817518961,0.0,120.00000000000001,-1.4210854715202004e-14,0.0,16.561399074502386,1,230,3,0,WAIT
greedy_net_earnings,202,132,08:00,120,92.2518344258347,7.457617498314591,84.79421692752011,2,13.575720123797073,19.22670871863146,70.13848952292739,17.059081634644073,0.0,119.99999999999999,1.4210854715202004e-14,3.1941200973773887,18.11335846923573,1,195,4,1,WAIT
greedy_net_earnings,203,132,08:00,120,141.51609285869628,11.243711168566985,130.2723816901293,3,12.744725902110748,36.46729388338147,70.78798021450778,0.0,0.0,120.0,0.0,5.451171741127549,26.67371731192099,0,186,5,2,WAIT
greedy_net_earnings,204,132,08:00,120,90.37902722818077,7.112361906636215,83.26666532154456,1,8.276984780031178,25.048588189178787,84.08439222423871,2.59003480655133,0.0,120.0,0.0,4.131075420465934,16.18995859849468,1,207,2,1,WAIT
greedy_net_earnings,205,132,08:00,120,92.6693791287357,6.000833307408728,86.66854582132697,1,4.221377571816853,8.683929606310135,88.8113639772613,18.283328844611717,0.0,120.0,0.0,0.8738289522399111,16.271409068927884,1,186,2,1,WAIT
greedy_net_earnings,206,132,08:00,120,79.82248793502119,8.513169890608346,71.30931804441283,2,9.462711434892395,23.424928516117703,77.74069217205805,9.371667876931852,0.0,120.0,0.0,3.8632974317055897,20.460045112889688,1,207,4,1,WAIT
greedy_net_earnings,207,132,08:00,120,78.87846046348488,6.239717654092794,72.63874280939208,2,24.153681803773488,0.0,95.8463181962265,0.0,0.0,120.0,0.0,0.0,17.827764725979414,0,142,6,0,WAIT
greedy_net_earnings,208,132,08:00,120,93.32779701810338,9.459165057828613,83.86863196027477,2,6.724817069717183,41.05487180541678,59.450195882614395,12.770115242251649,0.0,120.0,0.0,7.10089375575204,19.925292123758283,1,199,3,2,WAIT
greedy_net_earnings,209,132,08:00,120,94.03679373975743,7.718874258882345,86.31791948087508,1,27.263808643621445,35.296700760215394,45.42562486961548,12.013865726547678,0.0,120.0,0.0,5.851377440928088,16.20254901302147,1,199,6,1,WAIT
greedy_net_earnings,210,132,08:00,120,131.38199049796643,8.273071815487862,123.10891868247856,2,8.499037475011722,26.07933533881795,85.42162718617034,0.0,0.0,120.00000000000001,-1.4210854715202004e-14,4.301068802225837,19.3362792420252,0,138,4,1,WAIT
greedy_net_earnings,211,132,08:00,120,130.5291592564331,12.178451002269984,118.35070825416312,2,21.411108284458155,31.54252945365764,67.0463622618842,0.0,0.0,120.0,0.0,5.271541753992986,29.52403253820697,0,236,6,1,WAIT
greedy_net_earnings,212,132,08:00,120,110.12596929300068,8.325508140058597,101.80046115294208,3,14.864505411109599,8.899425744060883,91.32186597319145,4.914202871638054,0.0,119.99999999999999,1.4210854715202004e-14,1.4577285349515015,22.329437579501633,1,145,6,1,WAIT
greedy_net_earnings,213,132,08:00,120,73.10659977597957,8.148080192883725,64.95851958309585,1,9.524667598945667,24.065426540851657,74.76913531740314,11.64077054279953,0.0,119.99999999999999,1.4210854715202004e-14,3.9689299578524526,19.31129916467248,1,199,3,1,WAIT
greedy_net_earnings,214,132,08:00,120,72.02594579450795,7.74315046718215,64.2827953273258,1,0.5322802844007761,36.87936835866003,63.95411409421918,18.63423726272002,0.0,120.00000000000001,-1.4210854715202004e-14,6.126744487413468,15.99654256167839,1,199,2,1,WAIT
greedy_net_earnings,215,132,08:00,120,87.95859172210272,7.680771767932259,80.27781995417047,1,1.3175674376059066,36.957770882104015,54.565223642096015,27.159438038194068,0.0,120.00000000000001,-1.4210854715202004e-14,6.126744487413468,15.818317706678704,1,199,2,1,WAIT
greedy_net_earnings,216,132,08:00,120,92.82804593652261,8.935200942886576,83.89284499363603,2,4.389832832971326,37.78818367036324,61.137755481679584,16.684228014985862,0.0,120.00000000000001,-1.4210854715202004e-14,6.558201068369325,18.970944482735177,1,199,3,2,WAIT
greedy_net_earnings,217,132,08:00,120,70.95695999070144,6.483686443780947,64.4732735469205,1,3.9510650572674555,9.146858013370395,106.90207692936215,0.0,0.0,120.0,0.0,0.6603151301624585,17.86450328064025,0,186,2,1,WAIT
greedy_net_earnings,218,132,08:00,120,83.85372897367901,7.703740619300855,76.14998835437815,1,6.831359103382942,36.957770882104015,50.620238818009994,25.590631196503054,0.0,120.00000000000001,-1.4210854715202004e-14,6.126744487413468,15.883942996303261,1,199,3,1,WAIT
greedy_net_earnings,219,132,08:00,120,63.46213447094926,8.656779010122047,54.805355460827215,1,10.923743971140608,30.633933783155136,78.24017372356352,0.20214852214074597,0.0,120.00000000000001,-1.4210854715202004e-14,5.052224497764085,19.681429816870335,1,195,4,1,WAIT
greedy_net_earnings,220,132,08:00,120,75.09688472691982,6.178303750332688,68.91858097658714,1,26.063315499904718,0.0,80.57195239444293,13.364732105652351,0.0,120.0,0.0,0.0,17.652296429521968,1,230,6,0,WAIT
greedy_net_earnings,221,132,08:00,120,83.50066541169399,8.221335977228682,75.27932943446531,1,5.49657768247428,30.633933783155136,77.5435368010487,6.325951733321872,0.0,119.99999999999999,1.4210854715202004e-14,5.052224497764085,18.437306865746436,1,195,2,1,WAIT
greedy_net_earnings,222,132,08:00,120,90.32319717112503,6.502711787860536,83.8204853832645,2,8.789779168415189,0.0,110.24802139236027,0.9621994392245341,0.0,120.0,0.0,0.0,18.579176536744388,1,142,4,0,WAIT
greedy_net_earnings,223,132,08:00,120,122.67353117491223,10.55554415620434,112.1179870187079,2,10.163478654159483,28.874548271151355,76.60788948780434,4.354083586884812,0.0,119.99999999999999,1.4210854715202004e-14,6.639285277093411,23.519412312061846,1,145,4,2,WAIT
greedy_net_earnings,224,132,08:00,120,95.33464274076428,7.813331613668604,87.52131112709567,1,5.674281051685689,33.07995788701999,54.237499018007114,27.008262043287203,0.0,120.0,0.0,5.483892691328659,16.839911919153067,1,199,2,1,WAIT
greedy_net_earnings,225,132,08:00,120,100.35172673033925,9.159341392483935,91.19238533785531,1,4.4311938428862225,28.021441206537496,78.62209686484024,8.925268085736022,0.0,119.99999999999999,1.4210854715202004e-14,4.6213657288823615,21.548181106786025,1,199,2,1,WAIT
greedy_net_earnings,226,132,08:00,120,85.73330035028594,7.813598598621404,77.91970175166455,2,16.094085887418856,31.9637540054736,60.919949782705785,11.02221032440174,0.0,119.99999999999999,1.4210854715202004e-14,5.271541753992986,17.0530256706396,1,199,5,1,WAIT
greedy_net_earnings,227,132,08:00,120,82.31805670676819,9.577976910043988,72.7400797967242,1,2.5227505371730254,32.28624255789799,77.06508745362692,8.125919451302067,0.0,120.0,0.0,5.3247273675788875,22.04092094683251,1,199,2,1,WAIT
greedy_net_earnings,228,132,08:00,120,44.9008968728956,1.8170448597496685,43.08385201314593,1,3.4166203046898986,20.560812416330474,24.951144363237166,71.07142291574246,0.0,120.0,0.0,5.18155674214191,0.01,1,132,2,1,WAIT
greedy_net_earnings,229,132,08:00,120,98.37568198365388,7.636097870714895,90.73958411293899,2,3.9788630422934705,9.03075740137676,99.4540282507023,7.536351305627463,0.0,119.99999999999999,1.4210854715202004e-14,0.6603151301624585,21.157107357594388,1,186,3,1,WAIT
greedy_net_earnings,230,132,08:00,120,82.91842080319243,8.022500355722451,74.89592044746998,1,4.3699788144008025,33.07995788701999,54.694538193513495,27.85552510506571,0.0,120.0,0.0,5.483892691328659,17.437536896449775,1,199,2,1,WAIT
greedy_net_earnings,231,132,08:00,120,108.84144414490032,8.622665029912444,100.21877911498788,3,10.686331874799128,28.021441206537496,68.20862799715913,13.083598921504247,0.0,120.0,0.0,4.6213657288823615,20.014820070867476,1,199,4,1,WAIT
greedy_net_earnings,232,132,08:00,120,112.88317897177117,10.586605086644774,102.2965738851264,2,10.910836429789384,31.79901377309872,77.2901497971119,0.0,0.0,120.0,0.0,5.271541753992986,24.97590135070637,0,162,4,1,WAIT
greedy_net_earnings,233,132,08:00,120,171.87639069727317,9.11589289439305,162.7604978028801,3,8.751553324979195,6.06132495654234,100.49348219359229,4.693639524886208,0.0,120.00000000000003,-2.842170943040401e-14,0.7590455094643577,25.286362760230077,1,24,4,1,WAIT
greedy_net_earnings,234,132,08:00,120,108.42463193806948,8.62002954036715,99.80460239770233,2,10.55369982130289,33.01753776903348,62.78489319618642,13.643869213477217,0.0,120.0,0.0,5.485181187136304,19.14347464248413,1,195,4,1,WAIT
greedy_net_earnings,235,132,08:00,120,122.31727911898093,11.153236330046811,111.16404278893413,2,11.35825748121652,31.79901377309872,76.84272874568477,0.0,0.0,120.0,0.0,5.271541753992986,26.594847760426475,0,162,4,1,WAIT
greedy_net_earnings,236,132,08:00,120,103.99538320685967,10.061484912076441,93.93389829478323,2,7.28872253436672,26.29379763910189,77.30832451905397,9.109155307477423,0.0,120.0,0.0,4.336438457817936,24.41066129097189,1,199,3,1,WAIT
greedy_net_earnings,237,132,08:00,120,97.62121866715168,7.9271036745274515,89.69411499262424,1,6.445024601949992,24.065426540851657,82.84711143686417,6.642437420334176,0.0,120.0,0.0,3.9689299578524526,18.67993768365455,1,199,3,1,WAIT
greedy_net_earnings,238,132,08:00,120,80.50707587819223,7.837534967761611,72.66954091043061,1,5.226694047396118,23.941394052056328,56.68629758118521,34.14561431936235,0.0,120.0,0.0,3.9689299578524526,18.42402709289501,1,199,2,1,WAIT
greedy_net_earnings,239,132,08:00,120,94.77760496857113,8.266512424823095,86.51109254374803,3,9.02877224984828,9.013837938891834,101.95738981125987,0.0,0.0,119.99999999999999,1.4210854715202004e-14,1.4577285349515015,22.160878393114487,0,145,4,1,WAIT
greedy_net_earnings,240,132,08:00,120,120.86430947252137,11.455710344455463,109.4085991280659,2,7.993923512784247,37.05452422594416,72.55786204044995,2.3936902208216395,0.0,120.0,0.0,6.142783956295462,26.587817027863004,1,162,4,1,WAIT
greedy_net_earnings,241,132,08:00,120,108.2824534955049,7.514134769079457,100.76831872642543,2,10.238948256896775,0.0,109.76105174310322,0.0,0.0,120.0,0.0,0.0,21.468956483084163,0,230,4,0,WAIT
greedy_net_earnings,242,132,08:00,120,123.97837147381117,12.070751032140237,111.90762044167093,2,8.329441203387033,46.11104083731163,65.55951795930136,0.0,0.0,120.00000000000003,-2.842170943040401e-14,7.140149633643068,27.347710458186185,0,79,4,2,WAIT
greedy_net_earnings,243,132,08:00,120,91.67672734015521,9.28202843799055,82.39469890216466,2,6.282911099488937,38.70681116681311,75.01027773369795,0.0,0.0,120.0,0.0,6.3937689712602,20.126312280141374,0,105,3,2,WAIT
greedy_net_earnings,244,132,08:00,120,183.1928287287775,13.97119097867552,169.221637750102,3,12.112636172788461,50.95730868772233,56.9300551394892,0.0,0.0,120.0,0.0,8.765706909727173,31.15198160077431,0,195,5,2,WAIT
greedy_net_earnings,245,132,08:00,120,139.57808137217725,12.457396794937068,127.12068457724018,3,7.648323991221628,41.52336624604651,70.82830976273188,0.0,0.0,120.00000000000001,-1.4210854715202004e-14,7.017024839940119,28.575537431308653,0,145,4,2,WAIT
greedy_net_earnings,246,132,08:00,120,77.08251867508159,7.532419083055096,69.5500995920265,1,17.697098833254092,35.296700760215394,40.674105049170265,26.332095357360245,0.0,120.0,0.0,5.851377440928088,15.66981993922933,1,199,5,1,WAIT
greedy_net_earnings,247,132,08:00,120,95.27985903366135,7.423071753881067,87.85678727978029,1,10.876266886191203,30.47604740444225,56.4071621254661,22.24052358390044,0.0,120.0,0.0,5.052224497764085,16.156551941896108,1,195,4,1,WAIT
greedy_net_earnings,248,132,08:00,120,132.0467344024217,11.2421570913718,120.8045773110499,2,23.90852311980916,23.941394052056328,72.15008282813452,0.0,0.0,120.0,0.0,3.9689299578524526,28.151518874638406,0,162,7,1,WAIT
greedy_net_earnings,249,132,08:00,120,117.91650298896533,9.123931860497724,108.79257112846761,2,4.648560958678429,24.065426540851657,79.73022801769059,11.55578448277933,0.0,120.0,0.0,3.9689299578524526,22.09944678642676,1,199,3,1,WAIT
greedy_net_earnings,250,132,08:00,120,171.1708444909404,8.39990587153859,162.77093861940182,3,22.30986398706333,8.743423085281362,80.53310800205657,8.413604925598747,0.0,120.0,0.0,0.8738289522399111,23.12590210929892,1,186,8,1,WAIT
greedy_net_earnings,251,132,08:00,120,86.79873580987746,9.077791094308395,77.72094471556906,2,1.4448142093349077,0.0,113.03377040885047,5.521415381814606,0.0,119.99999999999999,1.4210854715202004e-14,0.0,25.936545983738277,1,236,3,0,WAIT
greedy_net_earnings,252,132,08:00,120,80.70554712105726,7.297668190637176,73.40787893042008,1,6.070492701742506,31.731555080019145,66.77029497342141,15.427657244816928,0.0,119.99999999999999,1.4210854715202004e-14,5.271541753992986,15.57893879068466,1,199,2,1,WAIT
greedy_net_earnings,253,132,08:00,120,97.21056698215523,8.6656301811697,88.54493680098552,2,0.525490531009738,36.957770882104015,59.33286539079489,23.183873196091355,0.0,120.0,0.0,6.126744487413468,18.632198887357102,1,199,3,1,WAIT
greedy_net_earnings,254,132,08:00,120,113.32241734387165,8.506242843462196,104.81617450040946,2,14.481694681888747,33.65093075528969,52.012489916661806,19.854884646159746,0.0,120.0,0.0,5.870882043706313,18.432668937614253,1,199,5,2,WAIT
greedy_net_earnings,255,132,08:00,120,140.19050740339597,13.04040309438151,127.15010430901447,2,17.33512521008621,44.79000042230523,57.87487436760856,0.0,0.0,120.0,0.0,7.291713703001811,29.966580852373934,0,257,5,2,WAIT
greedy_net_earnings,256,132,08:00,120,81.20167176543647,7.960442801160215,73.24122896427626,1,9.442411317105778,31.95513390973077,61.886172834453426,16.716281938710026,0.0,120.0,0.0,5.308684753545373,17.435437535483814,1,199,3,1,WAIT
greedy_net_earnings,257,132,08:00,120,152.73343310203694,13.769332259621349,138.9641008424156,3,6.303445334864412,48.538104715132405,51.373012854401985,13.785437095601182,0.0,119.99999999999999,1.4210854715202004e-14,8.185871222792072,31.155078090411788,1,195,4,2,WAIT
greedy_net_earnings,258,132,08:00,120,93.33876138996692,10.413761991818685,82.92499939814823,3,7.78258159053395,25.313106242438554,81.77861721877225,5.12569494825523,0.0,119.99999999999999,1.4210854715202004e-14,4.90349915521927,24.850106535691257,1,186,5,2,WAIT
greedy_net_earnings,259,132,08:00,120,117.59742048744013,10.100841347759413,107.49657913968072,2,11.227594092230461,23.424928516117703,73.13436060511104,12.213116786540795,0.0,120.0,0.0,3.8632974317055897,24.996249276178446,1,207,4,1,WAIT
greedy_net_earnings,260,132,08:00,120,103.40209123177821,9.94317653465373,93.45891469712448,2,14.90845533287637,0.0,105.09154466712363,0.0,0.0,120.0,0.0,0.0,28.409075813296376,0,230,5,0,WAIT
greedy_net_earnings,261,132,08:00,120,60.97292083737234,7.897974714358008,53.074946123014335,1,1.299112791028899,32.18896889632003,84.21831827004526,2.293600042605817,0.0,120.0,0.0,5.308684753545373,17.25695728747751,1,199,2,1,WAIT
greedy_net_earnings,262,132,08:00,120,134.6202875243227,12.01453414568737,122.60575337863531,2,8.305080961864691,39.93925239263505,64.31198562971169,7.44368101578857,0.0,120.0,0.0,6.820878935422326,27.50636148082731,1,230,3,1,WAIT
greedy_net_earnings,263,132,08:00,120,160.1365547151202,11.956648547213472,148.17990616790675,2,6.37595291282552,32.023067913132024,76.81057339170462,4.790405782337828,0.0,119.99999999999999,1.4210854715202004e-14,5.308684753545373,28.85316823849312,1,237,4,1,WAIT
greedy_net_earnings,264,132,08:00,120,85.35300563250016,8.874857250250832,76.47814838224933,1,3.4431619756841614,36.957770882104015,51.11941805113008,28.47964909108174,0.0,120.0,0.0,6.126744487413468,19.229990513303196,1,199,2,1,WAIT
greedy_net_earnings,265,132,08:00,120,87.04329344405166,8.177272179196871,78.86602126485478,1,17.082176653533153,32.81314173522569,41.99846057710692,28.106221034134236,0.0,120.0,0.0,5.483892691328659,17.879742106376685,1,199,5,1,WAIT
greedy_net_earnings,266,132,08:00,120,94.25021842888485,9.659389635686507,84.59082879319834,2,6.146836542378219,30.633933783155136,78.51493020911488,4.704299465351767,0.0,120.0,0.0,5.052224497764085,22.546031604197367,1,195,3,1,WAIT
greedy_net_earnings,267,132,08:00,120,139.09560128535622,8.278321445775031,130.8172798395812,3,34.287085544926214,23.371156805579385,62.341757649494404,0.0,0.0,120.0,0.0,3.8544292675582303,19.79791772037043,0,207,9,1,WAIT
greedy_net_earnings,268,132,08:00,120,91.10397463642761,8.47132598653667,82.63264864989094,1,0.8192063949547856,37.14923693846097,82.03155666658424,0.0,0.0,120.0,0.0,6.126744487413468,18.077044045548444,0,199,2,1,WAIT
greedy_net_earnings,269,132,08:00,120,80.70004825037795,8.104317771541165,72.59573047883678,1,27.004765609118916,26.298542415474312,65.07598025135196,1.6207117240548001,0.0,119.99999999999999,1.4210854715202004e-14,4.368959039754844,18.786234593219916,1,199,7,1,WAIT
greedy_net_earnings,270,132,08:00,120,92.66293621782103,7.661709453198134,85.0012267646229,1,10.028120195040632,33.00978178841174,57.78330905119802,19.17878896534961,0.0,120.0,0.0,5.483892691328659,16.406705746380297,1,199,3,1,WAIT
greedy_net_earnings,271,132,08:00,120,156.2656126496358,13.366650673063994,142.89896197657183,3,8.880374170714408,51.264864358991204,59.85476147029439,0.0,0.0,120.0,0.0,8.502804850922761,29.687625643545793,0,195,4,2,WAIT
greedy_net_earnings,272,132,08:00,120,123.98177868044141,11.375482354085086,112.60629632635633,2,12.745024134310423,23.890604578999742,83.36437128668985,0.0,0.0,120.00000000000001,-1.4210854715202004e-14,3.9689299578524526,28.532448196676366,0,170,4,1,WAIT
greedy_net_earnings,273,132,08:00,120,80.1197107649277,8.411968504867591,71.70774226006012,2,7.372205790083367,22.347272562787516,67.61358317658,22.666938470549127,0.0,120.0,0.0,3.712537255281759,20.32165847291136,1,199,4,1,WAIT
greedy_net_earnings,274,132,08:00,120,103.09092829416153,8.939415400136966,94.15151289402456,2,33.889416833164624,18.387555258225852,67.72302790860954,0.0,0.0,120.00000000000001,-1.4210854715202004e-14,3.057337326497104,22.483849531037087,0,257,8,2,WAIT
greedy_net_earnings,275,132,08:00,120,120.35648995529493,8.516051141119469,111.84043881417546,2,17.868193524542672,9.013837938891834,93.11796853656548,0.0,0.0,120.0,0.0,1.4577285349515015,22.873846153961267,0,145,5,1,WAIT
greedy_net_earnings,276,132,08:00,120,73.71515740858186,8.665532007069517,65.04962540151234,2,14.584397269162539,31.95513390973077,65.39834400359975,8.062124817506955,0.0,120.00000000000001,-1.4210854715202004e-14,5.308684753545373,19.449978123796104,1,199,5,1,WAIT
greedy_net_earnings,277,132,08:00,120,133.90735018644455,10.184413263068318,123.72293692337622,3,10.324761204936834,48.40955882407704,53.52763136867216,7.738048602313967,0.0,120.0,0.0,9.741824557675834,19.35649905109079,1,199,4,2,WAIT
greedy_net_earnings,278,132,08:00,120,74.76354267573134,7.984046906737142,66.7794957689942,1,1.654235857190266,31.731555080019145,62.19699229294168,24.417216769848906,0.0,120.0,0.0,5.271541753992986,17.540020836684562,1,199,2,1,WAIT
greedy_net_earnings,279,132,08:00,120,78.27154323578222,8.205493881826389,70.06604935395583,1,0.7382513485860618,37.05452422594416,47.06329493124559,35.14392949422418,0.0,120.0,0.0,6.142783956295462,17.30148427749422,1,199,2,1,WAIT
greedy_net_earnings,280,132,08:00,120,95.95769424046571,8.107078255781826,87.85061598468388,2,12.618345619779202,0.0,98.34045469364722,9.041199686573577,0.0,120.0,0.0,0.0,23.163080730805216,1,48,4,0,WAIT
greedy_net_earnings,281,132,08:00,120,85.79111610076001,8.043251085256854,77.74786501550315,1,8.985804136983285,31.76477641897683,42.976471555844356,36.27294788819553,0.0,120.0,0.0,5.308684753545373,17.672032632902784,1,199,3,1,WAIT
greedy_net_earnings,282,132,08:00,120,76.16049502382319,5.7860793109657385,70.37441571285746,1,34.91267134316736,0.0,81.12071781894261,3.9666108378900304,0.0,120.0,0.0,0.0,16.531655174187826,1,230,8,0,WAIT
greedy_net_earnings,283,132,08:00,120,97.919269840763,9.020588465010269,88.89868137575273,2,20.104490917387793,30.411395263253077,69.48411381935912,0.0,0.0,120.0,0.0,5.052224497764085,20.720885402265253,0,195,6,1,WAIT
greedy_net_earnings,284,132,08:00,120,85.33908909052532,7.798070353500259,77.54101873702506,1,10.131268144496268,36.75565003770299,37.10251730477192,36.010564513028825,0.0,120.00000000000001,-1.4210854715202004e-14,6.142783956295462,16.13741705370528,1,199,3,1,WAIT
greedy_net_earnings,285,132,08:00,120,118.111191707388,8.65639262015678,109.45479908723122,3,10.875983076634224,8.253518800007585,89.1481657402104,11.722332383147787,0.0,120.0,0.0,3.1402954808806487,21.592254862424433,1,238,5,1,WAIT
greedy_net_earnings,286,132,08:00,120,135.1551412173804,8.342310338397136,126.81283087898325,2,7.781458876575085,24.882546762131966,85.70321203388686,1.6327823274060904,0.0,120.0,0.0,4.103691455634394,19.731480939785996,1,138,4,1,WAIT
greedy_net_earnings,287,132,08:00,120,84.13049125045383,7.0260184966963815,77.10447275375745,2,20.2506464026872,10.79316298238459,88.95619061492822,0.0,0.0,120.0,0.0,1.7454830859471333,18.328855476042527,0,145,6,1,WAIT
greedy_net_earnings,288,132,08:00,120,216.92390730703622,11.259557041457082,205.66435026557915,5,10.309894079246636,35.22182204478431,56.496856613415574,17.97142726255349,0.0,120.00000000000001,-1.4210854715202004e-14,5.851377440928088,26.318785534663576,1,199,6,1,WAIT
greedy_net_earnings,289,132,08:00,120,90.8555867104134,6.753010444142057,84.10257626627134,1,16.727549394974687,0.0,103.27245060502531,0.0,0.0,120.0,0.0,0.0,19.294315554691593,0,163,4,0,WAIT
greedy_net_earnings,290,132,08:00,120,74.47643030742042,7.657479443686199,66.81895086373422,1,3.7569172926795846,33.00978178841174,70.90143809084803,12.33186282806065,0.0,120.0,0.0,5.483892691328659,16.394620004917627,1,199,2,1,WAIT
greedy_net_earnings,291,132,08:00,120,115.72862753007958,10.046439958867325,105.68218757121225,3,17.187492583905915,31.787498846543244,64.99315306228739,6.031855507263458,0.0,120.0,0.0,5.550585117049788,23.15352905114257,1,207,6,2,WAIT
greedy_net_earnings,292,132,08:00,120,137.20840733463598,11.850620080412241,125.35778725422374,2,6.323946680365264,40.81306470871177,72.24544894002614,0.6175396708968179,0.0,119.99999999999999,1.4210854715202004e-14,6.820878935422326,27.038035580041225,1,162,3,1,WAIT
greedy_net_earnings,293,132,08:00,120,134.21021478269301,7.875354476058727,126.33486030663428,3,22.296397270621416,30.411395263253077,67.29220746612549,0.0,0.0,119.99999999999999,1.4210854715202004e-14,5.052224497764085,17.44878829097514,0,195,7,1,WAIT
greedy_net_earnings,294,132,08:00,120,100.55001282527323,7.9061101442666875,92.64390268100654,2,2.9873243443225155,30.411395263253077,69.99947255992997,16.60180783249446,0.0,120.00000000000001,-1.4210854715202004e-14,5.052224497764085,17.536661628712167,1,195,3,1,WAIT
greedy_net_earnings,295,132,08:00,120,75.00550227008864,7.182950521835356,67.82255174825329,1,9.226152037541038,10.656165903631408,95.11059613938508,5.007085919442474,0.0,120.0,0.0,1.7454830859471333,18.777232690725313,1,145,3,1,WAIT
greedy_net_earnings,296,132,08:00,120,78.40577864911285,6.585445220170752,71.82033342894209,1,4.4992320744667404,8.743423085281362,95.18489798254117,11.572446857710716,0.0,119.99999999999999,1.4210854715202004e-14,0.8738289522399111,17.941728819676523,1,186,2,1,WAIT
greedy_net_earnings,297,132,08:00,120,79.03278756848209,8.229684029542668,70.80310353893942,1,7.296855501581229,37.05452422594416,54.385859473766594,21.26276079870803,0.0,120.0,0.0,6.142783956295462,17.370598985255015,1,199,3,1,WAIT
greedy_net_earnings,298,132,08:00,120,102.88788322663532,7.892511140772746,94.99537208586258,4,32.645236730918,0.0,87.354763269082,0.0,0.0,120.0,0.0,0.0,22.55003183077928,0,113,10,0,WAIT
greedy_net_earnings,299,132,08:00,120,149.9922396601237,12.905607325801432,137.08663233432225,2,6.227564141676385,40.446731608260635,73.32570425006298,0.0,0.0,120.0,0.0,6.711539860208903,30.16162392779519,0,105,3,2,WAIT
finite_horizon_value_iteration,0,132,08:00,120,166.31760979904737,9.653831645538537,156.66377815350884,3,21.19776888266535,0.0,93.52669962428361,5.275531493051034,0.0,120.0,0.0,0.0,27.582376130110106,1,230,7,0,WAIT
finite_horizon_value_iteration,1,132,08:00,120,76.70255831311617,7.0991622343419785,69.6033960787742,2,8.52711005642921,14.987664138762327,96.48522580480846,0.0,0.0,120.0,0.0,2.4650545668752764,17.818266102673235,0,237,4,2,WAIT
finite_horizon_value_iteration,2,132,08:00,120,129.25611618060844,8.811621036789811,120.44449514381863,4,32.641220797993114,8.883581071493037,78.47519813051383,0.0,0.0,119.99999999999999,1.4210854715202004e-14,0.8429103207506001,24.333149784363144,0,233,9,1,WAIT
finite_horizon_value_iteration,3,132,08:00,120,137.8233587236823,11.614777936654004,126.2085807870283,6,23.11168133221955,14.94674640981236,76.73723543551833,5.204336822449747,0.0,119.99999999999999,1.4210854715202004e-14,2.4650545668752764,30.720025252136164,1,233,8,2,WAIT
finite_horizon_value_iteration,4,132,08:00,120,104.28961852592133,7.568625364039043,96.72099316188229,2,5.631726429760526,8.683929606310135,105.68434396392934,0.0,0.0,120.0,0.0,0.8738289522399111,20.7508149450145,0,237,3,1,WAIT
finite_horizon_value_iteration,5,132,08:00,120,112.8247277168765,7.00304459151077,105.82168312536572,3,30.79880631963603,8.904151745316087,80.29704193504789,0.0,0.0,120.0,0.0,0.6603151301624585,19.34838370272546,0,170,7,1,WAIT
finite_horizon_value_iteration,6,132,08:00,120,137.0388170603905,8.04171114211823,128.99710591827227,4,46.81456028213426,0.0,73.18543971786573,0.0,0.0,120.0,0.0,0.0,22.97631754890923,0,162,12,0,WAIT
finite_horizon_value_iteration,7,132,08:00,120,138.52986891971105,9.212868045629273,129.31700087408177,3,16.439574031525837,0.0,103.56042596847416,0.0,0.0,120.0,0.0,0.0,26.322480130369357,0,234,5,0,WAIT
finite_horizon_value_iteration,8,132,08:00,120,99.85436006882136,10.07015910834639,89.78420096047498,2,24.079237904189814,31.76477641897683,32.88128322497901,31.27470245185434,0.0,119.99999999999999,1.4210854715202004e-14,5.308684753545373,23.4631984131586,1,199,7,1,WAIT
finite_horizon_value_iteration,9,132,08:00,120,90.82677323342202,8.320276176210323,82.50649705721169,2,6.875081401880583,19.97512252709047,93.14979607102896,0.0,0.0,120.00000000000001,-1.4210854715202004e-14,5.18155674214191,18.590660904173298,0,170,3,1,WAIT
finite_horizon_value_iteration,10,132,08:00,120,142.90764379606202,12.796595625033055,130.11104817102895,3,15.669187245297005,31.54252945365764,72.78828330104535,0.0,0.0,120.0,0.0,5.271541753992986,31.29016003181574,0,233,6,1,WAIT
finite_horizon_value_iteration,11,132,08:00,120,105.53617662521646,6.664300235928171,98.87187638928829,2,19.553415785472886,8.904151745316087,89.26775757074569,2.2746748984653493,0.0,120.0,0.0,0.6603151301624585,18.380542686775176,1,137,6,1,WAIT
finite_horizon_value_iteration,12,132,08:00,120,91.55712987807945,7.850873840094106,83.70625603798534,2,25.805115414537116,0.0,94.19488458546287,0.0,0.0,119.99999999999999,1.4210854715202004e-14,0.0,22.43106811455459,0,246,7,0,WAIT
finite_horizon_value_iteration,13,132,08:00,120,86.78065547385339,6.168241278326757,80.61241419552663,1,1.7719821567352316,0.0,118.22801784326477,0.0,0.0,120.0,0.0,0.0,17.623546509505022,0,230,2,0,WAIT
finite_horizon_value_iteration,14,132,08:00,120,120.51047110542235,8.78993662496945,111.7205344804529,4,22.20957523821858,24.613020243825602,73.17740451795584,0.0,0.0,120.00000000000001,-1.4210854715202004e-14,3.095143516359199,22.01896112641066,0,230,7,3,WAIT
finite_horizon_value_iteration,15,132,08:00,120,87.71553291988536,7.060116884027225,80.65541603585814,2,11.513703155418654,0.0,108.48629684458135,0.0,0.0,120.0,0.0,0.0,20.171762525792072,0,233,5,0,WAIT
finite_horizon_value_iteration,16,132,08:00,120,73.4101872915655,7.0407380627750245,66.36944922879049,1,9.360534957289202,35.1619126773766,37.854478822329895,37.62307354300431,0.0,120.00000000000001,-1.4210854715202004e-14,5.8764307758315235,14.239963689239977,1,70,3,1,WAIT
finite_horizon_value_iteration,17,132,08:00,120,97.4332062964524,8.227781510527414,89.20542478592498,2,29.283893214352346,8.927614981596776,81.78849180405088,0.0,0.0,120.0,0.0,0.917734710087371,22.5902124628481,0,68,8,1,WAIT
finite_horizon_value_iteration,18,132,08:00,120,109.4724708500874,7.1148403853888675,102.35763046469853,3,17.126898573986875,8.63917289278313,85.21383047228946,9.020098060940526,0.0,119.99999999999999,1.4210854715202004e-14,0.8738289522399111,19.454286434585427,1,234,5,1,WAIT
finite_horizon_value_iteration,19,132,08:00,120,97.94075569148619,7.987224944350985,89.9535307471352,3,31.585412791169972,13.426087363367305,74.98849984546271,0.0,0.0,119.99999999999999,1.4210854715202004e-14,2.214263697456449,20.606379000689227,0,170,9,2,WAIT
finite_horizon_value_iteration,20,132,08:00,120,156.81947886636672,11.068229571515946,145.75124929485077,4,17.168383314851415,32.75375375449933,70.07786293064925,0.0,0.0,119.99999999999999,1.4210854715202004e-14,5.473967481603665,26.149545579870473,0,140,6,1,WAIT
finite_horizon_value_iteration,21,132,08:00,120,97.84588464066243,6.483873388654102,91.36201125200833,1,12.138447358636153,0.0,94.64758421676653,13.213968424597326,0.0,120.00000000000001,-1.4210854715202004e-14,0.0,18.52535253901172,1,161,3,0,WAIT
finite_horizon_value_iteration,22,132,08:00,120,107.12714168836685,9.514593168663467,97.61254851970338,3,22.829363367014288,0.0,94.8290385887884,2.3415980441972977,0.0,120.0,0.0,0.0,27.18455191046705,1,163,8,0,WAIT
finite_horizon_value_iteration,23,132,08:00,120,100.88629998713776,6.624246954548314,94.26205303258945,2,33.62125481493335,9.42835414672862,76.95039103833803,0.0,0.0,120.0,0.0,0.7789661452253094,18.14745372491273,0,68,9,1,WAIT
finite_horizon_value_iteration,24,132,08:00,120,107.59439824994396,7.503061829126742,100.09133642081723,2,25.97317550556593,0.0,94.02682449443407,0.0,0.0,120.0,0.0,0.0,21.43731951179069,0,234,7,0,WAIT
finite_horizon_value_iteration,25,132,08:00,120,112.70780549847449,7.295479036261386,105.4123264622131,2,15.522498087940697,8.683929606310135,91.90536194648165,3.888210359267518,0.0,120.0,0.0,0.8738289522399111,19.970396865649768,1,161,5,1,WAIT
finite_horizon_value_iteration,26,132,08:00,120,102.40216221957974,8.067055127193932,94.33510709238581,4,7.693187540402577,17.562469872765238,75.23520729908431,19.509135287747867,0.0,119.99999999999999,1.4210854715202004e-14,1.716739272990511,21.331989661849295,1,186,5,2,WAIT
finite_horizon_value_iteration,27,132,08:00,120,124.65201119096699,7.031970897777996,117.62004029318899,3,29.45828108546715,9.42835414672862,81.11336476780423,0.0,0.0,120.0,0.0,0.7789661452253094,19.31237927699754,0,68,8,1,WAIT
finite_horizon_value_iteration,28,132,08:00,120,137.78756966607554,10.43369460054593,127.3538750655296,4,18.590830387115382,0.0,101.4091696128846,0.0,0.0,119.99999999999997,2.842170943040401e-14,0.0,29.810556001559803,0,163,8,0,WAIT
finite_horizon_value_iteration,29,132,08:00,120,64.42036340910059,6.602891311677538,57.81747209742305,1,14.467854743379446,0.0,87.47372302060097,18.05842223601958,0.0,120.0,0.0,0.0,18.86540374765011,1,230,4,0,WAIT
finite_horizon_value_iteration,30,132,08:00,120,112.02400024558283,7.333317217275223,104.6906830283076,3,24.44853275879603,8.927614981596776,84.07439985987668,2.5494523997305123,0.0,120.0,0.0,0.917734710087371,20.034600196413265,1,236,8,1,WAIT
finite_horizon_value_iteration,31,132,08:00,120,103.86488370127778,6.998091437715846,96.86679226356193,3,4.030348150176106,0.0,108.0847957792441,7.884856070579801,0.0,120.00000000000001,-1.4210854715202004e-14,0.0,19.99454696490242,1,238,4,0,WAIT
finite_horizon_value_iteration,32,132,08:00,120,97.46403828419372,7.104836874953706,90.35920140924001,2,12.93335328160818,0.0,97.95494528571632,9.111701432675503,0.0,120.0,0.0,0.0,20.29953392843916,1,246,4,0,WAIT
finite_horizon_value_iteration,33,132,08:00,120,84.36105572485232,6.75481149060177,77.60624423425055,2,2.3150895223015024,7.05284258942362,80.84415198026193,29.78791590801295,0.0,120.0,0.0,0.8099048503132977,18.489556551406046,1,107,3,1,WAIT
finite_horizon_value_iteration,34,132,08:00,120,118.53345884324152,7.169066270116862,111.36439257312466,3,20.211584952084554,7.9108873495541365,91.87752769836132,0.0,0.0,120.00000000000001,-1.4210854715202004e-14,0.6461705751342853,19.83687591091389,0,48,7,1,WAIT
finite_horizon_value_iteration,35,132,08:00,120,117.66534778827548,8.030702490725735,109.63464529754975,3,26.06112678458855,10.166252714481294,83.77262050093016,0.0,0.0,120.0,0.0,1.111820073635345,21.833044185581045,0,143,7,1,WAIT
finite_horizon_value_iteration,36,132,08:00,120,122.52050266429374,11.728625672886908,110.79187699140684,4,15.875599569688072,25.862523253248277,70.01036158814921,8.251515588914444,0.0,120.0,0.0,7.198325671848668,26.312033393542503,1,143,7,3,WAIT
finite_horizon_value_iteration,37,132,08:00,120,130.77685608301258,7.711766095827583,123.06508998718499,3,21.499089242140784,0.0,98.50091075785922,0.0,0.0,120.0,0.0,0.0,22.033617416650237,0,162,6,0,WAIT
finite_horizon_value_iteration,38,132,08:00,120,122.87597856547583,10.518119242320001,112.35785932315584,2,25.539391837471413,32.81314173522569,61.6474664273029,0.0,0.0,120.0,0.0,5.483892691328659,24.567876572442778,0,234,7,1,WAIT
finite_horizon_value_iteration,39,132,08:00,120,45.35283230350401,4.4575511516134405,40.89528115189057,1,41.95322781748689,5.9109453452193845,55.25163297169151,16.8841938656022,0.0,119.99999999999999,1.4210854715202004e-14,1.249516314823952,11.486344118357309,1,199,10,1,WAIT
finite_horizon_value_iteration,40,132,08:00,120,140.4701075558185,11.286741077803361,129.18336647801513,3,15.300036520272508,8.253518800007585,96.4464446797199,0.0,0.0,120.0,0.0,3.1402954808806487,29.1075361699861,0,163,5,1,WAIT
finite_horizon_value_iteration,41,132,08:00,120,118.97506067214587,7.270939352963997,111.70412131918188,3,5.307695131163556,0.0,96.30456650247034,18.387738366366108,0.0,120.0,0.0,0.0,20.774112437039992,1,143,4,0,WAIT
finite_horizon_value_iteration,42,132,08:00,120,82.80643002673611,7.560325225192904,75.24610480154321,2,25.61209056291245,0.0,94.38790943708756,0.0,0.0,120.0,0.0,0.0,21.60092921483687,0,161,6,0,WAIT
finite_horizon_value_iteration,43,132,08:00,120,106.17282682412312,7.859392312841806,98.31343451128132,4,36.73227980032452,0.0,83.26772019967547,0.0,0.0,119.99999999999999,1.4210854715202004e-14,0.0,22.45540660811945,0,246,11,0,WAIT
finite_horizon_value_iteration,44,132,08:00,120,127.81828716612628,10.19706756163958,117.6212196044867,3,21.070423534373898,8.253518800007585,90.67605766561852,0.0,0.0,120.0,0.0,3.1402954808806487,25.99418326666101,0,236,6,1,WAIT
finite_horizon_value_iteration,45,132,08:00,120,136.6277159482269,8.488062374807186,128.1396535734197,3,8.030946182258134,0.0,111.96905381774187,0.0,0.0,120.0,0.0,0.0,24.251606785163386,0,186,4,0,WAIT
finite_horizon_value_iteration,46,132,08:00,120,83.1581591912899,7.372118608671045,75.78604058261885,1,2.5769108434290113,27.652169217664103,43.54418574239787,46.226734196509014,0.0,120.0,0.0,4.6213657288823615,16.441830295892053,1,199,2,1,WAIT
finite_horizon_value_iteration,47,132,08:00,120,96.13800631246878,7.2205953133726,88.91741099909618,2,23.36713312343212,22.390086336619667,71.67222065138718,2.5705598885610215,0.0,119.99999999999999,1.4210854715202004e-14,2.8745788276189073,17.75569349630281,1,262,7,3,WAIT
finite_horizon_value_iteration,48,132,08:00,120,128.01347516512817,10.90695364988055,117.10652151524762,4,7.9880012811271275,15.973847351042473,89.05375831845961,6.98439304937078,0.0,119.99999999999999,1.4210854715202004e-14,2.2213145641192886,28.941410149825145,1,141,5,2,WAIT
finite_horizon_value_iteration,49,132,08:00,120,94.36547845378803,8.101922190859284,86.26355626292874,3,19.18846027953378,0.0,100.81153972046621,0.0,0.0,120.0,0.0,0.0,23.14834911674081,0,239,6,0,WAIT
finite_horizon_value_iteration,50,132,08:00,120,58.19513678241209,3.190179478140426,55.00495730427166,2,2.9595879937359815,8.495519944444162,80.75442166892269,27.790470392897163,0.0,120.0,0.0,3.1402954808806487,5.974503028091998,1,132,3,1,WAIT
finite_horizon_value_iteration,51,132,08:00,120,98.56927382986652,6.476345942682923,92.09292788718359,2,16.171192174566645,8.620845679342043,79.59917463489313,15.608787511198187,0.0,120.0,0.0,0.8738289522399111,17.630016598282726,1,107,5,1,WAIT
finite_horizon_value_iteration,52,132,08:00,120,96.90451718473672,8.689987353776608,88.21452983096012,4,33.94187077874821,18.856747247453576,65.98445068746797,1.2169312863302366,0.0,120.0,0.0,1.9856490258752562,22.84288627062934,1,48,10,2,WAIT
finite_horizon_value_iteration,53,132,08:00,120,124.17695195920373,7.37251707995671,116.80443487924703,2,36.99034794947602,0.0,83.00965205052398,0.0,0.0,120.0,0.0,0.0,21.06433451416203,0,100,9,0,WAIT
finite_horizon_value_iteration,54,132,08:00,120,74.84378714638196,7.522913991463153,67.3208731549188,1,19.947628743938782,8.927614981596776,79.12393668174846,12.000819592715985,0.0,120.0,0.0,0.917734710087371,20.57630526552164,1,142,5,1,WAIT
finite_horizon_value_iteration,55,132,08:00,120,69.94468672385806,6.4726576419078565,63.4720290819502,2,39.867835404377196,9.42835414672862,70.70381044889419,0.0,0.0,120.0,0.0,0.7789661452253094,17.71434140308285,0,246,10,1,WAIT
finite_horizon_value_iteration,56,132,08:00,120,92.97390532650857,7.436710728033068,85.53719459847551,2,19.40314963400486,13.426087363367305,87.17076300262784,0.0,0.0,120.0,0.0,2.214263697456449,19.03348123978089,0,233,5,2,WAIT
finite_horizon_value_iteration,57,132,08:00,120,108.19665957003765,7.302811357271867,100.89384821276579,2,32.918388721213816,0.0,87.08161127878618,0.0,0.0,120.0,0.0,0.0,20.86517530649105,0,161,8,0,WAIT
finite_horizon_value_iteration,58,132,08:00,120,110.11177682379318,7.53715286360702,102.57462396018616,3,31.82551093730809,8.819046787483876,69.89985996460763,9.45558231060042,0.0,120.00000000000001,-1.4210854715202004e-14,0.8429103207506001,20.691812146698034,1,170,8,1,WAIT
finite_horizon_value_iteration,59,132,08:00,120,139.09662255852191,9.465175292563849,129.63144726595806,3,20.46969304174105,8.683929606310135,90.84637735194882,0.0,0.0,120.0,0.0,0.8738289522399111,26.16952902651395,0,161,6,1,WAIT
finite_horizon_value_iteration,60,132,08:00,120,126.93256377668733,8.678303192544082,118.25426058414325,4,19.47509774956267,14.987664138762327,80.621085248924,4.916152862751005,0.0,120.0,0.0,2.4650545668752764,22.330097411822102,1,236,6,2,WAIT
finite_horizon_value_iteration,61,132,08:00,120,81.54916127495665,6.944980727029402,74.60418054792724,2,13.283959229171828,9.03075740137676,97.68528336945141,0.0,0.0,120.0,0.0,0.6603151301624585,19.182486947064408,0,234,5,1,WAIT
finite_horizon_value_iteration,62,132,08:00,120,145.99836102633913,7.833418493363925,138.1649425329752,3,11.403175913164867,7.101161514300252,87.44737249796229,14.048290074572591,0.0,120.0,0.0,0.8099048503132977,21.571290845012204,1,107,5,1,WAIT
finite_horizon_value_iteration,63,132,08:00,120,112.35513716054245,6.840629454448944,105.51450770609351,4,26.50626913970218,19.08933395878369,74.40439690151413,0.0,0.0,120.0,0.0,1.7721352037978035,17.77252038034204,0,50,9,2,WAIT
finite_horizon_value_iteration,64,132,08:00,120,97.66070720137586,7.583084061982215,90.07762313939364,2,14.58516387148806,13.467005092317272,91.94783103619466,0.0,0.0,119.99999999999999,1.4210854715202004e-14,2.214263697456449,19.451690765349884,0,237,5,2,WAIT
finite_horizon_value_iteration,65,132,08:00,120,73.28166426860847,6.446142167355756,66.8355221012527,3,15.932183202010087,19.205210361739056,78.3243469438757,6.538259492375161,0.0,120.0,0.0,1.7721352037978035,16.645413845790074,1,48,5,2,WAIT
finite_horizon_value_iteration,66,132,08:00,120,113.06686413749262,7.498878778492538,105.56798535900008,4,22.699852732884068,0.0,97.30014726711593,0.0,0.0,120.0,0.0,0.0,21.425367938550107,0,141,8,0,WAIT
finite_horizon_value_iteration,67,132,08:00,120,109.9748328074806,8.49839176532967,101.47644104215092,3,11.489774647722156,0.0,108.51022535227784,0.0,0.0,120.0,0.0,0.0,24.281119329513345,0,137,4,0,WAIT
finite_horizon_value_iteration,68,132,08:00,120,98.85253762513268,5.514319031572906,93.33821859355977,2,29.20833347570284,0.0,90.79166652429716,0.0,0.0,120.0,0.0,0.0,15.755197233065445,0,162,8,0,WAIT
finite_horizon_value_iteration,69,132,08:00,120,96.26716221541507,7.183898535609973,89.0832636798051,3,34.29680918100211,0.0,85.7031908189979,0.0,0.0,120.0,0.0,0.0,20.525424387457072,0,233,9,0,WAIT
finite_horizon_value_iteration,70,132,08:00,120,148.23214837109828,12.022033556501896,136.21011481459638,2,10.310884792153928,23.748287680779267,82.23503136797211,3.705796159094689,0.0,120.0,0.0,3.9689299578524526,30.37973734643868,1,181,4,1,WAIT
finite_horizon_value_iteration,71,132,08:00,120,92.29552906966212,6.559666092401991,85.73586297726013,2,23.95293551013319,9.42835414672862,86.61871034313818,0.0,0.0,119.99999999999999,1.4210854715202004e-14,0.7789661452253094,17.96293697592324,0,50,7,1,WAIT
finite_horizon_value_iteration,72,132,08:00,120,154.8696496764024,11.197818470600035,143.67183120580236,4,26.935043900022382,32.11060867180468,59.6220609008437,1.3322865273292308,0.0,119.99999999999999,1.4210854715202004e-14,5.483892691328659,26.509874367528585,1,142,8,1,WAIT
finite_horizon_value_iteration,73,132,08:00,120,95.00534427012164,9.396030933650346,85.60931333647129,3,9.618388548273241,0.0,110.38161145172677,0.0,0.0,120.00000000000001,-1.4210854715202004e-14,0.0,26.845802667572418,0,162,4,0,WAIT
finite_horizon_value_iteration,74,132,08:00,120,118.850081705848,8.678706079104355,110.17137562674364,3,25.92900365984202,0.0,94.07099634015798,0.0,0.0,120.0,0.0,0.0,24.796303083155305,0,50,7,0,WAIT
finite_horizon_value_iteration,75,132,08:00,120,103.9381321844611,6.612135703248174,97.32599648121293,2,21.61871690291366,7.9108873495541365,79.04382239917653,11.426573348355674,0.0,120.0,0.0,0.6461705751342853,18.245645719860498,1,230,6,1,WAIT
finite_horizon_value_iteration,76,132,08:00,120,79.51451273650467,7.227797581344121,72.28671515516055,2,28.240335606146417,0.0,83.38920299977272,8.370461394080863,0.0,120.0,0.0,0.0,20.650850232411777,1,239,8,0,WAIT
finite_horizon_value_iteration,77,132,08:00,120,113.4834842831979,7.74703043044745,105.73645385275044,3,5.684708808073926,18.856747247453576,85.79732349923275,9.661220445239763,0.0,120.00000000000001,-1.4210854715202004e-14,1.9856490258752562,20.14872363254603,1,48,4,2,WAIT
finite_horizon_value_iteration,78,132,08:00,120,130.9252903341739,7.4382682181909,123.487022115983,4,20.834102534879126,8.620845679342043,90.06550301297733,0.47954877280150754,0.0,120.0,0.0,0.8738289522399111,20.378365956876948,1,164,7,1,WAIT
finite_horizon_value_iteration,79,132,08:00,120,85.37446831810554,6.313409211332686,79.06105910677286,1,40.7096874320087,9.42835414672862,57.65159680261931,12.210361618643361,0.0,119.99999999999999,1.4210854715202004e-14,0.7789661452253094,17.259345887153792,1,48,10,1,WAIT
finite_horizon_value_iteration,80,132,08:00,120,104.85505728832703,7.771911018281794,97.08314627004523,3,9.176715534987688,14.83816659610198,84.0380036145927,11.947114254317626,0.0,119.99999999999999,1.4210854715202004e-14,2.4650545668752764,19.740405485358423,1,230,5,2,WAIT
finite_horizon_value_iteration,81,132,08:00,120,97.69609445218788,7.715274516684274,89.9808199355036,2,13.400823867859103,8.988777945629199,87.036191714962,10.5742064715497,0.0,120.0,0.0,0.917734710087371,21.12590676615341,1,142,5,1,WAIT
finite_horizon_value_iteration,82,132,08:00,120,98.4842583004173,6.421512539598596,92.0627457608187,2,13.417825987435986,8.923081244302397,62.934018515326926,34.725074252934704,0.0,120.00000000000001,-1.4210854715202004e-14,0.6603151301624585,17.68686355440496,1,230,5,1,WAIT
finite_horizon_value_iteration,83,132,08:00,120,111.36079611752407,6.476403645356891,104.88439247216718,3,23.31645593752436,17.522753964276166,79.16079009819947,0.0,0.0,120.0,0.0,1.716739272990511,16.787271142314893,0,234,8,2,WAIT
finite_horizon_value_iteration,84,132,08:00,120,87.22583201068893,6.86433552394108,80.36149648674785,1,1.3580867574468931,0.0,113.30892865223902,5.332984590314084,0.0,120.0,0.0,0.0,19.61238721126023,1,230,2,0,WAIT
finite_horizon_value_iteration,85,132,08:00,120,107.03730723150615,6.7316524480458915,100.30565478346026,3,10.745273027439001,8.904151745316087,100.3505752272449,0.0,0.0,120.0,0.0,0.6603151301624585,18.572977578540094,0,137,5,1,WAIT
finite_horizon_value_iteration,86,132,08:00,120,87.62836369220506,8.461007099827942,79.16735659237712,1,2.7172480217471726,34.38501125701366,38.158037335249446,44.73970338598973,0.0,120.00000000000001,-1.4210854715202004e-14,5.746591211690139,18.42771478781827,1,70,2,1,WAIT
finite_horizon_value_iteration,87,132,08:00,120,157.98179098799844,9.009843564481637,148.9719474235168,4,18.903570378961017,34.962786665852796,64.4845357743799,1.6491071808062827,0.0,120.0,0.0,7.646611309017186,18.09579887521606,1,236,7,3,WAIT
finite_horizon_value_iteration,88,132,08:00,120,85.91709879603768,6.766569583989041,79.15052921204864,2,10.167510988568207,0.0,105.63843996214057,4.194049049291223,0.0,120.0,0.0,0.0,19.3330559542544,1,48,4,0,WAIT
finite_horizon_value_iteration,89,132,08:00,120,125.1322706812477,8.447930989798339,116.68433969144937,3,17.978730712319333,0.0,102.02126928768067,0.0,0.0,120.0,0.0,0.0,24.136945685138112,0,170,7,0,WAIT
finite_horizon_value_iteration,90,132,08:00,120,88.48781402434996,6.67429178004899,81.81352224430097,4,27.371473272784105,19.07040445979738,73.55812226741853,0.0,0.0,120.00000000000001,-1.4210854715202004e-14,1.7721352037978035,17.297269882056458,0,48,9,2,WAIT
finite_horizon_value_iteration,91,132,08:00,120,106.9788268505718,7.954373761856917,99.02445308871489,2,28.47224211668285,13.426087363367305,72.72147476848684,5.380195751463006,0.0,120.0,0.0,2.214263697456449,20.512518479277603,1,229,7,2,WAIT
finite_horizon_value_iteration,92,132,08:00,120,94.40445635389116,8.084342921681936,86.32011343220923,2,20.993193596529323,0.0,99.00680640347068,0.0,0.0,120.0,0.0,0.0,23.09812263337696,0,230,6,0,WAIT
finite_horizon_value_iteration,93,132,08:00,120,82.1473160412425,5.483725225915364,76.66359081532714,1,44.93796516109415,0.0,75.06203483890584,0.0,0.0,120.0,0.0,0.0,15.667786359758184,0,170,10,0,WAIT
finite_horizon_value_iteration,94,132,08:00,120,112.00845305997728,7.154393130636187,104.8540599293411,2,21.494715344355097,0.0,96.78301701964698,1.7222676359979232,0.0,120.0,0.0,0.0,20.44112323038911,1,238,6,0,WAIT
finite_horizon_value_iteration,95,132,08:00,120,186.17683010140644,8.249822036401524,177.9270080650049,5,21.341363595313208,14.763571920228202,80.6591569925674,3.235907491891183,0.0,120.0,0.0,1.6822183777610094,21.888701726243347,1,229,8,2,WAIT
finite_horizon_value_iteration,96,132,08:00,120,166.87033101446525,11.881218699481071,154.98911231498417,4,36.56448350884684,6.142726240886159,72.10560891095776,5.187181339309262,0.0,120.00000000000001,-1.4210854715202004e-14,0.8083894255210982,33.137949715853395,1,229,10,1,WAIT
finite_horizon_value_iteration,97,132,08:00,120,119.76773524881881,8.390059362918658,111.37767588590015,4,27.10538704319732,8.65495076661221,84.23966219019047,0.0,0.0,120.0,0.0,1.4273959916327998,22.544202188134797,0,193,9,1,WAIT
finite_horizon_value_iteration,98,132,08:00,120,140.4046591952546,7.08040401230039,133.3242551829542,4,23.59110187010431,0.0,96.4088981298957,0.0,0.0,120.00000000000001,-1.4210854715202004e-14,0.0,20.229725749429683,0,170,9,0,WAIT
finite_horizon_value_iteration,99,132,08:00,120,115.71728415327284,9.232811444652137,106.4844727086207,4,8.14689044182223,20.560812416330474,91.29229714184729,0.0,0.0,119.99999999999999,1.4210854715202004e-14,5.18155674214191,21.197904528292767,0,170,5,1,WAIT
finite_horizon_value_iteration,100,132,08:00,120,104.14495619657467,6.8029579381466405,97.34199825842802,2,7.194996507881398,8.743423085281362,90.76983970166172,13.291740705175528,0.0,120.00000000000001,-1.4210854715202004e-14,0.8738289522399111,18.563193728179062,1,186,4,1,WAIT
finite_horizon_value_iteration,101,132,08:00,120,151.47665249531985,13.280897335274526,138.19575516004534,4,7.9734681362085,36.88881250903696,72.72904964458577,2.408669710168766,0.0,120.0,0.0,5.618731406229967,32.32668955169726,1,79,5,2,WAIT
finite_horizon_value_iteration,102,132,08:00,120,127.07607325760122,9.134543442475783,117.94152981512543,5,38.62215133435074,11.555451126042191,69.82239753960708,0.0,0.0,120.00000000000001,-1.4210854715202004e-14,1.269745182208421,24.828950367722385,0,162,11,1,WAIT
finite_horizon_value_iteration,103,132,08:00,120,94.7653065301405,7.379065728176751,87.38624080196375,2,10.841212471956059,17.609623624971242,82.07477030147405,9.474393601598663,0.0,120.00000000000001,-1.4210854715202004e-14,1.791563662327282,19.291481275320578,1,142,4,2,WAIT
finite_horizon_value_iteration,104,132,08:00,120,137.35192067653207,8.05515573007952,129.29676494645256,5,18.40959817287336,0.0,101.59040182712664,0.0,0.0,120.0,0.0,0.0,23.014730657370055,0,162,7,0,WAIT
finite_horizon_value_iteration,105,132,08:00,120,139.1395937597306,13.331593447790155,125.80800031194043,2,10.10350027560878,26.354450967600794,81.19023839763048,2.3518103591599413,0.0,120.0,0.0,4.368959039754844,33.721307953931316,1,186,4,1,WAIT
finite_horizon_value_iteration,106,132,08:00,120,86.21851781138962,5.41997834751308,80.79853946387654,1,0.56719629986601,0.0,103.09144317488264,16.341360525251346,0.0,120.0,0.0,0.0,15.485652421465943,1,48,2,0,WAIT
finite_horizon_value_iteration,107,132,08:00,120,88.96336463464895,9.491058704035712,79.47230593061325,2,23.01794238752338,20.746681943530227,75.33578544470976,0.8995902242366185,0.0,119.99999999999999,1.4210854715202004e-14,5.18155674214191,21.935753840817274,1,68,6,2,WAIT
finite_horizon_value_iteration,108,132,08:00,120,93.4137775184762,8.45887236853295,84.95490514994324,3,32.286680899479606,20.263416061766286,67.44990303875412,0.0,0.0,120.0,0.0,3.1093948757671894,21.05881189146981,0,236,10,3,WAIT
finite_horizon_value_iteration,109,132,08:00,120,105.20201344606177,7.748819138294176,97.45319430776759,5,24.937006359690038,8.883581071493037,86.17941256881693,0.0,0.0,120.0,0.0,0.8429103207506001,21.29657293151848,0,162,9,1,WAIT
finite_horizon_value_iteration,110,132,08:00,120,114.99880079849822,7.416976569669704,107.58182422882852,3,10.83065112391362,0.0,109.16934887608639,0.0,0.0,120.00000000000001,-1.4210854715202004e-14,0.0,21.191361627627728,0,236,5,0,WAIT
finite_horizon_value_iteration,111,132,08:00,120,90.30935960472256,6.438988428715249,83.87037117600731,2,5.237036120802733,0.0,114.76296387919726,0.0,0.0,119.99999999999999,1.4210854715202004e-14,0.0,18.397109796329282,0,75,3,0,WAIT
finite_horizon_value_iteration,112,132,08:00,120,142.25069564504915,11.721838365197502,130.52885727985165,2,8.386384107710738,34.39297409936807,77.2206417929212,0.0,0.0,120.0,0.0,5.747922000839862,27.743044756867285,0,181,4,1,WAIT
finite_horizon_value_iteration,113,132,08:00,120,130.8941464590205,9.101435681712962,121.79271077730755,3,26.94453242172839,0.0,92.1890665219962,0.8664010562754072,0.0,120.0,0.0,0.0,26.004101947751323,1,230,8,0,WAIT
finite_horizon_value_iteration,114,132,08:00,120,73.92111772191859,8.789528825122082,65.13158889679652,2,3.475430013904547,20.746681943530227,95.77788804256522,0.0,0.0,120.0,0.0,5.18155674214191,19.931382758206897,0,48,3,2,WAIT
finite_horizon_value_iteration,115,132,08:00,120,127.0584006640211,8.485625967682537,118.57277469633856,3,17.81332371143791,13.426087363367305,88.76058892519477,0.0,0.0,119.99999999999999,1.4210854715202004e-14,2.214263697456449,22.030381924493664,0,107,6,2,WAIT
finite_horizon_value_iteration,116,132,08:00,120,129.13160675205873,11.812455409546692,117.31915134251204,3,19.743007204589404,18.853737880595226,81.40325491481536,0.0,0.0,120.0,0.0,3.7752845277861242,29.974588070918713,0,223,6,2,WAIT
finite_horizon_value_iteration,117,132,08:00,120,179.28367499970523,8.469464005151757,170.81421099455346,5,12.287840779746908,0.0,100.73811453439066,6.974044685862438,0.0,120.00000000000001,-1.4210854715202004e-14,0.0,24.198468586147875,1,186,7,0,WAIT
finite_horizon_value_iteration,118,132,08:00,120,111.56840905285122,7.799016917002309,103.76939213584892,3,49.04223983452731,11.580017070854602,59.37774309461808,0.0,0.0,120.0,0.0,1.269745182208421,21.013160294941034,0,229,13,1,WAIT
finite_horizon_value_iteration,119,132,08:00,120,112.9967399435599,7.894401278459538,105.10233866510036,2,24.333019398283632,0.0,95.66698060171636,0.0,0.0,120.0,0.0,0.0,22.55543222417011,0,229,7,0,WAIT
finite_horizon_value_iteration,120,132,08:00,120,92.61753834188869,7.3572274068535,85.26031093503519,2,7.762739176660958,14.987664138762327,93.80986395915156,3.4397327254251593,0.0,120.0,0.0,2.4650545668752764,18.555595166991868,1,162,3,2,WAIT
finite_horizon_value_iteration,121,132,08:00,120,76.52232804200962,6.6063709795767025,69.91595706243291,2,6.288059160797864,9.42835414672862,94.18171169593681,10.101874996536708,0.0,120.0,0.0,0.7789661452253094,18.09637951070813,1,48,3,1,WAIT
finite_horizon_value_iteration,122,132,08:00,120,145.16334680249633,11.703004889041221,133.46034191345512,2,14.57427477901972,27.652169217664103,77.77355600331617,0.0,0.0,120.0,0.0,4.6213657288823615,28.815791096949695,0,181,4,1,WAIT
finite_horizon_value_iteration,123,132,08:00,120,103.22192708371881,7.342202885762222,95.87972419795659,3,22.074541733037165,7.9108873495541365,89.91349066364025,0.1010802537684583,0.0,120.0,0.0,0.6461705751342853,20.33155195561492,1,237,6,1,WAIT
finite_horizon_value_iteration,124,132,08:00,120,108.83819161053552,7.607739562915422,101.23045204762009,3,36.59609850463827,9.42835414672862,73.9755473486331,0.0,0.0,119.99999999999999,1.4210854715202004e-14,0.7789661452253094,20.957432605961614,0,163,10,1,WAIT
finite_horizon_value_iteration,125,132,08:00,120,104.15128755786014,7.0099861703108175,97.14130138754933,3,25.156816634612507,8.927614981596776,78.91448685799514,7.00108152579557,0.0,120.0,0.0,0.917734710087371,19.110797205086392,1,68,8,1,WAIT
finite_horizon_value_iteration,126,132,08:00,120,78.86495763181672,6.213702429064899,72.65125520275183,1,26.90748997522815,0.0,82.17870280030569,10.913807224466169,0.0,120.0,0.0,0.0,17.753435511613997,1,141,7,0,WAIT
finite_horizon_value_iteration,127,132,08:00,120,124.29368906497061,10.40091598182502,113.89277308314558,2,16.76331526962206,32.81314173522569,68.72122762597861,1.7023153691736468,0.0,120.00000000000001,-1.4210854715202004e-14,5.483892691328659,24.23301011388569,1,239,5,1,WAIT
finite_horizon_value_iteration,128,132,08:00,120,105.92542506351853,7.644966957035615,98.28045810648291,3,21.537326725687088,8.63917289278313,76.92482683020506,12.89867355132472,0.0,120.0,0.0,0.8738289522399111,20.968933782147563,1,113,6,1,WAIT
finite_horizon_value_iteration,129,132,08:00,120,116.89809254185664,8.161566687584248,108.7365258542724,4,12.923787395341042,0.0,107.07621260465896,0.0,0.0,120.0,0.0,0.0,23.318761964526427,0,234,5,0,WAIT
finite_horizon_value_iteration,130,132,08:00,120,116.56631278976957,6.9640489979958415,109.60226379177372,3,41.400855121034425,8.923081244302397,69.6760636346632,0.0,0.0,120.00000000000001,-1.4210854715202004e-14,0.6603151301624585,19.23696772125424,0,230,11,1,WAIT
finite_horizon_value_iteration,131,132,08:00,120,98.13308243426812,7.687179769400356,90.44590266486776,2,14.559636037602145,0.0,86.4428104850819,18.997553477315947,0.0,120.0,0.0,0.0,21.963370769715304,1,263,5,0,WAIT
finite_horizon_value_iteration,132,132,08:00,120,126.59905268578724,8.416619019362509,118.18243366642473,3,27.66074241915711,8.969308793627524,83.36994878721536,0.0,0.0,120.0,0.0,0.6603151301624585,23.387167782301855,0,231,8,1,WAIT
finite_horizon_value_iteration,133,132,08:00,120,63.55203425892962,6.727248501930511,56.82478575699911,1,45.54217286648159,9.42835414672862,62.71103926227121,2.3184337245185844,0.0,120.00000000000001,-1.4210854715202004e-14,0.7789661452253094,18.441743860290437,1,48,11,1,WAIT
finite_horizon_value_iteration,134,132,08:00,120,137.07648598723992,9.263680834940395,127.81280515229952,5,33.674110907782456,0.0,83.9010643034492,2.4248247887683476,0.0,120.0,0.0,0.0,26.467659528401125,1,238,10,0,WAIT
finite_horizon_value_iteration,135,132,08:00,120,103.60132016635818,7.171769244866867,96.42955092149131,3,14.7121189715597,17.934909146692846,87.35297188174746,0.0,0.0,120.00000000000001,-1.4210854715202004e-14,1.320630260324917,19.17013901072328,0,230,5,2,WAIT
finite_horizon_value_iteration,136,132,08:00,120,80.79251846278511,5.8601419487087725,74.93237651407634,2,10.647434679565622,0.0,65.68114331167405,43.67142200876032,0.0,119.99999999999999,1.4210854715202004e-14,0.0,16.743262710596493,1,230,4,0,WAIT
finite_horizon_value_iteration,137,132,08:00,120,75.51487879168023,7.447214672821049,68.06766411885918,3,31.523567247149295,16.81128632109509,71.6651464317556,0.0,0.0,119.99999999999999,1.4210854715202004e-14,1.4890808958848853,19.788675312175258,0,113,9,2,WAIT
finite_horizon_value_iteration,138,132,08:00,120,121.61374199796526,7.499661151208651,114.11408084675661,4,12.764597899899453,7.038977040036715,92.78909274336031,7.407332316703517,0.0,120.0,0.0,1.0780413825534916,20.34956190661408,1,239,5,1,WAIT
finite_horizon_value_iteration,139,132,08:00,120,140.38527359715772,8.288639368766475,132.09663422839125,5,20.190150384253723,0.0,99.80984961574627,0.0,0.0,120.0,0.0,0.0,23.681826767904216,0,140,8,0,WAIT
finite_horizon_value_iteration,140,132,08:00,120,82.62766045187063,7.818866712611381,74.80879373925924,1,5.586270267587049,37.163057260137045,34.26982492735123,42.98084754492467,0.0,120.0,0.0,6.210871843384377,16.128747335505285,1,70,3,1,WAIT
finite_horizon_value_iteration,141,132,08:00,120,85.82574220327943,6.790661746227924,79.0350804570515,1,22.648509253335302,8.927614981596776,88.42387576506792,0.0,0.0,120.0,0.0,0.917734710087371,18.484155993420984,0,142,6,1,WAIT
finite_horizon_value_iteration,142,132,08:00,120,145.57312000092463,10.7427285485368,134.83039145238783,4,44.36630520547269,38.62044944556061,33.463126447764424,3.550118901202268,0.0,119.99999999999999,1.4210854715202004e-14,6.662866323644243,24.030643815032334,1,186,11,2,WAIT
finite_horizon_value_iteration,143,132,08:00,120,132.85166552292674,9.12385687464443,123.7278086482823,5,25.616214195553553,0.0,94.38378580444646,0.0,0.0,120.00000000000001,-1.4210854715202004e-14,0.0,26.068162498984083,0,161,8,0,WAIT
finite_horizon_value_iteration,144,132,08:00,120,0.0,0.0,0.0,0,0.0182630394115739,0.0,0.0,119.98173696058842,0.0,120.0,0.0,0.0,0.0,1,132,1,0,WAIT
finite_horizon_value_iteration,145,132,08:00,120,157.10592234147248,10.361903815737087,146.74401852573538,6,20.65633260958965,6.790804989415673,84.6187274342742,7.9341349667204355,0.0,119.99999999999996,4.263256414560601e-14,0.8951311783107404,28.710308295223793,1,141,8,1,WAIT
finite_horizon_value_iteration,146,132,08:00,120,119.22982477021593,8.307829127634156,110.92199564258178,4,32.9428067632007,13.467005092317272,68.1778211483532,5.41236699612881,0.0,119.99999999999999,1.4210854715202004e-14,2.214263697456449,21.522390952926855,1,140,9,2,WAIT
finite_horizon_value_iteration,147,132,08:00,120,98.89686973066458,6.40159603604596,92.49527369461862,2,16.5058857230202,9.42835414672862,94.06576013025118,0.0,0.0,120.0,0.0,0.7789661452253094,17.511308243477433,0,143,4,1,WAIT
finite_horizon_value_iteration,148,132,08:00,120,149.44548831529067,8.591824859319063,140.8536634559716,5,27.4019994287504,8.63917289278313,75.3472888021976,8.611538876268867,0.0,120.0,0.0,0.8738289522399111,23.674242074385987,1,234,9,1,WAIT
finite_horizon_value_iteration,149,132,08:00,120,138.16658297743126,9.12411662357799,129.04246635385329,4,20.96799147922669,9.42835414672862,89.60365437404468,0.0,0.0,119.99999999999999,1.4210854715202004e-14,0.7789661452253094,25.28993849356895,0,140,8,1,WAIT
finite_horizon_value_iteration,150,132,08:00,120,109.45227893051249,6.882413711138582,102.56986521937391,4,17.406628824556304,7.968776083255511,92.88173172487237,1.7428633673158203,0.0,120.0,0.0,0.6461705751342853,19.01786859954738,1,142,6,1,WAIT
finite_horizon_value_iteration,151,132,08:00,120,92.5860271958936,7.688291941054093,84.89773525483952,3,35.49085908717493,8.927614981596776,67.43968447659043,8.141841454637856,0.0,119.99999999999999,1.4210854715202004e-14,0.917734710087371,21.048813692924323,1,162,9,1,WAIT
finite_horizon_value_iteration,152,132,08:00,120,162.64896185004943,7.850966375995308,154.79799547405412,3,15.52301176242156,8.927614981596776,95.54937325598166,0.0,0.0,120.0,0.0,0.917734710087371,21.513597792756364,0,162,5,1,WAIT
finite_horizon_value_iteration,153,132,08:00,120,146.80771536720263,11.811656762969568,134.99605860423307,2,14.007250746711504,0.0,91.33358585806077,14.659163395227722,0.0,120.0,0.0,0.0,33.74759075134162,1,138,5,0,WAIT
finite_horizon_value_iteration,154,132,08:00,120,112.61831891610545,7.6211072200373415,104.9972116960681,3,35.07633032923882,0.0,82.26350274672491,2.660166924036261,0.0,119.99999999999999,1.4210854715202004e-14,0.0,21.77459205724955,1,170,9,0,WAIT
finite_horizon_value_iteration,155,132,08:00,120,100.21064504298343,7.060273058049094,93.15037198493434,4,8.37901666864504,0.0,111.62098333135495,0.0,0.0,119.99999999999999,1.4210854715202004e-14,0.0,20.17220873728313,0,236,5,0,WAIT
finite_horizon_value_iteration,156,132,08:00,120,117.80801435769395,6.744528550307456,111.0634858073865,3,25.96859987052461,0.0,94.0314001294754,0.0,0.0,120.00000000000001,-1.4210854715202004e-14,0.0,19.27008157230702,0,170,7,0,WAIT
finite_horizon_value_iteration,157,132,08:00,120,107.594110436289,7.679914177056371,99.91419625923263,3,27.806500570022358,10.166252714481294,82.02724671549635,0.0,0.0,120.0,0.0,1.111820073635345,20.83079186081143,0,68,8,1,WAIT
finite_horizon_value_iteration,158,132,08:00,120,124.73147815910932,7.508428370923173,117.22304978818615,5,19.407234476028073,0.0,99.01219849413926,1.5805670298326788,0.0,120.0,0.0,0.0,21.452652488351923,1,141,6,0,WAIT
finite_horizon_value_iteration,159,132,08:00,120,159.35533440959702,10.843620290560217,148.5117141190368,3,17.946190825969417,27.87701953644663,74.17678963758394,0.0,0.0,119.99999999999999,1.4210854715202004e-14,4.6213657288823615,26.360406529861116,0,164,6,1,WAIT
finite_horizon_value_iteration,160,132,08:00,120,104.32755934051808,9.992095985691284,94.3354633548268,2,19.974100256344272,19.97512252709047,80.05077721656527,0.0,0.0,120.0,0.0,5.18155674214191,23.36728893126176,0,161,6,1,WAIT
finite_horizon_value_iteration,161,132,08:00,120,92.65540794892487,6.341090925117565,86.3143170238073,2,14.221807533981828,8.904151745316087,96.8740407207021,0.0,0.0,120.00000000000001,-1.4210854715202004e-14,0.6603151301624585,17.457087513030586,0,162,5,1,WAIT
finite_horizon_value_iteration,162,132,08:00,120,107.52156666983417,7.344807752426757,100.17675891740741,3,29.76410094424076,0.0,90.23589905575923,0.0,0.0,120.0,0.0,0.0,20.98516500693359,0,238,9,0,WAIT
finite_horizon_value_iteration,163,132,08:00,120,99.49439544163909,6.75357805142419,92.7408173902149,2,46.77600410726405,9.42835414672862,59.568779681416096,4.226862064591245,0.0,120.0,0.0,0.7789661452253094,18.51697114455809,1,142,11,1,WAIT
finite_horizon_value_iteration,164,132,08:00,120,105.47157937050015,6.036717211797924,99.43486215870223,3,20.196289272106586,8.969308793627524,88.24635442964046,2.588047504625436,0.0,120.00000000000001,-1.4210854715202004e-14,0.6603151301624585,16.587448332117326,1,230,6,1,WAIT
finite_horizon_value_iteration,165,132,08:00,120,104.98116866254685,5.894495770628936,99.08667289191791,2,20.26694183489966,0.0,99.73305816510035,0.0,0.0,120.0,0.0,0.0,16.841416487511246,0,141,6,0,WAIT
finite_horizon_value_iteration,166,132,08:00,120,126.98495653800383,8.680358523544209,118.30459801445961,5,20.704626334089088,0.0,99.29537366591092,0.0,0.0,120.0,0.0,0.0,24.801024352983454,0,163,9,0,WAIT
finite_horizon_value_iteration,167,132,08:00,120,139.50973395754667,8.191814768525997,131.31791918902067,4,39.841080200174446,0.0,80.15891979982555,0.0,0.0,120.0,0.0,0.0,23.405185052931426,0,229,11,0,WAIT
finite_horizon_value_iteration,168,132,08:00,120,112.4805369106393,8.23237813643861,104.24815877420069,3,21.927940083454054,0.0,98.07205991654592,0.0,0.0,119.99999999999997,2.842170943040401e-14,0.0,23.5210803898246,0,140,7,0,WAIT
finite_horizon_value_iteration,169,132,08:00,120,205.18748560811554,10.705457385491524,194.48202822262402,5,19.61264222660223,0.0,100.38735777339777,0.0,0.0,120.0,0.0,0.0,30.58702110140436,0,161,8,0,WAIT
finite_horizon_value_iteration,170,132,08:00,120,109.89373334200633,7.602024947911385,102.29170839409494,3,5.003511588182489,9.42835414672862,105.56813426508889,0.0,0.0,120.0,0.0,0.7789661452253094,20.941105134521504,0,186,4,1,WAIT
finite_horizon_value_iteration,171,132,08:00,120,102.50950409780361,8.239920888784063,94.26958320901954,3,33.72896966576346,8.927614981596776,77.34341535263975,0.0,0.0,119.99999999999999,1.4210854715202004e-14,0.917734710087371,22.62489640072424,0,170,10,1,WAIT
finite_horizon_value_iteration,172,132,08:00,120,116.82510631895715,10.343639487158894,106.48146683179826,5,28.576282597650057,0.0,85.3921478165997,6.031569585750248,0.0,120.0,0.0,0.0,29.55325567759684,1,230,9,0,WAIT
finite_horizon_value_iteration,173,132,08:00,120,119.76190837323651,10.17887799757519,109.58303037566132,5,31.28636964853495,8.927614981596776,79.78601536986827,0.0,0.0,120.0,0.0,0.917734710087371,28.164773854413177,0,48,10,1,WAIT
finite_horizon_value_iteration,174,132,08:00,120,86.03611005901675,6.310733920509441,79.72537613850731,1,20.916482696110695,0.0,63.054206564644076,36.02931073924523,0.0,120.0,0.0,0.0,18.03066834431269,1,230,6,0,WAIT
finite_horizon_value_iteration,175,132,08:00,120,104.76810961376506,7.127260214754412,97.64084939901065,2,11.24453080784264,0.0,96.395893051297,12.35957614086037,0.0,120.0,0.0,0.0,20.363600613584037,1,162,4,0,WAIT
finite_horizon_value_iteration,176,132,08:00,120,110.69174610215852,6.128451831606616,104.5632942705519,3,49.59506150419588,0.0,70.4049384958041,0.0,0.0,119.99999999999999,1.4210854715202004e-14,0.0,17.5098623760189,0,230,12,0,WAIT
finite_horizon_value_iteration,177,132,08:00,120,68.45608817896627,7.932355774950808,60.52373240401546,1,12.255320760305942,35.1619126773766,33.75048140624607,38.83228515607139,0.0,120.0,0.0,5.8764307758315235,16.787442866885073,1,70,4,1,WAIT
finite_horizon_value_iteration,178,132,08:00,120,128.36049135703522,10.133235554710936,118.22725580232428,4,18.856946310767047,19.97512252709047,81.16793116214248,0.0,0.0,120.0,0.0,5.18155674214191,23.770544842746478,0,107,7,1,WAIT
finite_horizon_value_iteration,179,132,08:00,120,125.42605332408847,7.389694068067612,118.03635925602086,3,16.66823745169972,8.904151745316087,94.42761080298419,0.0,0.0,120.0,0.0,0.6603151301624585,20.453096492887866,0,237,6,1,WAIT
finite_horizon_value_iteration,180,132,08:00,120,94.4980749576003,8.278436117197986,86.21963884040231,3,26.307775411818604,0.0,76.79053088918573,16.901693698995672,0.0,120.0,0.0,0.0,23.652674620565676,1,170,7,0,WAIT
finite_horizon_value_iteration,181,132,08:00,120,141.69679091755233,8.54568456386431,133.15110635368802,5,8.858808516109836,13.426087363367305,97.71510412052285,0.0,0.0,120.0,0.0,2.214263697456449,22.201977913584443,0,143,6,2,WAIT
finite_horizon_value_iteration,182,132,08:00,120,101.9998570826705,6.257171926487178,95.74268515618333,2,5.00159316798742,0.0,114.99840683201258,0.0,0.0,120.0,0.0,0.0,17.87763407567765,0,68,3,0,WAIT
finite_horizon_value_iteration,183,132,08:00,120,109.69680939711377,6.730851166872922,102.96595823024084,2,11.521223200118344,19.14005331342762,80.61700263765962,8.721720848794405,0.0,120.0,0.0,1.7721352037978035,17.458868130124834,1,48,5,2,WAIT
finite_horizon_value_iteration,184,132,08:00,120,105.04680176629061,7.663176080485353,97.38362568580526,3,9.380214087909868,17.50442675083508,93.11535916125504,0.0,0.0,120.0,0.0,1.716739272990511,20.178049528396212,0,163,4,2,WAIT
finite_horizon_value_iteration,185,132,08:00,120,86.89788619606801,7.719495096698975,79.17839109936904,1,1.6372200372881787,37.163057260137045,39.243536328210176,41.956186374364606,0.0,120.00000000000001,-1.4210854715202004e-14,6.210871843384377,15.844828432898412,1,70,2,1,WAIT
finite_horizon_value_iteration,186,132,08:00,120,105.14714048164033,7.880451632616071,97.26668884902426,4,18.49387342918761,8.969308793627524,92.53681777718488,0.0,0.0,120.00000000000001,-1.4210854715202004e-14,0.6603151301624585,21.855260963026318,0,48,6,1,WAIT
finite_horizon_value_iteration,187,132,08:00,120,116.76942824190192,8.390240634624128,108.3791876072778,2,32.87896514756659,25.18465348477118,58.86771877971276,3.0686625879494756,0.0,120.0,0.0,4.301068802225837,19.671047296700245,1,164,9,1,WAIT
finite_horizon_value_iteration,188,132,08:00,120,136.58385464669598,11.154798960424467,125.42905568627151,2,14.756673583244742,34.39297409936807,61.71900519932106,9.131347118066117,0.0,119.99999999999999,1.4210854715202004e-14,5.747922000839862,26.122932171801473,1,141,5,1,WAIT
finite_horizon_value_iteration,189,132,08:00,120,99.25806853077773,6.727812370904187,92.53025615987355,2,8.93411267724329,9.03075740137676,102.03512992137996,0.0,0.0,120.00000000000001,-1.4210854715202004e-14,0.6603151301624585,18.562005929563792,0,233,4,1,WAIT
finite_horizon_value_iteration,190,132,08:00,120,86.43658695946334,7.430205102522359,79.00638185694098,2,15.026312592442478,8.927614981596776,82.48687535161359,13.55919707434714,0.0,119.99999999999999,1.4210854715202004e-14,0.917734710087371,20.3114227256908,1,161,5,1,WAIT
finite_horizon_value_iteration,191,132,08:00,120,96.75255829014897,7.023876416876209,89.72868187327276,2,19.170553386796733,0.0,95.88186158875833,4.947585024444933,0.0,119.99999999999999,1.4210854715202004e-14,0.0,20.068218333932027,1,142,6,0,WAIT
finite_horizon_value_iteration,192,132,08:00,120,103.28550515776831,7.14886306698991,96.13664209077841,2,14.367208515457614,9.42835414672862,96.20443733781377,0.0,0.0,120.0,0.0,0.7789661452253094,19.64635690331729,0,237,5,1,WAIT
finite_horizon_value_iteration,193,132,08:00,120,130.55582651076674,9.735320908501489,120.82050560226524,3,27.41945337333141,33.40120989045777,59.1793367362108,0.0,0.0,119.99999999999999,1.4210854715202004e-14,7.395820439598358,20.419382156120182,0,237,9,3,WAIT
finite_horizon_value_iteration,194,132,08:00,120,100.29253477204853,6.768180237009862,93.52435453503867,2,5.417882949074687,0.0,111.35783078627209,3.224286264653216,0.0,119.99999999999999,1.4210854715202004e-14,0.0,19.337657820028177,1,140,3,0,WAIT
finite_horizon_value_iteration,195,132,08:00,120,106.35409715173036,8.60872848617214,97.74536866555822,3,10.378569345691528,14.881553721370418,83.10608945718067,11.633787475757359,0.0,119.99999999999999,1.4210854715202004e-14,2.4650545668752764,22.131312536473697,1,233,5,2,WAIT
finite_horizon_value_iteration,196,132,08:00,120,84.33998334854425,6.411511732704503,77.92847161583975,1,36.80696258268791,8.927614981596776,74.26542243571531,0.0,0.0,120.0,0.0,0.917734710087371,17.400870240496925,0,142,9,1,WAIT
finite_horizon_value_iteration,197,132,08:00,120,82.75427360610175,7.871079924844624,74.88319368125713,2,16.283549465413437,0.0,103.71645053458657,0.0,0.0,120.0,0.0,0.0,22.488799785270356,0,90,5,0,WAIT
finite_horizon_value_iteration,198,132,08:00,120,145.32289161491786,9.050089545777823,136.27280206914003,4,8.471821238340317,21.675495294500962,89.85268346715873,0.0,0.0,120.0,0.0,3.360185745186017,22.497212957036336,0,142,5,3,WAIT
finite_horizon_value_iteration,199,132,08:00,120,172.72680282647954,11.141277634667096,161.58552519181245,3,13.8974112982379,26.1418813744398,79.96070732732231,0.0,0.0,120.00000000000001,-1.4210854715202004e-14,4.368959039754844,27.463262773579718,0,161,5,1,WAIT
finite_horizon_value_iteration,200,132,08:00,120,112.5235147365295,7.317978005847664,105.20553673068184,3,15.840953517526115,17.806662315795435,79.68672209501996,6.665662071658488,0.0,120.0,0.0,1.5032254509130585,19.40528313722313,1,162,6,2,WAIT
finite_horizon_value_iteration,201,132,08:00,120,83.73128145965117,5.796489676075835,77.93479178357533,2,6.730199719367629,0.0,89.16022210544277,24.10957817518961,0.0,120.00000000000001,-1.4210854715202004e-14,0.0,16.561399074502386,1,230,3,0,WAIT
finite_horizon_value_iteration,202,132,08:00,120,101.52468668542197,7.385514529158596,94.13917215626337,3,18.90905083645639,9.107151241954677,85.38544538581965,6.598352535769266,0.0,119.99999999999999,1.4210854715202004e-14,0.9973656773476055,20.10410440596267,1,170,6,1,WAIT
finite_horizon_value_iteration,203,132,08:00,120,135.45616655860755,9.66111405615659,125.79505250245096,6,22.944903071060608,17.72274331174076,79.33235361719863,0.0,0.0,120.0,0.0,2.078134607729519,25.525048409860734,0,236,9,2,WAIT
finite_horizon_value_iteration,204,132,08:00,120,90.53007654292877,6.532754607879484,83.99732193504929,2,19.015357685530155,14.987664138762327,85.99697817570751,0.0,0.0,120.0,0.0,2.4650545668752764,16.199958598494682,0,263,5,2,WAIT
finite_horizon_value_iteration,205,132,08:00,120,92.6693791287357,6.000833307408728,86.66854582132697,1,4.221377571816853,8.683929606310135,88.8113639772613,18.283328844611717,0.0,120.0,0.0,0.8738289522399111,16.271409068927884,1,186,2,1,WAIT
finite_horizon_value_iteration,206,132,08:00,120,92.65607224269739,8.3123263003842,84.34374594231319,3,7.035925756726314,13.426087363367305,90.2427882858824,9.295198594023958,0.0,119.99999999999997,2.842170943040401e-14,2.214263697456449,21.535240017926984,1,75,4,2,WAIT
finite_horizon_value_iteration,207,132,08:00,120,78.87846046348488,6.239717654092794,72.63874280939208,2,24.153681803773488,0.0,95.8463181962265,0.0,0.0,120.0,0.0,0.0,17.827764725979414,0,142,6,0,WAIT
finite_horizon_value_iteration,208,132,08:00,120,128.93301345229986,7.221880190193374,121.71113326210649,3,50.1565281703441,0.0,69.84347182965588,0.0,0.0,119.99999999999999,1.4210854715202004e-14,0.0,20.6339434005525,0,162,12,0,WAIT
finite_horizon_value_iteration,209,132,08:00,120,105.58554607601504,6.036261160730425,99.54928491528462,2,64.98025605257956,0.0,55.01974394742041,0.0,0.0,119.99999999999997,2.842170943040401e-14,0.0,17.246460459229787,0,137,14,0,WAIT
finite_horizon_value_iteration,210,132,08:00,120,81.34252002137637,6.163661855821513,75.17885816555486,2,25.0230999628011,0.0,85.34889883336452,9.628001203834387,0.0,120.0,0.0,0.0,17.610462445204323,1,162,7,0,WAIT
finite_horizon_value_iteration,211,132,08:00,120,130.5291592564331,12.178451002269984,118.35070825416312,2,21.411108284458155,31.54252945365764,67.0463622618842,0.0,0.0,120.0,0.0,5.271541753992986,29.52403253820697,0,236,6,1,WAIT
finite_horizon_value_iteration,212,132,08:00,120,110.12596929300068,7.815303152825571,102.3106661401751,3,15.848195375765506,0.0,91.32186597319145,12.829938651043022,0.0,119.99999999999997,2.842170943040401e-14,0.0,22.329437579501633,1,162,6,0,WAIT
finite_horizon_value_iteration,213,132,08:00,120,106.16194508723292,7.9773711776487755,98.18457390958415,3,27.89955284886984,0.0,92.10044715113015,0.0,0.0,120.0,0.0,0.0,22.792489078996503,0,142,7,0,WAIT
finite_horizon_value_iteration,214,132,08:00,120,83.3003165501717,6.665131355789684,76.63518519438202,2,2.599628041786042,17.892929690945287,84.77345642815496,14.733985839113743,0.0,120.00000000000003,-2.842170943040401e-14,1.5780498402498293,17.465182604863553,1,142,3,2,WAIT
finite_horizon_value_iteration,215,132,08:00,120,132.61235015591825,7.04246925938443,125.56988089653382,4,10.075382301869617,15.924688848298988,93.99992884983139,0.0,0.0,120.0,0.0,1.4702199804757563,18.65112076062262,0,79,6,2,WAIT
finite_horizon_value_iteration,216,132,08:00,120,106.16609728749806,8.035747315971443,98.13034997152661,4,21.982541124822493,17.565288039171875,80.45217083600565,0.0,0.0,120.00000000000001,-1.4210854715202004e-14,1.716739272990511,21.242538772642188,0,234,7,2,WAIT
finite_horizon_value_iteration,217,132,08:00,120,70.95695999070144,6.252576148224087,64.70438384247734,1,13.097923070637847,0.0,106.90207692936215,0.0,0.0,120.0,0.0,0.0,17.86450328064025,0,164,3,0,WAIT
finite_horizon_value_iteration,218,132,08:00,120,119.30330241208343,7.218489560408853,112.08481285167457,4,15.784134702676146,23.869827654114758,73.6617306878154,6.68430695539368,0.0,120.0,0.0,3.1253696970377347,17.498886189844708,1,236,6,3,WAIT
finite_horizon_value_iteration,219,132,08:00,120,88.21421060211222,8.045395067701298,80.16881553441092,4,16.84629304240552,8.683929606310135,94.46977735128435,0.0,0.0,120.0,0.0,0.8738289522399111,22.11301409833523,0,249,7,1,WAIT
finite_horizon_value_iteration,220,132,08:00,120,93.69006861113482,7.249671399494304,86.44039721164052,2,17.922867037991054,9.42835414672862,92.64877881528032,0.0,0.0,120.0,0.0,0.7789661452253094,19.934380710472702,0,237,5,1,WAIT
finite_horizon_value_iteration,221,132,08:00,120,106.57132472229033,7.745533834648756,98.82579088764157,2,10.608682733395934,8.683929606310135,100.70738766029393,0.0,0.0,120.0,0.0,0.8738289522399111,21.256267718185107,0,231,4,1,WAIT
finite_horizon_value_iteration,222,132,08:00,120,90.32319717112503,6.502711787860536,83.8204853832645,2,8.789779168415189,0.0,110.24802139236027,0.9621994392245341,0.0,120.0,0.0,0.0,18.579176536744388,1,142,4,0,WAIT
finite_horizon_value_iteration,223,132,08:00,120,122.67353117491223,10.045339168971314,112.62819200594092,2,15.045539523547568,19.97512252709047,76.60788948780434,8.371448461557605,0.0,119.99999999999999,1.4210854715202004e-14,5.18155674214191,23.519412312061846,1,162,5,1,WAIT
finite_horizon_value_iteration,224,132,08:00,120,134.34182150946242,8.282745941944807,126.05907556751761,5,27.226711422521525,14.83816659610198,77.93512198137648,0.0,0.0,119.99999999999999,1.4210854715202004e-14,2.4650545668752764,21.199933838681314,0,237,10,2,WAIT
finite_horizon_value_iteration,225,132,08:00,120,134.86828630081814,8.158264060934297,126.71002223988384,4,20.18861274010859,0.0,99.8113872598914,0.0,0.0,120.0,0.0,0.0,23.309325888383704,0,236,6,0,WAIT
finite_horizon_value_iteration,226,132,08:00,120,108.12771088566357,7.5941123009850955,100.53359858467849,3,32.183467549860715,13.426087363367305,74.350107117042,0.040337969729947076,0.0,119.99999999999997,2.842170943040401e-14,2.214263697456449,19.483200019643828,1,162,9,2,WAIT
finite_horizon_value_iteration,227,132,08:00,120,101.5180327279141,8.548742952821815,92.96928977509229,3,17.43646575515248,0.0,102.18914896431374,0.3743852805337866,0.0,120.00000000000001,-1.4210854715202004e-14,0.0,24.424979865205188,1,163,5,0,WAIT
finite_horizon_value_iteration,228,132,08:00,120,154.54293575770333,8.8468634912573,145.69607226644604,3,16.939980574087407,20.746681943530227,80.91977095748038,1.3935665249019848,0.0,120.0,0.0,5.18155674214191,20.095196090021812,1,161,6,2,WAIT
finite_horizon_value_iteration,229,132,08:00,120,98.37568198365388,7.404987575158035,90.97069440849585,2,11.326364535252914,0.0,99.4540282507023,9.219607214044785,0.0,119.99999999999999,1.4210854715202004e-14,0.0,21.157107357594388,1,164,4,0,WAIT
finite_horizon_value_iteration,230,132,08:00,120,167.84212066806856,9.958037482331331,157.88408318573724,3,15.6638357361512,0.0,104.33616426384881,0.0,0.0,120.00000000000001,-1.4210854715202004e-14,0.0,28.451535663803803,0,138,6,0,WAIT
finite_horizon_value_iteration,231,132,08:00,120,123.35124959350017,7.298443871034053,116.05280572246612,4,47.08359180409001,0.0,72.91640819590998,0.0,0.0,120.0,0.0,0.0,20.85269677438301,0,162,11,0,WAIT
finite_horizon_value_iteration,232,132,08:00,120,80.34647775590086,7.173483301759939,73.17299445414092,2,45.059235119983356,13.426087363367305,61.51467751664933,0.0,0.0,119.99999999999999,1.4210854715202004e-14,2.214263697456449,18.281402879000524,0,229,11,2,WAIT
finite_horizon_value_iteration,233,132,08:00,120,171.87639069727317,8.850226966080525,163.02616373119264,3,19.506517806407736,0.0,100.49348219359229,0.0,0.0,120.00000000000003,-2.842170943040401e-14,0.0,25.286362760230077,0,166,6,0,WAIT
finite_horizon_value_iteration,234,132,08:00,120,119.1446269515892,7.5949996757543765,111.54962727583482,4,25.866245671471074,7.9108873495541365,82.90514148961053,3.317725489364264,0.0,120.0,0.0,0.6461705751342853,21.05382849844965,1,68,8,1,WAIT
finite_horizon_value_iteration,235,132,08:00,120,89.75539474646959,6.522337484340491,83.2330572621291,3,49.83568586024622,0.0,66.25185644965087,3.9124576901028973,0.0,119.99999999999999,1.4210854715202004e-14,0.0,18.635249955258548,1,162,13,0,WAIT
finite_horizon_value_iteration,236,132,08:00,120,117.1629432554736,9.338685465881143,107.82425778959247,3,10.490156054620357,11.100648655877293,84.79629599928224,13.612899290220128,0.0,120.00000000000001,-1.4210854715202004e-14,1.366816529142354,25.315141944803763,1,239,5,2,WAIT
finite_horizon_value_iteration,237,132,08:00,120,130.11821811584727,7.547505053386056,122.57071306246121,3,14.385457141500794,0.0,105.6145428584992,0.0,0.0,120.0,0.0,0.0,21.564300152531587,0,48,6,0,WAIT
finite_horizon_value_iteration,238,132,08:00,120,126.29445115180775,8.245529471181177,118.04892168062658,6,35.939437920147455,0.0,82.54553766891902,1.5150244109335347,0.0,120.00000000000001,-1.4210854715202004e-14,0.0,23.55865563194622,1,263,10,0,WAIT
finite_horizon_value_iteration,239,132,08:00,120,115.67724016663476,8.130735178098346,107.54650498853641,4,8.59165638029596,0.0,111.40834361970403,0.0,0.0,119.99999999999999,1.4210854715202004e-14,0.0,23.23067193742385,0,163,5,0,WAIT
finite_horizon_value_iteration,240,132,08:00,120,98.93890545336131,8.721367843973344,90.21753760938797,3,16.730473468469015,22.809258970972472,67.58058056397412,12.879686996584397,0.0,120.00000000000001,-1.4210854715202004e-14,3.1112251420095616,21.80696869791428,1,233,6,3,WAIT
finite_horizon_value_iteration,241,132,08:00,120,108.2824534955049,7.514134769079457,100.76831872642543,2,10.238948256896775,0.0,109.76105174310322,0.0,0.0,120.0,0.0,0.0,21.468956483084163,0,230,4,0,WAIT
finite_horizon_value_iteration,242,132,08:00,120,112.44374405893373,11.902134963781855,100.54160909515187,2,21.641644562181014,38.01481488715632,60.343540550662674,0.0,0.0,120.0,0.0,6.353221742802269,27.652878153717317,0,162,6,1,WAIT
finite_horizon_value_iteration,243,132,08:00,120,130.17197081949718,7.94865686746854,122.22331395202863,4,11.828676718176615,8.620845679342043,99.55047760248137,0.0,0.0,120.00000000000003,-2.842170943040401e-14,0.8738289522399111,21.836619240527348,0,161,6,1,WAIT
finite_horizon_value_iteration,244,132,08:00,120,179.25969548882892,13.107511602132094,166.15218388669683,4,23.717016268228207,38.34323701641776,57.93974671535404,0.0,0.0,120.0,0.0,7.243421249316267,30.20661189963258,0,162,8,3,WAIT
finite_horizon_value_iteration,245,132,08:00,120,139.57808137217725,11.846477714855572,127.73160365732168,3,18.30448989485303,30.867200342415096,70.82830976273188,0.0,0.0,120.0,0.0,5.271541753992986,28.575537431308653,0,161,7,1,WAIT
finite_horizon_value_iteration,246,132,08:00,120,124.54532597015039,8.530632550561153,116.01469341958924,4,30.044140325818194,13.426087363367305,76.52977231081448,0.0,0.0,119.99999999999997,2.842170943040401e-14,2.214263697456449,22.158972161289704,0,161,9,2,WAIT
finite_horizon_value_iteration,247,132,08:00,120,107.45158927858185,6.547863044437485,100.90372623414436,2,34.957527881127206,8.63917289278313,76.40329922608966,0.0,0.0,120.0,0.0,0.8738289522399111,17.834351174724333,0,163,9,1,WAIT
finite_horizon_value_iteration,248,132,08:00,120,131.86131027942417,11.254061216873485,120.6072490625507,2,24.597724608372175,23.748287680779267,71.65398771084857,0.0,0.0,120.00000000000001,-1.4210854715202004e-14,3.9689299578524526,28.185530661786075,0,162,6,1,WAIT
finite_horizon_value_iteration,249,132,08:00,120,148.81461470142284,8.466825625582132,140.3477890758407,4,22.22173511956683,0.0,95.06364205912767,2.714622821305511,0.0,120.00000000000001,-1.4210854715202004e-14,0.0,24.190930358806096,1,236,8,0,WAIT
finite_horizon_value_iteration,250,132,08:00,120,171.1708444909404,8.09406573825462,163.07677875268578,3,29.02391818664479,0.0,80.53310800205657,10.442973811298657,0.0,120.00000000000001,-1.4210854715202004e-14,0.0,23.12590210929892,1,68,9,0,WAIT
finite_horizon_value_iteration,251,132,08:00,120,86.79873580987746,9.077791094308395,77.72094471556906,2,1.4448142093349077,0.0,113.03377040885047,5.521415381814606,0.0,119.99999999999999,1.4210854715202004e-14,0.0,25.936545983738277,1,236,3,0,WAIT
finite_horizon_value_iteration,252,132,08:00,120,80.70554712105726,6.227620870849387,74.47792625020787,1,24.435448257973768,13.426087363367305,66.77029497342141,15.368169405237495,0.0,119.99999999999999,1.4210854715202004e-14,2.214263697456449,15.57893879068466,1,262,6,2,WAIT
finite_horizon_value_iteration,253,132,08:00,120,131.37822731521445,8.074206149488408,123.30402116572604,4,24.755350238211,15.975923833726018,79.26872592806298,0.0,0.0,120.0,0.0,1.4702199804757563,21.59894044663398,0,170,9,2,WAIT
finite_horizon_value_iteration,254,132,08:00,120,129.43198146485486,7.113103307342255,122.3188781575126,2,26.30418161993352,0.0,76.22014363692453,17.475674743141965,0.0,120.00000000000001,-1.4210854715202004e-14,0.0,20.323152306692158,1,230,7,0,WAIT
finite_horizon_value_iteration,255,132,08:00,120,123.385413351995,10.034241289649016,113.35117206234598,4,22.29995603205116,24.189267311894337,70.61117188868207,2.8996047673724377,0.0,120.0,0.0,4.131075420465934,24.538185407102684,1,161,7,1,WAIT
finite_horizon_value_iteration,256,132,08:00,120,93.78656751308624,6.960160291806082,86.82640722128016,2,25.383225123601786,8.927614981596776,76.99019796986924,8.698961924932206,0.0,120.00000000000001,-1.4210854715202004e-14,0.917734710087371,18.96843755221572,1,162,7,1,WAIT
finite_horizon_value_iteration,257,132,08:00,120,165.7846018859861,13.328260936969365,152.45634094901672,3,14.070255014019194,34.388686755616504,71.54105823036431,0.0,0.0,120.00000000000001,-1.4210854715202004e-14,5.753132577204575,32.32761295699361,0,68,5,2,WAIT
finite_horizon_value_iteration,258,132,08:00,120,99.22947687369648,10.634412897800601,88.59506397589588,4,15.760843961784474,17.92387409117278,85.90560185626825,0.4096800907744722,0.0,119.99999999999997,2.842170943040401e-14,3.919261626105958,26.46477522475291,1,68,7,2,WAIT
finite_horizon_value_iteration,259,132,08:00,120,131.8611199130654,10.246897050155113,121.6142228629103,3,18.629877663574728,13.426087363367305,84.9843863083119,2.959648664746055,0.0,119.99999999999999,1.4210854715202004e-14,2.214263697456449,27.062585017272447,1,239,6,2,WAIT
finite_horizon_value_iteration,260,132,08:00,120,103.40209123177821,9.94317653465373,93.45891469712448,2,14.90845533287637,0.0,105.09154466712363,0.0,0.0,120.0,0.0,0.0,28.409075813296376,0,230,5,0,WAIT
finite_horizon_value_iteration,261,132,08:00,120,68.95721321501583,6.807248614977601,62.149964600038224,2,18.953350568090382,8.927614981596776,92.11903445031285,0.0,0.0,120.00000000000001,-1.4210854715202004e-14,0.917734710087371,18.531547046991488,0,163,6,1,WAIT
finite_horizon_value_iteration,262,132,08:00,120,77.23466397355104,8.690316959182088,68.54434701436895,1,2.5477035782591875,40.856724045071175,27.514578620048404,49.080993756621226,0.0,119.99999999999999,1.4210854715202004e-14,6.977565971184234,17.8519110550503,1,70,2,1,WAIT
finite_horizon_value_iteration,263,132,08:00,120,151.0896653086776,8.62828576117434,142.46137954750327,5,23.46964632739429,0.0,96.53035367260573,0.0,0.0,120.00000000000001,-1.4210854715202004e-14,0.0,24.652245031926686,0,164,9,0,WAIT
finite_horizon_value_iteration,264,132,08:00,120,101.5370125642881,7.53349876394115,94.00351380034695,2,25.027536340196686,8.923081244302397,76.18709655395443,9.862285861546482,0.0,120.0,0.0,0.6603151301624585,20.863967052526544,1,162,7,1,WAIT
finite_horizon_value_iteration,265,132,08:00,120,87.04329344405166,8.177272179196871,78.86602126485478,1,17.082176653533153,32.81314173522569,41.99846057710692,28.106221034134236,0.0,120.0,0.0,5.483892691328659,17.879742106376685,1,199,5,1,WAIT
finite_horizon_value_iteration,266,132,08:00,120,134.1390804092711,9.093915823412788,125.0451645858583,4,12.982124893228324,8.683929606310135,98.33394550046155,0.0,0.0,120.00000000000001,-1.4210854715202004e-14,0.8738289522399111,25.10878768608234,0,164,6,1,WAIT
finite_horizon_value_iteration,267,132,08:00,120,156.84492553367767,10.856838053514627,145.98808748016305,2,9.678270662564838,35.1619126773766,75.15981666005857,0.0,0.0,120.0,0.0,5.8764307758315235,25.143106519924554,0,162,4,1,WAIT
finite_horizon_value_iteration,268,132,08:00,120,91.10397463642761,6.558075711498815,84.54589892492879,1,10.079006050183404,8.969308793627524,82.03155666658424,18.920128489604835,0.0,120.0,0.0,0.6603151301624585,18.077044045548444,1,186,3,1,WAIT
finite_horizon_value_iteration,269,132,08:00,120,96.18286578673641,7.003338625227728,89.17952716150869,2,40.82053114436658,0.0,79.17946885563342,0.0,0.0,120.0,0.0,0.0,20.00953892922208,0,161,10,0,WAIT
finite_horizon_value_iteration,270,132,08:00,120,129.94956998588663,10.414279226937426,119.5352907589492,2,15.405645398103024,26.950430915036954,72.46769696481321,5.176226722046806,0.0,120.0,0.0,5.34520791635066,24.409875589184846,1,223,5,3,WAIT
finite_horizon_value_iteration,271,132,08:00,120,156.2656126496358,12.59778662605357,143.66782602358225,3,11.17267683396641,41.00141971034969,59.85476147029439,7.971141985389508,0.0,120.0,0.0,6.306050430892979,29.687625643545793,1,79,4,2,WAIT
finite_horizon_value_iteration,272,132,08:00,120,94.66005014424488,7.551810150360025,87.10823999388485,2,43.14167735263359,8.927614981596776,67.81656911614525,0.11413854962439984,0.0,120.00000000000001,-1.4210854715202004e-14,0.917734710087371,20.6588657195127,1,142,10,1,WAIT
finite_horizon_value_iteration,273,132,08:00,120,119.00847030879329,8.402294817358568,110.60617549143473,4,19.79842456936641,7.7656067336199,92.43596869701369,0.0,0.0,120.0,0.0,0.9436651053864168,23.062891515638064,0,237,8,1,WAIT
finite_horizon_value_iteration,274,132,08:00,120,105.64528308278138,8.604909870848228,97.04037321193314,3,42.880047454128984,8.969308793627524,68.15064375224351,0.0,0.0,120.00000000000003,-2.842170943040401e-14,0.6603151301624585,23.925141643689628,0,113,11,1,WAIT
finite_horizon_value_iteration,275,132,08:00,120,120.35648995529493,8.005846153886443,112.3506438014085,2,18.458547497082744,0.0,93.11796853656548,8.423483966351768,0.0,120.0,0.0,0.0,22.873846153961267,1,162,5,0,WAIT
finite_horizon_value_iteration,276,132,08:00,120,100.88368455630089,7.501159790412466,93.38252476588843,4,35.119983727170364,8.927614981596776,75.95240129123287,0.0,0.0,120.00000000000001,-1.4210854715202004e-14,0.917734710087371,20.514150405376814,0,161,10,1,WAIT
finite_horizon_value_iteration,277,132,08:00,120,136.3568095016542,7.916001237792896,128.4408082638613,3,29.086832538322884,19.97512252709047,70.93804493458663,0.0,0.0,119.99999999999999,1.4210854715202004e-14,5.18155674214191,17.435589651552082,0,229,8,1,WAIT
finite_horizon_value_iteration,278,132,08:00,120,109.3071680865449,7.783366522685447,101.52380156385946,3,16.1102233552208,14.881553721370418,78.79719849314577,10.211024430262995,0.0,119.99999999999999,1.4210854715202004e-14,2.4650545668752764,19.773135497940288,1,239,5,2,WAIT
finite_horizon_value_iteration,279,132,08:00,120,100.60962671087589,7.3342612137929155,93.27536549708297,3,29.821368379638177,17.35605939633067,70.8772463080309,1.9453259160002432,0.0,120.0,0.0,1.4251367203595948,19.529895319048737,1,239,9,2,WAIT
finite_horizon_value_iteration,280,132,08:00,120,95.95769424046571,8.107078255781826,87.85061598468388,2,12.618345619779202,0.0,98.34045469364722,9.041199686573577,0.0,120.0,0.0,0.0,23.163080730805216,1,48,4,0,WAIT
finite_horizon_value_iteration,281,132,08:00,120,85.79111610076001,8.043251085256854,77.74786501550315,1,8.985804136983285,31.76477641897683,42.976471555844356,36.27294788819553,0.0,120.0,0.0,5.308684753545373,17.672032632902784,1,199,3,1,WAIT
finite_horizon_value_iteration,282,132,08:00,120,76.16049502382319,6.058717461794597,70.10177756202859,1,28.04674031072355,9.42835414672862,81.12071781894261,1.4041877236052045,0.0,119.99999999999999,1.4210854715202004e-14,0.7789661452253094,16.531655174187826,1,48,7,1,WAIT
finite_horizon_value_iteration,283,132,08:00,120,107.68361394506341,8.264240053957842,99.41937389110558,3,12.207591446350685,17.50442675083508,74.69867051567037,15.589311287143843,0.0,119.99999999999999,1.4210854715202004e-14,1.716739272990511,21.89537516688904,1,186,5,2,WAIT
finite_horizon_value_iteration,284,132,08:00,120,85.33908909052532,7.798070353500259,77.54101873702506,1,10.131268144496268,36.75565003770299,37.10251730477192,36.010564513028825,0.0,120.00000000000001,-1.4210854715202004e-14,6.142783956295462,16.13741705370528,1,199,3,1,WAIT
finite_horizon_value_iteration,285,132,08:00,120,118.111191707388,8.65639262015678,109.45479908723122,3,10.875983076634224,8.253518800007585,89.1481657402104,11.722332383147787,0.0,120.0,0.0,3.1402954808806487,21.592254862424433,1,238,5,1,WAIT
finite_horizon_value_iteration,286,132,08:00,120,93.89559528074173,7.038535320618531,86.8570599601232,3,11.736422303197378,8.927614981596776,97.86562942989787,1.4703332853079871,0.0,120.0,0.0,0.917734710087371,19.192366205965577,1,236,5,1,WAIT
finite_horizon_value_iteration,287,132,08:00,120,84.13049125045383,6.4150994166148845,77.71539183383895,2,31.043809385071786,0.0,88.95619061492822,0.0,0.0,120.0,0.0,0.0,18.328855476042527,0,161,8,0,WAIT
finite_horizon_value_iteration,288,132,08:00,120,240.9561391322878,10.502267008346955,230.45387212394084,8,20.167483490362983,8.819046787483876,88.42674697220606,2.5867227499471,0.0,120.00000000000001,-1.4210854715202004e-14,0.8429103207506001,29.163566845954985,1,107,10,1,WAIT
finite_horizon_value_iteration,289,132,08:00,120,90.8555867104134,6.753010444142057,84.10257626627134,1,16.727549394974687,0.0,103.27245060502531,0.0,0.0,120.0,0.0,0.0,19.294315554691593,0,163,4,0,WAIT
finite_horizon_value_iteration,290,132,08:00,120,104.81137386100639,7.884390913786191,96.9269829472202,3,13.47413067611763,14.881553721370418,91.64431560251195,0.0,0.0,120.0,0.0,2.4650545668752764,20.061776615370988,0,161,5,2,WAIT
finite_horizon_value_iteration,291,132,08:00,120,139.69510480825255,9.282119102231665,130.4129857060209,4,11.654569746444588,17.64757483059745,90.27252391918896,0.42533150376900153,0.0,120.0,0.0,1.5341440824023695,24.986196209688107,1,161,6,2,WAIT
finite_horizon_value_iteration,292,132,08:00,120,125.69075019697664,8.438765837559705,117.25198435941694,4,11.99582828121872,29.069384582994754,76.79945184804284,2.135335287743686,0.0,120.0,0.0,2.9864844551989322,21.12427508068594,1,170,6,3,WAIT
finite_horizon_value_iteration,293,132,08:00,120,108.45284873644292,6.678850704884434,101.77399803155848,3,23.636472234050952,8.620845679342043,71.9916244068617,15.751057679745301,0.0,120.0,0.0,0.8738289522399111,18.208601633144188,1,230,8,1,WAIT
finite_horizon_value_iteration,294,132,08:00,120,134.60457260225826,7.701302321067904,126.90327028119036,5,19.569196127553326,8.620845679342043,86.07696621043804,5.732991982666604,0.0,120.00000000000001,-1.4210854715202004e-14,0.8738289522399111,21.129891965096956,1,113,8,1,WAIT
finite_horizon_value_iteration,295,132,08:00,120,75.00550227008864,6.572031441753859,68.43347082833478,1,14.843935576431722,0.0,95.11059613938508,10.045468284183187,0.0,119.99999999999999,1.4210854715202004e-14,0.0,18.777232690725313,1,161,4,0,WAIT
finite_horizon_value_iteration,296,132,08:00,120,78.40577864911285,6.279605086886783,72.12617356222606,1,24.815102017458827,0.0,95.18489798254117,0.0,0.0,120.0,0.0,0.0,17.941728819676523,0,68,6,0,WAIT
finite_horizon_value_iteration,297,132,08:00,120,120.76587054363097,8.097959128811832,112.66791141481913,4,19.73164783648283,25.556077215742018,74.71227494777516,0.0,0.0,120.0,0.0,2.3629098481247963,20.77411623419472,0,162,7,3,WAIT
finite_horizon_value_iteration,298,132,08:00,120,102.88788322663532,7.892511140772746,94.99537208586258,4,32.645236730918,0.0,87.354763269082,0.0,0.0,120.0,0.0,0.0,22.55003183077928,0,113,10,0,WAIT
finite_horizon_value_iteration,299,132,08:00,120,151.61161364927614,12.140642208804936,139.4709714404712,3,17.103341318565633,32.75375375449933,70.14290492693503,0.0,0.0,120.0,0.0,5.473967481603665,29.213581686410436,0,68,6,1,WAIT
q_learning,0,132,08:00,120,166.31760979904737,9.653831645538537,156.66377815350884,3,21.19776888266535,0.0,93.52669962428361,5.275531493051034,0.0,120.0,0.0,0.0,27.582376130110106,1,230,7,0,WAIT
q_learning,1,132,08:00,120,76.70255831311617,7.0991622343419785,69.6033960787742,2,8.52711005642921,14.987664138762327,96.48522580480846,0.0,0.0,120.0,0.0,2.4650545668752764,17.818266102673235,0,237,4,2,WAIT
q_learning,2,132,08:00,120,92.342186156293,9.708744495734162,82.63344166055883,2,10.547458746572548,34.99052355528667,49.668983818515215,24.793033879625554,0.0,119.99999999999999,1.4210854715202004e-14,5.800620334703995,21.938649653107902,1,138,4,1,WAIT
q_learning,3,132,08:00,120,137.80539211468704,14.433257614155838,123.3721345005312,2,26.993503981498797,45.72227428453614,47.284221733965055,0.0,0.0,119.99999999999999,1.4210854715202004e-14,8.185247543509922,33.052631354078194,0,230,7,2,WAIT
q_learning,4,132,08:00,120,104.28961852592133,7.568625364039043,96.72099316188229,2,5.631726429760526,8.683929606310135,105.68434396392934,0.0,0.0,120.0,0.0,0.8738289522399111,20.7508149450145,0,237,3,1,WAIT
q_learning,5,132,08:00,120,94.55001040178607,7.12031408283319,87.42969631895288,1,19.243576108389846,34.64400506643799,66.11241882517217,0.0,0.0,120.0,0.0,3.5586575779522294,16.785096944428314,0,236,5,1,WAIT
q_learning,6,132,08:00,120,120.27705646403759,8.98644325548026,111.29061320855732,3,15.152728081805416,48.438972052464564,46.629232380271844,9.779067485458171,0.0,120.0,0.0,4.470690133869185,21.20486202464585,1,186,5,2,WAIT
q_learning,7,132,08:00,120,82.28322349218274,7.463965921674312,74.81925757050843,3,10.876711733446193,29.302789883453624,76.29004680176598,3.530451581334191,0.0,119.99999999999999,1.4210854715202004e-14,4.6270021704085496,16.698614748660916,1,239,4,2,WAIT
q_learning,8,132,08:00,120,99.85436006882136,10.787468572137515,89.06689149668385,2,43.0909218720002,44.0277949030208,32.88128322497901,0.0,0.0,120.0,0.0,7.35814036437716,23.4631984131586,0,93,11,1,WAIT
q_learning,9,132,08:00,120,90.82677323342202,8.320276176210323,82.50649705721169,2,6.875081401880583,19.97512252709047,93.14979607102896,0.0,0.0,120.00000000000001,-1.4210854715202004e-14,5.18155674214191,18.590660904173298,0,170,3,1,WAIT
q_learning,10,132,08:00,120,81.95982417799276,8.627016930556374,73.33280724743638,1,9.082898917561488,37.41053506290781,40.16740958535538,33.33915643417532,0.0,120.0,0.0,6.521058068816938,18.1275617327727,1,138,3,2,WAIT
q_learning,11,132,08:00,120,103.46507964746364,7.125600839364339,96.3394788080993,2,17.97413517663255,17.162296211367835,84.86356861199963,0.0,0.0,120.00000000000001,-1.4210854715202004e-14,1.9479393488596028,18.41092019218137,0,211,6,1,WAIT
q_learning,12,132,08:00,120,91.55712987807945,7.850873840094106,83.70625603798534,2,25.805115414537116,0.0,94.19488458546287,0.0,0.0,119.99999999999999,1.4210854715202004e-14,0.0,22.43106811455459,0,246,7,0,WAIT
q_learning,13,132,08:00,120,86.78065547385339,6.168241278326757,80.61241419552663,1,1.7719821567352316,0.0,118.22801784326477,0.0,0.0,120.0,0.0,0.0,17.623546509505022,0,230,2,0,WAIT
q_learning,14,132,08:00,120,48.902530430620786,7.124408426632678,41.77812200398811,2,8.123692673929568,56.37134994790662,47.706340300420194,7.7986170777436,0.0,119.99999999999999,1.4210854715202004e-14,8.36008243849444,11.995370209027502,1,249,3,2,WAIT
q_learning,15,132,08:00,120,87.71553291988536,7.060116884027225,80.65541603585814,2,5.4867000506188495,0.0,108.48629684458135,0.0,6.027003104799803,120.0,0.0,0.0,20.171762525792072,0,233,3,1,WAIT
q_learning,16,132,08:00,120,73.4101872915655,7.469300105747205,65.9408871858183,1,6.054535431996992,40.88001042456622,37.854478822329895,35.210975321106886,0.0,120.0,0.0,7.10089375575204,14.239963689239977,1,138,2,2,WAIT
q_learning,17,132,08:00,120,109.74753901657722,9.425436896937274,100.32210211963995,3,11.51442282867322,25.44356469179535,83.04201247953144,0.0,0.0,120.0,0.0,2.767071999739535,24.162747705795542,0,68,5,1,WAIT
q_learning,18,132,08:00,120,112.4517525707408,8.081241423502854,104.37051114723793,3,10.670878188897323,25.059546034117048,84.26957577698562,0.0,0.0,119.99999999999999,1.4210854715202004e-14,2.714523495868643,20.37473771413951,0,234,5,1,WAIT
q_learning,19,132,08:00,120,143.62548327480823,12.270458241986386,131.35502503282186,2,13.153131092015283,33.020087000005404,73.82678190797932,0.0,0.0,120.00000000000001,-1.4210854715202004e-14,5.473967481603665,29.584484638357445,0,100,4,1,WAIT
q_learning,20,132,08:00,120,105.81577327402412,9.513892773528939,96.30188050049519,3,17.59826701264681,58.37020539811873,44.03152758923447,0.0,0.0,120.00000000000001,-1.4210854715202004e-14,7.1306677748466125,20.051883006664646,0,237,6,2,WAIT
q_learning,21,132,08:00,120,97.84588464066243,6.483873388654102,91.36201125200833,1,12.138447358636153,0.0,94.64758421676653,13.213968424597326,0.0,120.00000000000001,-1.4210854715202004e-14,0.0,18.52535253901172,1,161,3,0,WAIT
q_learning,22,132,08:00,120,83.24915062780734,10.05277313438479,73.19637749342255,2,0.6462228962257816,32.17262522639688,78.09241714937801,9.088734727999324,0.0,119.99999999999999,1.4210854715202004e-14,3.9151357231353243,24.807073232249788,1,236,3,1,WAIT
q_learning,23,132,08:00,120,107.40720383290831,7.715237845407261,99.69196598750105,2,9.223984596154308,30.545649316353014,80.23036608749268,0.0,0.0,120.0,0.0,3.096014561543284,18.94752213962032,0,249,4,1,WAIT
q_learning,24,132,08:00,120,107.59439824994396,7.947472642899689,99.64692560704428,2,5.364974643571447,11.719754870265689,94.02682449443407,8.888445991728787,0.0,119.99999999999999,1.4210854715202004e-14,1.269745182208421,21.43731951179069,1,79,3,1,WAIT
q_learning,25,132,08:00,120,112.70780549847449,7.295479036261386,105.4123264622131,2,15.522498087940697,8.683929606310135,91.90536194648165,3.888210359267518,0.0,120.0,0.0,0.8738289522399111,19.970396865649768,1,161,5,1,WAIT
q_learning,26,132,08:00,120,93.16162678243403,8.034683649642865,85.12694313279115,3,9.573844403180594,28.73246846863071,66.54590920509769,15.147777923090985,0.0,119.99999999999997,2.842170943040401e-14,2.885433921608798,20.07080507737082,1,237,4,1,WAIT
q_learning,27,132,08:00,120,117.87143474822207,8.038419970762224,109.83301477745985,2,14.889849488210423,27.04756538135947,75.51518673451275,2.547398395917355,0.0,120.0,0.0,4.460751707301817,18.50616249487597,1,207,5,1,WAIT
q_learning,28,132,08:00,120,96.46195032183762,11.127244603360706,85.33470571847691,2,1.3196679179228672,39.09785552717583,72.20468317693214,7.3777933779691836,0.0,120.00000000000001,-1.4210854715202004e-14,4.810266901446065,26.981860536727385,1,262,3,2,WAIT
q_learning,29,132,08:00,120,64.42036340910059,6.602891311677538,57.81747209742305,1,14.467854743379446,0.0,87.47372302060097,18.05842223601958,0.0,120.0,0.0,0.0,18.86540374765011,1,230,4,0,WAIT
q_learning,30,132,08:00,120,107.39787391911412,7.7906138621264605,99.60726005698766,2,10.488458323290955,31.11760133152933,78.39394034517971,0.0,0.0,120.0,0.0,3.3722157839848723,18.886680964947875,0,162,4,2,WAIT
q_learning,31,132,08:00,120,100.19731460900428,6.995470095565227,93.20184451343906,2,3.356280796289248,6.231925085666558,105.98929447634804,4.422499641696163,0.0,120.0,0.0,0.8023858489694058,19.184671566931243,1,239,3,1,WAIT
q_learning,32,132,08:00,120,83.34503687820929,7.010162436374508,76.33487444183477,1,4.037316482375325,17.174299712684448,89.99916328359637,8.789220521343864,0.0,120.00000000000001,-1.4210854715202004e-14,2.0004471665855252,18.02858836591307,1,186,2,1,WAIT
q_learning,33,132,08:00,120,91.26944195403281,7.088273926052637,84.18116802798018,2,4.268847542416582,16.507579788418806,83.853453208962,15.370119460202616,0.0,120.0,0.0,1.9773061539794832,18.27490506331377,1,107,3,1,WAIT
q_learning,34,132,08:00,120,94.81444005242322,7.933470762150368,86.88096929027286,2,9.029984656069859,27.22397967394828,74.70493390939804,9.041101760583828,0.0,120.0,0.0,2.747672804741956,19.91938651568767,1,162,4,2,WAIT
q_learning,35,132,08:00,120,83.47411318311421,8.299338295491788,75.17477488762242,1,18.41766787080806,27.04756538135947,74.53476674783248,0.0,0.0,120.0,0.0,4.460751707301817,19.25164342267472,0,207,5,1,WAIT
q_learning,36,132,08:00,120,123.8953109956131,12.172275516403152,111.72303547920995,4,12.66969293558655,35.58600308672035,71.7443039776931,0.0,0.0,120.0,0.0,8.273186944514704,26.504743102351448,0,262,6,3,WAIT
q_learning,37,132,08:00,120,90.48979947023862,7.545429142715003,82.94437032752361,2,12.552846343294965,33.31906543440121,74.12808822230383,0.0,0.0,120.0,0.0,3.841141710214256,17.717227268971467,0,114,5,1,WAIT
q_learning,38,132,08:00,120,125.25174975186621,10.567253682922578,114.68449606894363,2,19.677255319437172,33.359079853907204,60.43588405304058,6.527780773615049,0.0,120.00000000000001,-1.4210854715202004e-14,5.57513253916503,24.617020840613765,1,141,6,1,WAIT
q_learning,39,132,08:00,120,55.65060067146557,5.49075069455966,50.15984997690591,3,34.15594161457417,23.070864797787067,62.773193587638744,0.0,0.0,119.99999999999997,2.842170943040401e-14,3.8246163214391435,11.86324280587417,0,263,9,1,WAIT
q_learning,40,132,08:00,120,158.38605485289506,10.097938107767257,148.2881167451278,3,27.650806287204627,11.992804463946989,78.71203942002892,1.6443498288194576,0.0,119.99999999999999,1.4210854715202004e-14,2.016396866840731,26.834854869637148,1,163,8,1,WAIT
q_learning,41,132,08:00,120,96.50170211594457,7.31147078733325,89.19023132861132,1,6.031707703063263,27.76197413963511,77.23670617341355,8.969611983888072,0.0,120.0,0.0,2.9400292309540106,17.94988730428385,1,236,3,1,WAIT
q_learning,42,132,08:00,120,82.63970330237566,7.935703309085501,74.70399999329017,3,19.814781498902185,12.601996364551116,87.58322213654671,0.0,0.0,120.00000000000001,-1.4210854715202004e-14,1.379619801231465,21.29381822472711,0,141,6,1,WAIT
q_learning,43,132,08:00,120,76.23515500075757,8.348256297908751,67.88689870284882,2,14.014867117676335,34.55474349442407,71.4303893878996,0.0,0.0,120.0,0.0,3.565956558533825,20.286204292634036,0,162,5,1,WAIT
q_learning,44,132,08:00,120,61.82782522645212,6.983492212529372,54.84433301392275,2,23.636171912852785,57.58238048812828,24.9416014849004,13.839846114118544,0.0,120.00000000000001,-1.4210854715202004e-14,10.062135458698327,9.890699434242737,1,207,7,4,WAIT
q_learning,45,132,08:00,120,136.6277159482269,8.488062374807186,128.1396535734197,3,8.030946182258134,0.0,111.96905381774187,0.0,0.0,120.0,0.0,0.0,24.251606785163386,0,186,4,0,WAIT
q_learning,46,132,08:00,120,83.1581591912899,8.01183841777872,75.14632077351118,1,2.0797656467698,42.74199883713285,43.54418574239787,31.634049773699473,0.0,120.0,0.0,6.449136612047146,16.441830295892053,1,70,2,2,WAIT
q_learning,47,132,08:00,120,92.43042566463555,7.308481367354804,85.12194429728075,2,20.875865602289174,34.215362083276425,64.90877231443439,0.0,0.0,119.99999999999999,1.4210854715202004e-14,3.771208497489917,17.110166837809523,0,74,6,1,WAIT
q_learning,48,132,08:00,120,98.90841497080558,10.54604375287508,88.3623712179305,3,7.361645155874206,34.55474349442407,69.2990815802624,8.784529769439317,0.0,119.99999999999999,1.4210854715202004e-14,3.565956558533825,26.565597021109266,1,236,4,1,WAIT
q_learning,49,132,08:00,120,82.3929088246532,8.20737772376106,74.18553110089215,2,15.61045231940344,9.375032643018152,95.0145150375784,0.0,0.0,120.0,0.0,1.1873894851737312,22.262261154143584,0,48,5,1,WAIT
q_learning,50,132,08:00,120,80.29414166935805,4.153039789618398,76.14110187973965,2,10.720923438546418,30.61243678069839,55.411392576973405,23.255247203781778,0.0,120.0,0.0,6.591924564241296,5.273903406096985,1,132,4,2,WAIT
q_learning,51,132,08:00,120,98.56865156425253,6.476159589322419,92.09249197493011,2,16.172415469893444,8.683929606310135,79.59982514797402,15.543829775822402,0.0,120.0,0.0,0.8738289522399111,17.62948416010986,1,107,5,1,WAIT
q_learning,52,132,08:00,120,66.81791224933853,8.89347637897164,57.92443587036689,1,4.74529533544786,38.12957710513106,39.99325610349492,37.13187145592616,0.0,120.0,0.0,6.372401365816446,19.037531145531098,1,70,2,1,WAIT
q_learning,53,132,08:00,120,70.46812817520781,6.782906712203121,63.68522146300469,2,12.232384850010165,56.37134994790662,39.25071228616674,12.145552915916468,0.0,119.99999999999999,1.4210854715202004e-14,8.36008243849444,11.019651024943052,1,249,4,2,WAIT
q_learning,54,132,08:00,120,74.84378714638196,7.899115436896266,66.94467170948569,1,20.016403341655327,18.651094815068852,79.12393668174846,2.2085651615273463,0.0,119.99999999999999,1.4210854715202004e-14,1.992595982753407,20.57630526552164,1,236,5,1,WAIT
q_learning,55,132,08:00,120,66.17657313647736,7.706211759615452,58.47036137686191,2,14.382055470991425,30.545649316353014,72.09307462721293,2.979220585442633,0.0,120.0,0.0,3.096014561543284,18.921733323072292,1,211,5,1,WAIT
q_learning,56,132,08:00,120,110.0756442111959,8.310036269497928,101.76560794169797,3,8.872363164031817,25.45799151474848,85.66964532121972,0.0,0.0,120.00000000000001,-1.4210854715202004e-14,2.838871761590325,20.90408900840375,0,144,4,1,WAIT
q_learning,57,132,08:00,120,102.86680298698731,8.024443539209024,94.84235944777828,2,11.561728029552366,29.693021701634166,77.13797553475277,1.6072747340606952,0.0,120.0,0.0,3.3783921158480945,19.548589424749114,1,230,3,1,WAIT
q_learning,58,132,08:00,120,76.27965787303577,8.378627929474224,67.90102994356155,1,10.655461715889725,33.020087000005404,48.97292514421488,27.351526139889998,0.0,120.00000000000001,-1.4210854715202004e-14,5.473967481603665,18.464969459751263,1,70,3,1,WAIT
q_learning,59,132,08:00,120,139.09662255852191,9.465175292563849,129.63144726595806,3,20.46969304174105,8.683929606310135,90.84637735194882,0.0,0.0,120.0,0.0,0.8738289522399111,26.16952902651395,0,161,6,1,WAIT
q_learning,60,132,08:00,120,113.45829862740406,8.72429368856129,104.73400493884277,3,23.61108309042663,16.020564402854323,80.36835250671905,0.0,0.0,120.0,0.0,1.9977883747493488,22.928765021140048,0,161,7,1,WAIT
q_learning,61,132,08:00,120,73.45065968949424,7.091971758428091,66.35868793106616,1,9.444979843397004,18.599350166207206,91.31811505347821,0.6375549369175815,0.0,120.0,0.0,2.054216423475528,18.208560029176162,1,79,3,2,WAIT
q_learning,62,132,08:00,120,113.46143063852682,9.222603032249777,104.23882760627704,2,9.501806702247132,25.284751134864365,81.53255006371236,3.680892099176134,0.0,120.0,0.0,7.115965605095542,19.234328772760968,1,229,4,2,WAIT
q_learning,63,132,08:00,120,105.57900620834471,7.829023228005853,97.74998298033886,2,13.569672577716762,34.215362083276425,72.21496533900682,0.0,0.0,120.00000000000001,-1.4210854715202004e-14,3.771208497489917,18.59742929681252,0,161,5,1,WAIT
q_learning,64,132,08:00,120,87.16969844962344,7.046018091383115,80.12368035824032,1,3.973872303311583,18.449897480506277,81.84297540474816,15.733254811433966,0.0,119.99999999999999,1.4210854715202004e-14,2.2545195719585736,17.87696068913604,1,262,2,1,WAIT
q_learning,65,132,08:00,120,72.76895520066458,6.300673416892873,66.4682817837717,2,13.568802322704233,25.238839917986326,71.89676442233424,9.295593336975202,0.0,120.0,0.0,2.0212463857230305,15.980677662542321,1,186,4,2,WAIT
q_learning,66,132,08:00,120,85.01026540410078,7.361812696654222,77.64845270744655,2,13.133272965238763,25.743052186450825,81.12367484831042,0.0,0.0,120.0,0.0,2.974671831327089,18.05907873054212,0,79,5,2,WAIT
q_learning,67,132,08:00,120,109.9748328074806,8.49839176532967,101.47644104215092,3,11.489774647722156,0.0,108.51022535227784,0.0,0.0,120.0,0.0,0.0,24.281119329513345,0,137,4,0,WAIT
q_learning,68,132,08:00,120,99.37348850312145,6.3786416380131685,92.99484686510829,2,19.51348496098391,16.507579788418806,83.97893525059727,0.0,0.0,119.99999999999999,1.4210854715202004e-14,1.9773061539794832,16.247384240343855,0,211,6,1,WAIT
q_learning,69,132,08:00,120,71.58565368272465,8.585724342665578,62.999929340059076,1,4.323949671563802,36.67947233610448,49.231326813931695,29.76525117840002,0.0,120.0,0.0,6.080609018691693,18.45003196035282,1,70,2,1,WAIT
q_learning,70,132,08:00,120,98.35604561987267,9.274074087228964,89.0819715326437,2,11.694242844064256,57.06374147871144,51.24201567722431,0.0,0.0,120.0,0.0,6.471771908161718,20.02558262677818,0,229,5,3,WAIT
q_learning,71,132,08:00,120,88.67432405535882,7.146876421964088,81.52744763339473,2,12.92244606625581,18.687093303484296,88.39046063025988,0.0,0.0,119.99999999999999,1.4210854715202004e-14,1.4041933469266459,19.01545357297075,0,230,5,1,WAIT
q_learning,72,132,08:00,120,140.41173376975883,12.53591012452076,127.87582364523807,3,18.147153493736493,52.386340982674085,45.26395088947237,4.20255463411705,0.0,120.0,0.0,10.033463046882188,25.78342302317713,1,237,6,2,WAIT
q_learning,73,132,08:00,120,95.00534427012164,9.396030933650346,85.60931333647129,3,9.618388548273241,0.0,110.38161145172677,0.0,0.0,120.00000000000001,-1.4210854715202004e-14,0.0,26.845802667572418,0,162,4,0,WAIT
q_learning,74,132,08:00,120,94.9625741277977,8.876010379839805,86.08656374795788,2,8.738201565515428,32.17262522639688,79.0891732080877,0.0,0.0,120.00000000000001,-1.4210854715202004e-14,3.9151357231353243,21.44489393354983,0,75,4,1,WAIT
q_learning,75,132,08:00,120,98.10601982170698,7.20712710025033,90.89889272145665,2,20.700594686820807,27.098392802187306,70.92946552801261,1.2715469829792738,0.0,120.0,0.0,2.7476728047419563,17.844118910258988,1,79,6,1,WAIT
q_learning,76,132,08:00,120,71.86598733274596,8.200476590333164,63.66551074241279,1,16.952238411454328,29.693021701634166,73.3547398869115,0.0,0.0,120.0,0.0,3.3783921158480945,20.051540999389516,0,162,5,1,WAIT
q_learning,77,132,08:00,120,110.34119182891804,7.511047611982096,102.83014421693595,3,14.296701687082974,8.683929606310135,97.01936870660688,0.0,0.0,120.0,0.0,0.8738289522399111,20.58630708199465,0,158,6,1,WAIT
q_learning,78,132,08:00,120,120.12711351326885,8.272838699083252,111.8542748141856,3,8.955060404888851,34.628204055369025,76.41673553974212,0.0,0.0,120.0,0.0,3.565956558533825,20.070725438846896,0,75,5,1,WAIT
q_learning,79,132,08:00,120,97.32441677261718,7.84120172629632,89.48321504632086,2,6.041851988206616,34.628204055369025,67.32841604988789,12.001527906536467,0.0,120.0,0.0,3.565956558533825,18.837476945169946,1,237,3,1,WAIT
q_learning,80,132,08:00,120,106.2144550470079,7.542976361446936,98.67147868556097,3,15.072236024153586,19.13969347809115,84.18109250278302,1.6069779949722545,0.0,120.0,0.0,1.6752393894159918,19.876121643289537,1,230,6,1,WAIT
q_learning,81,132,08:00,120,102.15496406423838,7.8025984569541915,94.3523656072842,3,5.789418177589189,14.846839132448778,94.51264216193991,4.8511005280221156,0.0,119.99999999999999,1.4210854715202004e-14,1.9491905842513346,20.343947864189214,1,236,4,2,WAIT
q_learning,82,132,08:00,120,101.53642781705324,8.350423390793077,93.18600442626015,2,8.683965563332082,47.31965175474194,63.99638268192598,0.0,0.0,120.0,0.0,4.9382773791836945,18.920075165939384,0,162,4,2,WAIT
q_learning,83,132,08:00,120,111.05441582032081,7.084455614116265,103.96996020620455,3,7.532250542076788,42.47725660675826,68.14229498438725,1.8481978667777241,0.0,120.00000000000003,-2.842170943040401e-14,4.074631167503847,16.16667058711405,1,236,4,2,WAIT
q_learning,84,132,08:00,120,87.22583201068893,6.86433552394108,80.36149648674785,1,1.3580867574468931,0.0,113.30892865223902,5.332984590314084,0.0,120.0,0.0,0.0,19.61238721126023,1,230,2,0,WAIT
q_learning,85,132,08:00,120,90.38567064808277,7.360763175219035,83.02490747286373,2,16.044255448833624,23.347106182892784,80.60863836827359,0.0,0.0,120.0,0.0,2.756328774380701,18.274423154816546,0,229,6,2,WAIT
q_learning,86,132,08:00,120,87.62836369220506,8.80639332788981,78.82197036431525,1,1.0772226459396759,38.68114734447586,38.158037335249446,42.08359267433501,0.0,119.99999999999999,1.4210854715202004e-14,6.733409006152611,18.42771478781827,1,138,2,2,WAIT
q_learning,87,132,08:00,120,118.24452639436066,9.94906486778413,108.29546152657653,3,17.02126500922564,34.51405820104156,68.4646767897328,0.0,0.0,120.0,0.0,5.421587465399671,23.004312156840705,0,244,6,3,WAIT
q_learning,88,132,08:00,120,85.91709879603768,6.766569583989041,79.15052921204864,2,10.167510988568207,0.0,105.63843996214057,4.194049049291223,0.0,120.0,0.0,0.0,19.3330559542544,1,48,4,0,WAIT
q_learning,89,132,08:00,120,107.94715269227851,8.31266621705638,99.63448647522213,2,7.881826156672105,8.999525166245299,91.33319489780551,11.785453779277077,0.0,120.0,0.0,0.6703398622292307,23.08013504364614,1,162,4,1,WAIT
q_learning,90,132,08:00,120,86.05979059365703,7.1457830338284,78.91400755982863,3,22.276629536067553,17.162296211367835,76.88407166411383,3.6770025884508044,0.0,120.00000000000003,-2.842170943040401e-14,1.9479393488596028,18.46858360493583,1,68,7,1,WAIT
q_learning,91,132,08:00,120,87.16382507057496,7.183998404691183,79.97982666588378,1,2.1279694533843516,26.94938031552546,58.29854304454416,32.62410718654603,0.0,120.0,0.0,2.236241179936743,18.289468547752353,1,186,2,1,WAIT
q_learning,92,132,08:00,120,94.40445635389116,8.084342921681936,86.32011343220923,2,20.993193596529323,0.0,99.00680640347068,0.0,0.0,120.0,0.0,0.0,23.09812263337696,0,230,6,0,WAIT
q_learning,93,132,08:00,120,99.87962589633379,6.897843050104285,92.9817828462295,2,24.646189000020097,16.507579788418806,78.84623121156109,0.0,0.0,120.0,0.0,1.9773061539794832,17.730816846318476,0,162,7,1,WAIT
q_learning,94,132,08:00,120,79.5290161309058,7.334867697335703,72.19414843357009,3,11.704344635840123,40.20180131585492,68.09385404830495,0.0,0.0,120.0,0.0,6.718721608348526,14.238043241182057,0,87,4,1,WAIT
q_learning,95,132,08:00,120,188.88273782260373,9.458514033753493,179.42422378885024,5,8.187157496910878,31.191194475643258,80.62164802744584,0.0,0.0,119.99999999999997,2.842170943040401e-14,3.522912921389741,23.501412889334528,0,140,6,2,WAIT
q_learning,96,132,08:00,120,134.15977914888205,11.440295729877398,122.71948341900466,4,23.98469651080881,48.72112699427345,47.29417649491774,0.0,0.0,120.0,0.0,7.535863933236753,25.15069529498438,0,211,8,2,WAIT
q_learning,97,132,08:00,120,76.08245960574476,7.728346621389461,68.3541129843553,1,6.682980635629257,28.913686105371003,53.74779108461183,30.655542174387904,0.0,120.0,0.0,4.793221093392962,17.28776925343407,1,70,3,1,WAIT
q_learning,98,132,08:00,120,113.38157609795417,7.56943088623175,105.81214521172242,2,1.7999416649714315,27.031260561514202,77.87952681143379,13.289270962080579,0.0,120.0,0.0,3.1246376840927876,18.502307705140787,1,163,3,1,WAIT
q_learning,99,132,08:00,120,115.71728415327284,9.232811444652137,106.4844727086207,4,8.14689044182223,20.560812416330474,91.29229714184729,0.0,0.0,119.99999999999999,1.4210854715202004e-14,5.18155674214191,21.197904528292767,0,170,5,1,WAIT
q_learning,100,132,08:00,120,97.02890741407403,6.749979020462173,90.27892839361185,2,9.85058115273611,16.507579788418806,88.29737778906343,5.344461269781661,0.0,120.00000000000001,-1.4210854715202004e-14,1.9773061539794832,17.308348190198156,1,107,4,1,WAIT
q_learning,101,132,08:00,120,117.31285797284295,9.686668319995169,107.62618965284778,4,27.79069365074224,35.028249492496954,57.1810568567608,0.0,0.0,120.0,0.0,3.8140408920338054,23.862154307952398,0,246,9,1,WAIT
q_learning,102,132,08:00,120,72.03992849803097,7.5924058554364455,64.44752264259454,4,17.395071459416272,40.20180131585492,62.403127224728806,0.0,0.0,120.0,0.0,6.718721608348526,14.97386655004132,0,246,7,1,WAIT
q_learning,103,132,08:00,120,91.95080408049206,7.843096084822286,84.10770799566977,2,17.14174964652886,25.00638450411831,77.85186584935283,0.0,0.0,120.0,0.0,2.714523495868643,19.69432246076646,0,164,5,1,WAIT
q_learning,104,132,08:00,120,80.81786203694257,8.461094852481933,72.35676718446064,1,2.676789586217525,36.67947233610448,49.00374086601484,31.639997211663157,0.0,120.0,0.0,6.080609018691693,18.093947702685263,1,70,2,1,WAIT
q_learning,105,132,08:00,120,78.30399190934753,8.922431067016207,69.38156084233133,1,7.1841408667785345,28.913686105371003,44.90038656968112,39.00178645816935,0.0,120.0,0.0,4.793221093392962,20.699439098081918,1,70,3,1,WAIT
q_learning,106,132,08:00,120,86.21851781138962,5.41997834751308,80.79853946387654,1,0.56719629986601,0.0,103.09144317488264,16.341360525251346,0.0,120.0,0.0,0.0,15.485652421465943,1,48,2,0,WAIT
q_learning,107,132,08:00,120,121.09974225580824,12.72664959872354,108.3730926570847,3,17.163001347282965,29.29422704610182,71.16015481886367,2.3826167877515445,0.0,120.0,0.0,8.321852223022558,28.040003773330415,1,162,6,2,WAIT
q_learning,108,132,08:00,120,89.38580519569626,7.255456496319466,82.1303486993768,2,28.32279843999846,26.94938031552546,58.649595096049424,6.078226148426651,0.0,120.0,0.0,2.236241179936743,18.493634523833162,1,68,8,1,WAIT
q_learning,109,132,08:00,120,66.49038012045837,8.219666733126061,58.27071338733231,2,14.91418701831046,34.99052355528667,46.17712070725939,23.91816871914348,0.0,120.0,0.0,5.800620334703995,17.684141759941898,1,138,5,1,WAIT
q_learning,110,132,08:00,120,114.99880079849822,7.416976569669704,107.58182422882852,3,10.83065112391362,0.0,109.16934887608639,0.0,0.0,120.00000000000001,-1.4210854715202004e-14,0.0,21.191361627627728,0,236,5,0,WAIT
q_learning,111,132,08:00,120,90.30935960472256,6.438988428715249,83.87037117600731,2,5.237036120802733,0.0,114.76296387919726,0.0,0.0,119.99999999999999,1.4210854715202004e-14,0.0,18.397109796329282,0,75,3,0,WAIT
q_learning,112,132,08:00,120,156.3077174098103,10.613212619319217,145.69450479049107,3,14.824962408728698,44.25600658932042,60.919031001950884,0.0,0.0,120.0,0.0,6.547331013332853,23.77613361329349,0,234,6,2,WAIT
q_learning,113,132,08:00,120,113.15805218158889,10.34426053787734,102.81379164371154,2,5.211082032510763,32.17262522639688,82.61629274109237,0.0,0.0,120.00000000000001,-1.4210854715202004e-14,3.9151357231353243,25.639894385085647,0,234,3,1,WAIT
q_learning,114,132,08:00,120,101.75989004351507,10.403729158954734,91.35616088456034,3,13.383931117382833,20.560812416330474,67.94968005233513,18.105576413951567,0.0,120.0,0.0,5.18155674214191,24.543383712014474,1,142,5,1,WAIT
q_learning,115,132,08:00,120,123.26032300624871,8.012663937714535,115.24765906853418,3,17.788868196128767,18.315869219339433,82.45047536444754,1.444787220084251,0.0,119.99999999999999,1.4210854715202004e-14,2.2545195719585736,20.638805964368668,1,43,6,1,WAIT
q_learning,116,132,08:00,120,73.74960357270047,8.45671870077281,65.29288487192765,1,9.706809316650167,37.31133721486388,59.88988923334433,13.091964235141617,0.0,119.99999999999999,1.4210854715202004e-14,4.10572252592439,20.05633090485507,1,79,3,1,WAIT
q_learning,117,132,08:00,120,107.59784434292665,6.5377513460202765,101.06009299690638,3,17.677800082717482,40.20180131585492,57.70450539253014,4.415893208897472,0.0,120.00000000000001,-1.4210854715202004e-14,6.718721608348526,11.960567951709407,1,114,6,1,WAIT
q_learning,118,132,08:00,120,111.08857784163742,8.98742456490693,102.10115327673049,3,14.837443796008577,43.963381360558316,61.199174843433106,0.0,0.0,120.0,0.0,4.7194061560123615,20.95894974372173,0,229,6,2,WAIT
q_learning,119,132,08:00,120,61.628130497684666,6.047820566821269,55.58030993086339,1,8.45102448650971,25.99896818228179,49.261668654144145,36.28833867706436,0.0,120.0,0.0,6.746965605095542,10.53252172867951,1,70,3,2,WAIT
q_learning,120,132,08:00,120,88.2634272124146,7.049147925722503,81.21427928669209,2,6.8300947106172565,20.339773576080233,92.8301317133025,0.0,0.0,120.0,0.0,1.6248324020845133,18.51559024283692,0,163,4,1,WAIT
q_learning,121,132,08:00,120,71.08853423449341,6.940367794599977,64.14816643989343,2,19.920561656249458,9.942949614160836,90.13648872958971,0.0,0.0,120.0,0.0,0.7582778451411744,19.071344425144474,0,161,6,1,WAIT
q_learning,122,132,08:00,120,82.71749856123475,9.02455400752713,73.69294455370762,2,8.833444156531424,57.432964493493095,41.80869964638528,11.924891703590205,0.0,120.0,0.0,7.50908217516466,18.275357846341425,1,195,4,2,WAIT
q_learning,123,132,08:00,120,84.87576156190532,8.078583908774727,76.79717765313059,2,12.781823257970313,27.098392802187306,80.11978393984238,0.0,0.0,120.0,0.0,2.7476728047419563,20.333995506042974,0,162,4,1,WAIT
q_learning,124,132,08:00,120,81.84416567442906,8.420538249546459,73.42362742488261,1,3.002882721103579,33.020087000005404,50.6250325540554,33.35199772483563,0.0,120.00000000000001,-1.4210854715202004e-14,5.473967481603665,18.584713231386218,1,70,2,1,WAIT
q_learning,125,132,08:00,120,103.42807323511444,7.828070897629567,95.60000233748487,3,13.106761134077132,25.44356469179535,74.89076807734686,6.55890609678066,0.0,120.0,0.0,2.767071999739535,19.59884485063066,1,141,4,1,WAIT
q_learning,126,132,08:00,120,90.66698267203218,7.443594710615461,83.22338796141672,2,16.78545382541416,8.009510434049798,95.20503574053605,0.0,0.0,120.0,0.0,1.054059405940594,20.213354052960725,0,229,5,1,WAIT
q_learning,127,132,08:00,120,132.345518761075,10.808669080399842,121.53684968067516,2,10.559314054864,33.359079853907204,76.08160609122879,0.0,0.0,120.0,0.0,5.57513253916503,25.306779119120232,0,68,4,1,WAIT
q_learning,128,132,08:00,120,78.6604615485788,8.071878929294675,70.58858261928413,1,16.062678544734922,42.47725660675826,52.96467282378769,8.495392024719123,0.0,119.99999999999999,1.4210854715202004e-14,4.074631167503847,18.98788005905237,1,237,4,2,WAIT
q_learning,129,132,08:00,120,93.06777703370298,8.79667095702965,84.27110607667333,2,3.5430556478734396,32.17262522639688,82.5512945726446,1.7330245530850874,0.0,120.0,0.0,3.9151357231353243,21.218209868377965,1,229,3,1,WAIT
q_learning,130,132,08:00,120,92.05935135646624,8.474325319603725,83.58502603686252,2,5.798444156213019,53.28029102613056,55.63996335935754,5.281301458298898,0.0,120.00000000000001,-1.4210854715202004e-14,5.906712984265784,18.305645071744863,1,141,3,4,WAIT
q_learning,131,132,08:00,120,83.01537415378796,8.39471092594068,74.62066322784727,1,6.066165199980217,41.9041967477935,69.71099665979102,2.3186413924352536,0.0,119.99999999999999,1.4210854715202004e-14,4.848718365577454,19.136169994253063,1,79,3,1,WAIT
q_learning,132,132,08:00,120,88.87788653505976,8.26766536123886,80.6102211738209,2,11.057000600539983,33.31906543440121,75.62393396505881,0.0,0.0,120.0,0.0,3.841141710214256,19.78075932189677,0,137,4,1,WAIT
q_learning,133,132,08:00,120,79.07648944284169,8.342620744871164,70.73386869797052,2,5.917088891138765,34.55474349442407,79.52816761443714,0.0,0.0,119.99999999999997,2.842170943040401e-14,3.565956558533825,20.270102712526644,0,229,3,1,WAIT
q_learning,134,132,08:00,120,98.63232357962818,9.092363239090059,89.53996034053812,2,2.657123289662422,62.61018837816309,48.54031215665827,6.1923761755162445,0.0,120.00000000000003,-2.842170943040401e-14,5.732998763098327,20.245181920016126,1,246,3,2,WAIT
q_learning,135,132,08:00,120,96.26556812818224,7.661700033728912,88.60386809445333,2,11.922132432043671,26.517687010976466,78.31298770126784,3.2471928557120293,0.0,120.00000000000001,-1.4210854715202004e-14,2.9453050262072082,18.94526649873254,1,79,4,2,WAIT
q_learning,136,132,08:00,120,75.7958713433854,7.37077016433534,68.42510117905006,2,13.853868748832953,31.11760133152933,75.0285299196377,0.0,0.0,119.99999999999999,1.4210854715202004e-14,3.3722157839848723,17.68712754268753,0,236,5,2,WAIT
q_learning,137,132,08:00,120,112.76754236340494,8.864022330460593,103.90352003294436,2,11.8731316086309,43.33350919929008,62.80904757897785,1.9843116131011698,0.0,120.0,0.0,5.4524113463478745,19.873366740682393,1,138,4,2,WAIT
q_learning,138,132,08:00,120,101.98452775391124,8.134272038582663,93.85025571532857,2,3.6259048135178054,41.41348883752677,69.68749833377858,5.273108015176845,0.0,120.0,0.0,4.609636426250879,18.631140826842447,1,262,3,2,WAIT
q_learning,139,132,08:00,120,141.85209645469806,8.789670853007893,133.06242560169017,3,13.509556565219594,35.27827421623311,71.2121692185473,0.0,0.0,120.0,0.0,5.130148196039655,19.983197098268615,0,207,6,2,WAIT
q_learning,140,132,08:00,120,97.2966049893488,8.343662068744866,88.95294292060393,3,9.893207919673653,53.46661465956781,56.64017742075853,0.0,0.0,120.0,0.0,6.045959477032123,17.793075005096068,0,262,5,3,WAIT
q_learning,141,132,08:00,120,95.12892292202777,7.788131138030366,87.3407917839974,2,12.092927280978259,14.861819532346983,93.04525318667476,0.0,0.0,120.0,0.0,2.444299961608333,19.807503289907,0,237,4,2,WAIT
q_learning,142,132,08:00,120,142.217133108206,15.11428449616391,127.10284861204211,3,15.343073878732193,77.02946715359592,27.627458967671906,0.0,0.0,120.00000000000003,-2.842170943040401e-14,17.51668180366058,25.666988185379164,0,237,5,4,WAIT
q_learning,143,132,08:00,120,106.07760902151996,8.904477203609769,97.17313181791019,2,14.395611214707733,25.51865792301724,73.19495725563108,6.890773606643947,0.0,120.0,0.0,3.0080238219487234,22.43333961693633,1,230,5,1,WAIT
q_learning,144,132,08:00,120,0.0,0.0,0.0,0,0.0182630394115739,0.0,0.0,119.98173696058842,0.0,120.0,0.0,0.0,0.0,1,132,1,0,WAIT
q_learning,145,132,08:00,120,118.80776274585713,13.342399001616293,105.46536374424085,2,10.232995471620297,44.18706299717158,63.10322108017252,2.4767204510355896,0.0,119.99999999999999,1.4210854715202004e-14,7.384758027035707,30.736381977582276,1,102,4,1,WAIT
q_learning,146,132,08:00,120,116.2247823272892,12.04080697838701,104.1839753489022,2,5.7007244095858045,35.44782758019229,78.8514480102219,0.0,0.0,120.0,0.0,5.8764307758315235,28.525874876702794,0,233,3,1,WAIT
q_learning,147,132,08:00,120,87.86448441245658,6.041209032877011,81.82327537957957,1,24.06761064114799,9.942949614160836,85.98943974469117,0.0,0.0,120.0,0.0,0.7582778451411744,16.502319391650285,0,161,6,1,WAIT
q_learning,148,132,08:00,120,161.94549133526664,13.832026691821298,148.11346464344535,3,7.005415676787933,35.44782758019229,76.5170153939595,1.0297413490602878,0.0,120.0,0.0,5.8764307758315235,33.64364548651505,1,161,4,1,WAIT
q_learning,149,132,08:00,120,83.07744219546909,7.9803654372846955,75.0970767581844,3,20.215933012404477,40.20180131585492,56.45905435385859,3.12321131788201,0.0,120.0,0.0,6.718721608348526,16.082322498179174,1,231,7,1,WAIT
q_learning,150,132,08:00,120,102.63253581729988,7.18939511530823,95.44314070199165,3,13.594021262779425,27.031260561514202,77.38427350475837,1.9904446709480084,0.0,120.0,0.0,3.1246376840927876,17.416491216787872,1,238,6,1,WAIT
q_learning,151,132,08:00,120,76.71562570181065,8.339919031113444,68.37570667069721,2,25.411931302081197,41.46972743196528,53.118341265953525,0.0,0.0,120.0,0.0,4.555581168903715,19.272758919991844,0,234,6,2,WAIT
q_learning,152,132,08:00,120,171.21520808763117,8.418406212574608,162.79680187505656,3,9.812937132927841,18.651094815068852,91.53596805200331,0.0,0.0,120.0,0.0,1.992595982753407,22.059993196031186,0,162,4,1,WAIT
q_learning,153,132,08:00,120,98.85530867708299,9.275384051662755,89.57992462542023,3,9.115636813908484,34.628204055369025,73.38776095985406,2.868398170868417,0.0,119.99999999999999,1.4210854715202004e-14,3.565956558533825,22.935140731931188,1,236,4,1,WAIT
q_learning,154,132,08:00,120,99.05168842467883,7.548779608179216,91.50290881649961,2,20.537568319005736,27.031260561514202,71.23839280404519,1.1927783154348788,0.0,120.0,0.0,3.1246376840927876,18.443304053562116,1,141,6,1,WAIT
q_learning,155,132,08:00,120,100.21064504298343,7.060273058049094,93.15037198493434,4,8.37901666864504,0.0,111.62098333135495,0.0,0.0,119.99999999999999,1.4210854715202004e-14,0.0,20.17220873728313,0,236,5,0,WAIT
q_learning,156,132,08:00,120,106.97116693276556,7.850430372282972,99.12073656048258,2,9.201392588598953,24.5801919261582,86.21841548524284,0.0,0.0,120.0,0.0,3.0629089974796715,19.366892066185965,0,229,4,2,WAIT
q_learning,157,132,08:00,120,104.46251455714597,8.31595998496697,96.146554572179,3,6.845891328793048,34.55474349442407,78.59936517678288,0.0,0.0,120.0,0.0,3.565956558533825,20.193929112800372,0,162,4,1,WAIT
q_learning,158,132,08:00,120,79.98003577080392,6.522823184632165,73.45721258617176,2,30.235716330780615,9.964844121143917,68.76033306409016,11.039106483985307,0.0,120.0,0.0,0.9555268575192819,17.681110812858332,1,237,8,1,WAIT
q_learning,159,132,08:00,120,90.19958875140912,7.760979489545422,82.4386092618637,1,2.3650970395946898,36.822821852310526,34.13881838330417,46.67326272479062,0.0,120.0,0.0,6.154010038398844,16.02021707458808,1,138,2,1,WAIT
q_learning,160,132,08:00,120,41.98761709128851,6.34584223917068,35.641774852117834,2,16.970971373039124,63.01974813998167,11.821630680975812,28.187649806003392,0.0,120.0,0.0,11.454316782596383,6.676661043605563,1,70,5,3,WAIT
q_learning,161,132,08:00,120,76.02641225077446,6.9262608431023,69.10015140767216,1,6.678615554948663,34.64400506643799,65.72618866658583,12.951190712027511,0.0,120.0,0.0,3.5586575779522294,16.230659116625773,1,236,3,1,WAIT
q_learning,162,132,08:00,120,99.42099357734061,7.495430877936874,91.92556269940374,3,15.60666774193659,16.38766138684219,88.00567087122121,0.0,0.0,120.0,0.0,1.9773061539794832,19.43821064012587,0,90,6,1,WAIT
q_learning,163,132,08:00,120,104.39663406551266,7.720406875262566,96.67622719025009,2,10.608760500830014,34.628204055369025,64.0029842225554,10.760051221245561,0.0,120.0,0.0,3.565956558533825,18.49234879935922,1,237,4,1,WAIT
q_learning,164,132,08:00,120,91.26722246449162,6.600062509343391,84.66715995514824,2,10.050706440506925,25.238839917986326,83.95785604543251,0.752597596074267,0.0,120.00000000000003,-2.842170943040401e-14,2.0212463857230305,16.836075069543803,1,107,4,2,WAIT
q_learning,165,132,08:00,120,103.04458556424234,6.677621157254101,96.36696440698825,2,7.203077679411602,16.507579788418806,96.2893425321696,0.0,0.0,120.0,0.0,1.9773061539794832,17.10161143817509,0,233,4,1,WAIT
q_learning,166,132,08:00,120,81.08789091058378,8.612626424981261,72.47526448560252,2,8.133699192612472,34.628204055369025,77.2380967520185,0.0,0.0,120.0,0.0,3.565956558533825,21.04154751284121,0,137,4,1,WAIT
q_learning,167,132,08:00,120,79.46806174238499,9.028113091362977,70.43994865102201,1,8.214776496362063,38.12957710513106,39.186500129944605,34.46914626856227,0.0,120.0,0.0,6.372401365816446,19.422207466649205,1,70,3,1,WAIT
q_learning,168,132,08:00,120,68.18802259922646,7.94224656750951,60.24577603171694,2,6.767750844718514,54.00988460338501,55.24208848303216,3.980276068864299,0.0,119.99999999999999,1.4210854715202004e-14,8.315302595256966,14.376830454770205,1,249,4,2,WAIT
q_learning,169,132,08:00,120,143.59060396401281,9.808346282865573,133.78225768114723,4,4.7195931537452225,58.801151482062124,56.479255364192646,0.0,0.0,120.0,0.0,8.772938031824053,19.250908490649017,0,186,5,3,WAIT
q_learning,170,132,08:00,120,106.01829931322308,7.30031867763987,98.71798063558322,2,4.2541065889570895,9.942949614160836,105.45258780290787,0.3503559939742047,0.0,120.0,0.0,0.7582778451411744,20.09977551954417,1,140,3,1,WAIT
q_learning,171,132,08:00,120,121.50625778269293,11.447809504902875,110.05844827779005,2,17.05639418745606,36.67947233610448,66.26413347643944,0.0,0.0,119.99999999999999,1.4210854715202004e-14,6.080609018691693,26.627418138173667,0,164,5,1,WAIT
q_learning,172,132,08:00,120,92.78705318468555,10.791232950746734,81.99582023393882,3,11.3646952386589,32.17262522639688,76.46267953494423,0.0,0.0,120.00000000000001,-1.4210854715202004e-14,3.9151357231353243,26.916958421855348,0,237,4,1,WAIT
q_learning,173,132,08:00,120,118.30253029535207,10.007180895113223,108.29534940023885,4,30.47996629975596,9.964844121143917,79.55518957910013,0.0,0.0,120.0,0.0,0.9555268575192819,27.636418557089925,0,170,9,1,WAIT
q_learning,174,132,08:00,120,86.03611005901675,7.55881871599628,78.47729134302047,1,5.127833209190707,34.55474349442407,63.054206564644076,17.26321673174114,0.0,119.99999999999999,1.4210854715202004e-14,3.565956558533825,18.03066834431269,1,262,2,1,WAIT
q_learning,175,132,08:00,120,100.04598784789329,8.120861502316922,91.92512634557636,2,4.383668137914825,27.76197413963511,87.53334047810952,0.32101724434055257,0.0,120.00000000000001,-1.4210854715202004e-14,2.9400292309540106,20.2624322042372,1,141,3,1,WAIT
q_learning,176,132,08:00,120,77.7728326432962,7.614727562974068,70.15810508032213,1,7.652809405265492,36.67947233610448,42.774240421953834,32.8934778366762,0.0,120.0,0.0,6.080609018691693,15.6757554469485,1,70,2,1,WAIT
q_learning,177,132,08:00,120,68.45608817896627,8.712940910085942,59.74314726888033,1,8.449943188565513,45.25212573513002,33.75048140624607,32.54744967005841,0.0,120.00000000000001,-1.4210854715202004e-14,8.106674019074767,16.787442866885073,1,138,3,2,WAIT
q_learning,178,132,08:00,120,122.55743232586524,9.982502924844074,112.57492940102117,3,5.826026773423961,29.00587992846723,71.01497880595562,14.153114492153179,0.0,120.0,0.0,5.8418718723043686,22.679565055821556,1,186,4,2,WAIT
q_learning,179,132,08:00,120,82.31793063869343,7.696850986314241,74.62107965237918,2,9.537699213521883,33.66872626572015,67.2560106350507,9.537563885707257,0.0,119.99999999999999,1.4210854715202004e-14,4.059944353014373,17.931058465026318,1,141,3,2,WAIT
q_learning,180,132,08:00,120,65.20514635340962,8.532140752019627,56.67300560138999,1,4.006001559495101,28.596004962991923,51.11958395091726,36.27840952659572,0.0,120.00000000000001,-1.4210854715202004e-14,4.74055690014291,19.636988105627452,1,199,2,1,WAIT
q_learning,181,132,08:00,120,115.33681165512868,7.980970865397746,107.35584078973093,3,5.857367529675368,24.189663160186953,87.65742868683137,2.295540623306323,0.0,120.00000000000001,-1.4210854715202004e-14,2.701636752056582,20.101137149079833,1,237,4,2,WAIT
q_learning,182,132,08:00,120,101.9998570826705,6.257171926487178,95.74268515618333,2,5.00159316798742,0.0,114.99840683201258,0.0,0.0,120.0,0.0,0.0,17.87763407567765,0,68,3,0,WAIT
q_learning,183,132,08:00,120,107.65144575133007,6.788654128312632,100.86279162301744,2,16.289599807250106,17.162296211367835,77.42965610475446,9.118447876627599,0.0,120.0,0.0,1.9479393488596028,17.448215303462202,1,107,6,1,WAIT
q_learning,184,132,08:00,120,82.0232585469481,7.759990716270345,74.26326783067775,2,18.07368183709169,25.00638450411831,76.91993365879,0.0,0.0,120.0,0.0,2.714523495868643,19.456878550618057,0,234,5,1,WAIT
q_learning,185,132,08:00,120,133.61381896322968,8.266524415548052,125.34729454768163,3,15.51377143336593,33.93938799423775,70.54684057239632,0.0,0.0,120.0,0.0,3.771208497489917,19.84743268979023,0,236,6,1,WAIT
q_learning,186,132,08:00,120,98.14128067332047,8.891872146778814,89.24940852654166,3,14.368014547392846,25.45799151474848,80.11929018352647,0.05470375433220909,0.0,120.00000000000001,-1.4210854715202004e-14,2.838871761590325,22.56647722920629,1,48,5,1,WAIT
q_learning,187,132,08:00,120,67.84043376163325,9.268881793037721,58.57155196859553,1,9.697684002404621,52.149196840724656,24.031185044682992,34.12193411218773,0.0,120.0,0.0,9.992963253180994,16.489556155498214,1,138,3,2,WAIT
q_learning,188,132,08:00,120,137.2938973523345,12.927383457596497,124.36651389473802,2,11.861756843401626,44.88036789034268,59.8873805413867,3.3704947248690047,0.0,120.00000000000001,-1.4210854715202004e-14,7.500626530795645,29.434754776622917,1,236,4,1,WAIT
q_learning,189,132,08:00,120,82.53437533327761,6.341603784670384,76.19277154860723,1,22.75262584428285,6.879595295941517,86.09793382642346,4.269845033352183,0.0,120.00000000000001,-1.4210854715202004e-14,0.784471241267107,17.33439671493399,1,234,6,1,WAIT
q_learning,190,132,08:00,120,83.28640858107407,7.660459144030755,75.62594943704332,2,14.0798729294586,18.651094815068852,81.36582541908066,5.903206836391874,0.0,119.99999999999999,1.4210854715202004e-14,1.992595982753407,19.89443014304875,1,237,5,1,WAIT
q_learning,191,132,08:00,120,96.75255829014897,7.367405437351072,89.3851528527979,2,13.587279014017804,7.420779798459002,95.88186158875833,3.1100795987648553,0.0,119.99999999999999,1.4210854715202004e-14,0.9815114870710372,20.068218333932027,1,239,5,1,WAIT
q_learning,192,132,08:00,120,91.28715177678932,6.657488057314592,84.62966371947472,2,9.463062964278713,18.687093303484296,88.10812881475344,3.7417149174835345,0.0,119.99999999999999,1.4210854715202004e-14,1.4041933469266459,17.617201102543618,1,48,4,1,WAIT
q_learning,193,132,08:00,120,112.00502204754362,5.8655818452847575,106.13944020225887,3,41.69511614178435,60.89824099128191,17.406642866933737,0.0,0.0,120.0,0.0,11.490177258261866,5.268628013980304,0,93,11,3,WAIT
q_learning,194,132,08:00,120,100.29253477204853,6.768180237009862,93.52435453503867,2,5.417882949074687,0.0,111.35783078627209,3.224286264653216,0.0,119.99999999999999,1.4210854715202004e-14,0.0,19.337657820028177,1,140,3,0,WAIT
q_learning,195,132,08:00,120,101.64322888127563,8.275542331076416,93.36768655019921,3,14.34206919210803,27.29243307117384,77.40568291308657,0.9598148236315751,0.0,120.0,0.0,2.933471923900057,20.710934736318272,1,234,6,1,WAIT
q_learning,196,132,08:00,120,84.33998334854425,6.787713178137616,77.55227017040663,1,27.08348274921584,18.651094815068852,74.26542243571531,0.0,0.0,120.0,0.0,1.992595982753407,17.400870240496925,0,236,7,1,WAIT
q_learning,197,132,08:00,120,82.75427360610175,7.871079924844624,74.88319368125713,2,16.283549465413437,0.0,103.71645053458657,0.0,0.0,120.0,0.0,0.0,22.488799785270356,0,90,5,0,WAIT
q_learning,198,132,08:00,120,54.24770519155586,6.696301718611372,47.551403472944486,2,4.643470872720756,56.80846125115262,50.600315511997145,7.947752364129485,0.0,120.0,0.0,8.308921185455988,10.823369439147935,1,79,3,2,WAIT
q_learning,199,132,08:00,120,95.76451034445657,8.296589532630964,87.4679208118256,1,4.554752500765109,32.009886983689974,43.121425607309256,40.31393490823565,0.0,119.99999999999999,1.4210854715202004e-14,5.618475354578797,18.086066167223958,1,138,2,2,WAIT
q_learning,200,132,08:00,120,99.26572818396076,7.590228377156803,91.67549980680396,2,18.177641069626116,34.215362083276425,59.78648852974395,7.820508317353514,0.0,120.0,0.0,3.771208497489917,17.915158294386668,1,236,6,1,WAIT
q_learning,201,132,08:00,120,83.73128145965117,5.796489676075835,77.93479178357533,2,6.730199719367629,0.0,89.16022210544277,24.10957817518961,0.0,120.00000000000001,-1.4210854715202004e-14,0.0,16.561399074502386,1,230,3,0,WAIT
q_learning,202,132,08:00,120,92.2518344258347,7.457617498314591,84.79421692752011,2,13.575720123797073,19.22670871863146,70.13848952292739,17.059081634644073,0.0,119.99999999999999,1.4210854715202004e-14,3.1941200973773887,18.11335846923573,1,195,4,1,WAIT
q_learning,203,132,08:00,120,134.6310989713157,11.843779917746101,122.7873190535696,2,22.35708131010324,36.822821852310526,60.820096837586235,0.0,0.0,120.0,0.0,6.154010038398844,27.685361155161445,0,237,6,1,WAIT
q_learning,204,132,08:00,120,90.53007654292877,6.532754607879484,83.99732193504929,2,19.015357685530155,14.987664138762327,85.99697817570751,0.0,0.0,120.0,0.0,2.4650545668752764,16.199958598494682,0,263,5,2,WAIT
q_learning,205,132,08:00,120,99.4155558618671,5.9970957737156265,93.41846008815148,2,23.10781667834222,0.0,96.89218332165777,0.0,0.0,119.99999999999999,1.4210854715202004e-14,0.0,17.134559353473218,0,234,6,0,WAIT
q_learning,206,132,08:00,120,71.68771949383569,8.300083100266965,63.38763639356872,1,3.9706724512745426,41.9041967477935,67.8055875425717,6.3195432583602695,0.0,120.00000000000001,-1.4210854715202004e-14,4.848718365577454,18.86580477804245,1,79,2,1,WAIT
q_learning,207,132,08:00,120,78.87846046348488,6.583246674567657,72.29521378891722,2,16.73290200531448,7.420779798459002,95.8463181962265,0.0,0.0,119.99999999999999,1.4210854715202004e-14,0.9815114870710372,17.827764725979414,0,239,5,1,WAIT
q_learning,208,132,08:00,120,69.63692867473942,7.997725742411788,61.639202932327635,3,17.846192478677445,56.37134994790662,45.78245757341594,0.0,0.0,120.0,0.0,8.36008243849444,14.490562539824957,0,246,6,2,WAIT
q_learning,209,132,08:00,120,94.03679373975743,7.7011092717039125,86.33568446805351,1,27.118825425407685,34.99052355528667,45.42562486961548,12.465026149690146,0.0,119.99999999999999,1.4210854715202004e-14,5.800620334703995,16.20254901302147,1,138,6,1,WAIT
q_learning,210,132,08:00,120,92.77652705658603,7.05292757067202,85.72359948591401,3,12.383373761057175,16.507579788418806,91.10904645052402,0.0,0.0,120.0,0.0,1.9773061539794832,18.173915476512008,0,249,5,1,WAIT
q_learning,211,132,08:00,120,85.60326950472415,9.128539750468006,76.47472975425615,1,12.557512533688609,37.41053506290781,39.90879598367006,30.12315641973352,0.0,120.0,0.0,6.521058068816938,19.560484075377364,1,138,4,2,WAIT
q_learning,212,132,08:00,120,95.19146113089425,8.046729746645301,87.14473138424896,2,4.114270400549828,33.31906543440121,77.23194782123052,5.334716343818442,0.0,120.0,0.0,3.841141710214256,19.149514708772323,1,107,3,1,WAIT
q_learning,213,132,08:00,120,99.92273046279723,8.269919713731412,91.65281074906582,3,20.35392601135412,12.601996364551116,87.04407762409477,0.0,0.0,120.0,0.0,1.379619801231465,22.24872223800114,0,262,6,1,WAIT
q_learning,214,132,08:00,120,90.60675516667618,7.731616460906184,82.87513870577,3,4.509698310728981,26.24333300994683,89.2469686793242,0.0,0.0,120.00000000000001,-1.4210854715202004e-14,2.889396689366905,19.20093605607934,0,170,4,2,WAIT
q_learning,215,132,08:00,120,107.6859899628805,7.600733535621249,100.08525642725925,2,1.6426905539528645,42.142732936410845,61.78529927039501,14.429277239241287,0.0,120.0,0.0,4.700111249156299,17.016270281190128,1,236,3,2,WAIT
q_learning,216,132,08:00,120,65.34984705247778,7.260366281894836,58.08948077058295,3,22.90771174322001,46.68785295435576,50.404435302424226,0.0,0.0,120.0,0.0,7.4181336842194545,13.32576997833722,0,234,6,2,WAIT
q_learning,217,132,08:00,120,70.95695999070144,6.252576148224087,64.70438384247734,1,13.097923070637847,0.0,106.90207692936215,0.0,0.0,120.0,0.0,0.0,17.86450328064025,0,164,3,0,WAIT
q_learning,218,132,08:00,120,101.95584703369192,7.382525081574436,94.57332195211748,2,25.23421565887128,34.215362083276425,60.550422257852304,0.0,0.0,120.0,0.0,3.771208497489917,17.321720307008473,0,237,7,1,WAIT
q_learning,219,132,08:00,120,88.21421060211222,8.045395067701298,80.16881553441092,4,16.84629304240552,8.683929606310135,94.46977735128435,0.0,0.0,120.0,0.0,0.8738289522399111,22.11301409833523,0,249,7,1,WAIT
q_learning,220,132,08:00,120,75.09688472691982,6.669771421757014,68.4271133051628,1,2.7478267295732257,18.687093303484296,80.57195239444293,17.993127572499546,0.0,120.0,0.0,1.4041933469266459,17.652296429521968,1,186,2,1,WAIT
q_learning,221,132,08:00,120,106.57132472229033,7.745533834648756,98.82579088764157,2,10.608682733395934,8.683929606310135,100.70738766029393,0.0,0.0,120.0,0.0,0.8738289522399111,21.256267718185107,0,231,4,1,WAIT
q_learning,222,132,08:00,120,90.32319717112503,6.502711787860536,83.8204853832645,2,8.789779168415189,0.0,110.24802139236027,0.9621994392245341,0.0,120.0,0.0,0.0,18.579176536744388,1,142,4,0,WAIT
q_learning,223,132,08:00,120,122.67353117491223,10.045339168971314,112.62819200594092,2,15.045539523547568,19.97512252709047,76.60788948780434,8.371448461557605,0.0,119.99999999999999,1.4210854715202004e-14,5.18155674214191,23.519412312061846,1,162,5,1,WAIT
q_learning,224,132,08:00,120,118.03858407079758,7.029718599423854,111.00886547137372,3,16.06570740584783,19.13969347809115,73.12810455119693,11.666494564864095,0.0,120.0,0.0,1.6752393894159918,18.409670894652162,1,161,5,1,WAIT
q_learning,225,132,08:00,120,134.86828630081814,8.158264060934297,126.71002223988384,4,20.18861274010859,0.0,99.8113872598914,0.0,0.0,120.0,0.0,0.0,23.309325888383704,0,236,6,0,WAIT
q_learning,226,132,08:00,120,109.72460327082202,9.954897581776702,99.76970568904531,2,4.987800650539928,36.67947233610448,78.3327270133556,0.0,0.0,120.0,0.0,6.080609018691693,22.361955500670316,0,229,3,1,WAIT
q_learning,227,132,08:00,120,101.5180327279141,8.548742952821815,92.96928977509229,3,17.43646575515248,0.0,102.18914896431374,0.3743852805337866,0.0,120.00000000000001,-1.4210854715202004e-14,0.0,24.424979865205188,1,163,5,0,WAIT
q_learning,228,132,08:00,120,44.9008968728956,1.8170448597496685,43.08385201314593,1,3.4166203046898986,20.560812416330474,24.951144363237166,71.07142291574246,0.0,120.0,0.0,5.18155674214191,0.01,1,132,2,1,WAIT
q_learning,229,132,08:00,120,95.28350411978148,7.74365055639387,87.53985356338761,2,5.022679338910787,18.687093303484296,96.2902273576049,0.0,0.0,119.99999999999999,1.4210854715202004e-14,1.4041933469266459,20.720522528484416,0,68,3,1,WAIT
q_learning,230,132,08:00,120,118.50757908528874,8.28110456291683,110.22647452237192,3,18.08539646476615,31.11760133152933,70.06935249700373,0.7276497067008023,0.0,120.00000000000001,-1.4210854715202004e-14,3.3722157839848723,20.28808296720607,1,237,6,2,WAIT
q_learning,231,132,08:00,120,81.43102488224376,7.801839588582775,73.62918529366098,1,6.114765635486358,36.67947233610448,42.2798089317907,34.92595309661846,0.0,120.0,0.0,6.080609018691693,16.21036123440195,1,70,2,1,WAIT
q_learning,232,132,08:00,120,107.49772146026048,10.196881089738579,97.3008403705219,2,11.652666820962796,33.020087000005404,75.3272461790318,0.0,0.0,120.0,0.0,5.473967481603665,23.65997848907799,0,161,4,1,WAIT
q_learning,233,132,08:00,120,171.87639069727317,8.850226966080525,163.02616373119264,3,19.506517806407736,0.0,100.49348219359229,0.0,0.0,120.00000000000003,-2.842170943040401e-14,0.0,25.286362760230077,0,166,6,0,WAIT
q_learning,234,132,08:00,120,101.90574502986746,8.323545887730042,93.58219914213743,1,0.3874985354168904,36.67947233610448,53.91584594416145,29.017183184317176,0.0,119.99999999999999,1.4210854715202004e-14,6.080609018691693,17.700950660537,1,70,2,1,WAIT
q_learning,235,132,08:00,120,118.17977139723988,11.352521964718706,106.82724943252117,2,5.072805084381219,33.020087000005404,81.90710791561338,0.0,0.0,120.0,0.0,5.473967481603665,26.96180956044978,0,161,3,1,WAIT
q_learning,236,132,08:00,120,106.9433886375787,9.750373220588257,97.19301541699045,2,8.107472447893315,32.17262522639688,79.71990232570982,0.0,0.0,120.00000000000003,-2.842170943040401e-14,3.9151357231353243,23.94307347854541,0,238,3,1,WAIT
q_learning,237,132,08:00,120,123.10101619645243,7.9803095044211325,115.1207066920313,2,9.103930561105063,12.601996364551116,98.29407307434383,0.0,0.0,120.0,0.0,1.379619801231465,21.421264497114628,0,142,4,1,WAIT
q_learning,238,132,08:00,120,80.50707587819223,7.837534967761611,72.66954091043061,1,5.226694047396118,23.941394052056328,56.68629758118521,34.14561431936235,0.0,120.0,0.0,3.9689299578524526,18.42402709289501,1,199,2,1,WAIT
q_learning,239,132,08:00,120,103.74067066836054,8.098618345124477,95.64205232323606,3,7.7913139328180465,5.93647356786505,106.2722124993169,0.0,0.0,119.99999999999999,1.4210854715202004e-14,0.7668336662811481,22.372075891217357,0,140,4,1,WAIT
q_learning,240,132,08:00,120,120.86430947252137,11.455710344455463,109.4085991280659,2,7.993923512784247,37.05452422594416,72.55786204044995,2.3936902208216395,0.0,120.0,0.0,6.142783956295462,26.587817027863004,1,162,4,1,WAIT
q_learning,241,132,08:00,120,108.2824534955049,7.514134769079457,100.76831872642543,2,10.238948256896775,0.0,109.76105174310322,0.0,0.0,120.0,0.0,0.0,21.468956483084163,0,230,4,0,WAIT
q_learning,242,132,08:00,120,116.40687466757055,11.984369998857451,104.4225046687131,2,19.18550906783847,37.163280238601736,63.65121069355979,0.0,0.0,120.0,0.0,6.210909108635681,28.030148030957044,0,162,6,1,WAIT
q_learning,243,132,08:00,120,104.77305978396188,7.477962959564668,97.29509682439722,2,6.735221953072861,17.021749082061216,83.3061528890906,12.93687607577533,0.0,120.0,0.0,1.9029527073200772,19.462655748578975,1,107,4,2,WAIT
q_learning,244,132,08:00,120,108.89084390539183,10.73173330009434,98.15911060529749,3,8.341392548242357,69.44168910455667,28.490153513924728,13.72676483327622,0.0,119.99999999999997,2.842170943040401e-14,9.583915440379737,21.078179702746954,1,138,5,3,WAIT
q_learning,245,132,08:00,120,93.64687360545764,12.813215897275247,80.8336577081824,2,20.024028565543517,52.288913897444075,47.68705753701239,0.0,0.0,119.99999999999999,1.4210854715202004e-14,9.372958704348736,27.236229573580545,0,229,6,2,WAIT
q_learning,246,132,08:00,120,148.51167892206746,11.50782883684878,137.0038500852187,2,16.219874554527667,34.70829717288997,69.07182827258237,0.0,0.0,120.0,0.0,5.800620334703995,27.078890627721094,0,164,5,1,WAIT
q_learning,247,132,08:00,120,101.03380482967762,7.373011190105067,93.66079363957256,2,9.263084330587576,42.47725660675826,65.09142246767405,3.1682365949801152,0.0,120.0,0.0,4.074631167503847,16.9911150899392,1,141,4,2,WAIT
q_learning,248,132,08:00,120,98.2556045831554,8.737856205518039,89.51774837763736,2,21.812552327916215,44.20543865029063,53.982009021793154,0.0,0.0,120.0,0.0,4.8399736626167815,20.125329781720474,0,170,6,1,WAIT
q_learning,249,132,08:00,120,113.33914921627384,8.916366587256652,104.42278262901719,2,8.191676241952663,32.17262522639688,76.27544887905425,3.3602496525962096,0.0,120.00000000000001,-1.4210854715202004e-14,3.9151357231353243,21.560197383312257,1,236,4,1,WAIT
q_learning,250,132,08:00,120,162.57733673178154,8.599601471479778,153.97773526030176,2,16.739326149275357,27.76197413963511,75.49869971108953,0.0,0.0,120.0,0.0,2.9400292309540106,21.63026068755964,0,236,6,1,WAIT
q_learning,251,132,08:00,120,86.79873580987746,9.077791094308395,77.72094471556906,2,1.4448142093349077,0.0,113.03377040885047,5.521415381814606,0.0,119.99999999999999,1.4210854715202004e-14,0.0,25.936545983738277,1,236,3,0,WAIT
q_learning,252,132,08:00,120,97.39769425586287,6.746785674797746,90.65090858106512,2,26.165928376947104,18.315869219339433,75.51820240371346,0.0,0.0,120.0,0.0,2.2545195719585736,17.02201092746356,0,237,7,1,WAIT
q_learning,253,132,08:00,120,97.12117858794112,9.35168502634327,87.76949356159784,2,6.533873645566033,48.854337208028014,64.61178914640594,0.0,0.0,119.99999999999999,1.4210854715202004e-14,6.281022753203937,20.43807732206255,0,239,4,2,WAIT
q_learning,254,132,08:00,120,88.61559649971188,7.570759377294157,81.04483712241773,3,13.81648210297638,58.27708520956124,47.90643268746238,0.0,0.0,120.0,0.0,8.093397180674426,13.53734389730888,0,234,6,2,WAIT
q_learning,255,132,08:00,120,77.74910703227933,9.899998096197429,67.8491089360819,1,10.557341264377513,52.386340982674085,17.834627868394087,39.22168988455432,0.0,120.00000000000001,-1.4210854715202004e-14,10.033463046882188,18.25224579939618,1,138,3,2,WAIT
q_learning,256,132,08:00,120,101.73610111413741,8.24899753146835,93.48710358266906,2,6.550142075321691,31.11760133152933,77.8556776221461,4.47657897100288,0.0,120.0,0.0,3.3722157839848723,20.196348591638987,1,142,3,2,WAIT
q_learning,257,132,08:00,120,91.06207294057813,10.637966305847256,80.42410663473088,2,10.65403963855518,56.547460189127875,15.429572010058834,37.368928162258115,0.0,120.0,0.0,10.99147501917269,19.402714426105184,1,199,4,2,WAIT
q_learning,258,132,08:00,120,108.10730187309527,11.05816986655024,97.04913200654502,4,5.941659571417199,19.2167879710995,94.84155245748329,0.0,0.0,119.99999999999999,1.4210854715202004e-14,4.918640613624012,26.676130433662387,0,246,5,1,WAIT
q_learning,259,132,08:00,120,91.9138798157654,10.077192892335567,81.83668692342982,1,11.970809973021959,33.46253436724933,52.212358220009335,22.354297439719375,0.0,120.0,0.0,5.547315032160212,23.244664660227127,1,138,4,1,WAIT
q_learning,260,132,08:00,120,103.40209123177821,9.94317653465373,93.45891469712448,2,14.90845533287637,0.0,105.09154466712363,0.0,0.0,120.0,0.0,0.0,28.409075813296376,0,230,5,0,WAIT
q_learning,261,132,08:00,120,73.51261868014342,7.102156666687125,66.4104620134563,2,14.996697593055199,14.861819532346983,90.14148287459783,0.0,0.0,120.0,0.0,2.444299961608333,17.847576228926314,0,236,5,2,WAIT
q_learning,262,132,08:00,120,93.43466555752201,9.556480572442403,83.8781849850796,3,17.216471981136365,53.34903135940423,49.434496659459406,0.0,0.0,120.0,0.0,6.6248097553381236,20.67942045164018,0,263,6,3,WAIT
q_learning,263,132,08:00,120,107.46701653101508,8.473536989677351,98.99347954133772,2,6.2897718889779854,36.6126138752425,60.18748442369104,16.910129812088485,0.0,120.00000000000001,-1.4210854715202004e-14,3.741444196197971,20.46866148859446,1,114,4,1,WAIT
q_learning,264,132,08:00,120,95.55320306911261,8.34036780574778,87.21283526336484,2,10.16287162042121,34.215362083276425,60.17950057777267,15.442265718529683,0.0,119.99999999999999,1.4210854715202004e-14,3.771208497489917,20.058413804646598,1,263,4,1,WAIT
q_learning,265,132,08:00,120,87.04329344405166,8.2092061259396,78.83408731811205,1,17.06854646315783,33.359079853907204,41.99846057710692,27.573913105828055,0.0,120.00000000000001,-1.4210854715202004e-14,5.57513253916503,17.879742106376685,1,138,5,1,WAIT
q_learning,266,132,08:00,120,87.25465262755003,8.41566763428008,78.83898499326995,2,15.470050225029249,19.828406725366804,83.2645721866144,1.4369708629895541,0.0,120.00000000000001,-1.4210854715202004e-14,2.3624205737585875,21.68234409561307,1,161,5,1,WAIT
q_learning,267,132,08:00,120,104.694635668834,8.290700509999114,96.40393515883488,1,14.375310751560725,40.88001042456622,35.24317803435791,29.501500789515134,0.0,119.99999999999999,1.4210854715202004e-14,7.10089375575204,16.58682198710257,1,138,4,2,WAIT
q_learning,268,132,08:00,120,91.10397463642761,7.008744188042816,84.0952304483848,1,9.891950321085625,17.287883083128808,82.03155666658424,10.788609929201328,0.0,120.0,0.0,1.9479393488596028,18.077044045548444,1,79,3,1,WAIT
q_learning,269,132,08:00,120,80.70004825037795,8.37073397624085,72.32931427413709,1,19.645745532414928,35.27827421623311,65.07598025135196,0.0,0.0,120.0,0.0,5.130148196039655,18.786234593219916,0,207,5,2,WAIT
q_learning,270,132,08:00,120,116.12520510866314,7.523666424294581,108.60153868436856,3,15.43124478979986,28.17045087946791,76.39830433073222,0.0,0.0,119.99999999999999,1.4210854715202004e-14,2.33555451957845,19.16063526412036,0,246,5,2,WAIT
q_learning,271,132,08:00,120,101.21574331496515,10.206213467490533,91.00952984747462,2,4.175521293862022,54.50271736393848,27.776495554297593,33.5452657879019,0.0,119.99999999999999,1.4210854715202004e-14,9.74294036437716,19.41766954273865,1,70,3,2,WAIT
q_learning,272,132,08:00,120,126.9386214162331,12.088851528598761,114.84976988763434,2,5.680418342378099,28.868163967947147,85.45141768967476,0.0,0.0,120.0,0.0,4.795848527889337,29.743727268107122,0,229,3,1,WAIT
q_learning,273,132,08:00,120,65.4212920724656,8.377841239668223,57.04345083279738,1,1.105840141892886,32.27187115487026,57.21731876762335,29.404969935613508,0.0,120.0,0.0,5.3499305823220356,18.58675867387289,1,138,2,1,WAIT
q_learning,274,132,08:00,120,71.15734750072176,7.940950410710343,63.21639709001141,3,31.711480277678273,50.614111603590686,37.674408118731044,0.0,0.0,120.0,0.0,7.723621135535287,14.964808609351408,0,162,8,2,WAIT
q_learning,275,132,08:00,120,69.91465076453562,6.943639481735333,62.97101128280029,1,4.5141445517354155,25.284751134864365,50.364018890752426,39.83708542264779,0.0,120.0,0.0,7.115965605095542,12.723004342719697,1,138,2,2,WAIT
q_learning,276,132,08:00,120,75.31010842103295,8.124514435447859,67.18559398558509,2,19.31444240340403,34.628204055369025,65.19466773432202,0.8626858069049348,0.0,120.00000000000001,-1.4210854715202004e-14,3.565956558533825,19.646941828460054,1,141,6,1,WAIT
q_learning,277,132,08:00,120,83.77359418430186,5.964762061871418,77.80883212243045,3,10.05822971045826,51.99959646712256,46.513823982205906,11.428349840213272,0.0,120.0,0.0,9.804124930131435,7.238052389501188,1,138,4,2,WAIT
q_learning,278,132,08:00,120,103.65372709578168,7.950115472949089,95.70361162283258,2,21.120362113734085,25.45799151474848,73.42164637151744,0.0,0.0,120.0,0.0,2.838871761590325,19.875743875407075,0,68,6,1,WAIT
q_learning,279,132,08:00,120,78.27154323578222,8.205493881826389,70.06604935395583,1,0.7382513485860618,37.05452422594416,47.06329493124559,35.14392949422418,0.0,120.0,0.0,6.142783956295462,17.30148427749422,1,199,2,1,WAIT
q_learning,280,132,08:00,120,95.95769424046571,8.107078255781826,87.85061598468388,2,12.618345619779202,0.0,98.34045469364722,9.041199686573577,0.0,120.0,0.0,0.0,23.163080730805216,1,48,4,0,WAIT
q_learning,281,132,08:00,120,85.79111610076001,8.108761636134757,77.68235446462525,1,8.89550569557256,32.8847352887089,42.976471555844356,35.24328745987418,0.0,120.0,0.0,5.495857756053667,17.672032632902784,1,138,3,1,WAIT
q_learning,282,132,08:00,120,85.16413131537266,6.654696984957598,78.50943433041506,2,6.715515780930994,18.687093303484296,94.5973909155847,0.0,0.0,119.99999999999999,1.4210854715202004e-14,1.4041933469266459,17.609226610095064,0,137,3,1,WAIT
q_learning,283,132,08:00,120,97.919269840763,7.558150024076808,90.36111981668618,2,18.958733151184674,8.683929606310135,69.48411381935912,22.873223423146058,0.0,119.99999999999999,1.4210854715202004e-14,0.8738289522399111,20.720885402265253,1,186,6,1,WAIT
q_learning,284,132,08:00,120,85.33908909052532,7.798070353500259,77.54101873702506,1,10.131268144496268,36.75565003770299,37.10251730477192,36.010564513028825,0.0,120.00000000000001,-1.4210854715202004e-14,6.142783956295462,16.13741705370528,1,199,3,1,WAIT
q_learning,285,132,08:00,120,140.55307814104506,11.1111624165832,129.44191572446186,3,7.018271231759828,54.78337679753719,49.22763104686788,8.970720923835103,0.0,120.0,0.0,9.386373043109007,22.359805289985857,1,79,4,4,WAIT
q_learning,286,132,08:00,120,83.38809375525507,7.005150081573971,76.3829436736811,2,9.914998475906865,18.651094815068852,91.4339067090243,0.0,0.0,120.00000000000001,-1.4210854715202004e-14,1.992595982753407,18.022118536029367,0,237,4,1,WAIT
q_learning,287,132,08:00,120,84.0353573791039,7.2286726011713665,76.80668477793253,2,11.368048918750178,17.057439436241665,91.57451164500816,0.0,0.0,120.0,0.0,2.0004471665855252,18.65290312247552,0,137,4,1,WAIT
q_learning,288,132,08:00,120,241.8790700857844,15.400557126179256,226.47851295960515,4,5.807294082574012,48.23610857208683,62.07765697368527,3.878940371653883,0.0,119.99999999999999,1.4210854715202004e-14,7.327928223335728,36.67366356574786,1,237,5,2,WAIT
q_learning,289,132,08:00,120,90.8555867104134,6.753010444142057,84.10257626627134,1,16.727549394974687,0.0,103.27245060502531,0.0,0.0,120.0,0.0,0.0,19.294315554691593,0,163,4,0,WAIT
q_learning,290,132,08:00,120,89.08483373117923,6.768144960925364,82.31668877025386,2,5.977003891554252,19.13969347809115,82.82002018790693,12.063282442447672,0.0,120.0,0.0,1.6752393894159918,17.662317641799334,1,230,3,1,WAIT
q_learning,291,132,08:00,120,139.20179582382104,9.601824878498594,129.59997094532244,4,16.558850625488347,17.162296211367835,85.49429775184852,0.784555411295301,0.0,120.0,0.0,1.9479393488596028,25.48584601827924,1,68,7,1,WAIT
q_learning,292,132,08:00,120,137.20840733463598,11.850620080412241,125.35778725422374,2,6.323946680365264,40.81306470871177,72.24544894002614,0.6175396708968179,0.0,119.99999999999999,1.4210854715202004e-14,6.820878935422326,27.038035580041225,1,162,3,1,WAIT
q_learning,293,132,08:00,120,125.52428301013032,10.50140380435185,115.02287920577847,2,13.54414091593054,36.67947233610448,69.77638674796498,0.0,0.0,120.0,0.0,6.080609018691693,23.923401850885025,0,263,5,1,WAIT
q_learning,294,132,08:00,120,96.70338571117902,7.758314153632504,88.94507155754653,2,8.29663205822288,41.41348883752677,70.28987910425035,0.0,0.0,120.0,0.0,4.609636426250879,17.556975441270563,0,262,4,2,WAIT
q_learning,295,132,08:00,120,75.00550227008864,6.572031441753859,68.43347082833478,1,14.843935576431722,0.0,95.11059613938508,10.045468284183187,0.0,119.99999999999999,1.4210854715202004e-14,0.0,18.777232690725313,1,161,4,0,WAIT
q_learning,296,132,08:00,120,78.40577864911285,6.279605086886783,72.12617356222606,1,24.815102017458827,0.0,95.18489798254117,0.0,0.0,120.0,0.0,0.0,17.941728819676523,0,68,6,0,WAIT
q_learning,297,132,08:00,120,79.03278756848209,7.988053616061011,71.04473395242108,1,3.285848003407444,43.33350919929008,54.385859473766594,18.994783323535884,0.0,120.0,0.0,5.4524113463478745,17.370598985255015,1,207,2,2,WAIT
q_learning,298,132,08:00,120,84.48213158403266,8.827254892004575,75.65487669202808,2,10.398892452625725,39.57470901629191,70.02639853108235,0.0,0.0,119.99999999999999,1.4210854715202004e-14,4.649531135735354,20.571197127134866,0,229,4,2,WAIT
q_learning,299,132,08:00,120,141.15477686327276,11.152798045482436,130.00197881779033,2,17.992586627759525,37.41053506290781,64.59687830933267,0.0,0.0,120.0,0.0,6.521058068816938,25.344079203990024,0,164,5,2,WAIT
dqn,0,132,08:00,120,166.31760979904737,9.653831645538537,156.66377815350884,3,21.19776888266535,0.0,93.52669962428361,5.275531493051034,0.0,120.0,0.0,0.0,27.582376130110106,1,230,7,0,WAIT
dqn,1,132,08:00,120,73.23168654889255,6.709957391477739,66.52172915741481,2,14.103141106675269,12.734640371915892,93.16221852140885,0.0,0.0,120.0,0.0,2.096008616124154,17.075298216669385,0,237,5,2,WAIT
dqn,2,132,08:00,120,118.0884421653554,9.829591525146594,108.2588506402088,4,16.058063251622688,25.596293975803015,74.62547631665385,3.7201664559204204,0.0,119.99999999999997,2.842170943040401e-14,2.974671831327089,25.109875383377467,1,170,6,2,WAIT
dqn,3,132,08:00,120,122.68172544621953,10.613847491708805,112.06787795451072,7,24.395446784134037,20.667633540903722,65.44528205296135,9.49163762200088,0.0,119.99999999999999,1.4210854715202004e-14,2.377598003533694,27.947680544205745,1,236,9,2,WAIT
dqn,4,132,08:00,120,104.28961852592133,7.568625364039043,96.72099316188229,2,5.631726429760526,8.683929606310135,105.68434396392934,0.0,0.0,120.0,0.0,0.8738289522399111,20.7508149450145,0,237,3,1,WAIT
dqn,5,132,08:00,120,101.90320730447293,6.840370152058907,95.06283715241402,2,17.769039277051615,17.84859410514592,71.72468025424337,12.657686363559094,0.0,120.0,0.0,1.5032254509130585,18.04068926925525,1,186,5,2,WAIT
dqn,6,132,08:00,120,83.39178380806106,8.157243846180448,75.23453996188061,2,35.705178965315625,18.552630626464005,65.74219040822037,0.0,0.0,120.0,0.0,3.3455249309481054,19.96088605813889,0,141,8,3,WAIT
dqn,7,132,08:00,120,138.52986891971105,9.212868045629273,129.31700087408177,3,16.439574031525837,0.0,103.56042596847416,0.0,0.0,120.0,0.0,0.0,26.322480130369357,0,234,5,0,WAIT
dqn,8,132,08:00,120,157.39317873529035,13.242259080044711,144.15091965524564,3,24.710682913499703,32.8847352887089,62.40458179779139,0.0,0.0,120.0,0.0,5.495857756053667,32.339168186931225,0,162,8,1,WAIT
dqn,9,132,08:00,120,132.56840682331432,7.5087189322549985,125.05968789105933,5,24.128618509052487,0.0,94.90795744974346,0.9634240412040498,0.0,120.0,0.0,0.0,21.45348266358571,1,236,8,0,WAIT
dqn,10,132,08:00,120,107.30435365420995,9.037240953733301,98.26711270047664,3,7.402698531568916,30.96577629511274,61.30300125851578,20.328523914802574,0.0,120.00000000000001,-1.4210854715202004e-14,3.86885136953683,21.951837069701174,1,151,4,3,WAIT
dqn,11,132,08:00,120,105.53617662521646,6.664300235928171,98.87187638928829,2,19.553415785472886,8.904151745316087,89.26775757074569,2.2746748984653493,0.0,120.0,0.0,0.6603151301624585,18.380542686775176,1,137,6,1,WAIT
dqn,12,132,08:00,120,91.55712987807945,7.850873840094106,83.70625603798534,2,25.805115414537116,0.0,94.19488458546287,0.0,0.0,119.99999999999999,1.4210854715202004e-14,0.0,22.43106811455459,0,246,7,0,WAIT
dqn,13,132,08:00,120,86.78065547385339,6.168241278326757,80.61241419552663,1,1.7719821567352316,0.0,118.22801784326477,0.0,0.0,120.0,0.0,0.0,17.623546509505022,0,230,2,0,WAIT
dqn,14,132,08:00,120,116.02486696819321,7.909721077892057,108.11514589030115,4,41.35073676064913,9.768302086005006,68.88096115334585,0.0,0.0,119.99999999999999,1.4210854715202004e-14,1.2056984738407528,21.39350460585084,0,87,11,1,WAIT
dqn,15,132,08:00,120,87.71553291988536,7.060116884027225,80.65541603585814,2,11.513703155418654,0.0,108.48629684458135,0.0,0.0,120.0,0.0,0.0,20.171762525792072,0,233,5,0,WAIT
dqn,16,132,08:00,120,109.16856123601004,7.071317559836352,102.09724367617369,4,28.76882424101485,18.403878586468707,65.65481224495187,7.17248492756454,0.0,119.99999999999997,2.842170943040401e-14,2.8244032295757946,17.379361227099498,1,262,9,3,WAIT
dqn,17,132,08:00,120,97.4332062964524,8.227781510527414,89.20542478592498,2,29.283893214352346,8.927614981596776,81.78849180405088,0.0,0.0,120.0,0.0,0.917734710087371,22.5902124628481,0,68,8,1,WAIT
dqn,18,132,08:00,120,125.54802067725777,8.146054564401632,117.40196611285613,5,14.780053531817835,18.45223169231514,86.76771477586703,0.0,0.0,120.00000000000001,-1.4210854715202004e-14,2.0795274260806638,21.19491418649544,0,113,6,2,WAIT
dqn,19,132,08:00,120,119.24807171082148,9.140515028675356,110.10755668214613,4,16.097403531509254,18.354807260574322,77.27082451552494,8.276964692391473,0.0,119.99999999999999,1.4210854715202004e-14,2.2545195719585736,23.86123765282816,1,236,6,1,WAIT
dqn,20,132,08:00,120,148.00833852310242,10.889095563695651,137.11924295940676,4,21.881973005603804,31.84134781773216,66.276679176664,0.0,0.0,119.99999999999997,2.842170943040401e-14,5.321481740112142,25.790219870446865,0,141,7,1,WAIT
dqn,21,132,08:00,120,111.8797791529593,7.639113578383504,104.2406655745758,2,7.0268405187131044,12.84446711873871,98.40096485258117,1.7277275099670248,0.0,120.0,0.0,2.096008616124154,19.730030179257287,1,262,3,2,WAIT
dqn,22,132,08:00,120,107.12714168836685,9.514593168663467,97.61254851970338,3,22.829363367014288,0.0,94.8290385887884,2.3415980441972977,0.0,120.0,0.0,0.0,27.18455191046705,1,163,8,0,WAIT
dqn,23,132,08:00,120,100.88458394855635,6.6242292241479985,94.26035472440836,2,33.689861306355326,9.359862388804956,76.95027630483972,0.0,0.0,120.0,0.0,0.7789661452253094,18.147403066626115,0,68,9,1,WAIT
dqn,24,132,08:00,120,110.85351093955526,8.860274999204757,101.9932359403505,2,7.889767868697879,22.969850780984945,83.06029447563921,6.080086874677946,0.0,119.99999999999999,1.4210854715202004e-14,3.7744897979703804,21.54058162832893,1,141,4,4,WAIT
dqn,25,132,08:00,120,112.70780549847449,7.295479036261386,105.4123264622131,2,15.522498087940697,8.683929606310135,91.90536194648165,3.888210359267518,0.0,120.0,0.0,0.8738289522399111,19.970396865649768,1,161,5,1,WAIT
dqn,26,132,08:00,120,102.40216221957974,8.067055127193932,94.33510709238581,4,7.693187540402577,17.562469872765238,75.23520729908431,19.509135287747867,0.0,119.99999999999999,1.4210854715202004e-14,1.716739272990511,21.331989661849295,1,186,5,2,WAIT
dqn,27,132,08:00,120,125.90152288512601,7.704532617465304,118.19699026766071,3,25.35969905337575,22.565226456679504,68.83441203284974,3.2406624570949987,0.0,120.0,0.0,2.7856955795005813,19.227254756114576,1,237,7,2,WAIT
dqn,28,132,08:00,120,130.4917226701076,10.985829552654046,119.50589311745355,4,10.132869017235636,11.265045531247512,96.0627837556939,2.5393016958229566,0.0,120.0,0.0,1.8452177467053261,29.542866689449095,1,141,6,2,WAIT
dqn,29,132,08:00,120,71.75239758960386,7.195171087011518,64.55722650259234,2,10.639668263379866,9.492947667702593,94.30210415392366,5.56527991499388,0.0,120.0,0.0,0.7789661452253094,19.77866553195046,1,68,4,1,WAIT
dqn,30,132,08:00,120,112.02400024558283,7.333317217275223,104.6906830283076,3,24.44853275879603,8.927614981596776,84.07439985987668,2.5494523997305123,0.0,120.0,0.0,0.917734710087371,20.034600196413265,1,236,8,1,WAIT
dqn,31,132,08:00,120,103.86488370127778,6.998091437715846,96.86679226356193,3,4.030348150176106,0.0,108.0847957792441,7.884856070579801,0.0,120.00000000000001,-1.4210854715202004e-14,0.0,19.99454696490242,1,238,4,0,WAIT
dqn,32,132,08:00,120,97.46403828419372,7.104836874953706,90.35920140924001,2,12.93335328160818,0.0,97.95494528571632,9.111701432675503,0.0,120.0,0.0,0.0,20.29953392843916,1,246,4,0,WAIT
dqn,33,132,08:00,120,84.36105572485232,6.75481149060177,77.60624423425055,2,2.3150895223015024,7.05284258942362,80.84415198026193,29.78791590801295,0.0,120.0,0.0,0.8099048503132977,18.489556551406046,1,107,3,1,WAIT
dqn,34,132,08:00,120,103.33121748904111,7.032631279586686,96.29858620945443,2,7.375188352909901,17.40383501725673,83.14621369098974,12.074762938843634,0.0,120.0,0.0,1.4251367203595948,18.668095507030934,1,48,4,2,WAIT
dqn,35,132,08:00,120,104.80812195897553,7.598876798095816,97.20924516087972,2,28.063145196752433,9.42835414672862,82.50850065651895,0.0,0.0,120.0,0.0,0.7789661452253094,20.932110420762736,0,234,7,1,WAIT
dqn,36,132,08:00,120,122.52050266429374,11.728625672886908,110.79187699140684,4,15.875599569688072,25.862523253248277,70.01036158814921,8.251515588914444,0.0,120.0,0.0,7.198325671848668,26.312033393542503,1,143,7,3,WAIT
dqn,37,132,08:00,120,130.77685608301258,7.711766095827583,123.06508998718499,3,21.499089242140784,0.0,98.50091075785922,0.0,0.0,120.0,0.0,0.0,22.033617416650237,0,162,6,0,WAIT
dqn,38,132,08:00,120,98.36741914782836,7.720634559009293,90.64678458881906,3,30.806810344100917,33.83650619211701,55.356683463782076,0.0,0.0,120.0,0.0,3.6328839997709856,18.42607188311271,0,249,9,2,WAIT
dqn,39,132,08:00,120,86.36401828608913,7.084088468942118,79.27992981714702,2,42.413294759123694,0.0,77.43450297610588,0.1522022647704233,0.0,119.99999999999999,1.4210854715202004e-14,0.0,20.24025276840605,1,239,11,0,WAIT
dqn,40,132,08:00,120,140.4701075558185,11.286741077803361,129.18336647801513,3,15.300036520272508,8.253518800007585,96.4464446797199,0.0,0.0,120.0,0.0,3.1402954808806487,29.1075361699861,0,163,5,1,WAIT
dqn,41,132,08:00,120,118.97506067214587,7.270939352963997,111.70412131918188,3,5.307695131163556,0.0,96.30456650247034,18.387738366366108,0.0,120.0,0.0,0.0,20.774112437039992,1,143,4,0,WAIT
dqn,42,132,08:00,120,82.80643002673611,7.560325225192904,75.24610480154321,2,25.61209056291245,0.0,94.38790943708756,0.0,0.0,120.0,0.0,0.0,21.60092921483687,0,161,6,0,WAIT
dqn,43,132,08:00,120,82.98166748521032,7.959845356287851,75.02182212892247,3,28.467071490049047,18.28747737040173,73.24545113954922,0.0,0.0,120.0,0.0,1.6967008553126803,21.045714448366894,0,68,9,2,WAIT
dqn,44,132,08:00,120,127.81828716612628,10.19706756163958,117.6212196044867,3,21.070423534373898,8.253518800007585,90.67605766561852,0.0,0.0,120.0,0.0,3.1402954808806487,25.99418326666101,0,236,6,1,WAIT
dqn,45,132,08:00,120,136.6277159482269,8.488062374807186,128.1396535734197,3,8.030946182258134,0.0,111.96905381774187,0.0,0.0,120.0,0.0,0.0,24.251606785163386,0,186,4,0,WAIT
dqn,46,132,08:00,120,114.45227066313952,7.289000513131762,107.16327015000775,3,35.70803479870284,12.53704605210884,63.646531024319415,8.10838812486891,0.0,120.00000000000001,-1.4210854715202004e-14,1.379619801231465,19.446095950573568,1,237,9,1,WAIT
dqn,47,132,08:00,120,96.13800631246878,7.2205953133726,88.91741099909618,2,23.36713312343212,22.390086336619667,71.67222065138718,2.5705598885610215,0.0,119.99999999999999,1.4210854715202004e-14,2.8745788276189073,17.75569349630281,1,262,7,3,WAIT
dqn,48,132,08:00,120,110.02713069702112,10.821094066982193,99.20603663003892,4,6.31225883866057,24.274036747698307,84.58600882755233,4.82769558608878,0.0,119.99999999999999,1.4210854715202004e-14,3.2274515761372227,27.689960043811908,1,202,5,4,WAIT
dqn,49,132,08:00,120,94.36547845378803,8.101922190859284,86.26355626292874,3,19.18846027953378,0.0,100.81153972046621,0.0,0.0,120.0,0.0,0.0,23.14834911674081,0,239,6,0,WAIT
dqn,50,132,08:00,120,58.19513678241209,3.190179478140426,55.00495730427166,2,2.9595879937359815,8.495519944444162,80.75442166892269,27.790470392897163,0.0,120.0,0.0,3.1402954808806487,5.974503028091998,1,132,3,1,WAIT
dqn,51,132,08:00,120,98.56927382986652,6.476345942682923,92.09292788718359,2,16.171192174566645,8.620845679342043,79.59917463489313,15.608787511198187,0.0,120.0,0.0,0.8738289522399111,17.630016598282726,1,107,5,1,WAIT
dqn,52,132,08:00,120,96.90451718473672,8.300850328004238,88.60366685673247,4,45.39470363318998,8.620845679342043,65.98445068746797,0.0,0.0,119.99999999999999,1.4210854715202004e-14,0.8738289522399111,22.84288627062934,0,246,13,1,WAIT
dqn,53,132,08:00,120,124.17695195920373,7.37251707995671,116.80443487924703,2,36.99034794947602,0.0,83.00965205052398,0.0,0.0,120.0,0.0,0.0,21.06433451416203,0,100,9,0,WAIT
dqn,54,132,08:00,120,74.84378714638196,7.522913991463153,67.3208731549188,1,19.947628743938782,8.927614981596776,79.12393668174846,12.000819592715985,0.0,120.0,0.0,0.917734710087371,20.57630526552164,1,142,5,1,WAIT
dqn,55,132,08:00,120,97.31081414943114,8.251877587516098,89.05893656191503,4,17.653824182962136,18.28747737040173,82.34694895751896,1.7117494891171674,0.0,120.0,0.0,1.6967008553126803,21.88009225187617,1,236,6,2,WAIT
dqn,56,132,08:00,120,92.97390532650857,7.436710728033068,85.53719459847551,2,19.40314963400486,13.426087363367305,87.17076300262784,0.0,0.0,120.0,0.0,2.214263697456449,19.03348123978089,0,233,5,2,WAIT
dqn,57,132,08:00,120,131.12306251918693,8.40814208757992,122.71492043160701,3,8.75685550147325,12.796122591322748,98.447021907204,0.0,0.0,120.0,0.0,2.096008616124154,21.92725449124705,0,162,4,2,WAIT
dqn,58,132,08:00,120,91.05664023816593,8.132503462844866,82.92413677532106,3,23.432646937055026,25.145612249989995,63.02722391179262,8.394516901162348,0.0,119.99999999999999,1.4210854715202004e-14,3.149650750269314,20.086073429287445,1,236,7,2,WAIT
dqn,59,132,08:00,120,137.25237773352146,10.117989402307964,127.13438833121349,4,17.940101434520205,14.15499638883122,87.90490217664856,0.0,0.0,119.99999999999999,1.4210854715202004e-14,2.615548121056814,26.292993028394516,0,193,6,2,WAIT
dqn,60,132,08:00,120,140.58466662543802,9.386862519722836,131.1978041057152,4,19.453698950062805,14.635778489322073,83.90827275406674,2.0022498065483774,0.0,120.0,0.0,2.167251024911323,24.652356174296784,1,236,7,2,WAIT
dqn,61,132,08:00,120,81.54916127495665,6.944980727029402,74.60418054792724,2,13.283959229171828,9.03075740137676,97.68528336945141,0.0,0.0,120.0,0.0,0.6603151301624585,19.182486947064408,0,234,5,1,WAIT
dqn,62,132,08:00,120,145.99836102633913,7.833418493363925,138.1649425329752,3,11.403175913164867,7.101161514300252,87.44737249796229,14.048290074572591,0.0,120.0,0.0,0.8099048503132977,21.571290845012204,1,107,5,1,WAIT
dqn,63,132,08:00,120,112.35513716054245,6.840629454448944,105.51450770609351,4,26.50626913970218,19.08933395878369,74.40439690151413,0.0,0.0,120.0,0.0,1.7721352037978035,17.77252038034204,0,50,9,2,WAIT
dqn,64,132,08:00,120,97.66070720137586,7.583084061982215,90.07762313939364,2,14.58516387148806,13.467005092317272,91.94783103619466,0.0,0.0,119.99999999999999,1.4210854715202004e-14,2.214263697456449,19.451690765349884,0,237,5,2,WAIT
dqn,65,132,08:00,120,73.28166426860847,6.057005141583385,67.22465912702508,3,32.706344262496785,8.969308793627524,78.3243469438757,0.0,0.0,120.0,0.0,0.6603151301624585,16.645413845790074,0,246,8,1,WAIT
dqn,66,132,08:00,120,113.06686413749262,7.498878778492538,105.56798535900008,4,22.699852732884068,0.0,97.30014726711593,0.0,0.0,120.0,0.0,0.0,21.425367938550107,0,141,8,0,WAIT
dqn,67,132,08:00,120,109.9748328074806,8.49839176532967,101.47644104215092,3,11.489774647722156,0.0,108.51022535227784,0.0,0.0,120.0,0.0,0.0,24.281119329513345,0,137,4,0,WAIT
dqn,68,132,08:00,120,98.85253762513268,5.514319031572906,93.33821859355977,2,29.20833347570284,0.0,90.79166652429716,0.0,0.0,120.0,0.0,0.0,15.755197233065445,0,162,8,0,WAIT
dqn,69,132,08:00,120,84.3649948718851,7.067252688168828,77.29774218371628,2,47.05807013565113,9.359862388804956,60.70171640088982,2.880351074654101,0.0,120.0,0.0,0.7789661452253094,19.413184392399913,1,68,11,1,WAIT
dqn,70,132,08:00,120,123.93148649682009,8.897964076686327,115.03352242013376,3,19.01806329757955,32.396788362215645,68.58514834020481,0.0,0.0,120.0,0.0,3.6214801736958235,21.801274331122258,0,142,7,3,WAIT
dqn,71,132,08:00,120,86.85833115283988,7.261302249206473,79.5970289036334,2,13.880828203500421,18.417132092357818,84.6083074444403,3.0937322597014543,0.0,120.0,0.0,1.6967008553126803,19.049876999562958,1,142,5,2,WAIT
dqn,72,132,08:00,120,129.85330127345827,9.49894513461795,120.35435613884032,4,29.983700212334433,59.19599054352437,30.8203092441412,0.0,0.0,120.0,0.0,9.961767477036386,17.178075764729186,0,141,9,4,WAIT
dqn,73,132,08:00,120,95.00534427012164,9.396030933650346,85.60931333647129,3,9.618388548273241,0.0,110.38161145172677,0.0,0.0,120.00000000000001,-1.4210854715202004e-14,0.0,26.845802667572418,0,162,4,0,WAIT
dqn,74,132,08:00,120,111.33847569262024,8.560093465061463,102.77838222755878,3,15.475037984935161,8.743423085281362,89.61763614113953,6.163902788643952,0.0,120.0,0.0,0.8738289522399111,23.583580947935697,1,90,5,1,WAIT
dqn,75,132,08:00,120,103.9381321844611,6.612135703248174,97.32599648121293,2,21.61871690291366,7.9108873495541365,79.04382239917653,11.426573348355674,0.0,120.0,0.0,0.6461705751342853,18.245645719860498,1,230,6,1,WAIT
dqn,76,132,08:00,120,79.51451273650467,7.227797581344121,72.28671515516055,2,28.240335606146417,0.0,83.38920299977272,8.370461394080863,0.0,120.0,0.0,0.0,20.650850232411777,1,239,8,0,WAIT
dqn,77,132,08:00,120,108.41410586209606,7.277654205123402,101.13645165697267,3,9.568840615910702,15.062763827675738,82.55883243744931,12.809563118964249,0.0,120.0,0.0,1.5732410281108398,19.220056700813167,1,246,4,2,WAIT
dqn,78,132,08:00,120,126.16260678632612,7.2951862199802635,118.86742056634586,4,12.483309690121825,15.80178053713865,91.71490977273953,0.0,0.0,120.0,0.0,1.478378221096238,19.365010978847373,0,107,6,2,WAIT
dqn,79,132,08:00,120,115.50939274688145,6.9414393157878695,108.56795343109357,3,20.84534460653048,18.788216535533575,80.36643885793595,0.0,0.0,120.0,0.0,1.5579322904506188,18.27475146894329,0,163,6,2,WAIT
dqn,80,132,08:00,120,104.85505728832703,7.771911018281794,97.08314627004523,3,9.176715534987688,14.83816659610198,84.0380036145927,11.947114254317626,0.0,119.99999999999999,1.4210854715202004e-14,2.4650545668752764,19.740405485358423,1,230,5,2,WAIT
dqn,81,132,08:00,120,97.69609445218788,7.715274516684274,89.9808199355036,2,13.400823867859103,8.988777945629199,87.036191714962,10.5742064715497,0.0,120.0,0.0,0.917734710087371,21.12590676615341,1,142,5,1,WAIT
dqn,82,132,08:00,120,137.82371035634804,7.6216639316752754,130.20204642467277,4,7.3089339405586955,17.806662315795435,94.88440374364586,0.0,0.0,120.0,0.0,1.5032254509130585,20.272957211016305,0,163,5,2,WAIT
dqn,83,132,08:00,120,111.99026287686492,6.931248134537047,105.05901474232788,3,5.026559860347541,27.596325517327873,79.75878608920056,7.6183285331240285,0.0,120.0,0.0,2.891519115341953,16.912046983335326,1,186,4,3,WAIT
dqn,84,132,08:00,120,87.22583201068893,6.86433552394108,80.36149648674785,1,1.3580867574468931,0.0,113.30892865223902,5.332984590314084,0.0,120.0,0.0,0.0,19.61238721126023,1,230,2,0,WAIT
dqn,85,132,08:00,120,107.03730723150615,6.7316524480458915,100.30565478346026,3,10.745273027439001,8.904151745316087,100.3505752272449,0.0,0.0,120.0,0.0,0.6603151301624585,18.572977578540094,0,137,5,1,WAIT
dqn,86,132,08:00,120,116.30656932184917,8.606915697118817,107.69965362473035,3,26.725246746516735,36.52424831362583,56.750504939857436,0.0,0.0,120.0,0.0,3.9308376012476622,20.660350104806103,0,234,8,2,WAIT
dqn,87,132,08:00,120,53.31094973681765,5.520755613148811,47.79019412366884,2,19.92277192179067,29.312793571932673,11.8199124338762,58.94452207240046,0.0,120.0,0.0,8.321852223022558,7.451735243116904,1,132,6,3,WAIT
dqn,88,132,08:00,120,85.91709879603768,6.766569583989041,79.15052921204864,2,10.167510988568207,0.0,105.63843996214057,4.194049049291223,0.0,120.0,0.0,0.0,19.3330559542544,1,48,4,0,WAIT
dqn,89,132,08:00,120,123.42150049921673,9.2522459141957,114.16925458502104,3,6.717147488240055,12.796122591322748,100.4867299204372,0.0,0.0,120.0,0.0,2.096008616124154,24.338979710149278,0,262,4,2,WAIT
dqn,90,132,08:00,120,88.48781402434996,6.67429178004899,81.81352224430097,4,27.371473272784105,19.07040445979738,73.55812226741853,0.0,0.0,120.00000000000001,-1.4210854715202004e-14,1.7721352037978035,17.297269882056458,0,48,9,2,WAIT
dqn,91,132,08:00,120,101.25741129029231,8.19813913977913,93.05927215051318,2,20.36891032543246,18.354807260574322,81.27628241399321,0.0,0.0,120.0,0.0,2.2545195719585736,21.168735113124654,0,137,6,1,WAIT
dqn,92,132,08:00,120,94.40445635389116,8.084342921681936,86.32011343220923,2,20.993193596529323,0.0,99.00680640347068,0.0,0.0,120.0,0.0,0.0,23.09812263337696,0,230,6,0,WAIT
dqn,93,132,08:00,120,82.1473160412425,5.483725225915364,76.66359081532714,1,44.93796516109415,0.0,75.06203483890584,0.0,0.0,120.0,0.0,0.0,15.667786359758184,0,170,10,0,WAIT
dqn,94,132,08:00,120,112.00845305997728,7.154393130636187,104.8540599293411,2,21.494715344355097,0.0,96.78301701964698,1.7222676359979232,0.0,120.0,0.0,0.0,20.44112323038911,1,238,6,0,WAIT
dqn,95,132,08:00,120,186.17683010140644,8.249822036401524,177.9270080650049,5,21.341363595313208,14.763571920228202,80.6591569925674,3.235907491891183,0.0,120.0,0.0,1.6822183777610094,21.888701726243347,1,229,8,2,WAIT
dqn,96,132,08:00,120,153.00130511105317,11.79464127255968,141.20666383849348,3,22.311621947284348,14.760664742229245,64.92683736598894,18.000875944497466,0.0,120.0,0.0,2.167251024911323,31.531724039544905,1,142,7,2,WAIT
dqn,97,132,08:00,120,122.15752733892158,8.101551407013089,114.05597593190849,6,25.767947753560215,10.972085605136867,82.64798604765458,0.6119805936483544,0.0,120.00000000000003,-2.842170943040401e-14,1.3241256623769873,21.823164071946128,1,263,10,1,WAIT
dqn,98,132,08:00,120,140.4046591952546,7.08040401230039,133.3242551829542,4,23.59110187010431,0.0,96.4088981298957,0.0,0.0,120.00000000000001,-1.4210854715202004e-14,0.0,20.229725749429683,0,170,9,0,WAIT
dqn,99,132,08:00,120,115.71728415327284,9.232811444652137,106.4844727086207,4,8.14689044182223,20.560812416330474,91.29229714184729,0.0,0.0,119.99999999999999,1.4210854715202004e-14,5.18155674214191,21.197904528292767,0,170,5,1,WAIT
dqn,100,132,08:00,120,104.14495619657467,6.8029579381466405,97.34199825842802,2,7.194996507881398,8.743423085281362,90.76983970166172,13.291740705175528,0.0,120.00000000000001,-1.4210854715202004e-14,0.8738289522399111,18.563193728179062,1,186,4,1,WAIT
dqn,101,132,08:00,120,140.64107968950907,9.715912502612122,130.92516718689694,6,18.97759718037512,15.51162706570366,69.39318109340286,16.117594660518378,0.0,120.00000000000001,-1.4210854715202004e-14,1.8115451422202535,25.94820486524296,1,230,9,1,WAIT
dqn,102,132,08:00,120,117.85713802277198,8.92074504129846,108.93639298147352,3,25.34518299300074,5.833049760632471,88.82176724636682,0.0,0.0,120.00000000000003,-2.842170943040401e-14,1.249516314823952,24.238326660314502,0,33,7,1,WAIT
dqn,103,132,08:00,120,94.7653065301405,7.379065728176751,87.38624080196375,2,10.841212471956059,17.609623624971242,82.07477030147405,9.474393601598663,0.0,120.00000000000001,-1.4210854715202004e-14,1.791563662327282,19.291481275320578,1,142,4,2,WAIT
dqn,104,132,08:00,120,137.35192067653207,8.05515573007952,129.29676494645256,5,18.40959817287336,0.0,101.59040182712664,0.0,0.0,120.0,0.0,0.0,23.014730657370055,0,162,7,0,WAIT
dqn,105,132,08:00,120,132.23850393031353,10.823975472950643,121.41452845736288,4,9.282732488547289,21.48148841193867,89.23577909951405,0.0,0.0,120.0,0.0,2.2225301219820652,28.70311408644835,0,161,6,2,WAIT
dqn,106,132,08:00,120,86.21851781138962,5.41997834751308,80.79853946387654,1,0.56719629986601,0.0,103.09144317488264,16.341360525251346,0.0,120.0,0.0,0.0,15.485652421465943,1,48,2,0,WAIT
dqn,107,132,08:00,120,61.017103200454194,7.8794116249228265,53.13769157553137,3,18.127716239869258,44.82221731638113,57.05006644374961,0.0,0.0,120.0,0.0,8.944840692759193,13.567763949877456,0,37,6,2,WAIT
dqn,108,132,08:00,120,109.91510494643168,8.24983229356131,101.66527265287037,4,15.922935711951185,24.267102004546985,79.63946665852444,0.17049562497741988,0.0,120.00000000000003,-2.842170943040401e-14,3.2229551770406637,20.347994233134507,1,239,6,3,WAIT
dqn,109,132,08:00,120,96.05252276016878,8.599012550511983,87.4535102096568,4,8.584691153986583,33.034271515943836,71.17723317882786,7.203804151241712,0.0,120.0,0.0,4.203930787738084,20.364676499439014,1,202,5,3,WAIT
dqn,110,132,08:00,120,98.12387828149492,7.839036681673703,90.28484159982122,3,8.192757651009753,11.265045531247512,96.4501266860139,4.092070131728832,0.0,120.0,0.0,1.8452177467053261,20.552029915219542,1,229,4,2,WAIT
dqn,111,132,08:00,120,90.30935960472256,6.438988428715249,83.87037117600731,2,5.237036120802733,0.0,114.76296387919726,0.0,0.0,119.99999999999999,1.4210854715202004e-14,0.0,18.397109796329282,0,75,3,0,WAIT
dqn,112,132,08:00,120,129.96481318736468,7.3563182168000845,122.60849497056459,4,28.14934878582133,29.118524062755164,62.732127151423484,0.0,0.0,119.99999999999997,2.842170943040401e-14,2.4677427228351134,18.55030932516513,0,233,8,2,WAIT
dqn,113,132,08:00,120,130.8941464590205,9.37407383254182,121.52007262647868,3,18.317985810301206,9.492947667702593,92.1890665219962,0.0,0.0,120.0,0.0,0.7789661452253094,26.004101947751323,0,48,6,1,WAIT
dqn,114,132,08:00,120,101.75989004351507,10.403729158954734,91.35616088456034,3,13.383931117382833,20.560812416330474,67.94968005233513,18.105576413951567,0.0,120.0,0.0,5.18155674214191,24.543383712014474,1,142,5,1,WAIT
dqn,115,132,08:00,120,123.26032300624871,8.012663937714535,115.24765906853418,3,17.788868196128767,18.315869219339433,82.45047536444754,1.444787220084251,0.0,119.99999999999999,1.4210854715202004e-14,2.2545195719585736,20.638805964368668,1,43,6,1,WAIT
dqn,116,132,08:00,120,129.13160675205873,10.804401737230307,118.32720501482842,3,9.685350848468502,6.741473561660252,81.40325491481536,22.169920675055877,0.0,119.99999999999999,1.4210854715202004e-14,0.8951311783107404,29.974588070918713,1,138,4,1,WAIT
dqn,117,132,08:00,120,179.28367499970523,8.469464005151757,170.81421099455346,5,12.287840779746908,0.0,100.73811453439066,6.974044685862438,0.0,120.00000000000001,-1.4210854715202004e-14,0.0,24.198468586147875,1,186,7,0,WAIT
dqn,118,132,08:00,120,111.56840905285122,7.799016917002309,103.76939213584892,3,49.04223983452731,11.580017070854602,59.37774309461808,0.0,0.0,120.0,0.0,1.269745182208421,21.013160294941034,0,229,13,1,WAIT
dqn,119,132,08:00,120,112.9967399435599,7.894401278459538,105.10233866510036,2,24.333019398283632,0.0,95.66698060171636,0.0,0.0,120.0,0.0,0.0,22.55543222417011,0,229,7,0,WAIT
dqn,120,132,08:00,120,92.61753834188869,7.3572274068535,85.26031093503519,2,7.762739176660958,14.987664138762327,93.80986395915156,3.4397327254251593,0.0,120.0,0.0,2.4650545668752764,18.555595166991868,1,162,3,2,WAIT
dqn,121,132,08:00,120,76.52232804200962,6.6063709795767025,69.91595706243291,2,6.288059160797864,9.42835414672862,94.18171169593681,10.101874996536708,0.0,120.0,0.0,0.7789661452253094,18.09637951070813,1,48,3,1,WAIT
dqn,122,132,08:00,120,121.37335126311498,8.933707769294795,112.43964349382018,4,18.60906088038452,29.619852791821835,61.73735706681477,10.033729260978873,0.0,120.0,0.0,4.0997373186639,21.425142022178377,1,141,6,3,WAIT
dqn,123,132,08:00,120,99.3100329791833,8.12124424135848,91.18878873782482,3,8.713212219951146,20.707009940876883,87.64637420735666,2.9334036318153096,0.0,120.0,0.0,2.7421791912584386,20.461375784051505,1,236,4,3,WAIT
dqn,124,132,08:00,120,107.75722318725458,8.023261076782223,99.73396211047236,4,22.5061461969544,18.354807260574322,68.83340374207269,10.305642800398587,0.0,120.0,0.0,2.2545195719585736,20.669083504562064,1,236,7,1,WAIT
dqn,125,132,08:00,120,104.15128755786014,7.0099861703108175,97.14130138754933,3,25.156816634612507,8.927614981596776,78.91448685799514,7.00108152579557,0.0,120.0,0.0,0.917734710087371,19.110797205086392,1,68,8,1,WAIT
dqn,126,132,08:00,120,78.86495763181672,6.213702429064899,72.65125520275183,1,26.90748997522815,0.0,82.17870280030569,10.913807224466169,0.0,120.0,0.0,0.0,17.753435511613997,1,141,7,0,WAIT
dqn,127,132,08:00,120,112.91597781452953,7.337476136122113,105.5785016784074,4,25.663883570962856,35.604575701256,58.73154072778114,0.0,0.0,120.0,0.0,3.167154798706042,17.797062733071424,0,161,8,3,WAIT
dqn,128,132,08:00,120,113.92427451298391,8.375107741691794,105.54916677129212,4,24.04223144352649,17.12820004384205,78.82956851263143,0.0,0.0,119.99999999999997,2.842170943040401e-14,1.9059097754587193,22.022969486517834,0,234,7,2,WAIT
dqn,129,132,08:00,120,102.22726495520064,8.627793818757443,93.5994711364432,2,12.128069963902629,11.213981325470838,83.80435370115626,12.853595009470268,0.0,120.0,0.0,1.8452177467053261,22.8056217354588,1,141,4,2,WAIT
dqn,130,132,08:00,120,130.27987811064347,7.144862663936952,123.13501544670652,4,37.664545309860856,8.923081244302397,73.41237344583675,0.0,0.0,120.0,0.0,0.6603151301624585,19.753578195371695,0,230,10,1,WAIT
dqn,131,132,08:00,120,98.13308243426812,7.687179769400356,90.44590266486776,2,14.559636037602145,0.0,86.4428104850819,18.997553477315947,0.0,120.0,0.0,0.0,21.963370769715304,1,263,5,0,WAIT
dqn,132,132,08:00,120,126.59905268578724,8.416619019362509,118.18243366642473,3,27.66074241915711,8.969308793627524,83.36994878721536,0.0,0.0,120.0,0.0,0.6603151301624585,23.387167782301855,0,231,8,1,WAIT
dqn,133,132,08:00,120,118.82801061805117,7.761885660635339,111.06612495741582,4,15.171964931953987,15.80178053713865,89.02625453090735,0.0,0.0,119.99999999999999,1.4210854715202004e-14,1.478378221096238,20.698437952147593,0,246,6,2,WAIT
dqn,134,132,08:00,120,119.12481492496106,8.466841310874996,110.65797361408606,3,14.194223061620958,27.18028068457354,64.36060276227332,14.264893491532192,0.0,120.00000000000001,-1.4210854715202004e-14,2.0995964055502263,22.091378768378334,1,186,6,3,WAIT
dqn,135,132,08:00,120,103.60132016635818,7.171769244866867,96.42955092149131,3,14.7121189715597,17.934909146692846,87.35297188174746,0.0,0.0,120.00000000000001,-1.4210854715202004e-14,1.320630260324917,19.17013901072328,0,230,5,2,WAIT
dqn,136,132,08:00,120,96.81497552670649,6.460635257055866,90.35434026965062,3,35.65323467000042,9.359862388804956,72.00639863456087,2.9805043066337475,0.0,120.0,0.0,0.7789661452253094,17.679991732077166,1,142,9,1,WAIT
dqn,137,132,08:00,120,75.51487879168023,7.447214672821049,68.06766411885918,3,31.523567247149295,16.81128632109509,71.6651464317556,0.0,0.0,119.99999999999999,1.4210854715202004e-14,1.4890808958848853,19.788675312175258,0,113,9,2,WAIT
dqn,138,132,08:00,120,114.78322015212363,7.142445131970216,107.64077502015341,3,25.191060057723227,7.671941119613243,86.70722025119478,0.4297785714687592,0.0,120.00000000000001,-1.4210854715202004e-14,1.0719124264451367,19.335073664898335,1,161,7,1,WAIT
dqn,139,132,08:00,120,125.78837072513704,8.666378631181773,117.12199209395527,3,16.258666477746427,15.51162706570366,88.22970645654992,0.0,0.0,120.0,0.0,1.8115451422202535,22.94953666115624,0,162,6,1,WAIT
dqn,140,132,08:00,120,115.82953841853622,8.407972398005084,107.42156602053113,4,20.882446745044586,32.1794961046174,66.93805715033801,0.0,0.0,120.0,0.0,4.4914015032705965,19.531376776743937,0,193,8,4,WAIT
dqn,141,132,08:00,120,85.82574220327943,6.790661746227924,79.0350804570515,1,22.648509253335302,8.927614981596776,88.42387576506792,0.0,0.0,120.0,0.0,0.917734710087371,18.484155993420984,0,142,6,1,WAIT
dqn,142,132,08:00,120,165.99732027200105,12.262775099585859,153.73454517241518,4,33.58375518665583,42.46095985850961,43.95528495483459,0.0,0.0,120.00000000000003,-2.842170943040401e-14,7.329110438033986,27.70738984649705,0,141,10,3,WAIT
dqn,143,132,08:00,120,132.85166552292674,9.12385687464443,123.7278086482823,5,25.616214195553553,0.0,94.38378580444646,0.0,0.0,120.00000000000001,-1.4210854715202004e-14,0.0,26.068162498984083,0,161,8,0,WAIT
dqn,144,132,08:00,120,0.0,0.0,0.0,0,0.0182630394115739,0.0,0.0,119.98173696058842,0.0,120.0,0.0,0.0,0.0,1,132,1,0,WAIT
dqn,145,132,08:00,120,143.71395821096814,10.411076096462743,133.3028821145054,5,23.681452659559476,12.703099733388333,77.57475389569183,6.040693711360348,0.0,119.99999999999999,1.4210854715202004e-14,1.86356678339283,27.882364920786433,1,141,8,3,WAIT
dqn,146,132,08:00,120,125.06517702479854,8.742770709213646,116.3224063155849,3,26.54209701247425,27.636481541264185,65.82142144626157,0.0,0.0,120.0,0.0,3.8225239006848097,21.156820982782758,0,161,8,3,WAIT
dqn,147,132,08:00,120,98.89686973066458,6.40159603604596,92.49527369461862,2,16.5058857230202,9.42835414672862,94.06576013025118,0.0,0.0,120.0,0.0,0.7789661452253094,17.511308243477433,0,143,4,1,WAIT
dqn,148,132,08:00,120,156.41951894010455,9.090249440907755,147.3292694991968,5,19.05268669851379,18.73761087963253,74.11423337882029,8.09546904303339,0.0,120.0,0.0,1.8660136040032111,24.106127655733243,1,249,7,2,WAIT
dqn,149,132,08:00,120,128.40248253756184,8.990610517686648,119.41187201987519,4,18.536807431979536,15.261403907361089,85.16911768337705,1.0326709772823222,0.0,120.0,0.0,2.0284824600492612,23.65897616191259,1,230,7,2,WAIT
dqn,150,132,08:00,120,109.45227893051249,6.882413711138582,102.56986521937391,4,17.406628824556304,7.968776083255511,92.88173172487237,1.7428633673158203,0.0,120.0,0.0,0.6461705751342853,19.01786859954738,1,142,6,1,WAIT
dqn,151,132,08:00,120,92.5860271958936,8.118532575797941,84.46749462009566,3,36.12808048361698,16.432235039792587,67.43968447659043,0.0,0.0,120.0,0.0,2.146993666498367,21.048813692924323,0,202,9,2,WAIT
dqn,152,132,08:00,120,162.64896185004943,7.850966375995308,154.79799547405412,3,15.52301176242156,8.927614981596776,95.54937325598166,0.0,0.0,120.0,0.0,0.917734710087371,21.513597792756364,0,162,5,1,WAIT
dqn,153,132,08:00,120,114.91587786558183,8.957362315219873,105.95851555036197,3,8.88177591635362,24.347526527567283,82.91808632969226,3.8526112263868413,0.0,120.0,0.0,3.244020712100586,22.34844304567048,1,239,5,3,WAIT
dqn,154,132,08:00,120,112.61831891610545,7.6211072200373415,104.9972116960681,3,35.07633032923882,0.0,82.26350274672491,2.660166924036261,0.0,119.99999999999999,1.4210854715202004e-14,0.0,21.77459205724955,1,170,9,0,WAIT
dqn,155,132,08:00,120,97.23567398278358,7.163168928410892,90.07250505437268,3,10.952761029272803,9.492947667702593,99.5542913030246,0.0,0.0,120.0,0.0,0.7789661452253094,19.687230793091526,0,246,4,1,WAIT
dqn,156,132,08:00,120,106.97116693276556,7.567494073350588,99.40367285941497,2,15.465715295417727,18.315869219339433,86.21841548524284,0.0,0.0,120.0,0.0,2.2545195719585736,19.366892066185965,0,233,5,1,WAIT
dqn,157,132,08:00,120,104.19344181810024,7.75041550344102,96.44302631465922,3,24.17176915006548,18.043791995115093,77.78443885481944,0.0,0.0,120.00000000000001,-1.4210854715202004e-14,1.6527950974652206,20.49124919808055,0,234,8,2,WAIT
dqn,158,132,08:00,120,124.73147815910932,7.508428370923173,117.22304978818615,5,19.407234476028073,0.0,99.01219849413926,1.5805670298326788,0.0,120.0,0.0,0.0,21.452652488351923,1,141,6,0,WAIT
dqn,159,132,08:00,120,132.67858583655644,7.439073693127335,125.2395121434291,4,29.722227362469226,18.315869219339433,71.96190341819133,0.0,0.0,119.99999999999999,1.4210854715202004e-14,2.2545195719585736,18.999976694119525,0,237,9,1,WAIT
dqn,160,132,08:00,120,78.79062656087903,5.501362678889511,73.28926388198953,4,43.77389828923612,24.52228231091303,51.70381939985084,0.0,0.0,120.0,0.0,4.476456766917293,11.24172231562417,0,95,12,2,WAIT
dqn,161,132,08:00,120,92.65540794892487,6.341090925117565,86.3143170238073,2,14.221807533981828,8.904151745316087,96.8740407207021,0.0,0.0,120.00000000000001,-1.4210854715202004e-14,0.6603151301624585,17.457087513030586,0,162,5,1,WAIT
dqn,162,132,08:00,120,107.52156666983417,7.344807752426757,100.17675891740741,3,29.76410094424076,0.0,90.23589905575923,0.0,0.0,120.0,0.0,0.0,20.98516500693359,0,238,9,0,WAIT
dqn,163,132,08:00,120,114.02647577505876,7.913148994339884,106.11332678071888,3,21.818525406338704,22.155984980127702,76.0254896135336,0.0,0.0,120.0,0.0,2.8749747613494634,19.734022365335917,0,162,7,3,WAIT
dqn,164,132,08:00,120,105.47157937050015,6.036717211797924,99.43486215870223,3,20.196289272106586,8.969308793627524,88.24635442964046,2.588047504625436,0.0,120.00000000000001,-1.4210854715202004e-14,0.6603151301624585,16.587448332117326,1,230,6,1,WAIT
dqn,165,132,08:00,120,104.98116866254685,5.894495770628936,99.08667289191791,2,20.26694183489966,0.0,99.73305816510035,0.0,0.0,120.0,0.0,0.0,16.841416487511246,0,141,6,0,WAIT
dqn,166,132,08:00,120,126.98495653800383,8.680358523544209,118.30459801445961,5,20.704626334089088,0.0,99.29537366591092,0.0,0.0,120.0,0.0,0.0,24.801024352983454,0,163,9,0,WAIT
dqn,167,132,08:00,120,120.9909905984014,8.003674495223457,112.98731610317793,4,41.16155169547465,9.359862388804956,66.95941671091279,2.5191692048075964,0.0,119.99999999999999,1.4210854715202004e-14,0.7789661452253094,22.088675269698857,1,238,11,1,WAIT
dqn,168,132,08:00,120,112.4805369106393,8.23237813643861,104.24815877420069,3,21.927940083454054,0.0,98.07205991654592,0.0,0.0,119.99999999999997,2.842170943040401e-14,0.0,23.5210803898246,0,140,7,0,WAIT
dqn,169,132,08:00,120,205.18748560811554,10.705457385491524,194.48202822262402,5,19.61264222660223,0.0,100.38735777339777,0.0,0.0,120.0,0.0,0.0,30.58702110140436,0,161,8,0,WAIT
dqn,170,132,08:00,120,109.89373334200633,7.602024947911385,102.29170839409494,3,5.003511588182489,9.42835414672862,105.56813426508889,0.0,0.0,120.0,0.0,0.7789661452253094,20.941105134521504,0,186,4,1,WAIT
dqn,171,132,08:00,120,102.50950409780361,8.239920888784063,94.26958320901954,3,33.72896966576346,8.927614981596776,77.34341535263975,0.0,0.0,119.99999999999999,1.4210854715202004e-14,0.917734710087371,22.62489640072424,0,170,10,1,WAIT
dqn,172,132,08:00,120,109.06287470883628,10.30602433604833,98.75685037278795,4,25.791082901531425,7.504620058195813,78.71351391703548,7.990783123237279,0.0,120.0,0.0,1.229258956410996,28.21652486086995,1,202,8,1,WAIT
dqn,173,132,08:00,120,101.61078549020598,9.66606797678432,91.94471751342166,3,38.42142015929575,6.725824567332371,74.55218791850866,0.30056735486321884,0.0,120.0,0.0,0.7044231211215812,26.912913955405045,1,142,10,1,WAIT
dqn,174,132,08:00,120,100.57165532634212,6.821821601727448,93.74983372461467,2,21.378616441668342,9.359862388804956,81.41130864256051,7.850212526966189,0.0,120.0,0.0,0.7789661452253094,18.711952716853116,1,161,7,1,WAIT
dqn,175,132,08:00,120,104.76810961376506,7.557500849498261,97.2106087642668,2,16.0994868905072,7.504620058195813,96.395893051297,0.0,0.0,120.0,0.0,1.229258956410996,20.363600613584037,0,202,5,1,WAIT
dqn,176,132,08:00,120,95.75074164659046,6.247588346623245,89.50315329996721,2,27.899979321903505,18.788216535533575,57.288969463025076,16.022834679537837,0.0,119.99999999999999,1.4210854715202004e-14,1.5579322904506188,16.292320128472937,1,48,7,2,WAIT
dqn,177,132,08:00,120,99.81020915074936,8.644960804320919,91.16524834642844,5,10.673291217091077,28.518853493915287,73.74923309781872,7.058622191174919,0.0,120.0,0.0,3.3959655831725297,21.303922429172953,1,202,6,3,WAIT
dqn,178,132,08:00,120,121.5143013349423,9.95760884869483,111.55669248624747,4,22.075016628203826,20.217123671527045,77.70785970026913,0.0,0.0,120.0,0.0,5.18155674214191,23.26875425412904,0,166,8,2,WAIT
dqn,179,132,08:00,120,125.42605332408847,7.389694068067612,118.03635925602086,3,16.66823745169972,8.904151745316087,94.42761080298419,0.0,0.0,120.0,0.0,0.6603151301624585,20.453096492887866,0,237,6,1,WAIT
dqn,180,132,08:00,120,94.4980749576003,8.278436117197986,86.21963884040231,3,26.307775411818604,0.0,76.79053088918573,16.901693698995672,0.0,120.0,0.0,0.0,23.652674620565676,1,170,7,0,WAIT
dqn,181,132,08:00,120,141.69679091755233,8.54568456386431,133.15110635368802,5,8.858808516109836,13.426087363367305,97.71510412052285,0.0,0.0,120.0,0.0,2.214263697456449,22.201977913584443,0,143,6,2,WAIT
dqn,182,132,08:00,120,101.9998570826705,6.257171926487178,95.74268515618333,2,5.00159316798742,0.0,114.99840683201258,0.0,0.0,120.0,0.0,0.0,17.87763407567765,0,68,3,0,WAIT
dqn,183,132,08:00,120,109.69680939711377,6.341714141100551,103.35509525601321,2,18.13258530375944,8.904151745316087,80.61700263765962,12.346260313264835,0.0,119.99999999999999,1.4210854715202004e-14,0.6603151301624585,17.458868130124834,1,246,6,1,WAIT
dqn,184,132,08:00,120,105.04680176629061,7.663176080485353,97.38362568580526,3,9.380214087909868,17.50442675083508,93.11535916125504,0.0,0.0,120.0,0.0,1.716739272990511,20.178049528396212,0,163,4,2,WAIT
dqn,185,132,08:00,120,117.23143597760755,6.977324922339079,110.25411105526847,3,31.58376831049815,18.210971890946013,70.20525979855584,0.0,0.0,120.0,0.0,1.439281275387768,18.49593278843818,0,170,9,2,WAIT
dqn,186,132,08:00,120,105.50361238938487,8.80270884312035,96.70090354626453,4,15.33304114437109,31.018968952727768,73.64798990290117,0.0,0.0,120.00000000000003,-2.842170943040401e-14,4.118086355351404,21.032510339278165,0,236,6,4,WAIT
dqn,187,132,08:00,120,94.71386932645096,8.373407716956002,86.34046160949495,4,15.22495767034267,23.499772846058605,66.54002538128934,14.73524410230938,0.0,119.99999999999999,1.4210854715202004e-14,3.1253696970377347,20.79865235140799,1,229,7,3,WAIT
dqn,188,132,08:00,120,173.2745043593382,12.051792894280005,161.2227114650582,2,19.957987026629166,0.0,97.19432160104071,2.8476913723301323,0.0,120.00000000000001,-1.4210854715202004e-14,0.0,34.43369398365716,1,132,6,0,WAIT
dqn,189,132,08:00,120,99.25806853077773,6.727812370904187,92.53025615987355,2,8.93411267724329,9.03075740137676,102.03512992137996,0.0,0.0,120.00000000000001,-1.4210854715202004e-14,0.6603151301624585,18.562005929563792,0,233,4,1,WAIT
dqn,190,132,08:00,120,86.43658695946334,7.430205102522359,79.00638185694098,2,15.026312592442478,8.927614981596776,82.48687535161359,13.55919707434714,0.0,119.99999999999999,1.4210854715202004e-14,0.917734710087371,20.3114227256908,1,161,5,1,WAIT
dqn,191,132,08:00,120,96.75255829014897,7.023876416876209,89.72868187327276,2,19.170553386796733,0.0,95.88186158875833,4.947585024444933,0.0,119.99999999999999,1.4210854715202004e-14,0.0,20.068218333932027,1,142,6,0,WAIT
dqn,192,132,08:00,120,103.28550515776831,7.14886306698991,96.13664209077841,2,14.367208515457614,9.42835414672862,96.20443733781377,0.0,0.0,120.0,0.0,0.7789661452253094,19.64635690331729,0,237,5,1,WAIT
dqn,193,132,08:00,120,155.16482501120342,10.959208123270674,144.20561688793273,5,22.123858593833795,29.882490385525234,67.99365102064098,0.0,0.0,120.00000000000001,-1.4210854715202004e-14,6.500481226066666,24.811541983278122,0,233,8,4,WAIT
dqn,194,132,08:00,120,100.29253477204853,6.891547122185577,93.40098764986296,2,6.4626352267504465,2.1795339869774595,111.35783078627209,0.0,0.0,120.0,0.0,0.3524768147877595,19.337657820028177,0,202,4,1,WAIT
dqn,195,132,08:00,120,106.35409715173036,8.60872848617214,97.74536866555822,3,10.378569345691528,14.881553721370418,83.10608945718067,11.633787475757359,0.0,119.99999999999999,1.4210854715202004e-14,2.4650545668752764,22.131312536473697,1,233,5,2,WAIT
dqn,196,132,08:00,120,84.33998334854425,6.411511732704503,77.92847161583975,1,36.80696258268791,8.927614981596776,74.26542243571531,0.0,0.0,120.0,0.0,0.917734710087371,17.400870240496925,0,142,9,1,WAIT
dqn,197,132,08:00,120,82.75427360610175,7.871079924844624,74.88319368125713,2,16.283549465413437,0.0,103.71645053458657,0.0,0.0,120.0,0.0,0.0,22.488799785270356,0,90,5,0,WAIT
dqn,198,132,08:00,120,132.88589382817474,8.2195051870066,124.66638864116814,4,14.040818833663865,20.75046134007464,85.2087198262615,0.0,0.0,120.0,0.0,3.4334901719573665,20.050810362347214,0,237,6,4,WAIT
dqn,199,132,08:00,120,130.46162571288528,8.444593713191498,122.01703199969378,3,20.133373714121852,22.155984980127702,77.71064130575044,0.0,0.0,120.0,0.0,2.8749747613494634,21.252435847769103,0,141,6,3,WAIT
dqn,200,132,08:00,120,112.5235147365295,7.317978005847664,105.20553673068184,3,15.840953517526115,17.806662315795435,79.68672209501996,6.665662071658488,0.0,120.0,0.0,1.5032254509130585,19.40528313722313,1,162,6,2,WAIT
dqn,201,132,08:00,120,92.74405193769019,6.26840704034862,86.47564489734157,3,12.716697961907375,9.492947667702593,97.79035437039005,0.0,0.0,120.00000000000001,-1.4210854715202004e-14,0.7789661452253094,17.13076825577075,0,142,5,1,WAIT
dqn,202,132,08:00,120,101.52468668542197,7.385514529158596,94.13917215626337,3,18.90905083645639,9.107151241954677,85.38544538581965,6.598352535769266,0.0,119.99999999999999,1.4210854715202004e-14,0.9973656773476055,20.10410440596267,1,170,6,1,WAIT
dqn,203,132,08:00,120,135.45616655860755,9.66111405615659,125.79505250245096,6,22.944903071060608,17.72274331174076,79.33235361719863,0.0,0.0,120.0,0.0,2.078134607729519,25.525048409860734,0,236,9,2,WAIT
dqn,204,132,08:00,120,94.73178607925647,6.4817736158319565,88.25001246342451,2,20.78137324998641,12.734640371915892,86.48398637809771,0.0,0.0,120.00000000000001,-1.4210854715202004e-14,2.096008616124154,16.42334457196715,0,141,5,2,WAIT
dqn,205,132,08:00,120,92.6693791287357,6.000833307408728,86.66854582132697,1,4.221377571816853,8.683929606310135,88.8113639772613,18.283328844611717,0.0,120.0,0.0,0.8738289522399111,16.271409068927884,1,186,2,1,WAIT
dqn,206,132,08:00,120,92.65607224269739,8.3123263003842,84.34374594231319,3,7.035925756726314,13.426087363367305,90.2427882858824,9.295198594023958,0.0,119.99999999999997,2.842170943040401e-14,2.214263697456449,21.535240017926984,1,75,4,2,WAIT
dqn,207,132,08:00,120,83.33823944272348,6.718855931349352,76.61938351137412,2,9.624830161784516,9.492947667702593,100.88222217051289,0.0,0.0,120.0,0.0,0.7789661452253094,18.417765087201413,0,237,4,1,WAIT
dqn,208,132,08:00,120,143.19367800872195,8.101533022875088,135.09214498584686,4,27.65424569606913,11.213981325470838,81.13177297846002,0.0,0.0,119.99999999999999,1.4210854715202004e-14,1.8452177467053261,21.302019461509214,0,237,8,2,WAIT
dqn,209,132,08:00,120,104.54791478579779,6.922446999082613,97.62546778671518,2,41.63806353277087,16.422500215793345,61.939436251435794,0.0,0.0,120.00000000000001,-1.4210854715202004e-14,1.9773061539794832,17.80111384339941,0,170,9,1,WAIT
dqn,210,132,08:00,120,81.34252002137637,6.809488067168377,74.533031954208,2,13.721584181467941,11.313390058663474,85.34889883336452,9.61612692650408,0.0,120.00000000000001,-1.4210854715202004e-14,1.8452177467053261,17.610462445204323,1,141,5,2,WAIT
dqn,211,132,08:00,120,132.01797660465093,9.48172957293863,122.53624703171229,4,31.82758494101896,17.09360658975479,71.07880846922626,0.0,0.0,120.0,0.0,2.09559134432872,24.995064578353084,0,163,10,2,WAIT
dqn,212,132,08:00,120,110.12596929300068,8.245543787569419,101.88042550543126,3,16.3195506026523,7.504620058195813,91.32186597319145,4.853963365960425,0.0,119.99999999999999,1.4210854715202004e-14,1.229258956410996,22.329437579501633,1,202,6,1,WAIT
dqn,213,132,08:00,120,106.16194508723292,7.9773711776487755,98.18457390958415,3,27.89955284886984,0.0,92.10044715113015,0.0,0.0,120.0,0.0,0.0,22.792489078996503,0,142,7,0,WAIT
dqn,214,132,08:00,120,83.3003165501717,6.665131355789684,76.63518519438202,2,2.599628041786042,17.892929690945287,84.77345642815496,14.733985839113743,0.0,120.00000000000003,-2.842170943040401e-14,1.5780498402498293,17.465182604863553,1,142,3,2,WAIT
dqn,215,132,08:00,120,132.61235015591825,7.04246925938443,125.56988089653382,4,10.075382301869617,15.924688848298988,93.99992884983139,0.0,0.0,120.0,0.0,1.4702199804757563,18.65112076062262,0,79,6,2,WAIT
dqn,216,132,08:00,120,107.57810337127093,7.838548967950043,99.73955440332088,3,29.37545409814569,14.760664742229245,75.86388115962507,0.0,0.0,120.0,0.0,2.167251024911323,20.228603169231654,0,238,8,2,WAIT
dqn,217,132,08:00,120,70.95695999070144,6.252576148224087,64.70438384247734,1,13.097923070637847,0.0,106.90207692936215,0.0,0.0,120.0,0.0,0.0,17.86450328064025,0,164,3,0,WAIT
dqn,218,132,08:00,120,119.30330241208343,7.218489560408853,112.08481285167457,4,15.784134702676146,23.869827654114758,73.6617306878154,6.68430695539368,0.0,120.0,0.0,3.1253696970377347,17.498886189844708,1,236,6,3,WAIT
dqn,219,132,08:00,120,88.21421060211222,8.045395067701298,80.16881553441092,4,16.84629304240552,8.683929606310135,94.46977735128435,0.0,0.0,120.0,0.0,0.8738289522399111,22.11301409833523,0,249,7,1,WAIT
dqn,220,132,08:00,120,79.06605301500431,6.941899616336748,72.12415339866757,2,8.785992245006744,9.42835414672862,101.78565360826464,0.0,0.0,120.0,0.0,0.7789661452253094,19.055032758593974,0,68,3,1,WAIT
dqn,221,132,08:00,120,106.57132472229033,7.745533834648756,98.82579088764157,2,10.608682733395934,8.683929606310135,100.70738766029393,0.0,0.0,120.0,0.0,0.8738289522399111,21.256267718185107,0,231,4,1,WAIT
dqn,222,132,08:00,120,90.32319717112503,6.502711787860536,83.8204853832645,2,8.789779168415189,0.0,110.24802139236027,0.9621994392245341,0.0,120.0,0.0,0.0,18.579176536744388,1,142,4,0,WAIT
dqn,223,132,08:00,120,44.16891947086685,3.7821712501460576,40.38674822072079,1,13.144797801733105,20.746681943530227,6.95157287243888,79.15694738229779,0.0,120.0,0.0,5.18155674214191,5.62464682970397,1,132,4,2,WAIT
dqn,224,132,08:00,120,112.14967954678336,6.965300781492763,105.1843787652906,2,14.393323618585518,20.234942991262127,71.27915359979106,14.092579790361285,0.0,119.99999999999999,1.4210854715202004e-14,1.6248324020845133,18.276026973609095,1,231,5,1,WAIT
dqn,225,132,08:00,120,134.86828630081814,8.158264060934297,126.71002223988384,4,20.18861274010859,0.0,99.8113872598914,0.0,0.0,120.0,0.0,0.0,23.309325888383704,0,236,6,0,WAIT
dqn,226,132,08:00,120,108.12771088566357,8.024352935728944,100.10335794993463,3,24.719185461394858,20.930707421563117,74.350107117042,0.0,0.0,119.99999999999997,2.842170943040401e-14,3.443522653867445,19.483200019643828,0,202,7,3,WAIT
dqn,227,132,08:00,120,101.5180327279141,8.548742952821815,92.96928977509229,3,17.43646575515248,0.0,102.18914896431374,0.3743852805337866,0.0,120.00000000000001,-1.4210854715202004e-14,0.0,24.424979865205188,1,163,5,0,WAIT
dqn,228,132,08:00,120,44.9008968728956,1.8170448597496685,43.08385201314593,1,3.4166203046898986,20.560812416330474,24.951144363237166,71.07142291574246,0.0,120.0,0.0,5.18155674214191,0.01,1,132,2,1,WAIT
dqn,229,132,08:00,120,104.49843190760846,7.735390284770732,96.76304162283773,2,7.667086310520619,9.42835414672862,102.90455954275075,0.0,0.0,119.99999999999999,1.4210854715202004e-14,0.7789661452253094,21.32214895411964,0,170,4,1,WAIT
dqn,230,132,08:00,120,94.97805365679262,7.323726741337151,87.65432691545547,2,15.286742815433712,29.118524062755164,64.15900543972575,11.435727682085385,0.0,120.00000000000001,-1.4210854715202004e-14,2.4677427228351134,18.457190823842463,1,186,5,2,WAIT
dqn,231,132,08:00,120,136.58830981805767,8.340033901734124,128.24827591632354,5,26.14235863115765,7.582477270054491,79.86789307771285,6.407271021075019,0.0,120.0,0.0,0.7574857362796594,23.071182554389264,1,238,8,1,WAIT
dqn,232,132,08:00,120,70.11529603108974,6.609109910057119,63.50618612103262,2,45.623147342446515,18.354807260574322,56.02204539697916,0.0,0.0,120.0,0.0,2.2545195719585736,16.628651599633194,0,236,11,1,WAIT
dqn,233,132,08:00,120,171.87639069727317,8.850226966080525,163.02616373119264,3,19.506517806407736,0.0,100.49348219359229,0.0,0.0,120.00000000000003,-2.842170943040401e-14,0.0,25.286362760230077,0,166,6,0,WAIT
dqn,234,132,08:00,120,122.00234481408525,7.869778663758803,114.13256615032644,4,18.887452647571347,14.352805497887832,84.0600170034468,2.699724851094018,0.0,120.0,0.0,1.345582651005214,21.13949924544851,1,234,7,2,WAIT
dqn,235,132,08:00,120,99.12825319895485,7.735319203356246,91.39293399559861,4,23.661465470991885,18.354807260574322,67.09972273095545,10.884004537478347,0.0,120.0,0.0,2.2545195719585736,19.8463924376307,1,236,8,1,WAIT
dqn,236,132,08:00,120,134.67109763898608,10.130741700712424,124.54035593827366,4,8.521187833545426,11.06555866132428,100.0554389778291,0.3578145273012012,0.0,120.0,0.0,1.366816529142354,27.578159758607423,1,141,5,1,WAIT
dqn,237,132,08:00,120,130.11821811584727,7.547505053386056,122.57071306246121,3,14.385457141500794,0.0,105.6145428584992,0.0,0.0,120.0,0.0,0.0,21.564300152531587,0,48,6,0,WAIT
dqn,238,132,08:00,120,109.03564306074624,8.087130606270614,100.94851245447562,4,31.223832062467384,12.53704605210884,74.08299016178461,2.156131723639163,0.0,120.0,0.0,1.379619801231465,21.726467645256005,1,263,9,1,WAIT
dqn,239,132,08:00,120,115.67724016663476,8.130735178098346,107.54650498853641,4,8.59165638029596,0.0,111.40834361970403,0.0,0.0,119.99999999999999,1.4210854715202004e-14,0.0,23.23067193742385,0,163,5,0,WAIT
dqn,240,132,08:00,120,98.93890545336131,8.721367843973344,90.21753760938797,3,16.730473468469015,22.809258970972472,67.58058056397412,12.879686996584397,0.0,120.00000000000001,-1.4210854715202004e-14,3.1112251420095616,21.80696869791428,1,233,6,3,WAIT
dqn,241,132,08:00,120,108.2824534955049,7.514134769079457,100.76831872642543,2,10.238948256896775,0.0,109.76105174310322,0.0,0.0,120.0,0.0,0.0,21.468956483084163,0,230,4,0,WAIT
dqn,242,132,08:00,120,111.61644016275847,8.5192651494141,103.09717501334437,5,30.958018678479927,25.36818875678239,60.29129542013498,3.3824971446027092,0.0,120.00000000000001,-1.4210854715202004e-14,2.3629098481247963,21.977847721629775,1,107,9,3,WAIT
dqn,243,132,08:00,120,118.84571457829432,8.220128188578382,110.62558638971593,3,4.664154356536695,17.656542797613092,90.04976883622503,7.629534009625203,0.0,120.00000000000001,-1.4210854715202004e-14,2.3538787780697343,21.132201760725643,1,202,4,2,WAIT
dqn,244,132,08:00,120,137.1177601318854,9.778195433274359,127.33956469861104,5,23.085582937973246,36.6299624174804,44.96272656304451,15.321728081501846,0.0,120.0,0.0,4.398860447657633,23.538840790269113,1,186,9,3,WAIT
dqn,245,132,08:00,120,139.57808137217725,11.846477714855572,127.73160365732168,3,18.30448989485303,30.867200342415096,70.82830976273188,0.0,0.0,120.0,0.0,5.271541753992986,28.575537431308653,0,161,7,1,WAIT
dqn,246,132,08:00,120,125.94201030049348,8.530341562747843,117.41166873774563,4,22.701991832763603,22.302432055119333,74.99557611211708,0.0,0.0,120.00000000000001,-1.4210854715202004e-14,2.706676320530994,21.665728144462843,0,74,8,2,WAIT
dqn,247,132,08:00,120,116.00161793022237,6.904915558985436,109.09670237123693,3,30.1532190389897,9.768302086005006,76.51132902436396,3.5671498506413144,0.0,119.99999999999999,1.4210854715202004e-14,1.2056984738407528,18.522631694689064,1,170,9,1,WAIT
dqn,248,132,08:00,120,122.04530366364314,9.483833704480224,112.56146995916292,4,19.615933022167866,25.862012174816883,74.52205480301525,0.0,0.0,120.0,0.0,3.593883498687914,23.50278422839844,0,141,6,3,WAIT
dqn,249,132,08:00,120,148.81461470142284,8.466825625582132,140.3477890758407,4,22.22173511956683,0.0,95.06364205912767,2.714622821305511,0.0,120.00000000000001,-1.4210854715202004e-14,0.0,24.190930358806096,1,236,8,0,WAIT
dqn,250,132,08:00,120,171.1708444909404,8.39990587153859,162.77093861940182,3,22.30986398706333,8.743423085281362,80.53310800205657,8.413604925598747,0.0,120.0,0.0,0.8738289522399111,23.12590210929892,1,186,8,1,WAIT
dqn,251,132,08:00,120,86.79873580987746,9.077791094308395,77.72094471556906,2,1.4448142093349077,0.0,113.03377040885047,5.521415381814606,0.0,119.99999999999999,1.4210854715202004e-14,0.0,25.936545983738277,1,236,3,0,WAIT
dqn,252,132,08:00,120,97.39769425586287,7.224896806979247,90.17279744888363,2,17.719095495841184,26.762702100445356,75.51820240371346,0.0,0.0,120.0,0.0,3.6205513781914354,17.02201092746356,0,193,5,2,WAIT
dqn,253,132,08:00,120,131.37822731521445,8.074206149488408,123.30402116572604,4,24.755350238211,15.975923833726018,79.26872592806298,0.0,0.0,120.0,0.0,1.4702199804757563,21.59894044663398,0,170,9,2,WAIT
dqn,254,132,08:00,120,156.40900278470536,8.988104256563327,147.42089852814203,6,12.995738708060056,17.446123357685508,89.55813793425443,0.0,0.0,120.0,0.0,3.1787883660890066,22.501509509806223,0,164,7,3,WAIT
dqn,255,132,08:00,120,140.19050740339597,12.407665740295908,127.78284166310006,2,24.74248221235608,32.11060867180468,57.87487436760856,5.272034748230695,0.0,120.00000000000001,-1.4210854715202004e-14,5.483892691328659,29.966580852373934,1,181,7,1,WAIT
dqn,256,132,08:00,120,93.78656751308624,7.39040092654993,86.39616658653631,2,26.57756699033818,16.432235039792587,76.99019796986924,0.0,0.0,120.00000000000001,-1.4210854715202004e-14,2.146993666498367,18.96843755221572,0,202,7,2,WAIT
dqn,257,132,08:00,120,176.01941484581883,14.798014011279813,161.22140083453903,3,8.214861698153717,40.433396252998136,54.707256619188996,16.644485429659156,0.0,120.00000000000001,-1.4210854715202004e-14,7.534373125742118,34.74566690648592,1,138,5,3,WAIT
dqn,258,132,08:00,120,99.22947687369648,10.634412897800601,88.59506397589588,4,15.760843961784474,17.92387409117278,85.90560185626825,0.4096800907744722,0.0,119.99999999999997,2.842170943040401e-14,3.919261626105958,26.46477522475291,1,68,7,2,WAIT
dqn,259,132,08:00,120,131.8611199130654,10.246897050155113,121.6142228629103,3,18.629877663574728,13.426087363367305,84.9843863083119,2.959648664746055,0.0,119.99999999999999,1.4210854715202004e-14,2.214263697456449,27.062585017272447,1,239,6,2,WAIT
dqn,260,132,08:00,120,103.40209123177821,9.94317653465373,93.45891469712448,2,14.90845533287637,0.0,105.09154466712363,0.0,0.0,120.0,0.0,0.0,28.409075813296376,0,230,5,0,WAIT
dqn,261,132,08:00,120,68.95721321501583,6.807248614977601,62.149964600038224,2,18.953350568090382,8.927614981596776,92.11903445031285,0.0,0.0,120.00000000000001,-1.4210854715202004e-14,0.917734710087371,18.531547046991488,0,163,6,1,WAIT
dqn,262,132,08:00,120,115.48754138833031,8.784439182029143,106.70310220630117,5,25.362455180545364,37.03299286961107,57.60455194984357,0.0,0.0,120.0,0.0,3.9456636365249294,21.152734026415477,0,234,9,4,WAIT
dqn,263,132,08:00,120,123.83859794543764,8.69961575910035,115.13898218633729,3,8.97247932720855,25.497655631147857,83.12090644817923,2.4089585934643623,0.0,120.0,0.0,2.767071999739535,22.088973026261463,1,161,5,1,WAIT
dqn,264,132,08:00,120,121.93426690052645,8.816295504421543,113.1179713961049,4,14.16775694095555,20.137062569773235,85.69518048927121,0.0,0.0,120.0,0.0,2.5055328768677843,22.683882850050914,0,263,7,3,WAIT
dqn,265,132,08:00,120,117.93370263663226,8.7041451940879,109.22955744254436,3,27.977917022508684,27.350454553616167,64.67162842387516,0.0,0.0,120.00000000000001,-1.4210854715202004e-14,2.933471923900057,21.935514344922517,0,164,9,1,WAIT
dqn,266,132,08:00,120,134.1390804092711,9.093915823412788,125.0451645858583,4,12.982124893228324,8.683929606310135,98.33394550046155,0.0,0.0,120.00000000000001,-1.4210854715202004e-14,0.8738289522399111,25.10878768608234,0,164,6,1,WAIT
dqn,267,132,08:00,120,139.09560128535622,7.212207501062035,131.88339378429419,3,51.51551610961944,6.142726240886159,62.341757649494404,0.0,0.0,120.0,0.0,0.8083894255210982,19.79791772037043,0,229,13,1,WAIT
dqn,268,132,08:00,120,91.10397463642761,6.558075711498815,84.54589892492879,1,10.079006050183404,8.969308793627524,82.03155666658424,18.920128489604835,0.0,120.0,0.0,0.6603151301624585,18.077044045548444,1,186,3,1,WAIT
dqn,269,132,08:00,120,96.18286578673641,7.003338625227728,89.17952716150869,2,40.82053114436658,0.0,79.17946885563342,0.0,0.0,120.0,0.0,0.0,20.00953892922208,0,161,10,0,WAIT
dqn,270,132,08:00,120,193.18412215419187,12.922918916757661,180.26120323743422,3,6.82528596444144,14.83816659610198,91.64205921939974,6.69448822005684,0.0,120.0,0.0,2.4650545668752764,34.45757090957519,1,107,4,2,WAIT
dqn,271,132,08:00,120,156.2656126496358,12.248708638981908,144.01690401065392,3,28.380462110728775,31.76477641897683,59.85476147029439,0.0,0.0,120.0,0.0,5.308684753545373,29.687625643545793,0,144,8,1,WAIT
dqn,272,132,08:00,120,96.68162714245916,8.078967385448875,88.60265975701029,2,31.29423798774615,15.653439548929146,73.0523224633247,0.0,0.0,120.0,0.0,1.6221578312089522,21.460606127216405,0,142,8,2,WAIT
dqn,273,132,08:00,120,110.19001537547304,8.094571509056447,102.09544386641659,4,21.617042672359815,12.850288839314103,85.53266848832608,0.0,0.0,120.0,0.0,1.5514361250644133,21.57591104366829,0,238,8,1,WAIT
dqn,274,132,08:00,120,103.09092829416153,8.306678046051363,94.78425024811017,2,46.56880858366518,5.708163507725297,67.72302790860954,0.0,0.0,120.00000000000001,-1.4210854715202004e-14,1.249516314823952,22.483849531037087,0,181,11,1,WAIT
dqn,275,132,08:00,120,120.35648995529493,8.005846153886443,112.3506438014085,2,18.458547497082744,0.0,93.11796853656548,8.423483966351768,0.0,120.0,0.0,0.0,22.873846153961267,1,162,5,0,WAIT
dqn,276,132,08:00,120,109.80124504615222,7.1998292715864425,102.60141577456578,4,34.23449193432793,9.359862388804956,76.40564567686711,0.0,0.0,120.0,0.0,0.7789661452253094,19.79197463073595,0,161,10,1,WAIT
dqn,277,132,08:00,120,144.40957224752015,9.1847564245293,135.22481582299085,4,33.33896845557562,24.34413228322538,62.316899261199,0.0,0.0,120.0,0.0,5.77289459982338,20.46926661311748,0,237,9,1,WAIT
dqn,278,132,08:00,120,100.22435269635689,8.42168547510538,91.80266722125151,2,17.44435249001213,29.580914750586945,72.97473275940092,0.0,0.0,120.0,0.0,4.0997373186639,19.962221181637183,0,141,6,3,WAIT
dqn,279,132,08:00,120,99.6013571580813,7.65098086204444,91.95037629603686,4,25.46717155144045,26.276345584036207,64.32812681881289,3.9283560457104727,0.0,120.00000000000003,-2.842170943040401e-14,2.3428714304469658,19.51707388968001,1,142,8,3,WAIT
dqn,280,132,08:00,120,95.95769424046571,8.107078255781826,87.85061598468388,2,12.618345619779202,0.0,98.34045469364722,9.041199686573577,0.0,120.0,0.0,0.0,23.163080730805216,1,48,4,0,WAIT
dqn,281,132,08:00,120,117.70003896227095,8.34060158837436,109.3594373738966,3,19.373866566720046,32.08280176275862,63.173142648217514,5.370189022303805,0.0,119.99999999999999,1.4210854715202004e-14,3.6622031780502757,20.168087074447904,1,75,7,2,WAIT
dqn,282,132,08:00,120,76.16049502382319,6.058717461794597,70.10177756202859,1,28.04674031072355,9.42835414672862,81.12071781894261,1.4041877236052045,0.0,119.99999999999999,1.4210854715202004e-14,0.7789661452253094,16.531655174187826,1,48,7,1,WAIT
dqn,283,132,08:00,120,107.68361394506341,8.264240053957842,99.41937389110558,3,12.207591446350685,17.50442675083508,74.69867051567037,15.589311287143843,0.0,119.99999999999999,1.4210854715202004e-14,1.716739272990511,21.89537516688904,1,186,5,2,WAIT
dqn,284,132,08:00,120,110.24222520521646,7.510007148681615,102.73221805653485,4,37.463778296110775,22.701928602049293,59.83429310183993,0.0,0.0,120.0,0.0,3.1112251420095616,18.34593813993791,0,236,10,3,WAIT
dqn,285,132,08:00,120,118.111191707388,8.65639262015678,109.45479908723122,3,10.875983076634224,8.253518800007585,89.1481657402104,11.722332383147787,0.0,120.0,0.0,3.1402954808806487,21.592254862424433,1,238,5,1,WAIT
dqn,286,132,08:00,120,85.47053609000781,7.175264573390024,78.29527151661779,2,8.261999228019313,17.3744478627027,94.363552909278,0.0,0.0,120.00000000000001,-1.4210854715202004e-14,2.2837665163202328,18.216989407651266,0,193,4,2,WAIT
dqn,287,132,08:00,120,84.13049125045383,6.4150994166148845,77.71539183383895,2,31.043809385071786,0.0,88.95619061492822,0.0,0.0,120.0,0.0,0.0,18.328855476042527,0,161,8,0,WAIT
dqn,288,132,08:00,120,230.46594103579162,10.31798933602975,220.14795169976188,6,15.10369458567098,32.412769736824714,70.62404613314003,1.859489544364294,0.0,120.00000000000001,-1.4210854715202004e-14,3.4488780009090605,26.031091530604506,1,143,8,3,WAIT
dqn,289,132,08:00,120,90.8555867104134,6.753010444142057,84.10257626627134,1,16.727549394974687,0.0,103.27245060502531,0.0,0.0,120.0,0.0,0.0,19.294315554691593,0,163,4,0,WAIT
dqn,290,132,08:00,120,104.81137386100639,7.884390913786191,96.9269829472202,3,13.47413067611763,14.881553721370418,91.64431560251195,0.0,0.0,120.0,0.0,2.4650545668752764,20.061776615370988,0,161,5,2,WAIT
dqn,291,132,08:00,120,119.38362408614609,9.40534991875261,109.97827416739348,4,17.97019872492883,14.65260586755513,73.79035275033978,13.586842657176277,0.0,120.00000000000001,-1.4210854715202004e-14,2.092426635574552,24.78000170371862,1,186,7,2,WAIT
dqn,292,132,08:00,120,125.69075019697664,8.438765837559705,117.25198435941694,4,11.99582828121872,29.069384582994754,76.79945184804284,2.135335287743686,0.0,120.0,0.0,2.9864844551989322,21.12427508068594,1,170,6,3,WAIT
dqn,293,132,08:00,120,108.45284873644292,6.678850704884434,101.77399803155848,3,23.636472234050952,8.620845679342043,71.9916244068617,15.751057679745301,0.0,120.0,0.0,0.8738289522399111,18.208601633144188,1,230,8,1,WAIT
dqn,294,132,08:00,120,124.30786542304422,7.436640362774623,116.8712250602696,4,13.962556839026307,15.062763827675738,81.69805869318544,9.276620640112526,0.0,120.00000000000001,-1.4210854715202004e-14,1.5732410281108398,19.67430286553094,1,48,7,2,WAIT
dqn,295,132,08:00,120,75.00550227008864,7.305634457397313,67.69986781269132,1,2.2417837556441453,12.84446711873871,95.11059613938508,9.803152986232064,0.0,120.0,0.0,2.096008616124154,18.777232690725313,1,141,2,2,WAIT
dqn,296,132,08:00,120,78.40577864911285,6.585445220170752,71.82033342894209,1,4.4992320744667404,8.743423085281362,95.18489798254117,11.572446857710716,0.0,119.99999999999999,1.4210854715202004e-14,0.8738289522399111,17.941728819676523,1,186,2,1,WAIT
dqn,297,132,08:00,120,120.76587054363097,8.097959128811832,112.66791141481913,4,19.73164783648283,25.556077215742018,74.71227494777516,0.0,0.0,120.0,0.0,2.3629098481247963,20.77411623419472,0,162,7,3,WAIT
dqn,298,132,08:00,120,102.88788322663532,7.892511140772746,94.99537208586258,4,32.645236730918,0.0,87.354763269082,0.0,0.0,120.0,0.0,0.0,22.55003183077928,0,113,10,0,WAIT
dqn,299,132,08:00,120,133.13570037767033,8.39713131540081,124.73856906226952,4,28.105266919729115,36.6804708324874,55.214262247783466,0.0,0.0,119.99999999999999,1.4210854715202004e-14,3.6336819936235907,20.358121764664435,0,163,8,3,WAIT
