origin,destination,duration_min,distance_miles,confidence,edge_source
2,30,4.10831272288599,1.0270781807214975,0.2,spatial_fallback
30,2,4.10831272288599,1.0270781807214975,0.2,spatial_fallback
2,86,16.478748531312718,4.119687132828179,0.2,spatial_fallback
86,2,16.478748531312718,4.119687132828179,0.2,spatial_fallback
2,132,16.191666666666666,12.194999999999999,0.2,historical_adjacency
132,2,23.24137931034483,8.659310344827587,0.7435897435897436,historical_adjacency
3,32,9.633333333333333,1.2958139534883721,0.8113207547169812,historical_adjacency
32,3,8.928947368421053,1.3363157894736843,0.7916666666666666,historical_adjacency
3,51,9.810502283105022,1.7758904109589042,0.8795180722891566,historical_adjacency
51,3,10.30925925925926,2.4842857142857144,0.863013698630137,historical_adjacency
3,81,7.915384615384616,1.2432692307692308,0.8387096774193549,historical_adjacency
81,3,7.867272727272727,2.117272727272727,0.8461538461538461,historical_adjacency
3,184,5.477777777777778,1.4366666666666668,0.23076923076923078,historical_adjacency
184,3,17.166666666666668,4.51,0.2,historical_adjacency
3,185,9.68640350877193,1.982894736842105,0.7916666666666666,historical_adjacency
185,3,9.329032258064515,1.4196774193548387,0.7560975609756098,historical_adjacency
3,242,13.075706214689266,2.43271186440678,0.855072463768116,historical_adjacency
242,3,12.265686274509804,2.1245098039215686,0.8360655737704918,historical_adjacency
3,254,11.022435897435896,1.8659615384615384,0.8387096774193549,historical_adjacency
254,3,10.672427983539094,2.0046913580246914,0.8901098901098901,historical_adjacency
4,79,5.926329631794273,0.7579777907656342,0.99,historical_adjacency
79,4,5.980900890700483,0.8198233695652174,0.99,historical_adjacency
4,148,7.900548744892002,0.9867670753064798,0.99,historical_adjacency
148,4,7.205053247024431,0.9797619544790144,0.99,historical_adjacency
4,224,5.5334425036390105,0.8249563318777292,0.9786324786324786,historical_adjacency
224,4,5.926439790575916,0.926369982547993,0.9828473413379074,historical_adjacency
4,232,7.3919524250849555,1.1909360518999073,0.99,historical_adjacency
232,4,7.346328437917222,1.0516822429906543,0.9868247694334651,historical_adjacency
5,84,6.618842455748128,1.654710613937032,0.2,spatial_fallback
84,5,6.618842455748128,1.654710613937032,0.2,spatial_fallback
5,99,6.669642836223675,1.6674107090559187,0.2,spatial_fallback
99,5,8.183333333333334,2.8,0.2,historical_adjacency
5,204,5.306201843204709,1.3265504608011773,0.2,spatial_fallback
204,5,5.306201843204709,1.3265504608011773,0.2,spatial_fallback
6,115,13.833333333333334,1.71,0.2,historical_adjacency
115,6,8.255555555555555,1.7916666666666667,0.5454545454545454,historical_adjacency
6,118,13.428320888790829,3.357080222197707,0.2,spatial_fallback
118,6,12.363333333333333,4.366,0.3333333333333333,historical_adjacency
6,214,6.5590909090909095,1.5545454545454547,0.6875,historical_adjacency
214,6,6.046875,1.518125,0.6153846153846154,historical_adjacency
6,221,6.816666666666666,1.5144444444444443,0.47368421052631576,historical_adjacency
221,6,7.596078431372549,1.6141176470588237,0.6296296296296297,historical_adjacency
7,146,7.312522281639929,1.1720588235294118,0.9868073878627969,historical_adjacency
146,7,8.47445046672689,1.3604155374887081,0.99,historical_adjacency
7,179,8.343946325099115,1.1913266239707228,0.99,historical_adjacency
179,7,8.607825953259532,1.1265129151291513,0.99,historical_adjacency
7,193,8.249592326139089,1.2575971223021583,0.9858156028368794,historical_adjacency
193,7,9.525149700598803,1.445449101796407,0.9804305283757339,historical_adjacency
7,207,8.649999999999999,1.6566666666666667,0.47368421052631576,historical_adjacency
207,7,8.307575757575757,1.0554545454545454,0.5238095238095238,historical_adjacency
7,223,10.032361733931241,1.5475504484304932,0.99,historical_adjacency
223,7,9.919871794871794,1.4499660633484164,0.9888143176733781,historical_adjacency
7,226,11.169735939643347,1.819804526748971,0.9898167006109979,historical_adjacency
226,7,10.193794091710759,1.6672354497354498,0.99,historical_adjacency
7,260,10.556303030303031,1.8770787878787878,0.9880239520958084,historical_adjacency
260,7,10.643799472295514,1.7675725593667546,0.9869791666666666,historical_adjacency
8,179,5.326666666666666,0.686,0.3333333333333333,historical_adjacency
179,8,6.891666666666667,1.7175,0.2857142857142857,historical_adjacency
8,223,4.026190476190476,0.8028571428571428,0.4117647058823529,historical_adjacency
223,8,5.127777777777777,0.948888888888889,0.47368421052631576,historical_adjacency
9,16,8.20925925925926,1.3172222222222223,0.782608695652174,historical_adjacency
16,9,6.5180952380952375,1.24,0.7777777777777778,historical_adjacency
9,73,7.05,1.2657142857142856,0.5833333333333334,historical_adjacency
73,9,7.447619047619048,1.572142857142857,0.5833333333333334,historical_adjacency
9,98,8.856481481481481,1.771111111111111,0.6428571428571429,historical_adjacency
98,9,8.449099099099099,1.0124324324324325,0.7872340425531915,historical_adjacency
9,121,10.528571428571428,2.4442857142857144,0.4117647058823529,historical_adjacency
121,9,13.139999999999999,2.1633333333333336,0.6,historical_adjacency
9,171,8.167460317460318,1.5657142857142858,0.6774193548387096,historical_adjacency
171,9,11.15576923076923,1.9646153846153847,0.7222222222222222,historical_adjacency
9,192,7.873333333333333,2.452,0.3333333333333333,historical_adjacency
192,9,10.918333333333333,2.1100000000000003,0.5,historical_adjacency
10,205,11.457301587301588,2.3912857142857145,0.9545454545454546,historical_adjacency
205,10,11.178256070640176,2.155430463576159,0.937888198757764,historical_adjacency
10,215,8.36677927927928,1.5095945945945948,0.9367088607594937,historical_adjacency
215,10,8.525803212851406,1.6682530120481929,0.9431818181818182,historical_adjacency
10,216,10.564364364364364,2.0412612612612615,0.9708454810495627,historical_adjacency
216,10,10.808790252393385,2.016396866840731,0.9745547073791349,historical_adjacency
10,218,10.064907407407407,1.458,0.9473684210526315,historical_adjacency
218,10,9.943775100401608,1.371566265060241,0.9431818181818182,historical_adjacency
10,219,11.22968253968254,2.4034285714285715,0.9130434782608695,historical_adjacency
219,10,9.605673758865247,2.218510638297872,0.9038461538461539,historical_adjacency
11,14,12.663257575757575,2.990378787878788,0.9295774647887324,historical_adjacency
14,11,13.285201149425287,2.7498275862068966,0.9206349206349206,historical_adjacency
11,22,9.858781362007168,1.1678494623655913,0.9029126213592233,historical_adjacency
22,11,8.156089743589744,1.1315384615384614,0.9122807017543859,historical_adjacency
11,67,12.466666666666665,2.68156862745098,0.8360655737704918,historical_adjacency
67,11,11.148484848484848,1.8599999999999999,0.7674418604651163,historical_adjacency
12,13,8.237834549878345,1.131131386861314,0.9647887323943662,historical_adjacency
13,12,6.169766728054021,0.8383609576427257,0.9819168173598554,historical_adjacency
12,88,4.905797101449275,0.6914492753623188,0.9324324324324325,historical_adjacency
88,12,7.155555555555555,1.0851515151515152,0.7674418604651163,historical_adjacency
12,261,7.6902474526928675,0.907816593886463,0.9581589958158996,historical_adjacency
261,12,8.393355855855855,0.9679729729729729,0.9673202614379085,historical_adjacency
13,231,6.755999335253712,0.877683359184578,0.99,historical_adjacency
231,13,6.941399807442757,0.8923219892000502,0.99,historical_adjacency
13,261,7.4314233888177545,0.83449423815621,0.99,historical_adjacency
261,13,7.426568514241725,0.8310450346420323,0.99,historical_adjacency
14,67,10.08527653213752,1.5406278026905829,0.9570815450643777,historical_adjacency
67,14,10.92089093701997,1.5200460829493088,0.9559471365638766,historical_adjacency
14,227,12.687430167597766,2.076759776536313,0.9470899470899471,historical_adjacency
227,14,15.18223443223443,2.11021978021978,0.9479166666666666,historical_adjacency
14,228,11.597278150633857,2.307091722595078,0.9781181619256017,historical_adjacency
228,14,11.927123483226266,2.3785438972162742,0.9790356394129979,historical_adjacency
15,16,8.393939393939394,2.0487272727272727,0.8461538461538461,historical_adjacency
16,15,7.6798245614035086,1.8434210526315788,0.7916666666666666,historical_adjacency
15,171,9.624603174603175,2.1004761904761904,0.6774193548387096,historical_adjacency
171,15,11.452777777777778,2.3408333333333333,0.5454545454545454,historical_adjacency
15,252,8.847777777777777,2.3746666666666667,0.6,historical_adjacency
252,15,11.570454545454545,2.123181818181818,0.6875,historical_adjacency
16,64,11.397222222222222,3.0772222222222223,0.6428571428571429,historical_adjacency
64,16,10.875833333333333,3.225,0.6666666666666666,historical_adjacency
16,98,11.721014492753623,2.425217391304348,0.696969696969697,historical_adjacency
98,16,10.652604166666666,2.574375,0.7619047619047619,historical_adjacency
16,171,10.618787878787879,2.3554545454545455,0.8461538461538461,historical_adjacency
171,16,11.396855345911948,2.13811320754717,0.8412698412698413,historical_adjacency
16,175,9.142391304347827,1.8771739130434781,0.8214285714285714,historical_adjacency
175,16,8.618032786885246,2.0801639344262295,0.8591549295774648,historical_adjacency
17,37,13.797231359649123,1.7974506578947367,0.9838187702265372,historical_adjacency
37,17,13.997694103911266,1.8963747810858143,0.9827882960413081,historical_adjacency
17,49,10.296169772256729,1.2137888198757762,0.9698795180722891,historical_adjacency
49,17,10.83974732750243,1.2923032069970846,0.9716713881019831,historical_adjacency
17,61,11.98546462063086,1.6681329923273658,0.9873737373737373,historical_adjacency
61,17,12.638969298245614,1.8135263157894737,0.987012987012987,historical_adjacency
17,80,14.634003831417624,2.1445402298850573,0.9720670391061452,historical_adjacency
80,17,13.455223285486442,2.1616985645933013,0.9766355140186916,historical_adjacency
17,217,9.6235368956743,0.9957633587786259,0.9632352941176471,historical_adjacency
217,17,10.865873015873015,1.0799319727891157,0.9671052631578947,historical_adjacency
17,225,9.918505338078292,1.4629537366548042,0.9825174825174825,historical_adjacency
225,17,10.675857843137255,1.353014705882353,0.9819494584837545,historical_adjacency
18,20,8.676225490196078,1.1591176470588236,0.8717948717948718,historical_adjacency
20,18,9.410416666666666,1.177375,0.8888888888888888,historical_adjacency
18,47,14.049765258215961,2.0550704225352114,0.8765432098765432,historical_adjacency
47,18,14.24491525423729,1.9791525423728813,0.855072463768116,historical_adjacency
18,94,9.365530303030303,1.1988636363636365,0.8148148148148148,historical_adjacency
94,18,8.87125,1.20925,0.8,historical_adjacency
18,136,9.402083333333334,1.28625,0.8,historical_adjacency
136,18,8.71025641025641,1.7607692307692309,0.7959183673469388,historical_adjacency
18,174,9.391580756013745,1.304536082474227,0.9065420560747663,historical_adjacency
174,18,9.385106382978725,1.9546808510638298,0.9038461538461539,historical_adjacency
18,241,8.181638418079096,1.1976271186440677,0.855072463768116,historical_adjacency
241,18,9.334057971014493,1.237536231884058,0.8734177215189873,historical_adjacency
19,64,9.729629629629631,3.338888888888889,0.6428571428571429,historical_adjacency
64,19,10.583333333333334,2.3516666666666666,0.375,historical_adjacency
19,101,8.536538461538461,2.0651923076923078,0.8387096774193549,historical_adjacency
101,19,7.566190476190476,1.9271428571428573,0.7777777777777778,historical_adjacency
19,175,7.690384615384615,2.453076923076923,0.7222222222222222,historical_adjacency
175,19,9.925,2.9325,0.4444444444444444,historical_adjacency
19,191,7.471712538226299,1.8511926605504587,0.9159663865546218,historical_adjacency
191,19,7.824479166666666,1.8847916666666666,0.9056603773584906,historical_adjacency
20,31,10.054166666666667,1.3275000000000001,0.2857142857142857,historical_adjacency
31,20,8.831818181818182,1.2045454545454546,0.5238095238095238,historical_adjacency
20,47,11.01604938271605,1.528148148148148,0.7297297297297297,historical_adjacency
47,20,10.250877192982456,1.556578947368421,0.7916666666666666,historical_adjacency
20,78,7.946938775510205,1.149795918367347,0.8305084745762712,historical_adjacency
78,20,8.596874999999999,1.1827083333333333,0.8275862068965517,historical_adjacency
20,94,10.44814814814815,1.1337037037037037,0.7297297297297297,historical_adjacency
94,20,9.452314814814816,1.1688888888888889,0.782608695652174,historical_adjacency
20,174,14.553395061728395,2.360740740740741,0.84375,historical_adjacency
174,20,13.231707317073171,2.247560975609756,0.803921568627451,historical_adjacency
21,22,10.406513409961686,1.40183908045977,0.9456521739130435,historical_adjacency
22,21,10.24054054054054,1.3772297297297298,0.9367088607594937,historical_adjacency
21,26,17.18148148148148,2.5965656565656565,0.908256880733945,historical_adjacency
26,21,16.54354005167959,2.2953488372093025,0.9280575539568345,historical_adjacency
21,108,10.256830601092895,1.5391803278688525,0.8591549295774648,historical_adjacency
108,21,9.770398009950249,1.4374626865671642,0.8701298701298701,historical_adjacency
21,123,11.648790322580645,1.4666935483870969,0.9253731343283582,historical_adjacency
123,21,11.488845144356954,1.4131496062992126,0.927007299270073,historical_adjacency
21,178,11.146376811594203,1.4069565217391304,0.696969696969697,historical_adjacency
178,21,9.1546875,1.310625,0.7619047619047619,historical_adjacency
22,26,16.14559043348281,1.8490134529147981,0.9570815450643777,historical_adjacency
26,22,14.96796875,1.865,0.9624060150375939,historical_adjacency
22,67,9.621130952380952,1.5294642857142857,0.9180327868852459,historical_adjacency
67,22,8.98927392739274,1.3389108910891088,0.9099099099099099,historical_adjacency
23,99,8.818781128449151,2.204695282112288,0.2,spatial_fallback
99,23,8.818781128449151,2.204695282112288,0.2,spatial_fallback
23,118,15.45,2.34,0.2,historical_adjacency
118,23,9.941666666666666,2.92,0.2,historical_adjacency
23,156,12.5,4.51,0.2,historical_adjacency
156,23,6.904151293499006,1.7260378233747515,0.2,spatial_fallback
23,187,8.717700987152389,2.1794252467880972,0.2,spatial_fallback
187,23,8.717700987152389,2.1794252467880972,0.2,spatial_fallback
23,251,10.001690577152146,2.5004226442880366,0.2,spatial_fallback
251,23,10.001690577152146,2.5004226442880366,0.2,spatial_fallback
24,41,7.895515097690942,1.0777264653641208,0.99,historical_adjacency
41,24,6.614344262295082,0.9436651053864168,0.99,historical_adjacency
24,43,11.27216242661448,1.8535225048923678,0.99,historical_adjacency
43,24,10.660064190738193,2.0202200825309493,0.99,historical_adjacency
24,151,4.330870602265951,0.6077710196779964,0.99,historical_adjacency
151,24,4.586963476406292,0.6935323913623034,0.99,historical_adjacency
24,166,4.8985024484682835,0.7300888281516913,0.99,historical_adjacency
166,24,5.025734997986307,0.7590455094643577,0.99,historical_adjacency
25,33,9.79601246105919,1.0465794392523364,0.981651376146789,historical_adjacency
33,25,9.169613259668509,1.1073756906077348,0.9731182795698925,historical_adjacency
25,40,8.05483630952381,1.1978125,0.9572649572649573,historical_adjacency
40,25,9.227450980392158,1.0561176470588234,0.9444444444444444,historical_adjacency
25,52,8.552815315315314,1.0678378378378377,0.9367088607594937,historical_adjacency
52,25,8.492494481236202,0.867682119205298,0.937888198757764,historical_adjacency
25,65,9.571159420289856,0.8920869565217392,0.9583333333333334,historical_adjacency
65,25,9.615272727272727,1.0697454545454546,0.9649122807017544,historical_adjacency
25,97,11.122612847222221,1.0841666666666667,0.9746192893401016,historical_adjacency
97,25,10.450661000944287,0.9604532577903682,0.9724517906336089,historical_adjacency
25,106,8.556205673758864,1.1894148936170212,0.9494949494949495,historical_adjacency
106,25,9.718535825545173,1.1010280373831776,0.9145299145299145,historical_adjacency
25,181,10.839609195402298,1.5041103448275863,0.9863945578231292,historical_adjacency
181,25,11.951904761904762,1.4866190476190475,0.9767441860465116,historical_adjacency
26,67,13.178819444444445,1.675,0.9056603773584906,historical_adjacency
67,26,13.334385964912281,1.7707368421052632,0.9047619047619048,historical_adjacency
26,89,18.177896995708153,2.0496995708154504,0.9588477366255144,historical_adjacency
89,26,17.893399810066477,2.2768091168091167,0.9722991689750693,historical_adjacency
26,111,12.927083333333334,1.635,0.4444444444444444,historical_adjacency
111,26,6.3,0.82,0.2,historical_adjacency
26,133,11.538110403397027,1.3812738853503184,0.9401197604790419,historical_adjacency
133,26,13.646603475513428,1.488862559241706,0.9547511312217195,historical_adjacency
26,178,18.069654088050314,2.0890566037735847,0.9137931034482759,historical_adjacency
178,26,18.20676100628931,1.9525471698113208,0.9137931034482759,historical_adjacency
26,227,13.017604166666667,1.363875,0.9411764705882353,historical_adjacency
227,26,13.406944444444443,1.3704166666666666,0.935064935064935,historical_adjacency
27,201,11.897058823529411,4.158235294117647,0.6296296296296297,historical_adjacency
201,27,11.718589743589744,4.111153846153846,0.7222222222222222,historical_adjacency
28,93,16.365942028985508,4.741304347826087,0.696969696969697,historical_adjacency
93,28,14.978333333333333,3.8845,0.6666666666666666,historical_adjacency
28,121,8.787301587301588,1.6022619047619049,0.8936170212765957,historical_adjacency
121,28,7.902201257861635,1.277924528301887,0.8412698412698413,historical_adjacency
28,130,8.783285577841452,1.2543839541547277,0.9721448467966574,historical_adjacency
130,28,9.906356968215158,1.4713447432762836,0.9761336515513126,historical_adjacency
28,131,9.37793427230047,1.932394366197183,0.8765432098765432,historical_adjacency
131,28,10.81051282051282,2.0104615384615387,0.8666666666666667,historical_adjacency
28,134,7.95609756097561,1.1804878048780487,0.8913043478260869,historical_adjacency
134,28,7.237894736842105,1.2973684210526315,0.9047619047619048,historical_adjacency
28,135,10.360382513661202,1.997377049180328,0.8591549295774648,historical_adjacency
135,28,8.627083333333333,1.3416666666666668,0.8275862068965517,historical_adjacency
28,197,11.911630036630036,2.031043956043956,0.9479166666666666,historical_adjacency
197,28,12.18710217755444,1.9796984924623116,0.9521531100478469,historical_adjacency
29,55,13.000191570881226,1.828390804597701,0.9456521739130435,historical_adjacency
55,29,11.422357723577235,1.7059756097560974,0.9425287356321839,historical_adjacency
29,108,11.268489583333334,1.6234374999999999,0.8648648648648649,historical_adjacency
108,29,13.164367816091954,2.203448275862069,0.8969072164948454,historical_adjacency
29,123,12.563074712643678,1.7093965517241378,0.9206349206349206,historical_adjacency
123,29,12.397399527186762,1.6981560283687942,0.9337748344370861,historical_adjacency
29,150,8.462601626016259,1.2702439024390244,0.803921568627451,historical_adjacency
150,29,8.873055555555556,1.1953333333333334,0.8571428571428571,historical_adjacency
29,210,11.931000000000001,1.8285333333333336,0.9375,historical_adjacency
210,29,12.244211576846308,2.0078443113772457,0.943502824858757,historical_adjacency
31,32,8.819444444444445,0.7466666666666667,0.375,historical_adjacency
32,31,5.93921568627451,0.8794117647058823,0.6296296296296297,historical_adjacency
31,78,6.82,1.22,0.3333333333333333,historical_adjacency
78,31,10.256944444444445,2.015,0.5454545454545454,historical_adjacency
31,174,11.120833333333334,1.9200000000000002,0.2857142857142857,historical_adjacency
174,31,10.303703703703704,2.0277777777777777,0.47368421052631576,historical_adjacency
31,185,9.661904761904761,1.4614285714285715,0.4117647058823529,historical_adjacency
185,31,10.940476190476192,1.6585714285714286,0.4117647058823529,historical_adjacency
31,240,10.716666666666667,1.97,0.2,historical_adjacency
240,31,12.266666666666666,3.1950000000000003,0.2,historical_adjacency
31,242,16.831944444444446,2.7741666666666664,0.5454545454545454,historical_adjacency
242,31,12.554761904761904,2.2985714285714285,0.4117647058823529,historical_adjacency
31,254,10.696666666666667,2.6350000000000002,0.5,historical_adjacency
254,31,12.676666666666666,2.5309999999999997,0.5,historical_adjacency
32,185,9.870098039215685,1.2844117647058824,0.7727272727272727,historical_adjacency
185,32,9.225,1.4434375,0.7619047619047619,historical_adjacency
32,254,10.955833333333334,1.9427499999999998,0.8,historical_adjacency
254,32,9.445192307692308,1.7946153846153845,0.8387096774193549,historical_adjacency
33,52,6.8933993399339935,0.9013366336633662,0.9528301886792453,historical_adjacency
52,33,7.825602409638554,0.7426104417670683,0.9803149606299213,historical_adjacency
33,54,8.325868055555555,1.1069791666666666,0.9056603773584906,historical_adjacency
54,33,9.535792349726774,0.9501639344262295,0.8591549295774648,historical_adjacency
33,65,8.2297845373891,0.924828897338403,0.9633699633699634,historical_adjacency
65,33,9.469024122807019,1.0374013157894737,0.9681528662420382,historical_adjacency
33,66,7.564190821256039,0.9753260869565217,0.965034965034965,historical_adjacency
66,33,8.543526570048309,1.122695652173913,0.971830985915493,historical_adjacency
34,49,10.01798245614035,1.3897368421052632,0.7916666666666666,historical_adjacency
49,34,9.054444444444444,1.193111111111111,0.8181818181818182,historical_adjacency
34,66,7.41574074074074,1.2522222222222221,0.782608695652174,historical_adjacency
66,34,9.552040816326532,1.1848979591836735,0.8305084745762712,historical_adjacency
34,97,7.229365079365079,1.1561904761904762,0.8076923076923077,historical_adjacency
97,34,10.042307692307693,1.2558461538461538,0.8666666666666667,historical_adjacency
34,217,11.665000000000001,1.109,0.5,historical_adjacency
217,34,11.064912280701755,1.3468421052631578,0.6551724137931034,historical_adjacency
34,256,11.50530303030303,1.770909090909091,0.8148148148148148,historical_adjacency
256,34,12.923333333333332,1.6562222222222223,0.8181818181818182,historical_adjacency
35,61,16.044868477792154,2.093816300129366,0.9872286079182631,historical_adjacency
61,35,15.51021897810219,2.158744525547445,0.9856115107913669,historical_adjacency
35,72,10.45325987144169,1.3030853994490357,0.9731903485254692,historical_adjacency
72,35,10.17691415313225,1.348909512761021,0.9773242630385488,historical_adjacency
35,76,16.05390484739677,2.3934649910233396,0.99,historical_adjacency
76,35,15.39429202144434,2.2785714285714285,0.99,historical_adjacency
35,77,9.60625,1.2895138888888888,0.9664429530201343,historical_adjacency
77,35,9.873720349563046,1.3005992509363296,0.9638989169675091,historical_adjacency
35,177,11.161421319796956,1.349720812182741,0.9752475247524752,historical_adjacency
177,35,11.123262032085563,1.2713903743315509,0.9739583333333334,historical_adjacency
36,37,8.789183222958059,1.2721986754966887,0.9869281045751634,historical_adjacency
37,36,9.219471488178025,1.2666481223922115,0.9862825788751715,historical_adjacency
36,80,11.600755667506297,1.8360957178841308,0.9754299754299754,historical_adjacency
80,36,12.637260034904013,1.9671029668411868,0.9828473413379074,historical_adjacency
36,96,19.016666666666666,3.52625,0.4444444444444444,historical_adjacency
96,36,16.27,3.1710000000000003,0.5,historical_adjacency
36,198,8.324324324324325,1.2881306306306306,0.9779735682819384,historical_adjacency
198,36,8.504480286738351,1.2287903225806451,0.9738219895287958,historical_adjacency
37,63,18.491059602649006,3.1631788079470198,0.937888198757764,historical_adjacency
63,37,19.211544715447154,3.356682926829268,0.9534883720930233,historical_adjacency
37,80,11.876437908496733,1.7014901960784314,0.9807692307692307,historical_adjacency
80,37,12.398995983935743,1.835132530120482,0.9880952380952381,historical_adjacency
37,96,17.813492063492063,4.256190476190476,0.6774193548387096,historical_adjacency
96,37,17.085714285714285,3.8907142857142856,0.5833333333333334,historical_adjacency
37,177,14.14638783269962,1.9969201520912545,0.9633699633699634,historical_adjacency
177,37,15.062867274569403,1.9532826747720364,0.9705014749262537,historical_adjacency
37,225,10.400963222416813,1.426970227670753,0.9827882960413081,historical_adjacency
225,37,10.764209938581798,1.3538693467336684,0.9835255354200988,historical_adjacency
38,139,8.311347517730496,1.8070212765957445,0.8245614035087719,historical_adjacency
139,38,10.274796747967478,2.05609756097561,0.803921568627451,historical_adjacency
38,191,8.545454545454545,1.7486363636363635,0.868421052631579,historical_adjacency
191,38,9.05304659498208,1.8646236559139784,0.9029126213592233,historical_adjacency
38,203,11.427131782945736,3.1548837209302323,0.8113207547169812,historical_adjacency
203,38,12.966203703703703,2.815,0.782608695652174,historical_adjacency
38,205,9.723373983739839,1.8278048780487803,0.8913043478260869,historical_adjacency
205,38,9.16978021978022,1.6945054945054945,0.900990099009901,historical_adjacency
39,72,12.865284298382889,1.9862597809076683,0.9845916795069337,historical_adjacency
72,39,12.349721800708142,1.9650379362670714,0.9850523168908819,historical_adjacency
39,76,14.61590985536495,2.695782038345106,0.99,historical_adjacency
76,39,14.995390455531453,2.837104121475054,0.9892703862660944,historical_adjacency
39,91,14.11871945259042,2.23466275659824,0.9855491329479769,historical_adjacency
91,39,12.787823949955317,2.184396782841823,0.9867724867724867,historical_adjacency
39,155,14.32911597729116,2.8822871046228706,0.9762470308788599,historical_adjacency
155,39,14.330178759200843,2.52602523659306,0.9694189602446484,historical_adjacency
39,222,12.105654761904763,1.911547619047619,0.9438202247191011,historical_adjacency
222,39,12.448323471400396,1.8427218934911243,0.9441340782122905,historical_adjacency
40,52,8.694444444444445,0.8670967741935484,0.9029126213592233,historical_adjacency
52,40,5.503276353276354,0.8233333333333334,0.9212598425196851,historical_adjacency
40,54,6.409126984126984,0.8204761904761905,0.8076923076923077,historical_adjacency
54,40,6.844444444444445,0.8055555555555556,0.6428571428571429,historical_adjacency
40,106,7.985641025641025,1.0449230769230768,0.8666666666666667,historical_adjacency
106,40,7.619005847953217,1.024561403508772,0.8507462686567164,historical_adjacency
40,195,7.30983436853002,1.2254037267080744,0.9415204678362573,historical_adjacency
195,40,8.444444444444445,1.3316666666666668,0.9056603773584906,historical_adjacency
40,228,13.948765432098764,2.7609876543209877,0.8901098901098901,historical_adjacency
228,40,14.89809523809524,2.317714285714286,0.875,historical_adjacency
41,42,8.453149546827794,1.2881827794561935,0.99,historical_adjacency
42,41,7.943997856377277,1.1436908589802481,0.99,historical_adjacency
41,43,10.344356696281672,1.6452714708785785,0.99,historical_adjacency
43,41,11.549009345794392,2.0805121495327104,0.99,historical_adjacency
41,74,8.940131654593538,1.124605036219386,0.99,historical_adjacency
74,41,8.739393578127485,1.0770195517405818,0.99,historical_adjacency
41,75,10.076993108451214,1.4099978237214363,0.99,historical_adjacency
75,41,9.881379909628086,1.4712825860271117,0.99,historical_adjacency
41,152,8.906001243781095,1.211287313432836,0.99,historical_adjacency
152,41,8.689233954451346,1.2048757763975155,0.99,historical_adjacency
41,166,7.08529598308668,0.980016913319239,0.99,historical_adjacency
166,41,8.45239561943874,1.1288254620123204,0.99,historical_adjacency
42,74,10.60013918821839,1.618316271551724,0.99,historical_adjacency
74,42,11.217384855581576,1.7281170960187355,0.99,historical_adjacency
42,116,8.778318288197926,1.19981444332999,0.99,historical_adjacency
116,42,9.070990950897492,1.2649176680017802,0.99,historical_adjacency
42,120,12.37857142857143,2.452142857142857,0.8484848484848485,historical_adjacency
120,42,7.924305555555556,2.294166666666667,0.7058823529411765,historical_adjacency
42,152,9.047721057429353,1.195587967183227,0.99,historical_adjacency
152,42,9.807276638825613,1.351586940015186,0.99,historical_adjacency
42,166,11.219659904534607,1.6188663484486872,0.99,historical_adjacency
166,42,11.879617975046925,1.7496687644915534,0.99,historical_adjacency
42,244,14.275442995653627,2.2711283851554667,0.99,historical_adjacency
244,42,12.306059757236227,2.192767507002801,0.99,historical_adjacency
43,75,9.853089569160996,1.5585289115646257,0.99,historical_adjacency
75,43,8.986184433164128,1.2877766497461929,0.99,historical_adjacency
43,142,8.546626362553816,1.278760098928277,0.99,historical_adjacency
142,43,8.729599900182999,1.4133222425553151,0.99,historical_adjacency
43,151,10.172861828618286,1.7987576875768758,0.99,historical_adjacency
151,43,10.173604609290601,1.6252790781418796,0.99,historical_adjacency
43,163,10.58382072005878,1.313993387215283,0.99,historical_adjacency
163,43,10.954415648106231,1.5061702127659575,0.99,historical_adjacency
43,236,8.36386628491059,1.2488456901748042,0.99,historical_adjacency
236,43,8.33731130035907,1.1297022164570527,0.99,historical_adjacency
43,237,8.5054536019248,1.0757503420295325,0.99,historical_adjacency
237,43,8.847249456829344,1.158574793229994,0.99,historical_adjacency
43,238,8.530366910370972,1.4411169780666127,0.99,historical_adjacency
238,43,8.455286750164799,1.3274726433750823,0.99,historical_adjacency
43,239,8.15724354107042,1.3015746743764967,0.99,historical_adjacency
239,43,8.383363042186572,1.2866702317290553,0.99,historical_adjacency
44,84,9.697752402305525,2.4244381005763813,0.2,spatial_fallback
84,44,9.697752402305525,2.4244381005763813,0.2,spatial_fallback
44,99,17.283482774531553,4.320870693632888,0.2,spatial_fallback
99,44,17.283482774531553,4.320870693632888,0.2,spatial_fallback
44,204,6.7892337940048915,1.6973084485012229,0.2,spatial_fallback
204,44,6.7892337940048915,1.6973084485012229,0.2,spatial_fallback
45,144,7.956595152959872,0.7886650774731824,0.9882214369846879,historical_adjacency
144,45,7.463809245172615,0.8537273259215916,0.99,historical_adjacency
45,148,8.104803133374562,0.8979468150896722,0.99,historical_adjacency
148,45,6.985828073339344,0.8632957619477006,0.99,historical_adjacency
45,209,6.618435251798561,0.7973920863309353,0.9823321554770318,historical_adjacency
209,45,7.2573571722153725,0.808557336621455,0.9878197320341048,historical_adjacency
45,231,7.774233358264771,0.8656694091249065,0.99,historical_adjacency
231,45,8.343222728258512,0.8889134677944047,0.99,historical_adjacency
45,232,8.566280148423006,1.1575417439703153,0.99,historical_adjacency
232,45,8.505228758169935,1.1013071895424837,0.9839228295819936,historical_adjacency
47,59,6.608333333333333,0.625,0.2,historical_adjacency
59,47,7.254761904761905,1.1785714285714286,0.4117647058823529,historical_adjacency
47,69,10.784834834834836,1.5183783783783784,0.9173553719008265,historical_adjacency
69,47,10.713478260869564,1.6376521739130436,0.92,historical_adjacency
47,78,12.085714285714285,1.5315873015873016,0.863013698630137,historical_adjacency
78,47,9.958527131782946,1.3845348837209304,0.8958333333333334,historical_adjacency
47,94,11.627777777777776,1.6415151515151516,0.7674418604651163,historical_adjacency
94,47,10.052777777777779,1.5347222222222223,0.782608695652174,historical_adjacency
47,167,9.555208333333333,1.3603125,0.8648648648648649,historical_adjacency
167,47,10.137751004016064,1.5033734939759036,0.8924731182795699,historical_adjacency
47,169,10.055729166666667,1.3026041666666666,0.9056603773584906,historical_adjacency
169,47,9.143772893772894,1.2582417582417582,0.900990099009901,historical_adjacency
48,50,5.7094262392613215,0.794191475690726,0.99,historical_adjacency
50,48,5.815451743052722,0.7679396164830681,0.99,historical_adjacency
48,68,7.080313915133896,1.126618214345614,0.99,historical_adjacency
68,48,10.114750434265028,1.219725957508837,0.99,historical_adjacency
48,100,9.282167665190588,0.8918364157332638,0.99,historical_adjacency
100,48,9.604953457446808,0.8904758738601823,0.99,historical_adjacency
48,142,6.6457362895427545,1.052686282635723,0.99,historical_adjacency
142,48,7.312373133440419,1.0075766553631982,0.99,historical_adjacency
48,143,7.085462677115491,1.1846081690809784,0.99,historical_adjacency
143,48,7.873223273300588,1.1873894851737312,0.99,historical_adjacency
48,163,7.7038048525655904,0.9474332482006036,0.99,historical_adjacency
163,48,9.880347574942736,1.0430481027786076,0.99,historical_adjacency
48,230,7.8255227840199755,0.7046447149396587,0.99,historical_adjacency
230,48,7.97224920227255,0.7789661452253094,0.99,historical_adjacency
48,246,7.549452428421111,1.201115633826217,0.99,historical_adjacency
246,48,8.596187503334933,1.111820073635345,0.99,historical_adjacency
49,61,14.062255892255893,1.923939393939394,0.9801980198019802,historical_adjacency
61,49,14.642121212121213,2.042781818181818,0.9821428571428571,historical_adjacency
49,97,9.055850168350169,1.0982828282828283,0.9753694581280788,historical_adjacency
97,49,8.761023851076207,1.2446596858638745,0.9828473413379074,historical_adjacency
49,189,9.548062015503875,1.1284302325581395,0.945054945054945,historical_adjacency
189,49,10.481798245614035,1.1758552631578947,0.9382716049382716,historical_adjacency
49,217,12.891552511415526,1.2906849315068494,0.8795180722891566,historical_adjacency
217,49,12.861965811965812,1.2769230769230768,0.8863636363636364,historical_adjacency
50,142,6.48709472712588,1.0719124264451367,0.99,historical_adjacency
142,50,7.479991879455021,1.0806776143643417,0.99,historical_adjacency
50,143,5.951884943961125,1.0780413825534916,0.99,historical_adjacency
143,50,6.2307496676492695,1.020254898560777,0.99,historical_adjacency
50,246,6.131684102564103,1.1468898461538461,0.99,historical_adjacency
246,50,7.6102628169535445,1.1432731815657968,0.99,historical_adjacency
51,81,10.93813559322034,1.7909322033898307,0.921875,historical_adjacency
81,51,11.670734908136483,1.9658267716535434,0.927007299270073,historical_adjacency
51,184,7.975925925925925,2.213888888888889,0.6428571428571429,historical_adjacency
184,51,6.463888888888889,1.8283333333333331,0.5454545454545454,historical_adjacency
51,242,17.655324074074073,3.4977083333333336,0.935064935064935,historical_adjacency
242,51,17.776923076923076,3.3667307692307693,0.9122807017543859,historical_adjacency
52,54,4.937820512820513,0.7088461538461538,0.7222222222222222,historical_adjacency
54,52,6.079166666666667,0.55375,0.4444444444444444,historical_adjacency
53,92,12.541946308724832,2.123959731543624,0.9371069182389937,historical_adjacency
92,53,11.835208333333334,2.2085625,0.9411764705882353,historical_adjacency
53,138,8.621666666666666,3.133,0.5,historical_adjacency
138,53,16.67295341474446,5.408018995929444,0.9866131191432396,historical_adjacency
53,252,8.3015503875969,1.4316279069767441,0.8113207547169812,historical_adjacency
252,53,8.667836257309942,1.7856140350877192,0.8507462686567164,historical_adjacency
53,253,2.4388888888888887,1.1366666666666667,0.23076923076923078,historical_adjacency
253,53,6.758333333333333,1.835,0.2,historical_adjacency
54,195,6.62258064516129,1.0535483870967743,0.7560975609756098,historical_adjacency
195,54,9.11642156862745,1.805294117647059,0.8717948717948718,historical_adjacency
55,108,11.574358974358974,1.5490598290598292,0.9212598425196851,historical_adjacency
108,55,11.89737532808399,1.5521259842519686,0.927007299270073,historical_adjacency
56,57,7.290740740740741,0.9544444444444444,0.47368421052631576,historical_adjacency
57,56,6.955,1.329,0.5,historical_adjacency
56,82,9.531466113416322,1.3991286307053943,0.9601593625498008,historical_adjacency
82,56,10.284016393442624,1.5501639344262295,0.973404255319149,historical_adjacency
56,93,10.120238095238095,2.4285714285714284,0.5833333333333334,historical_adjacency
93,56,7.184920634920634,1.802857142857143,0.6774193548387096,historical_adjacency
56,95,12.408641975308644,2.078624338624339,0.949748743718593,historical_adjacency
95,56,11.9463986599665,2.343819095477387,0.9521531100478469,historical_adjacency
56,173,9.32469135802469,1.1915555555555557,0.9310344827586207,historical_adjacency
173,56,8.8995183044316,1.298092485549133,0.9453551912568307,historical_adjacency
56,196,10.22449494949495,1.2398484848484848,0.868421052631579,historical_adjacency
196,56,9.081999999999999,1.4017333333333333,0.8823529411764706,historical_adjacency
57,93,2.0833333333333335,1.08,0.2,historical_adjacency
93,57,4.411111111111111,0.5333333333333333,0.23076923076923078,historical_adjacency
57,173,5.736666666666666,0.7020000000000001,0.3333333333333333,historical_adjacency
173,57,6.6037037037037045,0.6733333333333333,0.47368421052631576,historical_adjacency
58,184,3.8,1.015,0.2,historical_adjacency
184,58,11.1,3.91,0.2,historical_adjacency
58,208,9.403125,2.06625,0.6153846153846154,historical_adjacency
208,58,8.712820512820512,1.6015384615384616,0.5652173913043478,historical_adjacency
59,60,5.45,0.93,0.2,historical_adjacency
60,59,7.345833333333333,0.855,0.2857142857142857,historical_adjacency
59,78,6.077777777777778,0.8616666666666667,0.375,historical_adjacency
78,59,7.1499999999999995,0.7133333333333334,0.375,historical_adjacency
59,167,6.966666666666667,1.295,0.2,historical_adjacency
167,59,6.5055555555555555,0.9400000000000001,0.23076923076923078,historical_adjacency
60,78,8.365611814345991,1.0830379746835443,0.8876404494382022,historical_adjacency
78,60,9.157916666666667,1.4637499999999999,0.8,historical_adjacency
60,126,9.573809523809524,1.4998214285714284,0.8484848484848485,historical_adjacency
126,60,9.979761904761904,1.2657142857142856,0.8076923076923077,historical_adjacency
60,167,8.81938775510204,2.6579591836734697,0.8305084745762712,historical_adjacency
167,60,9.656222222222222,1.3469333333333333,0.8823529411764706,historical_adjacency
60,212,8.980459770114942,1.4858620689655173,0.7435897435897436,historical_adjacency
212,60,8.843809523809522,1.3922857142857141,0.7777777777777778,historical_adjacency
60,213,12.324814814814815,3.349777777777778,0.8181818181818182,historical_adjacency
213,60,14.35138888888889,3.187291666666667,0.8275862068965517,historical_adjacency
60,242,19.18583333333333,2.6395,0.8,historical_adjacency
242,60,17.38282828282828,2.8848484848484848,0.7674418604651163,historical_adjacency
60,248,7.573333333333333,1.3602857142857143,0.7777777777777778,historical_adjacency
248,60,8.931018518518519,1.5072222222222222,0.782608695652174,historical_adjacency
61,62,10.86576949620428,1.4536853002070393,0.9797160243407708,historical_adjacency
62,61,11.176229016786571,1.429568345323741,0.9823321554770318,historical_adjacency
61,72,15.038290981564524,2.219237668161435,0.9852724594992637,historical_adjacency
72,61,15.103739316239317,2.021645299145299,0.9894291754756871,historical_adjacency
61,177,12.599307862679956,1.8141196013289036,0.9836601307189542,historical_adjacency
177,61,12.828317659352141,1.8074608150470222,0.9845679012345679,historical_adjacency
61,189,12.153169398907105,1.7291147540983607,0.9682539682539683,historical_adjacency
189,61,11.137939958592131,1.7049068322981367,0.9698795180722891,historical_adjacency
61,225,12.107542711741186,1.713206106870229,0.9892125134843581,historical_adjacency
225,61,12.187805358550039,1.6375177304964539,0.9883177570093458,historical_adjacency
62,72,14.992267267267268,2.3124324324324323,0.9568965517241379,historical_adjacency
72,62,17.29439528023599,2.434778761061947,0.9576271186440678,historical_adjacency
62,188,10.179616306954436,1.2860671462829736,0.9765807962529274,historical_adjacency
188,62,10.649325396825397,1.178095238095238,0.9767441860465116,historical_adjacency
62,189,11.659203980099502,1.559402985074627,0.8701298701298701,historical_adjacency
189,62,10.293719806763285,1.577391304347826,0.8734177215189873,historical_adjacency
62,190,12.715625,1.685,0.6153846153846154,historical_adjacency
190,62,11.826984126984128,1.5542857142857143,0.6774193548387096,historical_adjacency
63,76,11.717783224400872,1.7232679738562093,0.9839228295819936,historical_adjacency
76,63,11.037061822817082,1.6439770554493307,0.9812382739212008,historical_adjacency
63,77,12.995440251572328,1.9704716981132075,0.9137931034482759,historical_adjacency
77,63,13.66602564102564,1.9734615384615386,0.9122807017543859,historical_adjacency
63,96,10.506060606060606,2.458181818181818,0.5238095238095238,historical_adjacency
96,63,7.766666666666667,2.0100000000000002,0.375,historical_adjacency
63,124,11.833333333333334,2.6116363636363635,0.8461538461538461,historical_adjacency
124,63,10.104222222222223,2.320666666666667,0.8823529411764706,historical_adjacency
63,177,12.54814814814815,2.0518750000000003,0.935064935064935,historical_adjacency
177,63,13.426495726495727,2.1280341880341878,0.9212598425196851,historical_adjacency
63,180,10.66625,2.117,0.8888888888888888,historical_adjacency
180,63,9.377472527472527,1.76,0.900990099009901,historical_adjacency
63,258,9.401493710691824,1.4864622641509433,0.954954954954955,historical_adjacency
258,63,9.07906976744186,1.488093023255814,0.9555555555555556,historical_adjacency
64,101,13.233333333333334,3.2671428571428573,0.5833333333333334,historical_adjacency
101,64,8.631410256410255,2.111923076923077,0.7222222222222222,historical_adjacency
64,175,7.831944444444445,1.6900000000000002,0.5454545454545454,historical_adjacency
175,64,6.967592592592592,1.6027777777777779,0.6428571428571429,historical_adjacency
65,66,7.935491606714628,0.8970983213429258,0.9765807962529274,historical_adjacency
66,65,9.699482401656313,1.0863664596273293,0.9698795180722891,historical_adjacency
65,97,9.131322505800464,1.0772853828306264,0.9773242630385488,historical_adjacency
97,65,8.886173767752716,0.9319548872180452,0.9755501222493888,historical_adjacency
66,97,11.542386091127097,1.520431654676259,0.9652777777777778,historical_adjacency
97,66,10.21310975609756,1.3234756097560976,0.9704142011834319,historical_adjacency
67,227,12.990243902439024,1.8129268292682927,0.8913043478260869,historical_adjacency
227,67,11.923958333333333,1.6275,0.8648648648648649,historical_adjacency
68,90,6.515553990910837,0.89706970492223,0.99,historical_adjacency
90,68,6.230108838593577,0.8030538828903655,0.99,historical_adjacency
68,100,11.17276427156492,1.0601890869800108,0.99,historical_adjacency
100,68,8.342071715984758,1.0380418758679628,0.99,historical_adjacency
68,158,7.7545743504698725,1.1841813658977838,0.99,historical_adjacency
158,68,7.845216033494629,1.207767939874395,0.99,historical_adjacency
68,186,7.342792792792793,0.8738289522399111,0.99,historical_adjacency
186,68,7.036985042199381,0.8820926297317624,0.99,historical_adjacency
68,246,6.683160075809007,0.8703211982348947,0.99,historical_adjacency
246,68,6.780743293315547,0.8893747220987105,0.99,historical_adjacency
68,249,8.302486713150323,1.2056984738407528,0.99,historical_adjacency
249,68,7.753899695702869,1.2235850183431447,0.99,historical_adjacency
69,159,10.88822355289421,1.3180838323353294,0.943502824858757,historical_adjacency
159,69,10.741093474426808,1.3118518518518518,0.949748743718593,historical_adjacency
69,167,9.542056074766355,1.1575700934579438,0.9145299145299145,historical_adjacency
167,69,11.11173708920188,1.276830985915493,0.9342105263157895,historical_adjacency
69,168,13.529092702169624,2.0695266272189348,0.9441340782122905,historical_adjacency
168,69,12.56056166056166,1.94,0.9646643109540636,historical_adjacency
69,169,11.696361502347417,2.0875352112676056,0.9342105263157895,historical_adjacency
169,69,11.850555555555555,1.6828666666666667,0.9375,historical_adjacency
69,247,9.361214953271029,1.1995327102803737,0.9553571428571429,historical_adjacency
247,69,9.201578947368422,1.2513684210526315,0.95,historical_adjacency
70,93,11.977586206896552,3.8232758620689653,0.8529411764705882,historical_adjacency
93,70,8.922,2.3848000000000003,0.8333333333333334,historical_adjacency
70,129,10.470490506329115,2.020854430379747,0.9844236760124611,historical_adjacency
129,70,10.195319335083115,1.8808398950131233,0.9744245524296675,historical_adjacency
70,138,8.594324324324324,2.2302432432432435,0.9736842105263158,historical_adjacency
138,70,6.644046103804271,1.378379295714892,0.99,historical_adjacency
70,173,10.262083333333333,1.7064166666666667,0.9230769230769231,historical_adjacency
173,70,7.412987012987013,0.9509090909090909,0.8850574712643678,historical_adjacency
71,72,11.896883116883117,1.6536363636363636,0.9746835443037974,historical_adjacency
72,71,11.975888324873097,1.5501776649746193,0.9752475247524752,historical_adjacency
71,85,9.466666666666667,1.3355797101449276,0.965034965034965,historical_adjacency
85,71,10.240528905289054,1.187011070110701,0.9644128113879004,historical_adjacency
71,89,13.930327321309285,1.6962324649298597,0.9803536345776032,historical_adjacency
89,71,13.676358873608383,1.8015520628683694,0.9807321772639692,historical_adjacency
71,91,13.335404896421846,1.9685310734463277,0.9725274725274725,historical_adjacency
91,71,13.302126736111111,1.926796875,0.9746192893401016,historical_adjacency
71,188,12.815,1.6524181818181818,0.9821428571428571,historical_adjacency
188,71,12.26724358974359,1.5874615384615385,0.9811320754716981,historical_adjacency
72,76,18.662185354691076,2.966773455377574,0.9886877828054299,historical_adjacency
76,72,19.2125702247191,3.07686797752809,0.9861495844875346,historical_adjacency
72,91,14.438744075829383,2.42718009478673,0.9768518518518519,historical_adjacency
91,72,14.094791666666667,2.351875,0.9723756906077348,historical_adjacency
72,188,14.102573352573353,1.8665945165945166,0.9857752489331437,historical_adjacency
188,72,14.159612983770288,1.8492883895131085,0.9816176470588235,historical_adjacency
73,92,9.776262626262627,1.5613131313131312,0.908256880733945,historical_adjacency
92,73,9.292121212121213,1.354090909090909,0.9166666666666666,historical_adjacency
73,171,7.068666666666667,1.1132,0.7142857142857143,historical_adjacency
171,73,7.036666666666666,1.0986666666666667,0.75,historical_adjacency
73,192,8.538690476190476,1.7985714285714285,0.7368421052631579,historical_adjacency
192,73,8.733333333333333,1.5992857142857144,0.5833333333333334,historical_adjacency
74,75,7.632903734876381,1.127351394003156,0.99,historical_adjacency
75,74,7.376371593957362,1.2251706903854298,0.99,historical_adjacency
74,194,7.8427648578811375,1.811279069767442,0.9626865671641791,historical_adjacency
194,74,8.157051282051281,1.9742307692307692,0.7222222222222222,historical_adjacency
75,236,6.657465960234718,0.9289027516663818,0.99,historical_adjacency
236,75,6.180688876020484,0.9100483700650611,0.99,historical_adjacency
75,262,9.34545798637396,1.3241256623769873,0.99,historical_adjacency
262,75,8.825898051528304,1.276078123557115,0.99,historical_adjacency
75,263,6.828128826843008,0.9979782023022288,0.99,historical_adjacency
263,75,6.482671737779793,1.0096297415747317,0.99,historical_adjacency
76,77,11.163179413179412,1.659119769119769,0.9857752489331437,historical_adjacency
77,76,10.85940902021773,1.617433903576983,0.9846860643185299,historical_adjacency
76,124,14.109021406727827,2.254816513761468,0.956140350877193,historical_adjacency
124,76,11.727150537634408,2.461075268817204,0.9489795918367347,historical_adjacency
76,177,17.627836566725456,2.606384479717813,0.9826689774696707,historical_adjacency
177,76,17.450329489291597,2.769324546952224,0.9837925445705025,historical_adjacency
76,180,12.350248756218907,2.316044776119403,0.9305555555555556,historical_adjacency
180,76,10.83838028169014,2.3404225352112675,0.9342105263157895,historical_adjacency
76,222,13.475207756232688,1.940415512465374,0.9730458221024259,historical_adjacency
222,76,13.119960317460317,1.7777619047619047,0.9767441860465116,historical_adjacency
77,177,13.016326530612245,1.668843537414966,0.9363057324840764,historical_adjacency
177,77,11.666346153846154,1.689551282051282,0.9397590361445783,historical_adjacency
78,242,15.733734939759037,2.438072289156626,0.8924731182795699,historical_adjacency
242,78,16.377717391304348,2.0994565217391306,0.9019607843137255,historical_adjacency
78,248,8.013131313131312,1.393030303030303,0.7674418604651163,historical_adjacency
248,78,11.096938775510203,1.6020408163265305,0.8305084745762712,historical_adjacency
79,107,5.758828079057042,0.9217089821277901,0.99,historical_adjacency
107,79,6.956002981016494,0.948182398899317,0.99,historical_adjacency
79,113,7.203918447144253,0.8655048177628822,0.99,historical_adjacency
113,79,7.154594096704752,0.8171423248882266,0.99,historical_adjacency
79,114,7.392699542343704,0.8866072553218289,0.99,historical_adjacency
114,79,7.626323341019729,0.9414573405073021,0.99,historical_adjacency
79,144,8.497890768044714,1.0213414281584274,0.99,historical_adjacency
144,79,7.7570028497949535,0.9973656773476055,0.99,historical_adjacency
79,148,7.834582190613427,0.8995170362106634,0.99,historical_adjacency
148,79,6.515586503870053,0.8586340346669574,0.99,historical_adjacency
79,224,5.802507405111249,0.8952490183922297,0.99,historical_adjacency
224,79,7.073811040339702,0.9841146496815286,0.99,historical_adjacency
79,232,9.321163871260199,1.3573016772438804,0.99,historical_adjacency
232,79,8.8756242568371,1.1744946492271107,0.99,historical_adjacency
79,234,9.497882754069511,1.2885630224373075,0.99,historical_adjacency
234,79,9.842338721953299,1.269745182208421,0.99,historical_adjacency
80,112,10.889850249584027,1.6254076539101499,0.983633387888707,historical_adjacency
112,80,10.838888888888889,1.589915824915825,0.9834437086092715,historical_adjacency
80,157,11.123958333333333,2.368693181818182,0.946236559139785,historical_adjacency
157,80,10.106957928802588,2.039563106796116,0.9537037037037037,historical_adjacency
80,198,14.673486506199856,2.5983150984682717,0.9785867237687366,historical_adjacency
198,80,14.11261415525114,2.6121575342465753,0.9668874172185431,historical_adjacency
80,217,10.353144654088052,1.312264150943396,0.8412698412698413,historical_adjacency
217,80,12.759452736318408,1.3623880597014926,0.8701298701298701,historical_adjacency
80,226,13.891096866096865,2.8383760683760686,0.9590163934426229,historical_adjacency
226,80,14.957521367521368,2.7124615384615383,0.9512195121951219,historical_adjacency
80,255,10.21881427707199,1.396660617059891,0.982174688057041,historical_adjacency
255,80,9.561125541125541,1.3089350649350648,0.9871794871794872,historical_adjacency
80,256,9.782048611111112,1.4147291666666668,0.9795918367346939,historical_adjacency
256,80,9.286910846110166,1.3648211243611583,0.983249581239531,historical_adjacency
81,184,17.061666666666667,4.39,0.5,historical_adjacency
184,81,7.388888888888888,2.9166666666666665,0.23076923076923078,historical_adjacency
81,242,16.065425531914894,3.361914893617021,0.9038461538461539,historical_adjacency
242,81,16.795833333333334,3.749423076923077,0.8387096774193549,historical_adjacency
81,254,8.525814536340853,1.4658646616541353,0.9300699300699301,historical_adjacency
254,81,7.942361111111111,1.4153333333333333,0.9230769230769231,historical_adjacency
81,259,10.206944444444444,1.9002083333333333,0.9056603773584906,historical_adjacency
259,81,9.033950617283951,1.565925925925926,0.8901098901098901,historical_adjacency
82,83,8.027691511387163,1.181055900621118,0.9698795180722891,historical_adjacency
83,82,8.60188679245283,1.2117735849056603,0.9636363636363636,historical_adjacency
82,129,10.854126016260162,1.5811219512195123,0.9879518072289156,historical_adjacency
129,82,11.411488095238095,1.5569404761904762,0.9882352941176471,historical_adjacency
82,157,11.2669776119403,2.047388059701493,0.9640287769784173,historical_adjacency
157,82,11.035874439461884,2.007847533632287,0.9570815450643777,historical_adjacency
82,160,11.814568764568765,2.0346503496503496,0.9662162162162162,historical_adjacency
160,82,11.631984585741812,1.9296531791907514,0.9453551912568307,historical_adjacency
82,173,12.41403242147923,1.7171732522796355,0.9705014749262537,historical_adjacency
173,82,12.17020725388601,1.7122797927461142,0.9507389162561576,historical_adjacency
82,196,11.600793650793651,1.5625595238095238,0.9438202247191011,historical_adjacency
196,82,10.999739583333332,1.51171875,0.9504950495049505,historical_adjacency
83,129,9.592748091603054,1.7298091603053434,0.9632352941176471,historical_adjacency
129,83,10.935132275132275,1.6284126984126985,0.9692307692307692,historical_adjacency
83,157,8.619918699186993,1.4995121951219512,0.8913043478260869,historical_adjacency
157,83,9.384188034188034,1.6397435897435897,0.8863636363636364,historical_adjacency
83,260,7.4461133069828715,1.2084189723320158,0.9619771863117871,historical_adjacency
260,83,7.823333333333333,1.1974117647058824,0.9714285714285714,historical_adjacency
84,99,13.274795363272291,3.318698840818073,0.2,spatial_fallback
99,84,13.274795363272291,3.318698840818073,0.2,spatial_fallback
84,109,10.046200285000804,2.511550071250201,0.2,spatial_fallback
109,84,10.046200285000804,2.511550071250201,0.2,spatial_fallback
84,118,19.689467034883275,4.922366758720819,0.2,spatial_fallback
118,84,8.383333333333333,1.45,0.2,historical_adjacency
84,204,5.322916982194403,1.3307292455486008,0.2,spatial_fallback
204,84,1.55,0.3,0.2,historical_adjacency
85,89,9.47168284789644,1.0984466019417476,0.9686520376175548,historical_adjacency
89,85,10.141532690246516,1.2444051446945337,0.9688473520249221,historical_adjacency
85,188,10.474616858237548,1.4837356321839081,0.9720670391061452,historical_adjacency
188,85,11.211329305135951,1.3171601208459216,0.9706744868035191,historical_adjacency
86,117,12.055341880341881,2.288846153846154,0.968944099378882,historical_adjacency
117,86,12.112962962962964,2.210716845878136,0.9653979238754326,historical_adjacency
87,88,5.051639871382637,0.6155627009646303,0.99,historical_adjacency
88,87,5.161286089238845,0.592992125984252,0.99,historical_adjacency
87,209,5.742892804698972,0.6112687224669603,0.99,historical_adjacency
209,87,5.600193798449613,0.6617700258397933,0.9872448979591837,historical_adjacency
87,231,9.37546537995043,1.2195760164530929,0.99,historical_adjacency
231,87,8.55389937762943,1.1251027432982164,0.99,historical_adjacency
87,261,6.977478902953586,0.8208649789029536,0.99,historical_adjacency
261,87,7.982436010591351,0.8608781994704324,0.99,historical_adjacency
88,261,6.924457831325301,0.8055180722891566,0.99,historical_adjacency
261,88,8.266689976689976,0.9297692307692307,0.99,historical_adjacency
89,91,16.7390931372549,2.208235294117647,0.9855072463768116,historical_adjacency
91,89,15.251670951156811,2.1558740359897173,0.9873096446700508,historical_adjacency
89,133,11.447872340425532,1.3811702127659575,0.9494949494949495,historical_adjacency
133,89,10.957046070460704,1.329390243902439,0.9609375,historical_adjacency
89,165,12.984329349269588,1.825378486055777,0.9616858237547893,historical_adjacency
165,89,12.705665024630543,1.57192118226601,0.9530516431924883,historical_adjacency
89,178,15.328301886792453,2.669811320754717,0.8412698412698413,historical_adjacency
178,89,13.233760683760684,1.8220512820512822,0.7959183673469388,historical_adjacency
89,188,14.978207109737248,1.9242503863987634,0.984779299847793,historical_adjacency
188,89,14.631664098613252,1.8436671802773497,0.9848254931714719,historical_adjacency
89,190,13.977469135802469,1.8138888888888889,0.84375,historical_adjacency
190,89,12.005747126436782,2.13,0.8529411764705882,historical_adjacency
89,257,13.327777777777778,1.730888888888889,0.9,historical_adjacency
257,89,12.196315789473683,1.8303157894736841,0.9047619047619048,historical_adjacency
90,113,7.629003612854154,1.000311466058186,0.99,historical_adjacency
113,90,7.126550446868522,0.9597186257518605,0.99,historical_adjacency
90,186,5.44703518980327,0.6994120758709287,0.99,historical_adjacency
186,90,5.1913966442497115,0.7625446640853203,0.99,historical_adjacency
90,234,5.924428758169934,0.6834713725490196,0.99,historical_adjacency
234,90,5.946652369776915,0.7500768795014972,0.99,historical_adjacency
90,249,5.381349996506672,0.8176189478096836,0.99,historical_adjacency
249,90,5.879202369618111,0.9030926689939701,0.99,historical_adjacency
91,149,14.598422090729782,2.148343195266272,0.9441340782122905,historical_adjacency
149,91,13.48030303030303,1.9912121212121212,0.908256880733945,historical_adjacency
91,155,10.779888268156425,1.452122905027933,0.9728260869565217,historical_adjacency
155,91,10.174340527577938,1.3334892086330934,0.9652777777777778,historical_adjacency
91,165,15.787264150943397,2.0358018867924526,0.954954954954955,historical_adjacency
165,91,14.843788819875776,1.6806211180124222,0.9415204678362573,historical_adjacency
92,93,9.906818181818181,2.0704545454545453,0.6875,historical_adjacency
93,92,10.092270531400967,2.380434782608696,0.8734177215189873,historical_adjacency
92,171,8.619540229885057,1.3214367816091954,0.9456521739130435,historical_adjacency
171,92,9.020169851380043,1.4152866242038218,0.9401197604790419,historical_adjacency
92,192,10.325510204081633,1.9293877551020406,0.9074074074074074,historical_adjacency
192,92,9.912857142857142,1.6912857142857143,0.875,historical_adjacency
92,252,11.148837209302327,2.5348837209302326,0.8958333333333334,historical_adjacency
252,92,13.10030303030303,2.8006363636363636,0.9166666666666666,historical_adjacency
92,253,8.669444444444444,1.0316666666666667,0.375,historical_adjacency
253,92,6.496666666666667,1.488,0.3333333333333333,historical_adjacency
93,95,15.013285024154591,3.3346376811594203,0.8734177215189873,historical_adjacency
95,93,12.986996336996336,2.8125274725274725,0.900990099009901,historical_adjacency
93,134,9.869753086419754,3.271111111111111,0.7297297297297297,historical_adjacency
134,93,14.755952380952381,3.6978571428571425,0.5833333333333334,historical_adjacency
93,135,11.621875000000001,3.643125,0.6153846153846154,historical_adjacency
135,93,9.111805555555556,2.1479166666666667,0.7058823529411765,historical_adjacency
93,138,8.313666666666666,2.7538,0.8333333333333334,historical_adjacency
138,93,13.194532908704883,4.362165605095542,0.9691358024691358,historical_adjacency
93,173,10.383333333333333,2.355,0.4444444444444444,historical_adjacency
173,93,11.256481481481481,2.818888888888889,0.6428571428571429,historical_adjacency
93,192,8.469047619047618,2.1957142857142857,0.4117647058823529,historical_adjacency
192,93,4.797619047619047,1.9714285714285713,0.4117647058823529,historical_adjacency
93,253,5.50885308278615,1.3772132706965374,0.2,spatial_fallback
253,93,2.533333333333333,1.17,0.2857142857142857,historical_adjacency
94,136,9.183838383838383,1.0096969696969698,0.7674418604651163,historical_adjacency
136,94,9.742307692307692,1.1157692307692308,0.7222222222222222,historical_adjacency
94,169,8.566312056737589,1.1517021276595745,0.8245614035087719,historical_adjacency
169,94,8.332624113475177,0.9742553191489361,0.8245614035087719,historical_adjacency
94,235,14.069858156028369,1.5670212765957445,0.8245614035087719,historical_adjacency
235,94,9.909374999999999,1.4341666666666668,0.8275862068965517,historical_adjacency
95,96,14.332539682539684,2.9119047619047618,0.6774193548387096,historical_adjacency
96,95,12.234848484848483,2.631818181818182,0.5238095238095238,historical_adjacency
95,102,13.293123543123544,2.6200699300699304,0.934640522875817,historical_adjacency
102,95,12.553482587064677,2.315671641791045,0.9305555555555556,historical_adjacency
95,134,11.614041514041514,1.8236263736263736,0.9646643109540636,historical_adjacency
134,95,11.853303964757709,1.848546255506608,0.9578059071729957,historical_adjacency
95,196,9.790677966101695,1.2772881355932204,0.9672131147540983,historical_adjacency
196,95,9.383662280701754,1.5217434210526317,0.9681528662420382,historical_adjacency
96,102,10.289583333333333,1.91625,0.4444444444444444,historical_adjacency
102,96,7.929824561403509,1.3394736842105264,0.6551724137931034,historical_adjacency
96,134,8.233333333333334,1.596,0.3333333333333333,historical_adjacency
134,96,8.60952380952381,1.8942857142857144,0.4117647058823529,historical_adjacency
96,197,7.385185185185185,1.4805555555555554,0.6428571428571429,historical_adjacency
197,96,10.642753623188407,2.09,0.696969696969697,historical_adjacency
96,198,12.796153846153848,2.8430769230769233,0.5652173913043478,historical_adjacency
198,96,10.977333333333334,2.0528,0.7142857142857143,historical_adjacency
96,258,6.675641025641026,1.1146153846153846,0.5652173913043478,historical_adjacency
258,96,6.957142857142856,1.1535714285714285,0.5833333333333334,historical_adjacency
97,181,13.990711346266902,1.8507231040564371,0.9826689774696707,historical_adjacency
181,97,12.832380952380952,1.4158285714285712,0.9722222222222222,historical_adjacency
97,189,11.364072327044026,1.3658490566037735,0.954954954954955,historical_adjacency
189,97,11.756770833333334,1.2721875,0.9504950495049505,historical_adjacency
98,121,8.84675925925926,1.755,0.782608695652174,historical_adjacency
121,98,7.805882352941175,1.6776470588235295,0.7727272727272727,historical_adjacency
98,131,9.370000000000001,1.6326666666666667,0.6,historical_adjacency
131,98,9.834027777777779,1.931875,0.8275862068965517,historical_adjacency
98,175,7.8910256410256405,1.959230769230769,0.5652173913043478,historical_adjacency
175,98,9.257407407407406,1.3733333333333333,0.47368421052631576,historical_adjacency
98,191,14.461111111111112,4.026666666666667,0.6428571428571429,historical_adjacency
191,98,15.34702380952381,3.5582142857142856,0.7368421052631579,historical_adjacency
98,192,8.58095238095238,2.6978571428571425,0.5833333333333334,historical_adjacency
192,98,6.984722222222222,2.03,0.5454545454545454,historical_adjacency
99,109,10.158890332418585,2.539722583104646,0.2,spatial_fallback
109,99,10.158890332418585,2.539722583104646,0.2,spatial_fallback
99,118,11.56441380036189,2.8911034500904726,0.2,spatial_fallback
118,99,11.56441380036189,2.8911034500904726,0.2,spatial_fallback
99,204,11.020636287247212,2.755159071811803,0.2,spatial_fallback
204,99,11.020636287247212,2.755159071811803,0.2,spatial_fallback
100,161,9.363262496837656,0.9187740524130541,0.99,historical_adjacency
161,100,11.809513081530103,0.9720609667908996,0.99,historical_adjacency
100,164,8.463055847338936,0.799733455882353,0.99,historical_adjacency
164,100,8.898316567911442,0.7719429516329062,0.99,historical_adjacency
100,186,6.738086816018167,0.6461705751342853,0.99,historical_adjacency
186,100,9.013075831673007,0.6450434703857997,0.99,historical_adjacency
100,230,9.315097726366176,0.7727792181890706,0.99,historical_adjacency
230,100,9.062991756447927,0.7580227717923604,0.99,historical_adjacency
102,160,9.43902953586498,1.8374683544303798,0.8876404494382022,historical_adjacency
160,102,9.37534013605442,1.663265306122449,0.9074074074074074,historical_adjacency
102,196,12.676241134751772,2.2574468085106383,0.8245614035087719,historical_adjacency
196,102,12.75909090909091,2.3085454545454547,0.8461538461538461,historical_adjacency
102,198,10.135875706214689,1.7075593220338983,0.9672131147540983,historical_adjacency
198,102,10.148717948717948,1.6268227424749164,0.9676375404530745,historical_adjacency
106,181,8.07266081871345,1.024078947368421,0.957983193277311,historical_adjacency
181,106,8.30595238095238,1.0983163265306124,0.9514563106796117,historical_adjacency
106,195,11.083333333333334,1.5697333333333334,0.8823529411764706,historical_adjacency
195,106,12.586842105263159,1.823859649122807,0.8507462686567164,historical_adjacency
106,228,11.507734204793028,2.002418300653595,0.9386503067484663,historical_adjacency
228,106,12.265811965811967,1.9769230769230768,0.8863636363636364,historical_adjacency
107,113,7.507519254880887,0.9071316496507255,0.99,historical_adjacency
113,107,7.253080444554756,0.9232795565483578,0.99,historical_adjacency
107,137,5.112412283670661,0.7482156637108237,0.99,historical_adjacency
137,107,5.963609112709832,0.8099048503132977,0.99,historical_adjacency
107,164,8.906966329407862,1.0047719356443856,0.99,historical_adjacency
164,107,7.661957903097697,0.999756949960286,0.99,historical_adjacency
107,170,7.1849379416469255,0.9827312761951041,0.99,historical_adjacency
170,107,7.002163815818856,1.0291237550801662,0.99,historical_adjacency
107,224,6.0759797829149065,0.7876286353467562,0.99,historical_adjacency
224,107,6.229915409236397,0.7791700960219479,0.99,historical_adjacency
107,234,6.785500949667616,0.7144394586894587,0.99,historical_adjacency
234,107,6.550774038249194,0.738242347952829,0.99,historical_adjacency
108,123,13.178061224489797,1.8881632653061224,0.9074074074074074,historical_adjacency
123,108,14.228042328042328,1.7782539682539682,0.863013698630137,historical_adjacency
109,110,5.0351184924613674,1.2587796231153419,0.2,spatial_fallback
110,109,5.0351184924613674,1.2587796231153419,0.2,spatial_fallback
109,118,10.290287718548042,2.5725719296370104,0.2,spatial_fallback
118,109,10.290287718548042,2.5725719296370104,0.2,spatial_fallback
109,176,8.166666666666666,2.3,0.2,historical_adjacency
176,109,6.582562494568282,1.6456406236420704,0.2,spatial_fallback
110,176,4.636584505074108,1.159146126268527,0.2,spatial_fallback
176,110,4.636584505074108,1.159146126268527,0.2,spatial_fallback
111,133,95.81666666666666,9.31,0.2,historical_adjacency
133,111,13.625,1.65,0.2,historical_adjacency
111,227,10.225,1.295,0.2,historical_adjacency
227,111,8.025,0.9633333333333333,0.375,historical_adjacency
111,228,6.458333333333334,1.165,0.2857142857142857,historical_adjacency
228,111,5.025,0.65,0.375,historical_adjacency
111,257,2.6074931623624833,0.6518732905906208,0.2,spatial_fallback
257,111,11.091666666666667,0.8200000000000001,0.2,historical_adjacency
112,145,9.69222972972973,1.7638175675675676,0.9833887043189369,historical_adjacency
145,112,9.138216414488767,1.6436588720770289,0.9864314789687924,historical_adjacency
112,226,11.995726495726496,2.203223443223443,0.9646643109540636,historical_adjacency
226,112,12.731847133757963,2.2661464968152867,0.9691358024691358,historical_adjacency
112,255,8.868939393939394,1.183158508158508,0.988479262672811,historical_adjacency
255,112,8.185664682539683,1.231235119047619,0.99,historical_adjacency
113,114,5.693060030366996,0.715692700811021,0.99,historical_adjacency
114,113,5.673525825276544,0.7402691403187877,0.99,historical_adjacency
113,234,6.969469581874629,0.8805264548517076,0.99,historical_adjacency
234,113,5.86395557047731,0.7988859045380784,0.99,historical_adjacency
113,249,6.761925949467663,0.810842205625298,0.99,historical_adjacency
249,113,6.791804435757526,0.7730572522192362,0.99,historical_adjacency
114,125,7.070210880737196,0.8846225412014885,0.99,historical_adjacency
125,114,6.841835238932864,0.7708970976253298,0.99,historical_adjacency
114,144,6.895970671628566,0.7796916533758639,0.99,historical_adjacency
144,114,6.368842710579625,0.754189374632425,0.99,historical_adjacency
114,148,8.756086585827966,0.9776762031072376,0.99,historical_adjacency
148,114,8.065350738396624,0.9802768987341772,0.99,historical_adjacency
114,211,6.221776917879738,0.7102155887230515,0.99,historical_adjacency
211,114,6.202257902659308,0.6877094831911691,0.99,historical_adjacency
114,249,7.371446626482598,0.9185624473394257,0.99,historical_adjacency
249,114,7.928285555467323,0.8204899547367586,0.99,historical_adjacency
115,118,3.8,0.66,0.2,historical_adjacency
118,115,12.860178333411818,3.2150445833529546,0.2,spatial_fallback
115,221,9.202777777777778,1.3783333333333332,0.375,historical_adjacency
221,115,2.981083334007419,0.7452708335018547,0.2,spatial_fallback
115,245,57.31666666666667,2.64,0.2,historical_adjacency
245,115,4.592655204298912,1.148163801074728,0.2,spatial_fallback
115,251,7.894680777602694,1.9736701944006736,0.2,spatial_fallback
251,115,7.894680777602694,1.9736701944006736,0.2,spatial_fallback
116,120,11.156349206349207,1.9573809523809522,0.8076923076923077,historical_adjacency
120,116,10.313333333333333,2.186,0.3333333333333333,historical_adjacency
116,152,5.810175250357654,0.8512875536480686,0.9893842887473461,historical_adjacency
152,116,6.937897366030882,1.0581198910081744,0.9865591397849462,historical_adjacency
116,244,9.04911205824898,1.4036760788492273,0.99,historical_adjacency
244,116,7.882582815734989,1.2478933747412007,0.99,historical_adjacency
117,201,12.742857142857142,2.5445864661654136,0.9300699300699301,historical_adjacency
201,117,11.55313725490196,2.342235294117647,0.8947368421052632,historical_adjacency
118,172,13.758333333333333,3.25,0.2,historical_adjacency
172,118,7.16167614675342,1.790419036688355,0.2,spatial_fallback
118,176,7.12354811373186,1.780887028432965,0.2,spatial_fallback
176,118,7.12354811373186,1.780887028432965,0.2,spatial_fallback
118,214,9.38888888888889,2.313333333333333,0.23076923076923078,historical_adjacency
214,118,9.989200467563466,2.4973001168908664,0.2,spatial_fallback
118,251,8.522714313766429,2.130678578441607,0.2,spatial_fallback
251,118,8.522714313766429,2.130678578441607,0.2,spatial_fallback
119,169,12.691458333333333,1.8395,0.8888888888888888,historical_adjacency
169,119,12.926506024096387,1.973132530120482,0.8924731182795699,historical_adjacency
119,235,10.359166666666665,1.5198333333333334,0.8571428571428571,historical_adjacency
235,119,9.02921568627451,1.3209411764705883,0.8947368421052632,historical_adjacency
119,247,9.358754208754208,1.1343434343434342,0.908256880733945,historical_adjacency
247,119,8.724666666666666,1.2505142857142857,0.9459459459459459,historical_adjacency
120,127,16.844444444444445,5.503333333333334,0.5454545454545454,historical_adjacency
127,120,9.203703703703702,2.373333333333333,0.6428571428571429,historical_adjacency
120,243,7.84074074074074,1.4027777777777777,0.6428571428571429,historical_adjacency
243,120,8.256481481481481,1.2616666666666667,0.6428571428571429,historical_adjacency
120,244,7.409027777777777,1.1333333333333333,0.7058823529411765,historical_adjacency
244,120,8.348611111111111,1.119,0.8571428571428571,historical_adjacency
121,131,7.63804347826087,1.414782608695652,0.8214285714285714,historical_adjacency
131,121,10.715897435897435,2.082307692307692,0.8666666666666667,historical_adjacency
121,135,8.6285140562249,1.6914457831325302,0.8924731182795699,historical_adjacency
135,121,8.683333333333334,1.542258064516129,0.9029126213592233,historical_adjacency
121,192,10.214102564102564,1.7257692307692307,0.7222222222222222,historical_adjacency
192,121,10.304901960784314,2.050588235294118,0.6296296296296297,historical_adjacency
122,130,11.8067081604426,2.2200414937759336,0.9601593625498008,historical_adjacency
130,122,12.88396624472574,2.3791139240506327,0.9693251533742331,historical_adjacency
122,131,8.087333333333333,1.8509,0.9090909090909091,historical_adjacency
131,122,7.76875,2.2958333333333334,0.8275862068965517,historical_adjacency
122,191,7.658114035087719,1.5571052631578948,0.8837209302325582,historical_adjacency
191,122,7.637499999999999,1.465,0.8780487804878049,historical_adjacency
122,205,9.161610486891385,1.8469662921348313,0.898989898989899,historical_adjacency
205,122,8.066872427983538,1.5980246913580247,0.8901098901098901,historical_adjacency
123,149,11.566004415011038,1.346887417218543,0.937888198757764,historical_adjacency
149,123,12.414467592592594,1.3672222222222221,0.935064935064935,historical_adjacency
123,165,12.564071856287423,1.7238922155688623,0.943502824858757,historical_adjacency
165,123,14.287858220211161,1.853891402714932,0.9567099567099567,historical_adjacency
123,178,10.358558558558558,1.78,0.9173553719008265,historical_adjacency
178,123,10.67968253968254,1.4215238095238094,0.9130434782608695,historical_adjacency
123,210,13.334302325581396,1.7676162790697674,0.945054945054945,historical_adjacency
210,123,14.977777777777778,1.9684408602150538,0.9489795918367347,historical_adjacency
124,132,10.07457264957265,3.9783333333333335,0.8863636363636364,historical_adjacency
132,124,15.640067650676507,5.708274907749078,0.99,historical_adjacency
124,180,8.07551622418879,1.6634513274336282,0.9186991869918699,historical_adjacency
180,124,8.496997929606625,1.601490683229814,0.9415204678362573,historical_adjacency
124,216,11.085917312661499,2.6936434108527134,0.9280575539568345,historical_adjacency
216,124,12.210402684563757,2.768523489932886,0.9371069182389937,historical_adjacency
125,158,6.616953664420596,0.9523009732967307,0.99,historical_adjacency
158,125,8.109475511695907,1.0758881578947368,0.99,historical_adjacency
125,211,6.381807714450202,0.6456246401842257,0.99,historical_adjacency
211,125,5.728847517730497,0.6576010638297872,0.99,historical_adjacency
125,231,6.544189005266583,0.8897763181253328,0.99,historical_adjacency
231,125,5.969985318407048,0.8036759038355661,0.99,historical_adjacency
125,249,5.626147392663267,0.7929050830728738,0.99,historical_adjacency
249,125,6.21423648893725,0.8438805767138193,0.99,historical_adjacency
126,147,7.212931034482759,0.958103448275862,0.8529411764705882,historical_adjacency
147,126,7.409868421052631,1.190657894736842,0.8837209302325582,historical_adjacency
126,167,9.876344086021506,1.1779032258064517,0.8611111111111112,historical_adjacency
167,126,11.618958333333333,1.58225,0.8888888888888888,historical_adjacency
126,168,11.40824175824176,2.2248351648351647,0.900990099009901,historical_adjacency
168,126,12.854119850187265,2.795561797752809,0.9468085106382979,historical_adjacency
126,212,10.279629629629628,1.7906666666666666,0.8181818181818182,historical_adjacency
212,126,8.838028169014084,1.8928169014084506,0.8765432098765432,historical_adjacency
126,213,12.696358543417366,2.676386554621849,0.9224806201550387,historical_adjacency
213,126,11.672420634920636,2.5149999999999997,0.9438202247191011,historical_adjacency
127,128,4.523015873015873,0.62,0.6774193548387096,historical_adjacency
128,127,5.506410256410256,0.63,0.5652173913043478,historical_adjacency
127,243,8.988407258064516,1.2871370967741935,0.9802371541501976,historical_adjacency
243,127,8.797816728167282,1.3812361623616236,0.9818840579710145,historical_adjacency
128,220,10.744444444444445,1.5533333333333335,0.375,historical_adjacency
220,128,11.603571428571428,0.9064285714285714,0.5833333333333334,historical_adjacency
128,243,12.192929292929293,1.8727272727272726,0.7674418604651163,historical_adjacency
243,128,11.491441441441442,1.728108108108108,0.7872340425531915,historical_adjacency
129,138,4.205827387020048,2.0246177370030582,0.9899091826437941,historical_adjacency
138,129,11.349915754001685,2.4232350463352987,0.99,historical_adjacency
129,173,11.713502575423105,1.595540838852097,0.978401727861771,historical_adjacency
173,129,11.126776960784312,1.4898529411764707,0.9645390070921985,historical_adjacency
129,207,6.561111111111111,1.2466666666666668,0.47368421052631576,historical_adjacency
207,129,7.546153846153846,1.1292307692307693,0.5652173913043478,historical_adjacency
129,223,11.829223227752639,2.4202036199095023,0.9778761061946902,historical_adjacency
223,129,12.28212927756654,2.4325855513307983,0.9633699633699634,historical_adjacency
129,260,9.437845804988662,1.4083945578231294,0.9865771812080537,historical_adjacency
260,129,10.56246674268339,1.594709236031927,0.9887260428410372,historical_adjacency
130,131,12.162781531531532,2.4096621621621623,0.9673202614379085,historical_adjacency
131,130,12.007458143074581,2.109954337899543,0.9563318777292577,historical_adjacency
130,134,12.332456140350876,2.582171052631579,0.9382716049382716,historical_adjacency
134,130,11.564430894308943,1.9314024390243902,0.9425287356321839,historical_adjacency
130,197,12.368691844553915,2.0854844006568145,0.9838449111470113,historical_adjacency
197,130,13.049957752429235,2.0471482889733843,0.9874843554443054,historical_adjacency
130,205,14.51606691919192,2.9046685606060607,0.99,historical_adjacency
205,130,14.699380256750775,2.6611022576361223,0.9868938401048493,historical_adjacency
130,215,9.081929824561403,1.4167017543859648,0.9884393063583815,historical_adjacency
215,130,8.89114159891599,1.3130487804878048,0.9899396378269618,historical_adjacency
130,216,13.87703744493392,2.6325991189427316,0.9891067538126361,historical_adjacency
216,130,14.147588791137178,2.421720430107527,0.99,historical_adjacency
131,175,13.026881720430106,3.5987096774193548,0.7560975609756098,historical_adjacency
175,131,10.805555555555555,3.4066666666666667,0.47368421052631576,historical_adjacency
131,191,10.965406162464987,2.2934453781512607,0.9224806201550387,historical_adjacency
191,131,10.468079096045198,2.2926553672316383,0.946524064171123,historical_adjacency
132,203,15.5676996996997,6.110273873873873,0.99,historical_adjacency
203,132,25.08452380952381,6.345,0.5833333333333334,historical_adjacency
132,216,13.208011607368155,4.269912524182017,0.99,historical_adjacency
216,132,7.438673232908458,3.1402954808806487,0.99,historical_adjacency
132,219,11.403232909081146,4.224411148703077,0.99,historical_adjacency
219,132,13.895604395604396,4.498461538461538,0.900990099009901,historical_adjacency
133,257,9.66219512195122,1.578780487804878,0.803921568627451,historical_adjacency
257,133,9.646666666666667,1.2446666666666668,0.75,historical_adjacency
134,197,9.172395833333333,1.4771180555555556,0.9664429530201343,historical_adjacency
197,134,10.830099502487561,1.6571144278606964,0.9757281553398058,historical_adjacency
135,192,11.0358024691358,1.8711111111111112,0.7297297297297297,historical_adjacency
192,135,10.073958333333334,1.675,0.6153846153846154,historical_adjacency
136,153,7.158333333333334,1.0941666666666665,0.5454545454545454,historical_adjacency
153,136,7.542857142857143,1.0692857142857144,0.5833333333333334,historical_adjacency
136,220,12.658641975308642,1.6777777777777776,0.7297297297297297,historical_adjacency
220,136,10.49810606060606,1.611590909090909,0.8148148148148148,historical_adjacency
136,235,9.435493827160494,1.394814814814815,0.84375,historical_adjacency
235,136,8.725352112676056,1.3226760563380282,0.8765432098765432,historical_adjacency
136,241,7.1,1.1754385964912282,0.8507462686567164,historical_adjacency
241,136,7.274324324324324,1.0391891891891893,0.7872340425531915,historical_adjacency
137,170,6.077555427977801,0.727026162552284,0.99,historical_adjacency
170,137,6.530063567414198,0.8700466524799476,0.99,historical_adjacency
137,224,6.819149048069844,1.0467718523193437,0.99,historical_adjacency
224,137,5.778824535679374,0.8947800586510264,0.99,historical_adjacency
137,233,5.604449741756059,0.8234088200238379,0.99,historical_adjacency
233,137,5.502056129851288,0.8954910228509249,0.99,historical_adjacency
138,199,4.998065259295808,1.249516314823952,0.2,spatial_fallback
199,138,4.998065259295808,1.249516314823952,0.2,spatial_fallback
138,223,10.171971123666038,2.8801533494753837,0.99,historical_adjacency
223,138,6.158167036215817,2.6927937915742794,0.9783080260303688,historical_adjacency
139,203,9.048226950354609,1.928085106382979,0.8245614035087719,historical_adjacency
203,139,7.62012987012987,1.52012987012987,0.8850574712643678,historical_adjacency
139,205,9.306289308176101,1.9775471698113207,0.9137931034482759,historical_adjacency
205,139,10.115781710914453,2.236371681415929,0.9186991869918699,historical_adjacency
139,218,8.143333333333333,2.7997777777777775,0.8181818181818182,historical_adjacency
218,139,11.479218106995885,2.220864197530864,0.8901098901098901,historical_adjacency
139,219,9.387345679012347,2.094074074074074,0.84375,historical_adjacency
219,139,9.102304964539007,1.7486170212765957,0.9038461538461539,historical_adjacency
140,141,5.9678980473150585,0.6825032857679308,0.99,historical_adjacency
141,140,6.1342203569616744,0.6936959830281787,0.99,historical_adjacency
140,229,8.030130178111913,1.10354407386851,0.99,historical_adjacency
229,140,8.005812475557294,0.9692065897536175,0.99,historical_adjacency
140,262,5.742040319777546,0.8951311783107404,0.99,historical_adjacency
262,140,5.895820509389357,0.8702386368705116,0.99,historical_adjacency
140,263,6.638360744974532,1.0679361561491505,0.99,historical_adjacency
263,140,7.411818881921197,1.1083280682729029,0.99,historical_adjacency
141,162,10.096069992976792,1.2668507643340654,0.99,historical_adjacency
162,141,8.827984821869366,1.2004601660179794,0.99,historical_adjacency
141,229,6.68735036218071,0.9553057567670606,0.99,historical_adjacency
229,141,6.773835350077937,0.9437289688087548,0.99,historical_adjacency
141,236,7.730822623898582,1.0698704419600877,0.99,historical_adjacency
236,141,8.599613987284288,1.1085069459954437,0.99,historical_adjacency
141,237,6.556317304161436,0.720141162606,0.99,historical_adjacency
237,141,6.411447578941012,0.7574857362796594,0.99,historical_adjacency
141,262,6.772530197182155,1.054059405940594,0.99,historical_adjacency
262,141,7.3265121543155205,1.083175081192796,0.99,historical_adjacency
141,263,5.8394906731549066,0.9932528791565288,0.99,historical_adjacency
263,141,5.5741938666215685,0.9353066689215851,0.99,historical_adjacency
142,143,5.806010636186847,0.7346715878874469,0.99,historical_adjacency
143,142,5.244829664062668,0.6820717928852734,0.99,historical_adjacency
142,163,6.558220328740633,0.8391613488034808,0.99,historical_adjacency
163,142,7.548843658988615,0.917734710087371,0.99,historical_adjacency
142,239,6.152924156493318,0.9815114870710372,0.99,historical_adjacency
239,142,5.999819044178642,0.873038251585454,0.99,historical_adjacency
143,239,5.437636337439666,0.8622338448238599,0.99,historical_adjacency
239,143,6.416584268004723,0.9070074527744982,0.99,historical_adjacency
144,148,7.343801034845178,0.7342529711375212,0.99,historical_adjacency
148,144,6.450984132751938,0.6885792151162791,0.99,historical_adjacency
144,211,5.821726738577568,0.6351091817942647,0.99,historical_adjacency
211,144,6.287659827534939,0.6099955396966993,0.99,historical_adjacency
144,231,7.681095097197034,0.9647303617447742,0.99,historical_adjacency
231,144,9.33197733252378,0.9855761991499696,0.99,historical_adjacency
145,146,8.680458221024258,1.2129380053908356,0.973753280839895,historical_adjacency
146,145,8.77692610062893,1.2567688679245284,0.9769585253456221,historical_adjacency
145,193,8.679904591532498,1.5023255813953487,0.9824253075571178,historical_adjacency
193,145,8.251585760517798,1.3772427184466018,0.9809523809523809,historical_adjacency
145,226,9.008036036036035,1.548735135135135,0.9893048128342246,historical_adjacency
226,145,10.670182595182595,1.6971328671328672,0.988479262672811,historical_adjacency
146,193,7.112597310686483,1.017452229299363,0.9792099792099792,historical_adjacency
193,146,7.863372093023256,0.9571511627906977,0.945054945054945,historical_adjacency
146,226,9.563709677419354,1.5115437788018433,0.9774774774774775,historical_adjacency
226,146,8.480241648898366,1.2871215351812366,0.9791231732776617,historical_adjacency
147,159,10.47463768115942,1.1746739130434782,0.9019607843137255,historical_adjacency
159,147,9.07587064676617,1.5734328358208955,0.8701298701298701,historical_adjacency
147,167,7.472222222222222,0.9548148148148149,0.84375,historical_adjacency
167,147,7.854166666666666,1.060576923076923,0.8387096774193549,historical_adjacency
147,168,11.07170138888889,1.6752083333333332,0.9056603773584906,historical_adjacency
168,147,11.632974910394266,1.6717204301075268,0.9029126213592233,historical_adjacency
148,232,6.507190744828714,0.891849399067942,0.99,historical_adjacency
232,148,6.354914196567862,0.7333307332293292,0.99,historical_adjacency
149,154,9.1625,2.0225,0.2857142857142857,historical_adjacency
154,149,12.41818181818182,2.649090909090909,0.5238095238095238,historical_adjacency
149,155,13.624160206718345,2.3092248062015504,0.9280575539568345,historical_adjacency
155,149,13.008662900188323,1.9787005649717515,0.946524064171123,historical_adjacency
149,165,12.715733333333334,1.50776,0.9259259259259259,historical_adjacency
165,149,11.767770419426048,1.4943708609271524,0.937888198757764,historical_adjacency
149,210,11.259649122807017,1.6001315789473685,0.9382716049382716,historical_adjacency
210,149,11.39386446886447,1.6648901098901099,0.9479166666666666,historical_adjacency
150,154,6.675000000000001,2.425,0.2,historical_adjacency
154,150,11.407407407407408,2.9766666666666666,0.47368421052631576,historical_adjacency
150,210,7.872772277227723,1.4025742574257425,0.9099099099099099,historical_adjacency
210,150,10.3815,1.7401,0.9090909090909091,historical_adjacency
151,238,5.075025120017863,0.7107407614156526,0.99,historical_adjacency
238,151,5.019650930501525,0.7668336662811481,0.99,historical_adjacency
152,166,5.696221815965875,0.8944424131627057,0.99,historical_adjacency
166,152,6.406302521008403,1.0413047324192835,0.99,historical_adjacency
153,220,6.4601851851851855,0.9461111111111111,0.6428571428571429,historical_adjacency
220,153,7.8009803921568635,0.8705882352941177,0.6296296296296297,historical_adjacency
154,155,6.1571428571428575,1.7100000000000002,0.5833333333333334,historical_adjacency
155,154,10.69090909090909,1.728181818181818,0.5238095238095238,historical_adjacency
154,210,9.265686274509804,2.4435294117647057,0.6296296296296297,historical_adjacency
210,154,10.72857142857143,2.1614285714285715,0.4117647058823529,historical_adjacency
156,187,3.2,0.81,0.2,historical_adjacency
187,156,6.2,1.3,0.2,historical_adjacency
157,160,8.532852564102564,1.6427884615384616,0.9122807017543859,historical_adjacency
160,157,10.785164835164835,1.7906593406593405,0.900990099009901,historical_adjacency
157,198,10.295040650406502,1.6474146341463416,0.9534883720930233,historical_adjacency
198,157,10.025603864734299,1.6092753623188407,0.9324324324324325,historical_adjacency
157,226,12.361418047882136,2.615635359116022,0.9476439790575916,historical_adjacency
226,157,12.572688719253605,2.515496183206107,0.9751861042183623,historical_adjacency
157,260,10.032262996941895,1.7671100917431193,0.956140350877193,historical_adjacency
260,157,9.836231884057971,1.787391304347826,0.971830985915493,historical_adjacency
158,246,8.613355171119528,1.4321281605077287,0.99,historical_adjacency
246,158,9.397345540098199,1.4640057283142391,0.99,historical_adjacency
158,249,6.223243177976334,0.7002113016179666,0.99,historical_adjacency
249,158,6.031586276743892,0.7208868211165971,0.99,historical_adjacency
159,167,9.135729166666668,1.272875,0.9411764705882353,historical_adjacency
167,159,9.820689655172414,1.2421982758620689,0.9586776859504132,historical_adjacency
159,168,8.927970011534025,1.1518685121107266,0.9665551839464883,historical_adjacency
168,159,8.622435897435897,1.098525641025641,0.968944099378882,historical_adjacency
160,196,8.046491228070176,1.3596052631578948,0.8837209302325582,historical_adjacency
196,160,10.165492957746478,1.7380281690140846,0.8765432098765432,historical_adjacency
160,198,11.459285714285715,2.0722857142857145,0.9333333333333333,historical_adjacency
198,160,11.484625322997417,2.0133333333333336,0.9280575539568345,historical_adjacency
161,162,7.557869256093174,0.6703398622292307,0.99,historical_adjacency
162,161,8.994192521877487,0.6795724631717555,0.99,historical_adjacency
161,163,8.89798675430734,0.7745613982671049,0.99,historical_adjacency
163,161,8.628362985521184,0.780864882192659,0.99,historical_adjacency
161,164,9.614422345688952,0.9645172719220548,0.99,historical_adjacency
164,161,9.276366515943668,0.9530966511233573,0.99,historical_adjacency
161,170,9.288123452045435,0.9561657699205739,0.99,historical_adjacency
170,161,9.612945468211388,0.8987897519633,0.99,historical_adjacency
161,230,9.916842305993818,0.716668975069252,0.99,historical_adjacency
230,161,8.407371095328829,0.7582778451411744,0.99,historical_adjacency
162,163,11.12446109771862,0.9807991824756315,0.99,historical_adjacency
163,162,9.43477783366868,0.9025724346076458,0.99,historical_adjacency
162,170,7.72564051935619,0.8615656076108419,0.99,historical_adjacency
170,162,7.423321923861866,0.870118112134214,0.99,historical_adjacency
162,229,6.285213133447362,0.7651594727839823,0.99,historical_adjacency
229,162,7.86997596937113,0.7224334066471164,0.99,historical_adjacency
162,233,7.512128469173253,0.8168444160613076,0.99,historical_adjacency
233,162,6.623111007462687,0.7756716417910448,0.99,historical_adjacency
162,237,8.744336879432625,1.0048995271867611,0.99,historical_adjacency
237,162,8.330247777933362,0.9751691304434799,0.99,historical_adjacency
163,230,9.425537634408602,0.8079568506817426,0.99,historical_adjacency
230,163,7.760433318752403,0.7988845587942895,0.99,historical_adjacency
163,237,8.487541514560974,0.9555268575192819,0.99,historical_adjacency
237,163,8.641710892482129,0.943284814251575,0.99,historical_adjacency
164,170,6.057224082934609,0.6465708133971292,0.99,historical_adjacency
170,164,7.595661709874106,0.7143604421634426,0.99,historical_adjacency
164,186,7.58409832322046,0.6603151301624585,0.99,historical_adjacency
186,164,8.667634875630894,0.7009748446642938,0.99,historical_adjacency
164,230,12.05824754274002,1.0875012810360087,0.99,historical_adjacency
230,164,11.39925157901521,1.1480752126836815,0.99,historical_adjacency
164,234,5.7775361278591255,0.784471241267107,0.99,historical_adjacency
234,164,7.564946852634218,0.8506834886278141,0.99,historical_adjacency
165,178,10.692293906810036,1.2118279569892474,0.9029126213592233,historical_adjacency
178,165,10.843478260869565,1.1642028985507247,0.8734177215189873,historical_adjacency
168,194,10.961458333333333,2.618125,0.6153846153846154,historical_adjacency
194,168,10.616666666666667,1.755,0.2857142857142857,historical_adjacency
168,247,12.2541015625,2.138046875,0.9624060150375939,historical_adjacency
247,168,11.526351351351352,1.9545045045045046,0.9568965517241379,historical_adjacency
169,235,9.498349834983498,1.1407920792079207,0.9099099099099099,historical_adjacency
235,169,9.469956140350877,1.1228947368421054,0.8837209302325582,historical_adjacency
169,247,11.54257907542579,2.053795620437956,0.9319727891156463,historical_adjacency
247,169,12.954376163873372,2.2679888268156425,0.9470899470899471,historical_adjacency
170,233,6.022575536062378,0.7110006497725796,0.99,historical_adjacency
233,170,6.415969349564669,0.7119773076468503,0.99,historical_adjacency
170,234,8.196811824382557,1.056187486149073,0.99,historical_adjacency
234,170,8.30517950492005,1.0104162822878229,0.99,historical_adjacency
171,252,8.884285714285713,1.6742857142857144,0.7777777777777778,historical_adjacency
252,171,9.243478260869566,1.9304347826086956,0.8214285714285714,historical_adjacency
172,176,4.576642303211001,1.1441605758027502,0.2,spatial_fallback
176,172,9.05,2.16,0.2,historical_adjacency
172,214,8.741666666666667,1.9721428571428572,0.5833333333333334,historical_adjacency
214,172,9.352777777777778,2.1033333333333335,0.375,historical_adjacency
174,240,7.561904761904763,1.4792857142857143,0.5833333333333334,historical_adjacency
240,174,10.595,1.7489999999999999,0.5,historical_adjacency
174,241,10.50109649122807,1.5005263157894737,0.8837209302325582,historical_adjacency
241,174,9.933854166666666,1.4578125,0.8648648648648649,historical_adjacency
175,191,10.18840579710145,2.41,0.696969696969697,historical_adjacency
191,175,12.252592592592594,2.682444444444444,0.8181818181818182,historical_adjacency
177,225,13.5101246105919,1.7344859813084113,0.9697885196374623,historical_adjacency
225,177,13.636120591581342,1.815665529010239,0.966996699669967,historical_adjacency
179,193,8.9802,1.44324,0.9615384615384616,historical_adjacency
193,179,8.750156494522692,1.4710798122065727,0.9551569506726457,historical_adjacency
179,223,9.480453431372549,1.3714889705882354,0.9819494584837545,historical_adjacency
223,179,8.705922431865828,1.340566037735849,0.9695121951219512,historical_adjacency
180,197,10.156878306878307,1.841984126984127,0.9264705882352942,historical_adjacency
197,180,11.800944669365723,2.245344129554656,0.9610894941634242,historical_adjacency
180,216,10.02,1.8162333333333334,0.967741935483871,historical_adjacency
216,180,9.86926272066459,1.8623987538940812,0.9697885196374623,historical_adjacency
180,258,7.222261072261072,1.302937062937063,0.934640522875817,historical_adjacency
258,180,7.923558897243107,1.2465413533834586,0.9300699300699301,historical_adjacency
181,189,9.933333333333334,1.1547129909365559,0.9706744868035191,historical_adjacency
189,181,9.50615468409586,1.2384967320261437,0.9683544303797469,historical_adjacency
181,190,11.054166666666667,1.7570833333333333,0.9056603773584906,historical_adjacency
190,181,11.391545893719806,1.7368115942028985,0.8734177215189873,historical_adjacency
181,228,13.982199832073889,2.358816120906801,0.9754299754299754,historical_adjacency
228,181,14.424905303030302,2.1208238636363634,0.9723756906077348,historical_adjacency
181,257,10.648249027237354,1.807821011673152,0.9625468164794008,historical_adjacency
257,181,10.861770833333333,1.9028749999999999,0.9411764705882353,historical_adjacency
182,212,8.057446808510639,1.1829787234042553,0.8245614035087719,historical_adjacency
212,182,8.196666666666667,1.2915,0.8571428571428571,historical_adjacency
182,242,10.924180327868852,1.5606557377049182,0.9242424242424242,historical_adjacency
242,182,14.638333333333334,1.5752222222222223,0.9,historical_adjacency
182,248,9.252916666666668,1.56525,0.8,historical_adjacency
248,182,8.921014492753624,1.2330434782608695,0.696969696969697,historical_adjacency
182,250,8.479569892473119,1.26,0.8611111111111112,historical_adjacency
250,182,6.470212765957447,0.9793617021276596,0.8245614035087719,historical_adjacency
183,184,6.180952380952381,1.7871428571428571,0.4117647058823529,historical_adjacency
184,183,8.527777777777777,1.6316666666666668,0.375,historical_adjacency
183,208,7.333333333333333,2.333846153846154,0.7222222222222222,historical_adjacency
208,183,8.002604166666666,1.7690625,0.7619047619047619,historical_adjacency
183,242,10.068589743589742,1.8776923076923078,0.7222222222222222,historical_adjacency
242,183,9.671014492753624,1.416086956521739,0.696969696969697,historical_adjacency
184,208,7.533333333333333,2.858571428571429,0.4117647058823529,historical_adjacency
208,184,16.8375,4.29,0.2857142857142857,historical_adjacency
184,242,14.116666666666665,2.396666666666667,0.375,historical_adjacency
242,184,3.35,1.0,0.2,historical_adjacency
185,242,11.801234567901234,1.6581481481481481,0.8901098901098901,historical_adjacency
242,185,9.538235294117648,1.4191176470588236,0.8717948717948718,historical_adjacency
186,234,7.56706876220302,0.9434225482804616,0.99,historical_adjacency
234,186,7.51161029893083,0.8429103207506001,0.99,historical_adjacency
187,206,8.62237502312851,2.1555937557821276,0.2,spatial_fallback
206,187,20.666666666666664,3.15,0.2,historical_adjacency
187,251,4.499740371175443,1.1249350927938608,0.2,spatial_fallback
251,187,13.783333333333333,2.65,0.2,historical_adjacency
188,190,13.658333333333333,1.7352631578947368,0.7916666666666666,historical_adjacency
190,188,8.889316239316239,1.2764102564102564,0.7959183673469388,historical_adjacency
189,190,10.94375,1.5684375,0.7619047619047619,historical_adjacency
190,189,8.69375,1.1866666666666668,0.7058823529411765,historical_adjacency
190,257,11.383333333333333,1.6713333333333333,0.6,historical_adjacency
257,190,7.959722222222222,1.3708333333333333,0.5454545454545454,historical_adjacency
191,205,12.25931899641577,2.4886559139784947,0.9489795918367347,historical_adjacency
205,191,13.029117647058822,2.4885882352941175,0.9444444444444444,historical_adjacency
195,228,14.791798941798941,2.8477777777777775,0.9264705882352942,historical_adjacency
228,195,17.46712962962963,2.961666666666667,0.9152542372881356,historical_adjacency
197,215,12.614537444933921,2.387224669603524,0.9578059071729957,historical_adjacency
215,197,13.770238095238096,2.2283333333333335,0.9545454545454546,historical_adjacency
197,216,9.027286135693215,1.7783451327433628,0.99,historical_adjacency
216,197,9.978024691358025,1.6732839506172839,0.9878048780487805,historical_adjacency
197,258,10.819450243562978,1.9463883089770355,0.9795501022494888,historical_adjacency
258,197,10.967226368159205,1.9030597014925372,0.9640287769784173,historical_adjacency
200,220,8.934057971014493,1.5504347826086957,0.8734177215189873,historical_adjacency
220,200,8.572156862745098,1.5883529411764705,0.8947368421052632,historical_adjacency
200,240,7.997222222222223,1.5266666666666666,0.375,historical_adjacency
240,200,6.237878787878787,1.3536363636363635,0.5238095238095238,historical_adjacency
203,219,9.188524590163935,2.0132786885245904,0.8591549295774648,historical_adjacency
219,203,7.854651162790698,1.8244186046511628,0.8958333333333334,historical_adjacency
205,215,10.617805383022775,2.00055900621118,0.9415204678362573,historical_adjacency
215,205,11.27764390896921,2.171285140562249,0.9613899613899614,historical_adjacency
205,218,9.68661971830986,1.7070422535211267,0.9342105263157895,historical_adjacency
218,205,9.782905982905984,1.661025641025641,0.9512195121951219,historical_adjacency
206,221,25.808333333333334,3.3950000000000005,0.2,historical_adjacency
221,206,10.916666666666668,1.9,0.2,historical_adjacency
206,245,2.4657124737522205,0.6164281184380551,0.2,spatial_fallback
245,206,2.4657124737522205,0.6164281184380551,0.2,spatial_fallback
206,251,7.787400410070974,1.9468501025177436,0.2,spatial_fallback
251,206,6.916666666666667,1.09,0.2,historical_adjacency
207,223,11.494444444444445,0.29666666666666663,0.23076923076923078,historical_adjacency
223,207,11.209999999999999,1.8960000000000001,0.3333333333333333,historical_adjacency
207,260,10.101666666666667,1.908,0.5,historical_adjacency
260,207,7.188235294117647,1.464705882352941,0.6296296296296297,historical_adjacency
208,213,11.504666666666667,2.6048,0.8823529411764706,historical_adjacency
213,208,10.19158878504673,2.63196261682243,0.9145299145299145,historical_adjacency
208,242,12.802749140893471,2.5814432989690723,0.9065420560747663,historical_adjacency
242,208,11.254854368932039,2.5164077669902913,0.911504424778761,historical_adjacency
208,250,10.587596899224806,2.332093023255814,0.8113207547169812,historical_adjacency
250,208,9.453381642512078,2.1956521739130435,0.8734177215189873,historical_adjacency
209,231,8.478438228438229,1.0188111888111888,0.99,historical_adjacency
231,209,8.193888888888889,0.9726174242424243,0.99,historical_adjacency
209,261,7.020221843003414,0.9030034129692832,0.9832214765100671,historical_adjacency
261,209,8.028299643281807,0.8881807372175982,0.9882491186839013,historical_adjacency
211,231,7.295098830949084,0.8954556991232119,0.99,historical_adjacency
231,211,7.2882818636570335,0.8134887758898672,0.99,historical_adjacency
211,249,7.757582417582418,1.0062516483516484,0.99,historical_adjacency
249,211,8.572096550160161,1.0018164809932817,0.99,historical_adjacency
212,213,8.32768361581921,1.5920338983050848,0.921875,historical_adjacency
213,212,7.917097701149425,1.5219827586206898,0.9206349206349206,historical_adjacency
212,248,6.491891891891892,1.0197297297297299,0.7872340425531915,historical_adjacency
248,212,7.097368421052631,1.545263157894737,0.7916666666666666,historical_adjacency
212,250,9.792948717948718,1.6048076923076924,0.8387096774193549,historical_adjacency
250,212,8.626719576719577,1.6228571428571428,0.863013698630137,historical_adjacency
213,250,8.680973451327434,1.5392035398230088,0.9186991869918699,historical_adjacency
250,213,8.204166666666667,1.477121212121212,0.9295774647887324,historical_adjacency
215,216,12.203444034440343,2.227490774907749,0.9644128113879004,historical_adjacency
216,215,11.067794486215538,2.0747744360902254,0.9637681159420289,historical_adjacency
216,219,12.847474747474749,4.057272727272728,0.9428571428571428,historical_adjacency
219,216,14.59514348785872,3.7134437086092715,0.937888198757764,historical_adjacency
217,256,6.345363408521304,0.7953383458646617,0.9300699300699301,historical_adjacency
256,217,8.438765432098766,0.8594814814814815,0.9310344827586207,historical_adjacency
218,219,7.385064935064935,1.4062337662337663,0.8850574712643678,historical_adjacency
219,218,7.632051282051282,1.360897435897436,0.8863636363636364,historical_adjacency
220,240,9.501851851851852,2.078888888888889,0.47368421052631576,historical_adjacency
240,220,9.833333333333334,1.44,0.2,historical_adjacency
220,241,9.419583333333334,1.37775,0.8888888888888888,historical_adjacency
241,220,10.934818481848186,1.4925742574257426,0.9099099099099099,historical_adjacency
221,245,6.876922716977778,1.7192306792444445,0.2,spatial_fallback
245,221,14.466666666666665,3.4375,0.2857142857142857,historical_adjacency
226,260,8.578912280701754,1.3678000000000001,0.9895833333333334,historical_adjacency
260,226,8.49570538495772,1.469279038718291,0.9868247694334651,historical_adjacency
227,228,10.265384615384615,1.392672064777328,0.9610894941634242,historical_adjacency
228,227,9.356939281288724,1.2874349442379183,0.96415770609319,historical_adjacency
228,257,12.82251461988304,2.4656140350877194,0.8507462686567164,historical_adjacency
257,228,11.860344827586207,2.4174137931034485,0.8529411764705882,historical_adjacency
229,233,7.330032676928369,0.7941413707111531,0.99,historical_adjacency
233,229,5.194050160989662,0.8083894255210982,0.99,historical_adjacency
229,237,9.409501920022015,1.0227670831926152,0.99,historical_adjacency
237,229,8.604485922210433,1.0593884441014758,0.99,historical_adjacency
231,261,7.680384664373965,0.9631964081008788,0.99,historical_adjacency
261,231,6.47601331400655,0.8688597197616363,0.99,historical_adjacency
234,249,8.005717646383797,1.1206196746707977,0.99,historical_adjacency
249,234,8.008052956699052,1.069085102554876,0.99,historical_adjacency
235,247,12.153333333333334,2.1962727272727274,0.9166666666666666,historical_adjacency
247,235,11.637121212121212,2.2179292929292926,0.9519230769230769,historical_adjacency
236,237,7.863500602570086,1.0259327705829766,0.99,historical_adjacency
237,236,7.283098137592327,1.037069125234125,0.99,historical_adjacency
236,263,5.728711311575883,0.7044231211215812,0.99,historical_adjacency
263,236,5.389592434513348,0.6781737383881496,0.99,historical_adjacency
238,239,5.167187740703084,0.8023858489694058,0.99,historical_adjacency
239,238,5.188250797479188,0.8419213413210923,0.99,historical_adjacency
240,241,10.077777777777778,1.6500000000000001,0.375,historical_adjacency
241,240,10.822916666666666,2.4475000000000002,0.4444444444444444,historical_adjacency
240,254,7.419444444444445,1.2627777777777778,0.6428571428571429,historical_adjacency
254,240,14.976086956521739,1.8217391304347825,0.696969696969697,historical_adjacency
240,259,8.954166666666667,2.296666666666667,0.5454545454545454,historical_adjacency
259,240,9.726530612244899,2.309183673469388,0.8305084745762712,historical_adjacency
242,248,11.356060606060607,1.9495454545454545,0.8148148148148148,historical_adjacency
248,242,15.431325301204819,2.4626506024096386,0.8924731182795699,historical_adjacency
242,250,9.758558558558558,1.4670270270270271,0.7872340425531915,historical_adjacency
250,242,9.99982638888889,1.5975,0.9056603773584906,historical_adjacency
243,244,9.750378787878788,1.3531611570247934,0.99,historical_adjacency
244,243,9.228391367428364,1.461430903155604,0.99,historical_adjacency
245,251,5.964600950773424,1.491150237693356,0.2,spatial_fallback
251,245,5.964600950773424,1.491150237693356,0.2,spatial_fallback
254,259,7.816346153846154,1.4591346153846154,0.9122807017543859,historical_adjacency
259,254,9.354683195592287,1.5306611570247934,0.9236641221374046,historical_adjacency
255,256,6.703448275862069,0.9125670498084292,0.99,historical_adjacency
256,255,7.4111037234042545,0.9335904255319148,0.9868766404199475,historical_adjacency
262,263,4.702071965463589,0.6578180264282427,0.99,historical_adjacency
263,262,4.927046194010949,0.6751966801098838,0.99,historical_adjacency
